Crop,State,Year,Month,Price_Modal_Mean,Price_Min,Price_Max,Price_Std,Arrivals_Total
Bajra,Haryana,2015,1,2389.85,2194.3,2506.7,142.7455661891697,1007.1999999999999
Bajra,Haryana,2015,2,2370.375,2217.1,2473.8,119.24273213352136,1122.5
Bajra,Haryana,2015,3,2424.56,2214.6,2547.3,125.08648208339703,1457.4
Bajra,Haryana,2015,4,2370.125,2300.9,2490.9,83.09963397432428,1059.3999999999999
Bajra,Haryana,2015,5,2383.775,2264.9,2537.6,113.67096888241365,1242.0
Bajra,Haryana,2015,6,2359.08,2248.5,2521.1,140.80895568109304,1486.6
Bajra,Haryana,2015,7,2449.85,2305.0,2568.3,117.94576437216092,1159.8
Bajra,Haryana,2015,8,2425.38,2317.1,2577.6,99.93811585176084,1367.4
Bajra,Haryana,2015,9,1777.4,1677.9,1864.3,88.16673597980888,2526.4
Bajra,Haryana,2015,10,1775.4,1702.0,1812.6,49.98746509542831,2271.7
Bajra,Haryana,2015,11,2422.5,2321.8,2586.8,98.12344266280108,1547.7
Bajra,Haryana,2015,12,2457.625,2360.4,2554.4,79.28767768911719,1242.9
Bajra,Haryana,2016,1,2524.425,2428.1,2638.2,109.97973677000677,1164.2
Bajra,Haryana,2016,2,2555.42,2469.1,2647.0,83.41221133623071,1420.2
Bajra,Haryana,2016,3,2505.475,2346.5,2698.7,151.794913726822,1151.0
Bajra,Haryana,2016,4,2459.35,2409.3,2515.9,48.928621480683496,1112.2
Bajra,Haryana,2016,5,2519.44,2414.4,2707.1,116.22122439554654,1293.1
Bajra,Haryana,2016,6,2579.875,2417.4,2678.7,125.10668447369224,1039.2
Bajra,Haryana,2016,7,2644.25,2516.7,2743.2,95.57986189569434,1046.8999999999999
Bajra,Haryana,2016,8,2667.8,2546.2,2761.9,90.39795351665882,1522.8
Bajra,Haryana,2016,9,1935.65,1886.7,1987.6,42.23951546439262,2089.2
Bajra,Haryana,2016,10,1911.1,1836.1,1974.1,60.9357448465184,2447.1
Bajra,Haryana,2016,11,2696.8,2633.3,2750.8,50.62614607756216,1226.4
Bajra,Haryana,2016,12,2645.975,2469.0,2788.8,146.8263004369448,929.2
Bajra,Haryana,2017,1,2744.96,2619.3,2802.3,72.76543135308134,1505.0
Bajra,Haryana,2017,2,2710.525,2633.5,2796.9,83.01254423278438,1118.5
Bajra,Haryana,2017,3,2698.875,2563.5,2831.4,111.51748368155866,1162.5
Bajra,Haryana,2017,4,2689.8,2653.6,2760.1,48.12462986870665,1224.8
Bajra,Haryana,2017,5,2744.9,2557.4,2878.9,147.35139972188924,1551.2
Bajra,Haryana,2017,6,2697.175,2580.3,2867.5,123.52466352919146,1055.0
Bajra,Haryana,2017,7,2709.5,2602.5,2862.8,122.47301743649493,1260.9
Bajra,Haryana,2017,8,2833.375,2806.1,2873.9,29.93452577431844,1096.1
Bajra,Haryana,2017,9,2004.55,1929.1,2122.9,82.96595687388903,2146.3
Bajra,Haryana,2017,10,1998.06,1925.5,2102.1,65.0285168214683,2716.5
Bajra,Haryana,2017,11,2826.275,2702.8,2956.0,118.58947044320584,1048.4
Bajra,Haryana,2017,12,2745.225,2680.6,2896.0,101.46034939817626,1230.9
Bajra,Haryana,2018,1,2758.44,2637.0,2921.8,142.0726680259085,1587.6
Bajra,Haryana,2018,2,2828.525,2737.8,2873.9,62.30545053738578,1137.4
Bajra,Haryana,2018,3,2743.5,2677.2,2819.7,73.73859233806948,1049.7
Bajra,Haryana,2018,4,2820.94,2668.0,2955.7,131.64014585224376,1533.7
Bajra,Haryana,2018,5,2923.6,2669.0,3044.1,172.2533212064911,1269.3000000000002
Bajra,Haryana,2018,6,2910.975,2767.9,2999.9,104.41817769590378,980.6
Bajra,Haryana,2018,7,2911.2200000000003,2802.6,3093.2,113.57269478180038,1490.4
Bajra,Haryana,2018,8,3008.8,2935.0,3060.9,55.80448010688745,1133.7
Bajra,Haryana,2018,9,2168.05,2072.9,2241.1,71.95579661616335,2071.6000000000004
Bajra,Haryana,2018,10,2119.7,2008.5,2191.2,73.41065998885988,2716.9
Bajra,Haryana,2018,11,2940.95,2830.6,3049.8,109.36874934520071,1338.6000000000001
Bajra,Haryana,2018,12,3056.54,2932.9,3153.3,88.79725784054366,1354.5
Bajra,Haryana,2019,1,2966.1,2854.6,3172.7,144.3937440934795,1132.2
Bajra,Haryana,2019,2,3073.15,2995.9,3179.3,77.19609230179121,1059.7
Bajra,Haryana,2019,3,2974.7250000000004,2876.3,3100.9,93.2084536580954,991.0999999999999
Bajra,Haryana,2019,4,3051.0,2962.5,3168.8,83.06464350131165,1437.2
Bajra,Haryana,2019,5,3022.675,2822.3,3167.2,161.07949124578204,1004.3000000000001
Bajra,Haryana,2019,6,2978.925,2848.9,3174.1,138.4373354024603,1089.0
Bajra,Haryana,2019,7,3085.7599999999998,2937.7,3191.5,106.810008894298,1340.8
Bajra,Haryana,2019,8,3120.525,2971.5,3268.3,143.27982819178243,1243.6
Bajra,Haryana,2019,9,2224.84,2111.9,2393.2,113.50510120695002,2858.8999999999996
Bajra,Haryana,2019,10,2309.4,2177.6,2390.2,94.1904099860136,2073.7
Bajra,Haryana,2019,11,3169.225,2911.0,3342.2,197.08239182298007,1209.1
Bajra,Haryana,2019,12,3038.2599999999998,2922.6,3140.3,83.83026303191465,1489.9
Bajra,Haryana,2020,1,3130.1,2947.6,3212.0,125.11197651170976,1019.7
Bajra,Haryana,2020,2,3225.825,3012.0,3363.4,160.64989625476466,1109.4
Bajra,Haryana,2020,3,3316.38,3212.0,3411.1,80.50575755807776,1400.1
Bajra,Haryana,2020,4,3074.225,2978.6,3132.6,66.5211933647215,1332.8
Bajra,Haryana,2020,5,3202.625,3078.2,3329.5,126.34612182413859,1266.5
Bajra,Haryana,2020,6,3170.6400000000003,3051.5,3320.1,122.02529655772203,1401.1
Bajra,Haryana,2020,7,3232.45,3164.1,3378.4,99.74154934964001,1109.0
Bajra,Haryana,2020,8,3313.78,3125.2,3493.2,137.01382047078303,1531.3
Bajra,Haryana,2020,9,2397.225,2348.0,2453.6,50.01882145752722,2582.9
Bajra,Haryana,2020,10,2389.55,2245.6,2460.4,99.55586371480096,2253.5
Bajra,Haryana,2020,11,3298.8,3094.0,3496.7,150.60043160628717,1402.3
Bajra,Haryana,2020,12,3366.825,3289.2,3533.0,112.00590386225188,1215.6
Bajra,Haryana,2021,1,3218.7,3136.5,3365.5,107.75045243524491,1168.8
Bajra,Haryana,2021,2,3311.275,3123.7,3479.4,163.54201040303593,1276.1
Bajra,Haryana,2021,3,3355.44,3216.0,3507.8,127.72467655077483,1607.6
Bajra,Haryana,2021,4,3286.325,3162.1,3477.0,138.92910362243506,1151.4
Bajra,Haryana,2021,5,3534.1800000000003,3390.3,3642.6,105.690382722365,1419.7
Bajra,Haryana,2021,6,3367.4,3281.8,3451.0,83.11726655755699,1182.5
Bajra,Haryana,2021,7,3420.1,3245.2,3666.2,202.82107056878158,1188.7
Bajra,Haryana,2021,8,3413.66,3213.2,3609.0,164.74109384121505,1519.9
Bajra,Haryana,2021,9,2553.75,2394.1,2681.4,118.93147887193993,2113.8
Bajra,Haryana,2021,10,2650.4249999999997,2530.7,2722.7,83.82184977677349,2198.2
Bajra,Haryana,2021,11,3423.46,3263.6,3663.0,203.37273170216324,1521.4
Bajra,Haryana,2021,12,3533.65,3343.3,3626.8,128.87721546753966,1298.8
Bajra,Haryana,2022,1,3562.94,3397.3,3764.1,153.80888465885184,1349.4
Bajra,Haryana,2022,2,3502.875,3387.0,3726.3,157.80254275517868,1215.8000000000002
Bajra,Haryana,2022,3,3530.4,3361.2,3734.1,189.55307084472867,1116.0
Bajra,Haryana,2022,4,3470.95,3377.2,3574.3,84.2820067788297,1196.7
Bajra,Haryana,2022,5,3557.4,3378.6,3728.6,165.1370491440368,1404.3
Bajra,Haryana,2022,6,3658.9,3399.3,3816.8,185.2907804865998,1269.0
Bajra,Haryana,2022,7,3650.05,3429.4,3850.5,228.36509511452638,1004.2
Bajra,Haryana,2022,8,3644.28,3459.3,3778.8,124.12667722935308,1614.4
Bajra,Haryana,2022,9,2711.925,2585.6,2855.7,137.28586659473234,2299.9
Bajra,Haryana,2022,10,2746.16,2581.9,2884.7,139.2182567050744,2740.3
Bajra,Haryana,2022,11,3724.075,3456.8,3848.1,182.84276259489565,1159.4
Bajra,Haryana,2022,12,3904.875,3704.2,3995.7,137.37293219553848,1159.8
Bajra,Haryana,2023,1,3787.7,3520.2,3945.9,186.2013829164543,1275.7
Bajra,Haryana,2023,2,3737.675,3560.9,3987.0,207.3369942066939,1123.2
Bajra,Haryana,2023,3,3763.375,3634.7,3914.0,127.3835775652943,1246.4
Bajra,Haryana,2023,4,3749.575,3553.5,3981.5,202.09184999235697,1055.6
Bajra,Haryana,2023,5,3809.72,3609.7,4049.2,179.16626914684588,1281.4
Bajra,Haryana,2023,6,3818.675,3667.9,4028.8,151.51627800338815,1016.9
Bajra,Haryana,2023,7,3787.9800000000005,3595.7,4026.8,180.72688510567545,1499.6
Bajra,Haryana,2023,8,3901.35,3670.5,4125.4,254.54475048603908,1104.7
Bajra,Haryana,2023,9,2827.225,2780.4,2878.6,41.56491910253153,2182.1
Bajra,Haryana,2023,10,2922.84,2766.9,3076.0,121.85172546993326,2665.6000000000004
Bajra,Haryana,2023,11,3988.975,3782.2,4105.2,141.90702061561294,1155.5
Bajra,Haryana,2023,12,3945.2000000000003,3782.3,4225.1,195.96147580583283,1217.8
Bajra,Punjab,2015,1,2285.675,2266.5,2311.0,20.365555070592485,1180.5
Bajra,Punjab,2015,2,2363.05,2238.8,2529.3,123.76042717013128,1219.8
Bajra,Punjab,2015,3,2390.46,2224.2,2549.2,138.41556270882256,1276.5
Bajra,Punjab,2015,4,2360.85,2260.7,2454.1,107.32475638608886,995.9
Bajra,Punjab,2015,5,2350.725,2263.7,2466.4,96.25356703347003,1197.9
Bajra,Punjab,2015,6,2441.54,2346.1,2540.2,87.72994357686544,1406.8
Bajra,Punjab,2015,7,2452.4,2355.5,2586.6,98.12057208693105,1224.8
Bajra,Punjab,2015,8,2387.58,2299.6,2579.9,121.2785306639226,1384.7
Bajra,Punjab,2015,9,1811.825,1729.7,1909.7,90.65110313724817,2257.2
Bajra,Punjab,2015,10,1790.725,1707.9,1881.1,71.103510227461,2118.6
Bajra,Punjab,2015,11,2446.8599999999997,2350.1,2603.4,110.87444701102243,1527.7
Bajra,Punjab,2015,12,2544.85,2421.3,2637.7,108.26121189050107,1238.5
Bajra,Punjab,2016,1,2467.55,2335.9,2609.6,121.08185936244394,1108.8
Bajra,Punjab,2016,2,2522.56,2377.7,2676.2,127.72342385013015,1484.2
Bajra,Punjab,2016,3,2467.1,2364.5,2561.0,89.87572901883286,1147.9
Bajra,Punjab,2016,4,2551.95,2462.9,2669.6,103.90798814335692,1146.6
Bajra,Punjab,2016,5,2584.04,2388.4,2706.7,125.70235876864035,1529.9
Bajra,Punjab,2016,6,2643.5,2476.7,2721.8,113.74735161752129,1052.0
Bajra,Punjab,2016,7,2641.825,2597.0,2746.4,70.72568486766329,1231.2
Bajra,Punjab,2016,8,2601.44,2461.0,2760.7,135.5338813728877,1407.3
Bajra,Punjab,2016,9,1920.775,1814.4,2013.3,82.33453609107981,2155.2
Bajra,Punjab,2016,10,1978.3799999999999,1833.2,2035.7,86.69790654912032,3118.2000000000003
Bajra,Punjab,2016,11,2597.425,2493.7,2717.5,111.46985765966802,1108.8000000000002
Bajra,Punjab,2016,12,2614.125,2554.6,2708.8,71.4660467168385,1224.4
Bajra,Punjab,2017,1,2711.48,2503.8,2809.1,121.13903994996815,1346.7
Bajra,Punjab,2017,2,2661.25,2508.9,2810.7,148.68002555824341,1090.3
Bajra,Punjab,2017,3,2693.225,2515.0,2842.3,137.17092439726437,1137.1
Bajra,Punjab,2017,4,2616.775,2507.4,2728.3,100.14124608105637,1240.9
Bajra,Punjab,2017,5,2782.48,2613.6,2858.2,101.58590945598712,1595.1
Bajra,Punjab,2017,6,2685.675,2609.6,2859.4,118.55612946336159,972.0999999999999
Bajra,Punjab,2017,7,2754.6600000000003,2583.3,2907.1,132.31278471863544,1291.6
Bajra,Punjab,2017,8,2705.25,2583.6,2824.9,131.3233794874317,1228.4
Bajra,Punjab,2017,9,1955.425,1883.8,2034.6,61.87818005296105,1868.4
Bajra,Punjab,2017,10,2007.6799999999998,1942.2,2092.6,71.34456531509599,2672.0
Bajra,Punjab,2017,11,2721.45,2657.0,2820.8,75.4304315246837,987.6
Bajra,Punjab,2017,12,2762.525,2648.3,2974.2,150.2471602615725,1285.9
Bajra,Punjab,2018,1,2852.1400000000003,2682.9,2964.8,122.28382149736728,1567.2
Bajra,Punjab,2018,2,2787.85,2626.2,2958.5,144.82031395261296,1215.8
Bajra,Punjab,2018,3,2813.8,2639.5,2997.2,165.8785700444756,1194.7
Bajra,Punjab,2018,4,2860.22,2740.2,2963.2,88.63451359374635,1451.0
Bajra,Punjab,2018,5,2952.5,2860.2,3037.9,73.68685997742969,1091.2
Bajra,Punjab,2018,6,2858.075,2670.7,3049.7,155.70614149737327,1179.2
Bajra,Punjab,2018,7,2869.34,2740.5,3046.9,140.1426523225532,1383.5
Bajra,Punjab,2018,8,2832.675,2714.4,2999.7,120.78428084813007,1267.9
Bajra,Punjab,2018,9,2205.25,2170.0,2232.6,29.872004731297658,2092.3
Bajra,Punjab,2018,10,2140.4,1994.0,2236.1,92.40430184791182,2799.0
Bajra,Punjab,2018,11,2874.85,2807.7,2957.4,64.42103693670272,1208.4
Bajra,Punjab,2018,12,3039.42,2770.1,3156.6,162.4458586729745,1288.3
Bajra,Punjab,2019,1,2936.025,2784.6,3046.9,111.66522511507337,1296.8
Bajra,Punjab,2019,2,2908.05,2802.8,3069.1,118.19324571790585,1135.6
Bajra,Punjab,2019,3,3053.75,2915.4,3193.5,129.52529997391758,1263.9
Bajra,Punjab,2019,4,3125.16,3017.1,3209.6,69.00415204898897,1488.4
Bajra,Punjab,2019,5,2983.55,2932.6,3015.0,36.95812946204568,1100.7
Bajra,Punjab,2019,6,3182.05,3134.2,3231.9,44.764904408103796,1107.9
Bajra,Punjab,2019,7,3034.1400000000003,2875.2,3147.0,115.75712937007393,1521.2
Bajra,Punjab,2019,8,3036.55,2868.2,3208.8,176.39369792219537,1196.4
Bajra,Punjab,2019,9,2220.82,2131.2,2310.5,80.20203862745622,2641.4
Bajra,Punjab,2019,10,2380.3500000000004,2332.3,2426.8,52.08944230839872,2085.8
Bajra,Punjab,2019,11,3165.2,3102.5,3203.2,46.54911384763399,1328.4
Bajra,Punjab,2019,12,3134.16,2942.1,3265.5,129.0822141117823,1441.5
Bajra,Punjab,2020,1,3183.8,3041.4,3282.2,105.2191364090518,1138.3
Bajra,Punjab,2020,2,3125.225,2950.2,3269.0,137.07969397398006,1011.2
Bajra,Punjab,2020,3,3288.6,3113.5,3390.7,129.62063878873607,1478.1
Bajra,Punjab,2020,4,3163.625,3077.3,3321.9,115.3019044364259,1212.3
Bajra,Punjab,2020,5,3074.35,2997.0,3185.0,86.62826713415572,1056.2
Bajra,Punjab,2020,6,3225.54,3098.2,3420.7,129.43760272810994,1405.7
Bajra,Punjab,2020,7,3360.1,3157.4,3447.4,137.48791462040083,1143.9
Bajra,Punjab,2020,8,3274.6400000000003,3194.9,3366.3,84.54890892258766,1343.4
Bajra,Punjab,2020,9,2422.7,2315.9,2502.0,88.6469777638622,2315.1
Bajra,Punjab,2020,10,2380.4,2342.7,2410.8,34.3909871914141,2145.6
Bajra,Punjab,2020,11,3331.3199999999997,3117.1,3483.7,163.529070810055,1324.0
Bajra,Punjab,2020,12,3344.6,3141.7,3415.3,135.29202982191282,909.4
Bajra,Punjab,2021,1,3281.8,3151.1,3450.0,124.79484497900292,1045.5
Bajra,Punjab,2021,2,3323.8,3158.8,3560.1,184.52492153274744,1083.7
Bajra,Punjab,2021,3,3326.56,3153.7,3525.7,150.62801200308,1460.6
Bajra,Punjab,2021,4,3387.225,3268.4,3502.4,117.12205528137453,1254.5
Bajra,Punjab,2021,5,3418.1400000000003,3356.7,3485.2,59.44781745362896,1709.2
Bajra,Punjab,2021,6,3301.775,3250.6,3361.4,45.628381153254736,1052.4
Bajra,Punjab,2021,7,3498.4,3291.0,3656.6,158.85507021600966,1172.9
Bajra,Punjab,2021,8,3523.66,3396.3,3614.6,79.06644673943546,1471.1
Bajra,Punjab,2021,9,2584.8,2462.6,2724.3,111.07622007732657,2339.7000000000003
Bajra,Punjab,2021,10,2588.525,2490.3,2698.7,111.70527815043764,2115.0
Bajra,Punjab,2021,11,3529.4800000000005,3452.5,3659.3,81.8133363211647,1459.3000000000002
Bajra,Punjab,2021,12,3556.825,3428.4,3692.3,118.4896444139038,1138.0
Bajra,Punjab,2022,1,3518.0199999999995,3323.3,3682.3,144.17519550879766,1360.0
Bajra,Punjab,2022,2,3615.15,3521.8,3740.9,91.42568931469236,1100.2
Bajra,Punjab,2022,3,3621.925,3385.2,3822.1,193.96639528536892,1094.5
Bajra,Punjab,2022,4,3559.75,3451.0,3682.3,104.77819429633256,1064.4
Bajra,Punjab,2022,5,3604.9800000000005,3429.8,3859.2,172.6897275462554,1403.2
Bajra,Punjab,2022,6,3686.825,3602.8,3874.1,127.55966904420318,1145.0
Bajra,Punjab,2022,7,3646.45,3560.7,3779.4,93.62928672874396,978.4
Bajra,Punjab,2022,8,3733.56,3570.4,3864.9,106.06263715371217,1418.1
Bajra,Punjab,2022,9,2783.75,2651.4,2854.2,90.66427080167774,2327.1
Bajra,Punjab,2022,10,2709.0,2530.7,2866.8,135.08132735504202,2614.5
Bajra,Punjab,2022,11,3764.6,3572.7,3850.1,129.54723720198237,1245.8
Bajra,Punjab,2022,12,3670.875,3479.5,3937.1,195.41498364591516,1235.7
Bajra,Punjab,2023,1,3676.06,3523.0,3755.6,90.1339725075956,1281.9
Bajra,Punjab,2023,2,3716.475,3542.2,3974.8,185.60857334724628,1113.2
Bajra,Punjab,2023,3,3919.7,3799.3,4025.4,100.46508514570291,1092.1
Bajra,Punjab,2023,4,3827.3,3696.7,4044.5,153.60067274158231,1120.5
Bajra,Punjab,2023,5,3807.1800000000003,3572.2,4045.7,205.11296156020958,1488.7
Bajra,Punjab,2023,6,3672.9500000000003,3591.8,3741.4,73.60224181368389,1215.7
Bajra,Punjab,2023,7,3850.94,3661.0,3987.7,123.91494260177011,1410.9
Bajra,Punjab,2023,8,3940.2,3648.5,4100.2,199.68603690126494,1063.7
Bajra,Punjab,2023,9,2825.925,2720.9,2987.0,118.33191665818647,2158.7
Bajra,Punjab,2023,10,2936.88,2716.0,3068.4,138.33946291640714,2618.4
Bajra,Punjab,2023,11,3944.425,3670.2,4169.1,218.62836618334788,1127.5
Bajra,Punjab,2023,12,3969.975,3818.2,4118.0,165.96104713656987,1280.2
Cotton,Andhra Pradesh,2015,1,5250.55,4964.2,5578.5,252.75010715461022,3343.9
Cotton,Andhra Pradesh,2015,2,7187.85,6830.3,7817.1,434.19234984815984,1671.4
Cotton,Andhra Pradesh,2015,3,7411.74,7074.8,7779.7,308.2515417641893,2127.8
Cotton,Andhra Pradesh,2015,4,7326.5,7030.9,7585.4,254.17019232527392,1571.8
Cotton,Andhra Pradesh,2015,5,7366.15,7000.5,7688.2,284.74400783861967,1442.8
Cotton,Andhra Pradesh,2015,6,7628.360000000001,7150.2,7938.6,383.0463522865085,2301.3
Cotton,Andhra Pradesh,2015,7,7475.125,7076.7,7793.1,337.4088951109618,1792.0
Cotton,Andhra Pradesh,2015,8,7668.56,7513.6,7977.0,186.2985453512716,2026.6
Cotton,Andhra Pradesh,2015,9,7509.75,7147.3,8100.0,445.7770481604753,1597.5
Cotton,Andhra Pradesh,2015,10,7816.675,7538.5,8060.8,239.28736385358926,1667.2
Cotton,Andhra Pradesh,2015,11,5626.0,5431.5,5869.1,179.98702731030406,3695.3
Cotton,Andhra Pradesh,2015,12,5692.125,5302.7,5965.9,285.4978385790922,3608.8
Cotton,Andhra Pradesh,2016,1,5745.025,5408.9,5961.3,238.1155374322867,3275.5
Cotton,Andhra Pradesh,2016,2,7642.18,7410.6,7839.9,202.50488142264612,2188.0
Cotton,Andhra Pradesh,2016,3,7745.5,7437.7,8209.0,351.3770719137301,1674.2
Cotton,Andhra Pradesh,2016,4,8048.675,7344.3,8327.5,471.55456647843715,1702.4
Cotton,Andhra Pradesh,2016,5,7991.68,7471.8,8338.6,354.8854984357631,2012.8
Cotton,Andhra Pradesh,2016,6,7721.6,7390.1,8151.4,316.17125106498816,1648.0
Cotton,Andhra Pradesh,2016,7,8158.925,7861.8,8390.2,246.04513644180545,1588.3
Cotton,Andhra Pradesh,2016,8,8027.219999999999,7549.2,8493.3,334.3827178548556,2185.6
Cotton,Andhra Pradesh,2016,9,8078.75,7792.1,8302.3,238.9864361562526,1782.6999999999998
Cotton,Andhra Pradesh,2016,10,8020.4800000000005,7611.4,8449.6,403.5686149838712,1964.0
Cotton,Andhra Pradesh,2016,11,6111.65,5707.8,6356.0,280.23017325049045,3205.1
Cotton,Andhra Pradesh,2016,12,6133.925,6057.1,6246.8,80.90296142086925,3660.5
Cotton,Andhra Pradesh,2017,1,6045.719999999999,5944.0,6208.7,100.6625898732989,4310.5
Cotton,Andhra Pradesh,2017,2,8115.75,7669.9,8729.7,480.9066541440249,1880.6000000000001
Cotton,Andhra Pradesh,2017,3,8083.625,7740.9,8498.4,314.3942045161349,1730.1
Cotton,Andhra Pradesh,2017,4,8222.65,7904.8,8663.2,363.693355268785,1621.3
Cotton,Andhra Pradesh,2017,5,8319.16,7851.5,8935.4,474.760316370271,2212.8
Cotton,Andhra Pradesh,2017,6,8668.3,8552.5,8846.9,126.01407328813195,1891.9
Cotton,Andhra Pradesh,2017,7,8354.66,7840.6,8982.7,423.4137787082512,2479.5
Cotton,Andhra Pradesh,2017,8,8594.1,8006.5,8912.4,406.6737840907211,1648.2
Cotton,Andhra Pradesh,2017,9,8475.75,8140.0,8831.0,337.10110748359557,1735.6999999999998
Cotton,Andhra Pradesh,2017,10,8531.32,7989.4,9145.4,537.8943083915282,2053.4
Cotton,Andhra Pradesh,2017,11,6361.625,5896.0,6644.2,354.9446752664419,3656.8
Cotton,Andhra Pradesh,2017,12,6315.95,6047.2,6652.5,256.503417780998,3144.6
Cotton,Andhra Pradesh,2018,1,6222.8,5969.3,6485.1,231.89902975217447,4511.5
Cotton,Andhra Pradesh,2018,2,8448.375,8193.5,8828.0,268.86532409368095,1456.7
Cotton,Andhra Pradesh,2018,3,8777.05,8542.0,8951.7,189.2401032198695,1850.7
Cotton,Andhra Pradesh,2018,4,8886.960000000001,8566.1,9226.9,303.0314472129914,2171.7
Cotton,Andhra Pradesh,2018,5,9291.65,9191.4,9378.6,97.67502239569806,1789.2
Cotton,Andhra Pradesh,2018,6,8849.675,8515.4,9467.3,430.1231015651213,1765.7
Cotton,Andhra Pradesh,2018,7,8895.039999999999,8324.1,9518.4,490.6629729254078,2124.4
Cotton,Andhra Pradesh,2018,8,8823.6,8383.5,9569.7,520.1896192735878,1777.8
Cotton,Andhra Pradesh,2018,9,8803.9,8497.4,9111.3,343.52949412435237,1690.6
Cotton,Andhra Pradesh,2018,10,8993.539999999999,8472.7,9530.2,463.13243570279127,2120.1
Cotton,Andhra Pradesh,2018,11,6719.775,6392.1,7107.0,295.6392551178996,3646.7999999999997
Cotton,Andhra Pradesh,2018,12,6798.719999999999,6357.3,7063.0,294.63118809793383,4071.1
Cotton,Andhra Pradesh,2019,1,6677.1,6569.8,6808.1,116.39636305887448,3438.5
Cotton,Andhra Pradesh,2019,2,9144.475,8749.6,9716.6,431.9828960734441,1871.3
Cotton,Andhra Pradesh,2019,3,9513.45,8876.7,9854.7,436.86301056509586,1612.0
Cotton,Andhra Pradesh,2019,4,9522.2,8940.7,9880.7,367.8343241188888,2091.3
Cotton,Andhra Pradesh,2019,5,9720.1,9380.7,9882.7,233.0689168464987,1761.4
Cotton,Andhra Pradesh,2019,6,9022.825,8819.3,9232.1,180.0009513863745,1617.6000000000001
Cotton,Andhra Pradesh,2019,7,9506.3,8851.3,9905.3,487.9504944151611,2021.6999999999998
Cotton,Andhra Pradesh,2019,8,9609.175,8938.0,10169.3,516.0872431091464,1558.8
Cotton,Andhra Pradesh,2019,9,9549.960000000001,9261.9,10051.2,305.522680009194,2431.3
Cotton,Andhra Pradesh,2019,10,9580.575,9116.6,10160.3,504.1392292809589,1944.5
Cotton,Andhra Pradesh,2019,11,7069.25,6826.5,7363.0,221.0179253665489,3500.8
Cotton,Andhra Pradesh,2019,12,7064.62,6791.0,7407.3,253.8218213629397,3523.5
Cotton,Andhra Pradesh,2020,1,7047.725,6667.1,7470.1,334.552281664117,3394.1
Cotton,Andhra Pradesh,2020,2,9858.9,9382.1,10077.4,325.67774460858266,1721.4
Cotton,Andhra Pradesh,2020,3,9790.740000000002,9408.2,10289.6,391.6768029894034,1758.0
Cotton,Andhra Pradesh,2020,4,10078.9,9758.7,10369.8,254.97339730515628,1755.0
Cotton,Andhra Pradesh,2020,5,10278.475,9817.7,10579.7,340.29611002772253,1868.4
Cotton,Andhra Pradesh,2020,6,10069.460000000001,9528.9,10518.6,399.2511527848101,2345.2000000000003
Cotton,Andhra Pradesh,2020,7,10030.325,9387.4,10511.9,469.484982897926,1526.4
Cotton,Andhra Pradesh,2020,8,9996.560000000001,9805.1,10209.5,155.36517627834047,2214.1
Cotton,Andhra Pradesh,2020,9,10215.625,9627.4,10820.3,496.86477955945605,1742.4
Cotton,Andhra Pradesh,2020,10,10301.925,9665.8,10746.9,521.6127003502376,1784.3
Cotton,Andhra Pradesh,2020,11,7830.06,7684.6,7995.3,139.82883465151247,4158.0
Cotton,Andhra Pradesh,2020,12,7605.5,7170.0,7861.3,302.55034842705675,3599.2
Cotton,Andhra Pradesh,2021,1,7395.775,7254.8,7526.1,130.29024969914957,3349.3
Cotton,Andhra Pradesh,2021,2,10117.775,9685.5,10589.5,371.58368617760027,1720.9
Cotton,Andhra Pradesh,2021,3,10672.439999999999,10126.4,10983.1,325.4372489436334,2218.9
Cotton,Andhra Pradesh,2021,4,10894.275,10405.4,11177.3,347.8174557149197,1985.5
Cotton,Andhra Pradesh,2021,5,10304.24,9810.7,11093.2,524.2641633756783,2044.9
Cotton,Andhra Pradesh,2021,6,10915.85,10509.3,11349.8,374.08514627911427,1673.9
Cotton,Andhra Pradesh,2021,7,10441.375,10015.3,10885.5,472.67440079473994,1766.6
Cotton,Andhra Pradesh,2021,8,10751.939999999999,9980.4,11283.9,523.3711952333645,2129.2
Cotton,Andhra Pradesh,2021,9,10894.15,10249.2,11262.6,461.8105130895129,1679.5
Cotton,Andhra Pradesh,2021,10,10668.025,10193.9,11245.5,433.6748042408428,1785.3999999999999
Cotton,Andhra Pradesh,2021,11,7740.5199999999995,7427.8,8513.0,448.7718317809176,4068.5
Cotton,Andhra Pradesh,2021,12,8037.875,7924.7,8095.6,78.26767638474219,3042.4
Cotton,Andhra Pradesh,2022,1,7862.26,7487.6,8385.5,333.90654830356357,3872.3
Cotton,Andhra Pradesh,2022,2,10473.125,10293.5,10584.7,135.5945518817038,1580.6
Cotton,Andhra Pradesh,2022,3,11270.45,10761.0,11780.8,447.27206858167807,1604.1
Cotton,Andhra Pradesh,2022,4,11363.55,10460.4,11842.5,645.1776628702103,1717.2
Cotton,Andhra Pradesh,2022,5,11124.539999999999,10455.8,11684.2,567.288390503455,2251.2
Cotton,Andhra Pradesh,2022,6,11157.925,10948.8,11479.3,226.22066476488519,1783.5
Cotton,Andhra Pradesh,2022,7,11632.825,11095.6,11959.5,385.02410638815786,1674.8
Cotton,Andhra Pradesh,2022,8,11244.26,10630.3,11743.8,462.68251317723264,1988.7
Cotton,Andhra Pradesh,2022,9,11069.3,10606.4,11790.1,519.1615227139497,1673.4
Cotton,Andhra Pradesh,2022,10,11528.58,11093.8,12025.7,400.81716155873374,1977.0
Cotton,Andhra Pradesh,2022,11,8360.45,8157.4,8867.4,340.1973593861852,3154.1
Cotton,Andhra Pradesh,2022,12,8600.55,8178.6,9029.7,447.91259936137965,3224.7
Cotton,Andhra Pradesh,2023,1,8633.619999999999,7970.9,9102.0,517.0021295894248,4168.7
Cotton,Andhra Pradesh,2023,2,11755.225,11328.3,12393.6,514.128429966678,1647.3
Cotton,Andhra Pradesh,2023,3,11776.25,11245.4,12387.2,506.6669287280027,1849.0
Cotton,Andhra Pradesh,2023,4,11907.425,11115.0,12330.7,574.1382201467992,1684.8
Cotton,Andhra Pradesh,2023,5,12264.060000000001,11821.3,12498.0,303.63384692751237,2409.9
Cotton,Andhra Pradesh,2023,6,11886.975,11579.0,12187.3,286.17860827345754,1677.0
Cotton,Andhra Pradesh,2023,7,11891.5,11132.4,12326.8,454.2294574331344,2352.6
Cotton,Andhra Pradesh,2023,8,12340.175,11735.6,12717.2,422.4351182923445,2038.2
Cotton,Andhra Pradesh,2023,9,12173.625,11542.8,12929.5,599.2436420188371,1459.6
Cotton,Andhra Pradesh,2023,10,11597.060000000001,11388.6,12009.9,241.01748484290445,2186.6
Cotton,Andhra Pradesh,2023,11,8904.8,8388.3,9199.5,355.0750061606707,3430.3999999999996
Cotton,Andhra Pradesh,2023,12,9031.2,8410.3,9613.2,549.8432685775108,3682.7
Cotton,Maharashtra,2015,1,5374.075,5099.0,5682.4,285.8476211200647,3568.0
Cotton,Maharashtra,2015,2,7405.650000000001,7168.1,7703.8,239.22843337139795,1834.3
Cotton,Maharashtra,2015,3,7313.639999999999,6875.7,7867.2,382.0313115439623,2314.5
Cotton,Maharashtra,2015,4,7477.3,7324.6,7808.6,223.61547352542476,1656.5
Cotton,Maharashtra,2015,5,7196.6,6920.1,7644.7,332.8432864477415,1596.8
Cotton,Maharashtra,2015,6,7617.06,7199.8,7973.2,310.0856462334237,2078.2
Cotton,Maharashtra,2015,7,7426.9,7012.4,7840.5,342.07933777609753,1500.2
Cotton,Maharashtra,2015,8,7616.56,7267.5,8044.1,333.86248366655406,2058.3
Cotton,Maharashtra,2015,9,7323.2,7062.4,7630.3,285.3308605811861,1729.9
Cotton,Maharashtra,2015,10,7513.3,7110.1,7935.3,384.2276148326665,1544.1
Cotton,Maharashtra,2015,11,5467.18,5257.6,5764.2,190.1037400999778,4028.3
Cotton,Maharashtra,2015,12,5650.025,5332.8,5968.4,266.19549676882207,3384.5
Cotton,Maharashtra,2016,1,5610.3,5374.0,5932.7,248.72950501833617,2880.5
Cotton,Maharashtra,2016,2,7695.039999999999,7241.0,8190.8,407.00325920070975,2027.2
Cotton,Maharashtra,2016,3,7725.675,7256.1,8190.7,382.21559688217826,1471.9
Cotton,Maharashtra,2016,4,7903.075000000001,7336.6,8353.9,440.75520322131933,2026.3000000000002
Cotton,Maharashtra,2016,5,7650.219999999999,7572.3,7766.2,81.95265096383423,1974.9
Cotton,Maharashtra,2016,6,7951.925,7755.5,8197.2,185.64920998126232,1459.4
Cotton,Maharashtra,2016,7,8088.35,7722.2,8430.2,350.31270316675665,1731.8
Cotton,Maharashtra,2016,8,7726.719999999999,7672.6,7805.7,54.69215665888476,2010.1999999999998
Cotton,Maharashtra,2016,9,8198.325,7898.0,8451.5,233.52105365469694,1757.0
Cotton,Maharashtra,2016,10,8353.119999999999,8010.6,8609.5,252.14560674340484,2172.7
Cotton,Maharashtra,2016,11,5812.575,5533.7,5947.6,190.3888542781153,3093.0
Cotton,Maharashtra,2016,12,6130.625,5930.6,6382.0,230.1223207339956,3420.8999999999996
Cotton,Maharashtra,2017,1,6008.14,5647.3,6267.5,251.1129486904247,4759.2
Cotton,Maharashtra,2017,2,8106.9,7691.0,8653.5,400.9421487779337,1629.4
Cotton,Maharashtra,2017,3,8247.325,7880.8,8532.1,321.6029267590703,1664.0
Cotton,Maharashtra,2017,4,8244.95,7756.0,8854.8,555.8891826014719,1774.8000000000002
Cotton,Maharashtra,2017,5,8453.7,7962.3,8795.8,375.3630176242729,2159.0
Cotton,Maharashtra,2017,6,8525.35,7900.6,8984.5,502.8045909363461,1728.8
Cotton,Maharashtra,2017,7,8569.42,8344.0,8910.1,256.2653839284587,1975.8000000000002
Cotton,Maharashtra,2017,8,8504.4,8130.0,9014.9,382.98617033342924,2018.6
Cotton,Maharashtra,2017,9,8377.4,8233.6,8641.4,190.0131048112208,1646.7
Cotton,Maharashtra,2017,10,8430.82,8222.0,8930.1,284.83714118773264,2153.6
Cotton,Maharashtra,2017,11,6357.2,5856.0,6568.1,336.3540495767321,3430.4
Cotton,Maharashtra,2017,12,6129.825,5902.7,6354.4,211.92747776853577,3321.8
Cotton,Maharashtra,2018,1,6418.9,5946.0,6745.5,299.23424770570637,4179.0
Cotton,Maharashtra,2018,2,8659.225,8432.4,9145.7,329.5879182150554,1564.9
Cotton,Maharashtra,2018,3,8819.875,8226.1,9337.6,458.5207183614137,1679.0
Cotton,Maharashtra,2018,4,8972.36,8282.5,9302.0,446.6690754910173,2202.3
Cotton,Maharashtra,2018,5,9102.35,8942.7,9269.0,172.09424743436367,1700.6000000000001
Cotton,Maharashtra,2018,6,9137.275,8802.2,9473.8,351.89365225874667,1720.1999999999998
Cotton,Maharashtra,2018,7,8766.64,8546.8,9220.8,274.7325663258724,2503.7
Cotton,Maharashtra,2018,8,8909.45,8584.3,9300.0,368.82088245289697,1676.0
Cotton,Maharashtra,2018,9,8957.825,8453.1,9635.9,497.2605847708687,1757.4
Cotton,Maharashtra,2018,10,9198.42,8505.0,9595.2,471.72237809966157,1971.6
Cotton,Maharashtra,2018,11,6402.625,6306.9,6509.4,89.51090715661367,3077.0
Cotton,Maharashtra,2018,12,6730.68,6452.1,7069.7,284.952876805973,4037.1000000000004
Cotton,Maharashtra,2019,1,6630.525,6317.7,7190.3,412.56576344465,3516.5
Cotton,Maharashtra,2019,2,8901.5,8687.5,9213.6,230.61585663898634,1870.5
Cotton,Maharashtra,2019,3,9295.675,8651.5,9589.2,440.58929760795024,1659.2
Cotton,Maharashtra,2019,4,9774.2,9447.9,9954.3,230.38787945549564,1976.9
Cotton,Maharashtra,2019,5,9544.675,8841.7,9949.4,489.6997472941967,1723.6
Cotton,Maharashtra,2019,6,9756.875,9286.0,10081.1,340.9879017892962,1639.3
Cotton,Maharashtra,2019,7,9616.560000000001,9118.2,10106.4,365.24870020302495,2055.1
Cotton,Maharashtra,2019,8,9486.85,9227.5,9987.7,353.789556092319,1650.1
Cotton,Maharashtra,2019,9,9528.08,9161.4,9809.1,269.10423073597383,2379.5
Cotton,Maharashtra,2019,10,9368.825,9009.9,10143.7,522.8033624923753,1600.0
Cotton,Maharashtra,2019,11,6895.65,6592.2,7373.3,345.8517842467589,2962.9
Cotton,Maharashtra,2019,12,7060.6,6863.8,7168.0,117.44204953933667,4277.1
Cotton,Maharashtra,2020,1,6942.975,6704.0,7317.8,293.8774617081072,3755.1
Cotton,Maharashtra,2020,2,9907.0,9142.0,10421.4,549.46686888292,1846.5
Cotton,Maharashtra,2020,3,9884.5,9200.1,10363.1,484.5338429872565,2066.8
Cotton,Maharashtra,2020,4,9655.1,9258.6,10157.1,379.71370794323474,1794.1
Cotton,Maharashtra,2020,5,9965.425,9479.6,10507.4,552.302709118831,1768.1
Cotton,Maharashtra,2020,6,10163.539999999999,9610.7,10659.7,449.28111800964837,2150.0
Cotton,Maharashtra,2020,7,10100.525,9634.8,10365.2,321.59798273621146,1791.5
Cotton,Maharashtra,2020,8,10336.880000000001,10034.9,10724.6,290.9560224501293,2118.8
Cotton,Maharashtra,2020,9,10486.0,10172.1,10805.3,352.6741461084627,1803.4
Cotton,Maharashtra,2020,10,10089.875,9679.9,10317.9,295.6283745402892,1774.1
Cotton,Maharashtra,2020,11,7690.0199999999995,7585.8,7851.2,97.84744248062896,4685.6
Cotton,Maharashtra,2020,12,7467.3,7051.2,7914.1,361.12497375100924,3359.3
Cotton,Maharashtra,2021,1,7579.45,7066.1,8024.7,414.599931661033,3299.6
Cotton,Maharashtra,2021,2,10281.725,10050.5,10687.2,296.70795265153754,1868.4
Cotton,Maharashtra,2021,3,10459.68,9881.0,10992.0,403.45776978514135,2252.2
Cotton,Maharashtra,2021,4,10730.95,10046.7,11211.6,490.53194595255434,1616.9
Cotton,Maharashtra,2021,5,10556.439999999999,9836.4,10829.8,415.25978374988364,2431.6
Cotton,Maharashtra,2021,6,10385.825,10249.1,10529.4,116.712677831787,1669.6
Cotton,Maharashtra,2021,7,10927.3,10646.4,11102.0,206.57897601966482,1496.6999999999998
Cotton,Maharashtra,2021,8,10818.98,10094.8,11461.4,604.7362334108986,1947.6
Cotton,Maharashtra,2021,9,11014.15,10698.1,11424.6,324.4008271670506,1641.3
Cotton,Maharashtra,2021,10,11002.05,10757.8,11409.3,310.9958467032425,1829.6
Cotton,Maharashtra,2021,11,7932.639999999999,7503.7,8151.5,265.95017014470983,4305.8
Cotton,Maharashtra,2021,12,8029.150000000001,7717.1,8357.1,274.38465093125495,3169.3
Cotton,Maharashtra,2022,1,8000.7,7833.6,8355.6,224.9229645901012,3964.0
Cotton,Maharashtra,2022,2,11292.65,10781.2,11710.9,383.97477781750155,1700.2
Cotton,Maharashtra,2022,3,10983.45,10558.6,11750.8,527.9908427236211,1993.6
Cotton,Maharashtra,2022,4,11087.375,10650.8,11375.4,322.3649523443885,1815.3000000000002
Cotton,Maharashtra,2022,5,11189.78,10702.1,11732.4,463.1343725097499,2136.8
Cotton,Maharashtra,2022,6,11175.45,10646.1,11581.6,424.8880205418834,1661.8999999999999
Cotton,Maharashtra,2022,7,10939.35,10537.3,11668.8,500.81516550519865,1576.5
Cotton,Maharashtra,2022,8,11342.1,10525.2,12012.5,551.1375826415759,2077.3
Cotton,Maharashtra,2022,9,11143.375,10712.6,11686.6,427.7733852949089,1798.3000000000002
Cotton,Maharashtra,2022,10,11462.76,10872.7,11830.4,378.11517160780505,2324.3
Cotton,Maharashtra,2022,11,8442.5,8240.2,8748.0,222.63060586241699,3231.7
Cotton,Maharashtra,2022,12,8389.2,7923.1,8735.6,357.1848354377137,3549.5
Cotton,Maharashtra,2023,1,8389.939999999999,8037.0,9083.0,412.59767692026594,3541.6
Cotton,Maharashtra,2023,2,11927.35,11710.3,12094.5,160.79480713008138,1625.3
Cotton,Maharashtra,2023,3,11378.95,11212.4,11684.3,218.31314664948525,1431.9
Cotton,Maharashtra,2023,4,11857.35,11295.5,12137.0,380.2901392358206,1523.4
Cotton,Maharashtra,2023,5,11439.960000000001,11283.8,11567.6,119.79761266402623,2211.8
Cotton,Maharashtra,2023,6,11801.35,11071.2,12554.1,655.97438212174,1737.4
Cotton,Maharashtra,2023,7,12006.439999999999,11141.5,12608.3,574.717511478465,2189.7
Cotton,Maharashtra,2023,8,11829.575,11288.2,12799.8,664.9679309310086,1595.5
Cotton,Maharashtra,2023,9,11926.9,11617.8,12447.5,371.42282284928774,1760.6
Cotton,Maharashtra,2023,10,12055.880000000001,11467.5,12510.5,514.8476395983564,1973.7
Cotton,Maharashtra,2023,11,9104.1,8830.7,9332.3,206.84641645433405,3361.9
Cotton,Maharashtra,2023,12,8829.4,8407.8,9430.7,431.1022075254696,2795.0
Gram,Madhya Pradesh,2015,1,5158.35,5084.3,5223.9,57.448034489150565,1610.3
Gram,Madhya Pradesh,2015,2,5547.799999999999,5315.4,5749.7,192.46985911219096,1416.8
Gram,Madhya Pradesh,2015,3,3981.8,3722.0,4154.1,205.79046382182057,3943.9
Gram,Madhya Pradesh,2015,4,4049.775,3843.1,4175.6,147.08708021667545,3002.8
Gram,Madhya Pradesh,2015,5,5514.275,5227.8,5820.2,247.2015557529253,1695.8
Gram,Madhya Pradesh,2015,6,5542.0,5209.5,5818.4,251.44380087804925,1889.1
Gram,Madhya Pradesh,2015,7,5554.9,5238.6,5747.5,234.84515465869538,1580.7
Gram,Madhya Pradesh,2015,8,5499.36,5247.0,5782.1,221.58845412159897,2016.1
Gram,Madhya Pradesh,2015,9,5770.575,5636.9,5845.5,91.70312153901904,1549.3
Gram,Madhya Pradesh,2015,10,5574.3,5265.6,5891.0,290.841927284679,1547.0
Gram,Madhya Pradesh,2015,11,5506.62,5279.2,5761.9,188.3327560463127,2101.7
Gram,Madhya Pradesh,2015,12,5692.375,5380.8,5887.9,217.84588397917128,1583.8
Gram,Madhya Pradesh,2016,1,5600.275,5447.1,5691.0,106.67175118090012,1431.7
Gram,Madhya Pradesh,2016,2,5794.160000000001,5487.6,6113.2,290.5355537623579,1952.1
Gram,Madhya Pradesh,2016,3,4115.575,3987.8,4335.0,164.10858955784926,3206.0
Gram,Madhya Pradesh,2016,4,4193.875,3960.3,4402.9,194.0936951577763,2780.4
Gram,Madhya Pradesh,2016,5,5589.780000000001,5443.6,5751.9,132.05989928816408,1752.5
Gram,Madhya Pradesh,2016,6,5811.725,5464.1,6220.5,342.7154541306825,1732.3
Gram,Madhya Pradesh,2016,7,6048.95,5808.4,6265.2,241.78929532411783,1453.8
Gram,Madhya Pradesh,2016,8,5815.08,5561.0,6183.2,272.5428168196697,1948.6
Gram,Madhya Pradesh,2016,9,5985.45,5555.9,6264.4,342.517994661108,1537.9
Gram,Madhya Pradesh,2016,10,5939.719999999999,5599.2,6378.0,292.790448956246,1862.5
Gram,Madhya Pradesh,2016,11,5957.125,5614.1,6337.5,393.3150592506387,1632.7
Gram,Madhya Pradesh,2016,12,5885.75,5643.3,6297.8,289.99582180898165,1583.3000000000002
Gram,Madhya Pradesh,2017,1,5979.34,5884.3,6147.2,108.18411620935841,1767.1
Gram,Madhya Pradesh,2017,2,6037.625,5753.5,6460.1,304.1134368948536,1624.8
Gram,Madhya Pradesh,2017,3,4455.375,4202.6,4656.8,222.5775426677182,2994.2
Gram,Madhya Pradesh,2017,4,4330.75,4189.3,4433.9,120.39815890065191,2738.3
Gram,Madhya Pradesh,2017,5,6314.04,6039.6,6557.1,231.70300602279613,2228.6
Gram,Madhya Pradesh,2017,6,6192.825,6011.2,6315.1,143.93337289639743,1468.6
Gram,Madhya Pradesh,2017,7,6435.0199999999995,6151.4,6635.7,194.15095158149512,2045.7
Gram,Madhya Pradesh,2017,8,6030.525,5871.3,6455.1,283.35657600745185,1704.2
Gram,Madhya Pradesh,2017,9,6273.15,6122.6,6497.7,164.39700929964192,1478.3
Gram,Madhya Pradesh,2017,10,6230.66,5927.7,6581.7,255.00570189703618,1965.9
Gram,Madhya Pradesh,2017,11,6259.7,6024.6,6756.2,334.6932725148007,1551.3
Gram,Madhya Pradesh,2017,12,6513.725,6382.2,6791.6,191.36296010461413,1353.2
Gram,Madhya Pradesh,2018,1,6197.14,5976.5,6717.8,315.68769852498195,1899.0
Gram,Madhya Pradesh,2018,2,6407.474999999999,6216.4,6739.2,229.2869145125093,1832.1
Gram,Madhya Pradesh,2018,3,4742.825,4479.5,4930.8,202.39898509297632,3352.0
Gram,Madhya Pradesh,2018,4,4786.9800000000005,4489.0,5076.0,248.2042143074928,3763.3
Gram,Madhya Pradesh,2018,5,6571.225,6122.7,6934.4,382.20118938416005,1658.1
Gram,Madhya Pradesh,2018,6,6544.75,6203.5,6848.3,280.49452163396467,1744.4
Gram,Madhya Pradesh,2018,7,6580.219999999999,6301.9,7023.9,284.938953111013,1932.2
Gram,Madhya Pradesh,2018,8,6475.6,6171.2,6914.6,331.17137557464144,1676.8
Gram,Madhya Pradesh,2018,9,6746.625,6248.9,7118.1,362.41027740209967,1578.9
Gram,Madhya Pradesh,2018,10,6742.780000000001,6262.1,7153.3,382.1189042693386,1955.3
Gram,Madhya Pradesh,2018,11,6936.05,6699.6,7028.8,157.95519406886663,1472.1000000000001
Gram,Madhya Pradesh,2018,12,6629.26,6381.2,7154.3,301.590381146349,1960.9
Gram,Madhya Pradesh,2019,1,6616.35,6355.7,7117.4,342.2174795847421,1543.2
Gram,Madhya Pradesh,2019,2,6980.0,6686.4,7180.4,213.57478003422335,1448.7
Gram,Madhya Pradesh,2019,3,5256.95,5108.9,5335.7,100.9060784426126,3135.6
Gram,Madhya Pradesh,2019,4,5153.86,4852.5,5378.6,235.27208291677977,4087.2
Gram,Madhya Pradesh,2019,5,7030.45,6814.3,7213.5,164.2225623962796,1643.9
Gram,Madhya Pradesh,2019,6,6917.225,6497.7,7383.1,389.0487319518387,1514.3
Gram,Madhya Pradesh,2019,7,7012.5199999999995,6715.1,7425.5,272.34322462657315,1909.4
Gram,Madhya Pradesh,2019,8,6919.55,6597.5,7435.7,367.1909811891716,1608.4
Gram,Madhya Pradesh,2019,9,7219.160000000001,6635.7,7565.6,373.3466860707352,1828.0
Gram,Madhya Pradesh,2019,10,7173.375,7093.8,7368.9,130.91840652355427,1644.0
Gram,Madhya Pradesh,2019,11,6946.7,6666.4,7340.5,317.7644725264302,1509.4
Gram,Madhya Pradesh,2019,12,6971.4800000000005,6724.4,7228.5,183.27091149443248,1745.9
Gram,Madhya Pradesh,2020,1,7182.425,6745.0,7387.9,297.0267257896724,1318.3
Gram,Madhya Pradesh,2020,2,7260.25,6830.3,7560.8,348.9068118184759,1477.4
Gram,Madhya Pradesh,2020,3,5345.74,5104.4,5616.3,216.99751841899035,3738.6
Gram,Madhya Pradesh,2020,4,5428.45,5040.4,5637.3,278.92140470032086,3018.3
Gram,Madhya Pradesh,2020,5,7296.625,6871.7,7811.6,402.0918582861389,1573.4
Gram,Madhya Pradesh,2020,6,7427.5,7110.5,7754.4,257.6776668630789,1925.1
Gram,Madhya Pradesh,2020,7,7271.75,6925.1,7717.9,350.84956415345084,1780.1
Gram,Madhya Pradesh,2020,8,7499.5199999999995,7014.0,7973.7,439.79365843540745,1861.9
Gram,Madhya Pradesh,2020,9,7671.75,7435.5,7965.3,218.807899004279,1572.8
Gram,Madhya Pradesh,2020,10,7553.299999999999,7021.7,7962.9,414.1918396105841,1571.8
Gram,Madhya Pradesh,2020,11,7407.9,7252.5,7690.4,184.79465630802204,1587.6
Gram,Madhya Pradesh,2020,12,7751.25,7326.1,8055.5,324.49995891114247,1583.3
Gram,Madhya Pradesh,2021,1,7706.2,7344.5,8136.5,345.87737711506963,1742.8
Gram,Madhya Pradesh,2021,2,7601.7,7249.2,8048.2,361.83077075708553,1495.0
Gram,Madhya Pradesh,2021,3,5668.32,5345.3,6002.9,261.6918646041561,3950.6
Gram,Madhya Pradesh,2021,4,5665.1,5280.3,6074.3,370.8608723856786,2756.2
Gram,Madhya Pradesh,2021,5,7535.4,7370.5,7779.5,154.0256634460633,1939.8000000000002
Gram,Madhya Pradesh,2021,6,8069.275,7803.9,8281.8,197.68510945440465,1525.5
Gram,Madhya Pradesh,2021,7,8020.875,7642.7,8374.2,309.7125804677625,1569.2
Gram,Madhya Pradesh,2021,8,7995.88,7594.7,8386.7,293.90456274103735,2243.6
Gram,Madhya Pradesh,2021,9,7668.825,7477.1,7938.9,197.2627245578842,1616.1
Gram,Madhya Pradesh,2021,10,7850.425,7438.4,8323.7,385.00074783477174,1748.0
Gram,Madhya Pradesh,2021,11,7978.5,7728.1,8397.4,262.21688542121,2215.7
Gram,Madhya Pradesh,2021,12,7814.575,7628.3,7998.2,169.10796107812314,1507.7
Gram,Madhya Pradesh,2022,1,8252.6,7620.1,8593.4,372.6182631058223,1901.1000000000001
Gram,Madhya Pradesh,2022,2,7963.625,7738.8,8284.9,242.3756915066633,1831.9
Gram,Madhya Pradesh,2022,3,6037.675,5592.3,6352.5,357.94027783975355,3318.5
Gram,Madhya Pradesh,2022,4,5935.6,5803.2,6138.9,162.96410647746936,2826.1
Gram,Madhya Pradesh,2022,5,8105.139999999999,7949.1,8282.0,128.30334368207195,2038.5
Gram,Madhya Pradesh,2022,6,7928.175,7710.1,8254.7,237.55026661038866,1290.8
Gram,Madhya Pradesh,2022,7,8554.975,8265.5,8876.4,255.6326971131293,1626.5
Gram,Madhya Pradesh,2022,8,8394.3,8109.6,8885.6,293.7304206240811,2038.7
Gram,Madhya Pradesh,2022,9,8327.7,7929.2,8797.9,358.2777600317013,1353.3
Gram,Madhya Pradesh,2022,10,8360.460000000001,7924.3,8941.9,437.8322372781609,1851.6
Gram,Madhya Pradesh,2022,11,8412.849999999999,8083.4,8725.8,293.8081063097699,1629.7
Gram,Madhya Pradesh,2022,12,8242.375,7996.2,8697.9,328.647322368523,1622.1
Gram,Madhya Pradesh,2023,1,8539.2,8289.0,8852.7,259.15709521446655,2145.5
Gram,Madhya Pradesh,2023,2,8736.3,8379.9,9085.8,348.4494511403342,1706.1
Gram,Madhya Pradesh,2023,3,6347.6,6083.1,6553.7,211.3629737363351,3030.7
Gram,Madhya Pradesh,2023,4,6668.7,6499.5,6799.5,129.7980225838079,3179.9
Gram,Madhya Pradesh,2023,5,9079.58,8808.1,9279.4,196.68240134795968,1890.2
Gram,Madhya Pradesh,2023,6,8834.05,8401.8,9211.7,387.2448880661099,1800.9
Gram,Madhya Pradesh,2023,7,8971.380000000001,8277.3,9357.1,502.4197219457062,2051.4
Gram,Madhya Pradesh,2023,8,9001.575,8384.0,9348.6,424.34965437321443,1414.5
Gram,Madhya Pradesh,2023,9,8925.35,8322.1,9480.5,474.39651839644273,1825.7
Gram,Madhya Pradesh,2023,10,9140.3,8661.8,9545.8,394.8813239442959,2156.1
Gram,Madhya Pradesh,2023,11,9220.525,8823.7,9483.6,291.0069114299525,1677.0
Gram,Madhya Pradesh,2023,12,9376.325,9047.7,9582.2,250.57787046478515,1581.9
Gram,Uttar Pradesh,2015,1,5353.85,5216.0,5478.1,127.66922103623885,1674.6
Gram,Uttar Pradesh,2015,2,5470.375,5248.4,5682.1,197.67180502034188,1610.8
Gram,Uttar Pradesh,2015,3,4097.08,3964.9,4163.3,80.06014614026127,3609.7
Gram,Uttar Pradesh,2015,4,3932.875,3815.2,4129.7,144.68396305972075,3141.0
Gram,Uttar Pradesh,2015,5,5443.325,5149.7,5841.2,327.69609269362167,1484.8
Gram,Uttar Pradesh,2015,6,5501.32,5166.7,5841.2,289.4417333419629,1882.2
Gram,Uttar Pradesh,2015,7,5581.3,5197.5,5916.9,316.2634661164644,1682.7
Gram,Uttar Pradesh,2015,8,5601.68,5270.1,5865.8,266.60357649514,2029.1
Gram,Uttar Pradesh,2015,9,5588.85,5241.5,5926.5,280.00726776282073,1545.3
Gram,Uttar Pradesh,2015,10,5813.5,5351.2,5987.7,308.8677494764819,1263.1
Gram,Uttar Pradesh,2015,11,5704.82,5281.0,6042.7,348.0260507490784,2194.2
Gram,Uttar Pradesh,2015,12,5718.65,5385.7,6062.3,278.56343981219084,1500.7
Gram,Uttar Pradesh,2016,1,5743.75,5516.7,6008.4,217.5921643809814,1571.9
Gram,Uttar Pradesh,2016,2,5712.74,5410.8,5997.5,227.17863675970915,2013.0
Gram,Uttar Pradesh,2016,3,4297.7,3955.5,4478.9,237.0189865812442,3063.2
Gram,Uttar Pradesh,2016,4,4178.275,3999.7,4354.1,197.11794058380391,3001.6
Gram,Uttar Pradesh,2016,5,5880.66,5479.7,6228.5,315.4955831703513,2035.1
Gram,Uttar Pradesh,2016,6,5976.4,5579.9,6211.3,274.7429465275983,1718.9
Gram,Uttar Pradesh,2016,7,5921.95,5834.1,6054.9,96.02140386393003,1419.5
Gram,Uttar Pradesh,2016,8,5719.74,5534.9,5905.0,131.73660463212195,1912.3999999999999
Gram,Uttar Pradesh,2016,9,5715.9,5637.7,5807.1,80.41123470427927,1646.9
Gram,Uttar Pradesh,2016,10,5760.64,5586.6,5990.4,194.84483057037963,1957.0
Gram,Uttar Pradesh,2016,11,6168.55,5660.2,6384.5,340.5307866649751,1771.8
Gram,Uttar Pradesh,2016,12,5981.425,5622.3,6158.1,246.74550147875004,1552.7
Gram,Uttar Pradesh,2017,1,6214.32,5878.0,6453.2,242.80422566339323,2136.3
Gram,Uttar Pradesh,2017,2,6173.75,6012.8,6438.3,200.9628572647195,1515.2
Gram,Uttar Pradesh,2017,3,4418.225,4162.0,4704.8,256.5824412672595,2979.5
Gram,Uttar Pradesh,2017,4,4492.225,4331.5,4753.7,181.9915634491517,3151.1
Gram,Uttar Pradesh,2017,5,5891.5599999999995,5728.1,6279.2,229.8799534539714,1780.8000000000002
Gram,Uttar Pradesh,2017,6,6258.0,5924.7,6508.5,246.80467310540666,1764.9
Gram,Uttar Pradesh,2017,7,6243.12,5880.5,6492.7,240.04272952955688,1954.0
Gram,Uttar Pradesh,2017,8,6253.65,5838.4,6552.2,326.34855088795297,1534.0
Gram,Uttar Pradesh,2017,9,6071.65,5843.6,6387.7,268.15931210134517,1744.0
Gram,Uttar Pradesh,2017,10,6469.0199999999995,6059.8,6728.2,257.52333292344593,1859.0
Gram,Uttar Pradesh,2017,11,6202.0,5950.8,6397.0,186.68510028030244,1626.1
Gram,Uttar Pradesh,2017,12,6330.175,6009.0,6734.8,300.21457187596127,1420.6
Gram,Uttar Pradesh,2018,1,6282.66,5990.7,6708.0,385.7065503721711,2030.9
Gram,Uttar Pradesh,2018,2,6422.975,6164.3,6557.8,175.8499620888973,1496.4
Gram,Uttar Pradesh,2018,3,4671.6,4477.9,4998.1,226.19876215399628,2905.7999999999997
Gram,Uttar Pradesh,2018,4,4723.46,4493.4,5034.5,209.75538848859154,3416.1
Gram,Uttar Pradesh,2018,5,6702.7,6416.7,6927.7,264.0492378326435,1593.3
Gram,Uttar Pradesh,2018,6,6486.55,6191.7,6887.5,290.82028241968766,1544.2
Gram,Uttar Pradesh,2018,7,6384.5199999999995,6219.7,6657.9,173.92560766028652,1805.6
Gram,Uttar Pradesh,2018,8,6776.475,6304.5,7110.9,367.7072601495197,1566.6
Gram,Uttar Pradesh,2018,9,6651.15,6514.7,6884.2,160.90358396671405,1471.1
Gram,Uttar Pradesh,2018,10,6853.56,6516.1,7137.0,310.47346585497445,2047.8
Gram,Uttar Pradesh,2018,11,6675.95,6457.5,7052.0,279.2478051241705,1667.2
Gram,Uttar Pradesh,2018,12,6751.360000000001,6372.3,7090.9,281.1684779629464,1927.0
Gram,Uttar Pradesh,2019,1,6701.775,6328.1,7070.5,364.1741833701741,1481.4
Gram,Uttar Pradesh,2019,2,6873.0,6565.8,7291.1,307.6944696718917,1587.5
Gram,Uttar Pradesh,2019,3,4885.6,4744.6,5034.6,161.99401223502062,3559.4
Gram,Uttar Pradesh,2019,4,5086.0,4823.3,5287.4,174.11931254171645,4317.4
Gram,Uttar Pradesh,2019,5,7161.375,7003.2,7257.0,109.73289919922205,1726.8
Gram,Uttar Pradesh,2019,6,7150.3,6802.0,7392.8,282.63005266012823,1707.3
Gram,Uttar Pradesh,2019,7,6864.780000000001,6620.7,7148.0,257.94396096826904,2136.4
Gram,Uttar Pradesh,2019,8,6889.875,6589.4,7184.9,293.2468286273528,1744.9
Gram,Uttar Pradesh,2019,9,6911.6,6583.5,7193.9,245.21152093651713,1938.7
Gram,Uttar Pradesh,2019,10,6826.05,6604.0,7155.1,241.79518192056702,1469.6
Gram,Uttar Pradesh,2019,11,7090.1,6710.6,7385.9,295.9718342455351,1492.0
Gram,Uttar Pradesh,2019,12,7049.12,6745.0,7658.5,385.74482109290847,1951.0
Gram,Uttar Pradesh,2020,1,7513.325,7418.6,7613.3,80.71779543570284,1351.4
Gram,Uttar Pradesh,2020,2,7315.5,7044.8,7515.3,219.93564210165354,1755.1000000000001
Gram,Uttar Pradesh,2020,3,5287.16,5037.3,5522.7,215.11711461434192,3911.3
Gram,Uttar Pradesh,2020,4,5202.8,5005.8,5319.3,148.8511784747886,3208.1
Gram,Uttar Pradesh,2020,5,7433.225,7186.3,7612.9,178.4695935820254,1650.4
Gram,Uttar Pradesh,2020,6,7297.8,7137.0,7551.0,193.07546452100033,1890.5
Gram,Uttar Pradesh,2020,7,7475.25,7128.2,7876.7,364.0798126784842,1554.2
Gram,Uttar Pradesh,2020,8,7597.4800000000005,7366.0,7945.1,226.68350623722048,2079.1
Gram,Uttar Pradesh,2020,9,7662.875,7430.7,7966.5,271.1581134688764,1619.3
Gram,Uttar Pradesh,2020,10,7385.525,7332.5,7431.4,46.70298884082953,1622.1
Gram,Uttar Pradesh,2020,11,7354.8,7045.8,7610.0,245.45939582749722,1999.7
Gram,Uttar Pradesh,2020,12,7637.65,7083.7,8073.8,436.68045143636414,1736.1
Gram,Uttar Pradesh,2021,1,7776.75,7565.1,8035.1,209.10784299016612,1550.3000000000002
Gram,Uttar Pradesh,2021,2,7440.025,7304.4,7587.4,115.73931556159584,1680.9
Gram,Uttar Pradesh,2021,3,5709.5599999999995,5349.0,5843.0,203.59681480809053,4056.4
Gram,Uttar Pradesh,2021,4,5680.875,5575.1,5917.1,158.6587611826087,2631.3999999999996
Gram,Uttar Pradesh,2021,5,7750.839999999999,7376.0,8048.0,322.51801965161565,2197.7
Gram,Uttar Pradesh,2021,6,7878.45,7276.0,8100.4,401.93724634574477,1559.6
Gram,Uttar Pradesh,2021,7,7883.725,7648.4,8089.1,188.35185823346734,1494.8
Gram,Uttar Pradesh,2021,8,7899.780000000001,7648.0,8453.9,334.2941100288782,2069.5
Gram,Uttar Pradesh,2021,9,7886.0,7468.8,8379.1,464.35797254560725,1631.3000000000002
Gram,Uttar Pradesh,2021,10,8075.175,7799.4,8292.1,205.46856004427246,1516.7
Gram,Uttar Pradesh,2021,11,8212.52,8012.9,8434.4,194.13582101199148,1954.6
Gram,Uttar Pradesh,2021,12,7953.6,7600.7,8432.6,403.9360592965182,1763.0
Gram,Uttar Pradesh,2022,1,7763.56,7551.9,7945.2,154.68510917344352,1813.6
Gram,Uttar Pradesh,2022,2,7968.825000000001,7609.1,8120.1,242.18796247267682,1556.3
Gram,Uttar Pradesh,2022,3,6074.35,5986.4,6173.1,93.29610567078028,3131.4
Gram,Uttar Pradesh,2022,4,6097.575,5597.2,6315.8,339.290341497269,3229.3
Gram,Uttar Pradesh,2022,5,8002.860000000001,7674.2,8197.5,218.10030490579362,1852.4
Gram,Uttar Pradesh,2022,6,8107.475,7753.7,8596.2,420.6836687662919,1841.7
Gram,Uttar Pradesh,2022,7,8398.45,7847.0,8889.0,473.7781794609512,1469.3
Gram,Uttar Pradesh,2022,8,8265.039999999999,7816.2,8551.2,336.80713026894216,1972.1
Gram,Uttar Pradesh,2022,9,8768.225,8196.9,8990.5,382.48377198690866,1475.9
Gram,Uttar Pradesh,2022,10,8350.92,8155.9,8455.5,114.06343410576413,2070.2
Gram,Uttar Pradesh,2022,11,8655.8,8272.9,8944.1,308.0253019910332,1670.4
Gram,Uttar Pradesh,2022,12,8663.65,8321.8,9008.8,350.57614959758394,1627.8
Gram,Uttar Pradesh,2023,1,8732.72,8351.7,9070.6,272.2639105720771,1916.8
Gram,Uttar Pradesh,2023,2,8665.6,8100.6,9185.3,469.0205894556573,1408.0
Gram,Uttar Pradesh,2023,3,6125.200000000001,5923.3,6439.1,240.13443457086004,2884.3999999999996
Gram,Uttar Pradesh,2023,4,6567.6,6176.3,6817.8,290.71288241149506,3072.0
Gram,Uttar Pradesh,2023,5,8544.060000000001,8162.3,8810.9,292.05169576634876,1798.9
Gram,Uttar Pradesh,2023,6,9017.05,8714.9,9255.1,229.62523815992088,1446.9
Gram,Uttar Pradesh,2023,7,8717.6,8258.7,9292.3,452.14434642047655,2127.6
Gram,Uttar Pradesh,2023,8,9045.075,8585.7,9296.7,314.09741986629916,1469.8
Gram,Uttar Pradesh,2023,9,8892.375,8613.8,9492.4,404.10155798594326,1440.2
Gram,Uttar Pradesh,2023,10,8964.8,8412.1,9503.1,407.52431215818314,1949.7
Gram,Uttar Pradesh,2023,11,9185.7,8930.5,9481.0,264.6719856728325,1685.1
Gram,Uttar Pradesh,2023,12,8924.4,8445.8,9307.3,363.6818298091524,1572.3
Groundnut,Andhra Pradesh,2015,1,6296.5,6151.2,6416.9,116.85943122686588,1495.9
Groundnut,Andhra Pradesh,2015,2,6368.8,5978.8,6605.5,271.0547177231932,1287.1
Groundnut,Andhra Pradesh,2015,3,6453.68,6119.3,6692.2,265.39124326171697,1873.6
Groundnut,Andhra Pradesh,2015,4,6118.85,5976.9,6308.7,145.66732646685048,1576.6
Groundnut,Andhra Pradesh,2015,5,6304.075,6001.0,6435.1,205.66630537515556,1361.5
Groundnut,Andhra Pradesh,2015,6,6498.92,6132.1,6757.1,248.91308121511,1694.3
Groundnut,Andhra Pradesh,2015,7,6397.05,6078.3,6769.1,323.53449584240656,1494.6
Groundnut,Andhra Pradesh,2015,8,6361.2,6098.3,6693.7,260.3301941765495,1727.1
Groundnut,Andhra Pradesh,2015,9,6600.2,6350.7,6878.1,217.41200518830638,1413.5
Groundnut,Andhra Pradesh,2015,10,4743.975,4547.0,5107.6,248.47428270681607,2608.1000000000004
Groundnut,Andhra Pradesh,2015,11,4927.68,4580.3,5157.8,233.66453945774492,3063.5
Groundnut,Andhra Pradesh,2015,12,6400.875,6208.0,6660.0,188.84567553075377,1433.4
Groundnut,Andhra Pradesh,2016,1,6338.6,6238.0,6616.6,185.4706266052214,1269.4
Groundnut,Andhra Pradesh,2016,2,6761.44,6339.8,7063.7,338.14438927771704,1912.1999999999998
Groundnut,Andhra Pradesh,2016,3,6823.475,6495.3,7118.4,296.1786327539513,1572.9
Groundnut,Andhra Pradesh,2016,4,6709.875,6488.0,6868.9,161.34260390031295,1429.8
Groundnut,Andhra Pradesh,2016,5,6822.339999999999,6496.1,7111.8,271.1322057594781,1648.4
Groundnut,Andhra Pradesh,2016,6,6738.15,6497.0,6837.5,162.57573619701054,1405.0
Groundnut,Andhra Pradesh,2016,7,6772.3,6549.7,7050.6,207.66400747361163,1283.4
Groundnut,Andhra Pradesh,2016,8,6922.32,6472.7,7327.8,369.7872591098834,1883.9
Groundnut,Andhra Pradesh,2016,9,6689.675,6502.8,7057.1,256.42642057063205,1572.4
Groundnut,Andhra Pradesh,2016,10,5022.42,4787.2,5313.4,201.54893202396278,3019.1
Groundnut,Andhra Pradesh,2016,11,5058.375,4941.6,5207.2,110.5053354669656,2637.6
Groundnut,Andhra Pradesh,2016,12,6819.125,6571.5,7072.8,207.33865011939605,1369.7
Groundnut,Andhra Pradesh,2017,1,7187.74,6867.2,7536.9,293.8558200886959,1904.4
Groundnut,Andhra Pradesh,2017,2,7067.75,6774.8,7388.0,300.334807617543,1397.8
Groundnut,Andhra Pradesh,2017,3,7268.549999999999,6967.2,7522.9,236.5764781207125,1444.8
Groundnut,Andhra Pradesh,2017,4,7143.325,6817.8,7577.4,366.0303209207307,1303.8
Groundnut,Andhra Pradesh,2017,5,7140.3,6923.8,7642.7,288.8569369082207,1960.7
Groundnut,Andhra Pradesh,2017,6,7238.05,6745.3,7589.6,354.5752059389752,1501.3
Groundnut,Andhra Pradesh,2017,7,7227.4,7021.0,7589.9,229.48118659271367,1757.9
Groundnut,Andhra Pradesh,2017,8,7488.025,7133.6,7796.8,355.8928900198293,1475.2
Groundnut,Andhra Pradesh,2017,9,7531.55,6840.8,7826.7,464.99038341310523,1588.9
Groundnut,Andhra Pradesh,2017,10,5324.66,5206.8,5500.2,132.8118142335234,3221.4
Groundnut,Andhra Pradesh,2017,11,5279.525,5059.5,5726.3,302.49342003862967,2893.6
Groundnut,Andhra Pradesh,2017,12,7369.325,7145.5,7704.7,244.4482000342813,1520.4
Groundnut,Andhra Pradesh,2018,1,7422.88,6958.8,7969.8,448.8953853627817,1869.9
Groundnut,Andhra Pradesh,2018,2,7392.3,7080.3,7681.7,251.66844590982478,1465.5
Groundnut,Andhra Pradesh,2018,3,7743.775,7424.5,7952.3,246.36097330272622,1332.9
Groundnut,Andhra Pradesh,2018,4,7503.360000000001,7188.8,7976.0,344.1935327689929,1749.4
Groundnut,Andhra Pradesh,2018,5,7503.25,7200.8,7888.4,288.5216167522514,1415.9
Groundnut,Andhra Pradesh,2018,6,7638.75,7223.5,7912.6,294.89704983264943,1318.0
Groundnut,Andhra Pradesh,2018,7,7817.0,7705.1,7912.6,81.68258688361918,1791.8
Groundnut,Andhra Pradesh,2018,8,7568.225,7308.5,7830.0,218.07262360660215,1495.0
Groundnut,Andhra Pradesh,2018,9,7393.125,7260.3,7579.8,134.74027794241772,1226.9
Groundnut,Andhra Pradesh,2018,10,5695.16,5527.3,5869.7,145.44128712301747,3686.7
Groundnut,Andhra Pradesh,2018,11,5594.625,5388.1,6012.5,292.7937997408187,2832.4
Groundnut,Andhra Pradesh,2018,12,8205.119999999999,8075.8,8346.5,123.97825212512052,1790.2
Groundnut,Andhra Pradesh,2019,1,8034.35,7711.0,8388.1,329.4867574475998,1342.1
Groundnut,Andhra Pradesh,2019,2,7751.5,7439.3,8177.0,308.948399143503,1480.4
Groundnut,Andhra Pradesh,2019,3,8252.8,7846.4,8438.1,274.98515111426167,1493.5
Groundnut,Andhra Pradesh,2019,4,8199.9,7727.4,8604.3,351.3662832429996,1784.4
Groundnut,Andhra Pradesh,2019,5,7991.1,7525.9,8577.1,469.5891608629827,1617.6
Groundnut,Andhra Pradesh,2019,6,7977.1,7778.6,8313.7,246.58873994298014,1616.8
Groundnut,Andhra Pradesh,2019,7,8081.0199999999995,7659.2,8486.1,305.14654184506185,1726.4
Groundnut,Andhra Pradesh,2019,8,8402.925,8020.9,8781.0,373.0130058054277,1582.0
Groundnut,Andhra Pradesh,2019,9,8250.880000000001,8005.7,8472.1,170.41928294650228,1732.8
Groundnut,Andhra Pradesh,2019,10,6162.15,5689.7,6472.1,356.8228832348061,3159.5
Groundnut,Andhra Pradesh,2019,11,5930.0,5889.7,5989.9,42.594600596789014,2809.2
Groundnut,Andhra Pradesh,2019,12,8293.179999999998,7781.2,8618.6,311.9910126910707,1828.6000000000001
Groundnut,Andhra Pradesh,2020,1,8410.95,7910.5,8944.4,433.42706037656046,1566.2
Groundnut,Andhra Pradesh,2020,2,8440.65,8059.9,9032.0,458.28738072669375,1342.7
Groundnut,Andhra Pradesh,2020,3,8436.619999999999,7933.4,8993.1,436.8583317278045,1741.1
Groundnut,Andhra Pradesh,2020,4,8814.45,8520.3,8982.6,202.7023844622133,1461.8
Groundnut,Andhra Pradesh,2020,5,8597.375,7968.6,9105.1,485.61679250893485,1525.5
Groundnut,Andhra Pradesh,2020,6,8555.22,8024.9,8990.0,439.5124765009522,1843.6
Groundnut,Andhra Pradesh,2020,7,8615.175,8360.7,8921.1,284.9551002643512,1409.9
Groundnut,Andhra Pradesh,2020,8,8827.039999999999,8321.1,9269.2,413.17066449592,1870.5
Groundnut,Andhra Pradesh,2020,9,8590.375,8260.1,9017.3,357.3062866785302,1522.8
Groundnut,Andhra Pradesh,2020,10,6443.35,6006.7,6863.6,467.7192070747865,2986.1000000000004
Groundnut,Andhra Pradesh,2020,11,6547.86,6103.3,6874.3,301.147626588688,3248.4
Groundnut,Andhra Pradesh,2020,12,9049.4,8487.3,9439.6,426.4898044893145,1559.6999999999998
Groundnut,Andhra Pradesh,2021,1,9187.475,9033.1,9411.4,177.46423818148037,1385.6
Groundnut,Andhra Pradesh,2021,2,8931.425,8579.1,9367.5,394.9255404503483,1464.1
Groundnut,Andhra Pradesh,2021,3,8931.619999999999,8460.1,9599.8,568.5768567221145,1739.1
Groundnut,Andhra Pradesh,2021,4,9242.575,8613.5,9547.0,425.51240777052163,1375.5
Groundnut,Andhra Pradesh,2021,5,9296.0,8661.3,9692.4,393.9642179183283,1763.6
Groundnut,Andhra Pradesh,2021,6,9108.275,9039.9,9257.5,100.35305592423853,1362.4
Groundnut,Andhra Pradesh,2021,7,9033.375,8573.2,9478.9,497.9765682238475,1437.9
Groundnut,Andhra Pradesh,2021,8,8730.38,8595.9,8942.9,135.31161073610832,1914.0
Groundnut,Andhra Pradesh,2021,9,8906.95,8669.3,9361.9,309.54433715813065,1472.9
Groundnut,Andhra Pradesh,2021,10,6865.925,6780.6,6964.2,75.33991306074071,2363.0
Groundnut,Andhra Pradesh,2021,11,6810.780000000001,6463.2,7112.4,288.93990205577336,3308.0
Groundnut,Andhra Pradesh,2021,12,9341.75,9213.3,9510.5,148.22077002453796,1596.8000000000002
Groundnut,Andhra Pradesh,2022,1,9486.119999999999,8949.1,9931.7,391.9639294629034,1908.0
Groundnut,Andhra Pradesh,2022,2,9355.425,9080.8,9545.6,199.0172249664173,1441.7
Groundnut,Andhra Pradesh,2022,3,9369.4,9036.0,9630.9,290.4012970586274,1736.3
Groundnut,Andhra Pradesh,2022,4,9486.275,8944.8,10018.1,438.3510569927565,1452.3
Groundnut,Andhra Pradesh,2022,5,9692.619999999999,9081.3,10065.1,481.05490019331467,1635.9
Groundnut,Andhra Pradesh,2022,6,9373.775,9021.6,10081.3,479.3796503468483,1718.0
Groundnut,Andhra Pradesh,2022,7,9669.825,9298.0,10188.3,399.9944364196412,1388.4
Groundnut,Andhra Pradesh,2022,8,9858.34,9614.7,10198.2,285.24700348995765,2064.2
Groundnut,Andhra Pradesh,2022,9,9877.325,9572.1,10025.3,209.5092102191847,1242.1
Groundnut,Andhra Pradesh,2022,10,7303.4800000000005,7038.5,7542.1,233.7761044247254,3901.0
Groundnut,Andhra Pradesh,2022,11,7304.15,6949.1,7502.9,248.65620844853194,2471.9
Groundnut,Andhra Pradesh,2022,12,9917.35,9611.9,10182.9,237.80425423724702,1257.5
Groundnut,Andhra Pradesh,2023,1,9928.7,9706.9,10212.9,207.37772300804193,1626.1999999999998
Groundnut,Andhra Pradesh,2023,2,10196.65,9603.4,10619.0,454.19785336348775,1524.5
Groundnut,Andhra Pradesh,2023,3,9932.425,9450.1,10195.0,347.3530324708085,1519.7
Groundnut,Andhra Pradesh,2023,4,9794.75,9664.3,9965.8,134.72976656997525,1452.7
Groundnut,Andhra Pradesh,2023,5,10183.439999999999,9807.8,10682.4,446.6339810180153,1670.1
Groundnut,Andhra Pradesh,2023,6,10279.875,9743.6,10908.8,594.5842097634278,1241.4
Groundnut,Andhra Pradesh,2023,7,10078.42,9713.6,10523.0,344.29676443440496,1641.6
Groundnut,Andhra Pradesh,2023,8,10185.775,9899.0,10324.1,193.59621854089332,1342.4
Groundnut,Andhra Pradesh,2023,9,10430.55,9827.8,10871.7,513.257183745797,1440.8
Groundnut,Andhra Pradesh,2023,10,7467.08,7145.2,7962.8,331.346211688017,3557.0
Groundnut,Andhra Pradesh,2023,11,7712.55,7330.0,8092.1,311.1796533622768,2618.8
Groundnut,Andhra Pradesh,2023,12,10583.4,10344.9,10779.3,192.76837569131123,1661.4
Groundnut,Karnataka,2015,1,6282.525,6087.2,6628.3,251.23102747603997,1551.9
Groundnut,Karnataka,2015,2,6269.725,5947.1,6572.1,303.360603627652,1354.7
Groundnut,Karnataka,2015,3,6440.719999999999,6153.2,6712.5,263.44092696466157,1845.8
Groundnut,Karnataka,2015,4,6226.3,6039.3,6379.5,141.83567957322995,1492.2
Groundnut,Karnataka,2015,5,6443.25,6049.4,6854.0,329.0188799040771,1370.5
Groundnut,Karnataka,2015,6,6315.7,6001.0,6514.6,207.42963867297294,1782.6
Groundnut,Karnataka,2015,7,6561.1,6046.2,6901.0,364.2764700974616,1443.3
Groundnut,Karnataka,2015,8,6515.960000000001,6197.8,6849.0,307.5874233449735,1983.7
Groundnut,Karnataka,2015,9,6395.55,6167.9,6904.8,343.5197083138026,1317.8
Groundnut,Karnataka,2015,10,4828.15,4519.6,5036.3,248.72381604234576,2955.3
Groundnut,Karnataka,2015,11,4839.64,4534.2,5045.0,242.70639258165411,3147.6
Groundnut,Karnataka,2015,12,6638.15,6420.2,7028.3,275.5684125584788,1436.8
Groundnut,Karnataka,2016,1,6805.075,6485.1,7090.3,251.84035121481222,1471.1
Groundnut,Karnataka,2016,2,6778.82,6337.0,7115.9,320.7941271282877,1732.9
Groundnut,Karnataka,2016,3,6714.975,6551.5,6955.8,171.12378317074115,1444.1
Groundnut,Karnataka,2016,4,6767.025,6296.5,7181.3,427.95860683793546,1438.2
Groundnut,Karnataka,2016,5,6691.2,6359.5,7071.6,278.75798643267603,1669.1
Groundnut,Karnataka,2016,6,7053.975,6693.4,7217.0,243.0916202449879,1354.6
Groundnut,Karnataka,2016,7,7019.55,6835.6,7170.4,138.22427427915815,1327.2
Groundnut,Karnataka,2016,8,6715.74,6464.4,7226.1,334.1757217393271,1897.0
Groundnut,Karnataka,2016,9,6958.525,6453.2,7358.3,406.26946209792027,1613.7
Groundnut,Karnataka,2016,10,5018.18,4903.8,5126.3,97.60628565825051,3844.5
Groundnut,Karnataka,2016,11,4914.3,4773.8,5232.8,213.93746749926723,2668.3
Groundnut,Karnataka,2016,12,6937.1,6567.5,7194.9,287.1395943903704,1507.4
Groundnut,Karnataka,2017,1,7302.26,7091.0,7488.6,152.32300548505478,1737.2
Groundnut,Karnataka,2017,2,6958.825,6679.1,7247.5,276.8624372620211,1336.8
Groundnut,Karnataka,2017,3,7296.7,6997.6,7611.1,251.53784340863422,1552.9
Groundnut,Karnataka,2017,4,7205.725,6950.8,7327.7,175.05674080137547,1331.6
Groundnut,Karnataka,2017,5,7145.839999999999,6783.1,7458.1,250.25178920439316,1883.9
Groundnut,Karnataka,2017,6,7363.75,6866.4,7643.1,348.05126538102576,1322.7
Groundnut,Karnataka,2017,7,7109.82,6862.1,7389.0,230.0175145505229,1713.3
Groundnut,Karnataka,2017,8,7428.05,6956.5,7695.8,324.48425231434567,1360.8
Groundnut,Karnataka,2017,9,7218.525,6918.1,7571.1,285.8798859078173,1548.6
Groundnut,Karnataka,2017,10,5372.36,5109.0,5692.2,272.74729696185796,3545.5
Groundnut,Karnataka,2017,11,5250.3,5063.6,5384.9,137.11126868350374,2563.9
Groundnut,Karnataka,2017,12,7281.275,7138.9,7514.7,166.7392450304766,1623.5
Groundnut,Karnataka,2018,1,7396.4800000000005,7076.5,7800.0,330.71982402027237,1884.0
Groundnut,Karnataka,2018,2,7364.05,7062.0,7696.8,268.74692556381035,1391.3
Groundnut,Karnataka,2018,3,7651.25,7267.1,8027.9,310.6523083234157,1611.4
Groundnut,Karnataka,2018,4,7497.360000000001,7082.6,8080.0,401.15317274078734,1757.1999999999998
Groundnut,Karnataka,2018,5,7559.75,7275.7,7889.4,280.06145158994434,1431.2
Groundnut,Karnataka,2018,6,7844.4,7266.2,8195.7,442.1810112009184,1324.8
Groundnut,Karnataka,2018,7,7587.479999999999,7197.9,8252.8,485.08678295744136,1606.0
Groundnut,Karnataka,2018,8,7904.425,7765.2,8091.1,157.11851948979998,1354.1999999999998
Groundnut,Karnataka,2018,9,7890.65,7688.2,8000.7,140.44202837232635,1352.9
Groundnut,Karnataka,2018,10,5846.14,5501.6,6094.7,223.10419762971705,3850.0
Groundnut,Karnataka,2018,11,5649.15,5426.6,5910.8,202.19071030424072,2709.5
Groundnut,Karnataka,2018,12,7771.740000000001,7428.8,8278.7,371.1306818359271,1743.4
Groundnut,Karnataka,2019,1,8022.725,7631.4,8246.0,269.52775212706143,1478.9
Groundnut,Karnataka,2019,2,7828.675,7611.7,8069.1,192.89127118664624,1576.5
Groundnut,Karnataka,2019,3,7969.425,7551.0,8235.2,293.0124272108613,1295.1
Groundnut,Karnataka,2019,4,7994.660000000001,7628.8,8393.8,340.1226808079691,1732.8
Groundnut,Karnataka,2019,5,8030.275,7526.4,8342.7,376.74240868264377,1439.0
Groundnut,Karnataka,2019,6,7871.775000000001,7741.1,8100.6,158.74000493469407,1416.5
Groundnut,Karnataka,2019,7,8413.52,8080.3,8736.9,287.96279620812095,1773.4
Groundnut,Karnataka,2019,8,8442.849999999999,8114.3,8776.4,302.0464699346773,1657.9
Groundnut,Karnataka,2019,9,8253.460000000001,8061.5,8730.8,286.2986255642874,2021.3
Groundnut,Karnataka,2019,10,5878.35,5703.5,6177.3,222.0548055473388,2842.2
Groundnut,Karnataka,2019,11,5966.625,5910.0,6016.4,44.4440003450033,2854.7
Groundnut,Karnataka,2019,12,8432.02,8054.5,8874.0,364.24813245917954,1632.6
Groundnut,Karnataka,2020,1,8103.4,7829.9,8323.8,240.1342263540681,1657.8
Groundnut,Karnataka,2020,2,8371.7,7952.9,8717.9,321.3368326227167,1577.3
Groundnut,Karnataka,2020,3,8557.560000000001,8392.6,8994.6,246.46035786714307,2013.5
Groundnut,Karnataka,2020,4,8372.5,7960.4,8799.7,403.0204709440954,1498.9
Groundnut,Karnataka,2020,5,8399.275,8006.2,8685.3,314.5167867803991,1368.2
Groundnut,Karnataka,2020,6,8364.0,7994.9,8741.1,341.69681005242086,1811.6000000000001
Groundnut,Karnataka,2020,7,8874.325,8231.5,9095.1,428.5844481157324,1395.6
Groundnut,Karnataka,2020,8,8657.66,8246.6,9208.6,409.3693173651396,1859.5
Groundnut,Karnataka,2020,9,8727.275,8153.2,9136.8,451.57001210591204,1466.3000000000002
Groundnut,Karnataka,2020,10,6349.075,6007.8,6554.5,244.61435464829094,2802.7
Groundnut,Karnataka,2020,11,6559.42,6268.0,6882.8,240.98101999950114,3222.1
Groundnut,Karnataka,2020,12,8845.25,8265.0,9168.0,408.45512605425796,1514.3
Groundnut,Karnataka,2021,1,9181.974999999999,8905.4,9484.9,237.74807920710222,1377.8
Groundnut,Karnataka,2021,2,9047.35,8678.8,9479.5,330.4819763113662,1574.1
Groundnut,Karnataka,2021,3,8793.78,8372.4,9151.7,379.85044688666693,1912.6
Groundnut,Karnataka,2021,4,9255.225,8806.6,9603.0,339.42761992310955,1370.0
Groundnut,Karnataka,2021,5,8852.64,8498.5,9496.2,426.7796656355599,1676.8999999999999
Groundnut,Karnataka,2021,6,8766.475,8493.3,9197.7,306.8483270825076,1464.9
Groundnut,Karnataka,2021,7,9170.0,8666.2,9623.6,430.9292826748565,1546.2
Groundnut,Karnataka,2021,8,9085.079999999998,8726.5,9240.9,210.59099458428844,1644.3
Groundnut,Karnataka,2021,9,9376.65,8867.8,9658.2,362.942350794173,1462.5
Groundnut,Karnataka,2021,10,6813.6,6420.5,7082.4,296.082837507794,3233.2
Groundnut,Karnataka,2021,11,6804.92,6608.5,7005.1,150.07029019762712,3266.2
Groundnut,Karnataka,2021,12,9300.6,8827.6,9703.3,460.2178976673263,1404.5
Groundnut,Karnataka,2022,1,9579.439999999999,8846.0,9925.3,437.36777773402537,1969.5
Groundnut,Karnataka,2022,2,9382.825,9113.1,9773.6,306.2639643074798,1444.2
Groundnut,Karnataka,2022,3,9619.05,9038.6,9879.5,389.942957366843,1418.6
Groundnut,Karnataka,2022,4,9682.85,8946.0,10241.4,630.2438602107393,1323.4
Groundnut,Karnataka,2022,5,9590.3,9042.0,9855.8,317.9386576055201,1824.9
Groundnut,Karnataka,2022,6,9639.175,9115.9,10062.6,395.66082591869906,1508.7
Groundnut,Karnataka,2022,7,9768.55,9158.8,10129.6,423.022903241263,1369.5
Groundnut,Karnataka,2022,8,9870.58,9415.9,10068.4,268.50003165735404,1764.9
Groundnut,Karnataka,2022,9,9819.0,9186.6,10513.7,604.2636345172527,1583.1999999999998
Groundnut,Karnataka,2022,10,6941.039999999999,6758.6,7252.6,192.57877089648292,3567.0
Groundnut,Karnataka,2022,11,7225.275,7055.1,7384.1,138.48938286622078,2712.5
Groundnut,Karnataka,2022,12,10084.45,9657.7,10484.7,338.04076184192144,1413.9
Groundnut,Karnataka,2023,1,10040.42,9822.1,10444.5,259.51059130602,1936.2
Groundnut,Karnataka,2023,2,10212.1,9906.2,10565.3,273.17338816217006,1287.2
Groundnut,Karnataka,2023,3,10222.925,9982.3,10785.4,377.2469781191092,1406.7
Groundnut,Karnataka,2023,4,10433.275,10015.6,10658.6,302.10873732261814,1368.0
Groundnut,Karnataka,2023,5,9777.64,9575.3,10171.7,256.8157666499472,2029.6
Groundnut,Karnataka,2023,6,10147.925,9741.2,10822.8,476.916871687299,1397.6000000000001
Groundnut,Karnataka,2023,7,10145.460000000001,9684.7,10661.2,403.04268136265654,1696.3
Groundnut,Karnataka,2023,8,10619.8,9867.0,11051.1,535.5435556516389,1403.3000000000002
Groundnut,Karnataka,2023,9,10502.65,9858.1,11124.1,517.6907474545006,1540.5
Groundnut,Karnataka,2023,10,7743.839999999999,7269.0,8123.8,384.8610762340093,3449.1
Groundnut,Karnataka,2023,11,7665.6,7347.3,8157.9,365.6475990166852,2571.9
Groundnut,Karnataka,2023,12,10344.375,9842.6,11171.4,604.9831753858945,1392.8000000000002
Jowar,Karnataka,2015,1,3094.75,2953.7,3221.8,110.06805470556256,1168.2
Jowar,Karnataka,2015,2,3223.05,2938.3,3378.3,194.5710067473225,1400.8
Jowar,Karnataka,2015,3,2387.58,2258.5,2470.1,101.06179792582356,3450.9
Jowar,Karnataka,2015,4,2340.15,2193.6,2464.2,114.05853760240818,2978.1
Jowar,Karnataka,2015,5,3159.35,3056.2,3333.6,122.02869881029325,1214.8
Jowar,Karnataka,2015,6,3212.46,3086.2,3344.0,98.96058811466321,1550.9
Jowar,Karnataka,2015,7,3110.725,3018.6,3225.9,105.8785900611323,1442.5
Jowar,Karnataka,2015,8,3325.88,3202.7,3456.3,106.74215193633694,1577.1999999999998
Jowar,Karnataka,2015,9,3306.35,3204.7,3439.4,100.73696772618631,1498.7
Jowar,Karnataka,2015,10,2326.675,2246.2,2519.3,129.096123747643,2899.2
Jowar,Karnataka,2015,11,2479.1,2321.9,2560.3,97.49084572409858,3417.2
Jowar,Karnataka,2015,12,3218.3,3133.3,3365.1,105.43459267874698,1301.1
Jowar,Karnataka,2016,1,3239.475,3103.1,3339.5,103.63494825588525,1365.9
Jowar,Karnataka,2016,2,3367.5,3315.5,3424.2,40.51876108668678,1731.3
Jowar,Karnataka,2016,3,2404.2,2374.4,2435.6,31.516027668473598,2186.4
Jowar,Karnataka,2016,4,2390.7,2318.5,2480.0,76.90283913267903,2649.3
Jowar,Karnataka,2016,5,3337.0800000000004,3218.7,3440.8,82.61886588425178,1607.8
Jowar,Karnataka,2016,6,3387.675,3201.5,3552.0,177.78669569646277,1207.0
Jowar,Karnataka,2016,7,3364.525,3227.0,3500.7,130.85461079635908,1338.5
Jowar,Karnataka,2016,8,3386.2599999999998,3213.7,3666.3,200.0715696944472,1703.4
Jowar,Karnataka,2016,9,3383.375,3324.7,3425.5,48.52953568017463,1338.7
Jowar,Karnataka,2016,10,2495.46,2429.7,2601.7,76.59447107983708,3206.3
Jowar,Karnataka,2016,11,2658.125,2506.3,2710.6,101.2254044200367,2394.4
Jowar,Karnataka,2016,12,3572.7,3470.9,3642.4,80.43378228911862,1340.8
Jowar,Karnataka,2017,1,3490.04,3378.0,3686.3,118.47923024733079,1640.9
Jowar,Karnataka,2017,2,3530.6,3406.7,3644.1,99.74026268262955,1219.8
Jowar,Karnataka,2017,3,2596.175,2444.5,2768.2,144.55581102121067,2466.6000000000004
Jowar,Karnataka,2017,4,2693.1,2614.6,2757.6,64.43529053761368,2463.5
Jowar,Karnataka,2017,5,3574.5199999999995,3361.6,3768.3,172.47158316661898,1715.6
Jowar,Karnataka,2017,6,3745.925,3509.8,3854.0,162.12923600222956,1509.7
Jowar,Karnataka,2017,7,3639.7599999999998,3477.6,3782.4,108.58173419134557,1461.3000000000002
Jowar,Karnataka,2017,8,3674.8,3493.0,3812.3,133.48400653261805,1393.1
Jowar,Karnataka,2017,9,3815.5,3741.2,3903.5,67.03625884549356,1345.6
Jowar,Karnataka,2017,10,2647.2200000000003,2567.4,2768.5,87.35901212811429,3227.7
Jowar,Karnataka,2017,11,2814.65,2774.9,2880.1,49.77961430143857,2271.7
Jowar,Karnataka,2017,12,3744.9,3487.8,3891.1,190.42028953519295,1138.4
Jowar,Karnataka,2018,1,3780.88,3625.2,3946.8,118.27399122376853,1577.7
Jowar,Karnataka,2018,2,3668.675,3496.4,3846.0,165.6218861342506,1249.5
Jowar,Karnataka,2018,3,2777.7999999999997,2595.2,2933.6,147.25943093737658,2672.6000000000004
Jowar,Karnataka,2018,4,2822.44,2704.8,2940.1,110.30098820953496,2962.2999999999997
Jowar,Karnataka,2018,5,3811.675,3585.4,4021.0,227.44384471776766,1125.3
Jowar,Karnataka,2018,6,3782.725,3619.4,3995.5,171.23366832100112,1348.1
Jowar,Karnataka,2018,7,3866.22,3744.4,3937.0,73.27156337898074,1534.9
Jowar,Karnataka,2018,8,3876.3,3713.0,4065.0,167.725847739697,1436.1
Jowar,Karnataka,2018,9,3913.4,3779.0,3974.6,90.35799171443927,1270.7
Jowar,Karnataka,2018,10,2839.1400000000003,2704.2,3054.9,144.61626118801445,3119.4
Jowar,Karnataka,2018,11,2893.175,2800.6,3031.4,99.29647106854651,2404.6
Jowar,Karnataka,2018,12,3917.0,3754.8,4194.8,182.64622908781885,1475.3
Jowar,Karnataka,2019,1,4001.125,3754.0,4245.5,201.30397205884108,1225.3
Jowar,Karnataka,2019,2,4030.5,3843.1,4160.9,143.5408420392375,1379.5
Jowar,Karnataka,2019,3,2878.35,2755.4,3132.2,173.23736125135738,2506.2
Jowar,Karnataka,2019,4,2916.06,2752.7,3040.0,144.23079768204852,3203.7
Jowar,Karnataka,2019,5,3984.35,3863.9,4064.5,86.84520712163673,1249.5
Jowar,Karnataka,2019,6,4173.575,4086.0,4252.1,68.01932936060665,1294.1
Jowar,Karnataka,2019,7,4094.28,3838.3,4267.4,199.24903261998517,1615.5
Jowar,Karnataka,2019,8,4156.95,3930.1,4340.7,185.9329359383825,1401.0
Jowar,Karnataka,2019,9,4109.62,3889.0,4313.6,180.50418831705818,1503.1
Jowar,Karnataka,2019,10,2994.475,2852.1,3159.5,126.65913245136858,2451.9
Jowar,Karnataka,2019,11,2922.125,2880.2,3000.8,55.472958877877396,2668.2
Jowar,Karnataka,2019,12,4235.0,3899.1,4433.6,200.38164836132077,1656.0
Jowar,Karnataka,2020,1,4134.2,3954.0,4473.9,231.57684109887427,1472.7
Jowar,Karnataka,2020,2,4316.875,3999.7,4496.7,233.47074584766878,1212.6
Jowar,Karnataka,2020,3,3109.54,3022.8,3321.7,121.20620033645115,3139.3
Jowar,Karnataka,2020,4,3016.675,2900.4,3116.7,91.90376760503328,2225.9
Jowar,Karnataka,2020,5,4202.175,4063.6,4517.1,211.92645540375568,1297.6
Jowar,Karnataka,2020,6,4296.92,4021.2,4615.8,274.5552986194223,1859.5
Jowar,Karnataka,2020,7,4194.575000000001,4046.4,4428.6,174.89414655728203,1283.8
Jowar,Karnataka,2020,8,4356.34,4108.1,4546.8,159.25445990615154,1482.8
Jowar,Karnataka,2020,9,4301.2,4118.3,4444.5,161.5713258388795,1278.0
Jowar,Karnataka,2020,10,3217.2,2996.3,3432.5,195.49080114760707,2418.7
Jowar,Karnataka,2020,11,3163.2599999999998,3037.2,3251.0,112.12641526420094,3117.3
Jowar,Karnataka,2020,12,4526.2,4416.2,4663.7,102.34578643012074,1233.2
Jowar,Karnataka,2021,1,4667.15,4507.2,4771.7,115.15770346210746,1191.0
Jowar,Karnataka,2021,2,4425.7,4207.0,4723.7,228.5907405532135,1458.4
Jowar,Karnataka,2021,3,3242.9,3158.9,3382.0,84.8806515055109,2749.7
Jowar,Karnataka,2021,4,3227.675,3091.8,3359.7,138.1325540920748,2585.7
Jowar,Karnataka,2021,5,4537.0599999999995,4317.9,4771.6,201.2306835450302,1539.8
Jowar,Karnataka,2021,6,4515.725,4356.0,4747.2,172.47568669235656,1240.5
Jowar,Karnataka,2021,7,4600.0,4489.8,4788.4,134.17550695513208,1260.1
Jowar,Karnataka,2021,8,4604.9400000000005,4467.3,4881.4,169.50058406978974,1536.5
Jowar,Karnataka,2021,9,4679.45,4455.6,4903.2,207.41983993822743,1084.6
Jowar,Karnataka,2021,10,3391.65,3213.9,3574.0,151.92872232289284,2277.4
Jowar,Karnataka,2021,11,3400.8599999999997,3232.6,3585.7,135.18636395731636,2627.5
Jowar,Karnataka,2021,12,4804.3,4387.8,5017.4,283.73492324115944,1273.1
Jowar,Karnataka,2022,1,4930.86,4811.0,5042.1,88.76510012386625,1442.9
Jowar,Karnataka,2022,2,4652.175,4421.0,4859.0,189.83551432753558,1308.0
Jowar,Karnataka,2022,3,3423.575,3251.1,3714.4,216.681830879595,2419.4
Jowar,Karnataka,2022,4,3552.25,3418.4,3711.3,141.85247031100076,2305.9
Jowar,Karnataka,2022,5,4833.54,4641.7,5050.3,173.73506554521458,1644.1
Jowar,Karnataka,2022,6,4859.549999999999,4679.9,5084.4,168.7360562140372,1325.1
Jowar,Karnataka,2022,7,4944.075,4710.3,5137.8,208.8896897886538,1316.8
Jowar,Karnataka,2022,8,4912.5,4572.5,5180.6,285.15379183871994,1579.2
Jowar,Karnataka,2022,9,4744.875,4590.5,4926.3,149.5812460392902,1290.7
Jowar,Karnataka,2022,10,3584.3599999999997,3417.8,3753.4,138.2974439387799,3337.0
Jowar,Karnataka,2022,11,3554.6000000000004,3452.5,3704.3,117.14290418117528,2673.3
Jowar,Karnataka,2022,12,4841.049999999999,4686.2,5039.9,179.7441607767364,1376.3
Jowar,Karnataka,2023,1,5126.719999999999,4885.2,5361.2,177.19000253964683,1464.0
Jowar,Karnataka,2023,2,5066.825,4891.5,5290.2,202.32163132003484,1421.5
Jowar,Karnataka,2023,3,3679.0,3495.7,3868.7,162.69138473400085,2626.8
Jowar,Karnataka,2023,4,3670.175,3478.3,3802.3,145.6139502245579,2507.1000000000004
Jowar,Karnataka,2023,5,5187.5,4981.0,5341.2,132.2787586878557,1749.7
Jowar,Karnataka,2023,6,5111.0,4820.3,5396.1,235.4320000906136,1388.0
Jowar,Karnataka,2023,7,5285.26,5000.2,5502.1,257.46532387877016,1577.8
Jowar,Karnataka,2023,8,5306.575,5217.6,5390.5,96.60518878403995,1365.4
Jowar,Karnataka,2023,9,5207.925,4942.7,5519.9,261.69886479183134,1191.0
Jowar,Karnataka,2023,10,3840.12,3559.1,4054.0,191.57298087152066,3210.2
Jowar,Karnataka,2023,11,3758.525,3621.0,3881.3,131.98457927601495,2248.2
Jowar,Karnataka,2023,12,5321.45,5091.5,5506.3,174.5714085028438,1294.9
Jowar,Maharashtra,2015,1,3257.325,3151.2,3361.1,109.81825516127398,1163.3999999999999
Jowar,Maharashtra,2015,2,3197.225,3069.4,3331.7,124.06985599518761,1383.4
Jowar,Maharashtra,2015,3,2339.44,2222.7,2484.3,118.50252317988861,3274.4
Jowar,Maharashtra,2015,4,2351.725,2326.8,2387.6,29.309995450926397,2411.1
Jowar,Maharashtra,2015,5,3148.7,3037.7,3266.4,109.98930251013827,1308.7
Jowar,Maharashtra,2015,6,3307.3199999999997,3092.7,3389.0,126.48022375059284,1510.5
Jowar,Maharashtra,2015,7,3209.35,3017.0,3378.9,165.12045098452617,1405.4
Jowar,Maharashtra,2015,8,3371.9800000000005,3231.7,3460.7,89.61527213594803,1567.7
Jowar,Maharashtra,2015,9,3269.075,3043.7,3489.3,186.1734384026539,1374.9
Jowar,Maharashtra,2015,10,2422.775,2260.8,2534.9,117.75130218671308,2379.3
Jowar,Maharashtra,2015,11,2386.16,2302.6,2531.6,99.38535103323834,3235.9
Jowar,Maharashtra,2015,12,3261.2749999999996,3125.2,3455.2,140.78502228575314,1190.0
Jowar,Maharashtra,2016,1,3159.675,3095.2,3261.4,74.35820398584139,1279.3
Jowar,Maharashtra,2016,2,3323.6800000000003,3114.3,3527.1,147.0363968546562,1630.5
Jowar,Maharashtra,2016,3,2481.075,2394.7,2568.1,87.72306329200616,2298.4
Jowar,Maharashtra,2016,4,2443.675,2320.1,2616.9,138.27374720700485,2354.4
Jowar,Maharashtra,2016,5,3389.72,3254.1,3625.4,158.34122015444996,1620.6
Jowar,Maharashtra,2016,6,3395.925,3221.2,3634.0,190.9936713611213,1368.0
Jowar,Maharashtra,2016,7,3486.025,3395.7,3554.6,74.29398248400284,1236.8000000000002
Jowar,Maharashtra,2016,8,3382.1800000000003,3245.0,3472.1,108.73213416465258,1695.4
Jowar,Maharashtra,2016,9,3365.175,3264.6,3435.7,73.31536332856864,1251.0
Jowar,Maharashtra,2016,10,2482.38,2439.2,2517.4,37.291848975345964,3287.8
Jowar,Maharashtra,2016,11,2601.25,2536.5,2684.7,65.12866752309098,2614.4
Jowar,Maharashtra,2016,12,3393.75,3319.4,3506.0,83.714176417936,1192.1
Jowar,Maharashtra,2017,1,3511.4,3347.0,3657.0,136.9414655975318,1634.2
Jowar,Maharashtra,2017,2,3512.75,3364.0,3680.9,145.59991987177287,1213.6
Jowar,Maharashtra,2017,3,2599.775,2459.7,2753.4,125.96405241178954,2506.9
Jowar,Maharashtra,2017,4,2616.7,2443.9,2765.4,140.65838048264322,2307.9
Jowar,Maharashtra,2017,5,3688.6800000000003,3510.5,3810.4,128.24496871222672,1599.1
Jowar,Maharashtra,2017,6,3621.625,3442.5,3847.1,202.07426646326508,1284.2
Jowar,Maharashtra,2017,7,3535.22,3440.0,3614.0,69.24609736295604,1539.0
Jowar,Maharashtra,2017,8,3617.025,3489.7,3760.2,147.21382124877627,1425.1
Jowar,Maharashtra,2017,9,3494.925,3410.0,3582.8,77.13509253251732,1491.1
Jowar,Maharashtra,2017,10,2726.0,2620.1,2883.9,140.08857912049808,3109.8
Jowar,Maharashtra,2017,11,2659.05,2567.0,2815.5,111.77431130034599,2617.1
Jowar,Maharashtra,2017,12,3826.25,3654.4,3973.9,143.10808269742617,1316.9
Jowar,Maharashtra,2018,1,3783.2,3581.2,3880.9,117.1387425235562,1788.4
Jowar,Maharashtra,2018,2,3748.6,3625.4,3957.2,150.15911560741154,1188.1
Jowar,Maharashtra,2018,3,2838.6,2817.7,2849.8,14.2527190388362,2357.3
Jowar,Maharashtra,2018,4,2674.58,2600.5,2845.8,99.14898890054307,3053.3
Jowar,Maharashtra,2018,5,3748.15,3604.3,3946.9,146.47626656447332,1211.1
Jowar,Maharashtra,2018,6,3776.4,3625.5,3924.8,130.6296291045794,1500.6
Jowar,Maharashtra,2018,7,3777.94,3641.2,3969.2,149.15950522846325,1563.1
Jowar,Maharashtra,2018,8,3866.9,3773.7,4025.3,118.00790933944515,1439.9
Jowar,Maharashtra,2018,9,3812.025,3655.9,3997.2,172.38355248302145,1293.1
Jowar,Maharashtra,2018,10,2912.32,2779.4,3017.3,96.35126880326989,3081.2
Jowar,Maharashtra,2018,11,2855.925,2680.2,3002.4,162.65836129753694,2812.6000000000004
Jowar,Maharashtra,2018,12,3916.6200000000003,3750.1,4137.8,166.85984238276163,1772.0
Jowar,Maharashtra,2019,1,3974.125,3882.0,4144.8,117.91243573092714,1187.9
Jowar,Maharashtra,2019,2,3944.975,3815.4,4092.4,114.12321922670529,1126.5
Jowar,Maharashtra,2019,3,2995.6,2851.9,3082.0,103.87482851971416,2441.3
Jowar,Maharashtra,2019,4,2957.3,2820.5,3109.8,129.30046403629035,3043.6
Jowar,Maharashtra,2019,5,4086.7,4005.4,4236.9,105.8467130650104,1415.4
Jowar,Maharashtra,2019,6,4248.25,4164.0,4297.8,63.351637705745226,1422.2
Jowar,Maharashtra,2019,7,3966.78,3830.9,4097.5,97.9113221236439,1625.9
Jowar,Maharashtra,2019,8,4156.5,4076.8,4280.4,88.42379016230093,1311.8
Jowar,Maharashtra,2019,9,4058.78,3882.2,4389.5,201.70239711019798,1479.6
Jowar,Maharashtra,2019,10,2984.675,2835.0,3180.0,147.12111507190266,2610.5
Jowar,Maharashtra,2019,11,3028.925,2861.1,3138.9,119.36650493333542,2548.2
Jowar,Maharashtra,2019,12,4154.12,3891.8,4370.6,180.07955741838114,1584.9
Jowar,Maharashtra,2020,1,4310.525,4191.7,4479.6,122.53536564328427,1299.0
Jowar,Maharashtra,2020,2,4221.925,3943.2,4480.2,257.5653363711821,1304.9
Jowar,Maharashtra,2020,3,3112.3,2919.3,3310.9,151.18225755689733,3233.7
Jowar,Maharashtra,2020,4,3121.85,2997.2,3211.2,95.63961870828747,2688.3
Jowar,Maharashtra,2020,5,4247.75,4079.4,4370.1,123.29407933879077,1313.7
Jowar,Maharashtra,2020,6,4197.74,4061.4,4364.2,119.7671407356793,1541.5
Jowar,Maharashtra,2020,7,4213.45,4111.3,4359.6,108.88441884248947,1397.9
Jowar,Maharashtra,2020,8,4437.5599999999995,4131.9,4648.9,220.37853343735654,1800.5
Jowar,Maharashtra,2020,9,4414.85,4193.4,4641.5,192.87212516760104,1076.3
Jowar,Maharashtra,2020,10,3151.575,3041.5,3279.7,100.37341530504959,2592.0
Jowar,Maharashtra,2020,11,3192.3,3105.1,3348.9,98.21239738444439,2842.9
Jowar,Maharashtra,2020,12,4353.225,4256.9,4618.7,177.07341933032532,1474.1
Jowar,Maharashtra,2021,1,4272.35,4160.0,4420.5,123.0473757000395,1241.2
Jowar,Maharashtra,2021,2,4620.825,4277.4,4744.4,229.3074555409541,1329.0
Jowar,Maharashtra,2021,3,3279.2599999999998,3072.7,3432.9,159.641670625185,3017.7
Jowar,Maharashtra,2021,4,3432.55,3238.8,3529.6,131.1922126753972,2293.2
Jowar,Maharashtra,2021,5,4629.9,4388.1,4863.4,170.5723160421996,1504.8
Jowar,Maharashtra,2021,6,4531.65,4434.5,4736.8,139.87266828559964,1335.2
Jowar,Maharashtra,2021,7,4713.875,4565.5,4807.9,103.81542515445396,1275.4
Jowar,Maharashtra,2021,8,4664.76,4363.5,4896.4,227.3134685846836,1598.9
Jowar,Maharashtra,2021,9,4544.425,4433.0,4662.3,102.4897840437443,1356.5
Jowar,Maharashtra,2021,10,3487.175,3322.1,3601.2,121.44722790853106,2492.6
Jowar,Maharashtra,2021,11,3369.1800000000003,3279.4,3480.0,92.85015885823785,2863.0
Jowar,Maharashtra,2021,12,4578.575,4473.6,4640.2,73.26401458651631,1283.8
Jowar,Maharashtra,2022,1,4875.8,4551.5,5035.9,191.35797605535035,1639.0
Jowar,Maharashtra,2022,2,4821.65,4416.4,5016.5,280.63219701238876,1379.5
Jowar,Maharashtra,2022,3,3348.6000000000004,3270.8,3392.4,53.47323317947634,2728.7
Jowar,Maharashtra,2022,4,3540.275,3365.2,3708.1,150.68508829122203,2196.2
Jowar,Maharashtra,2022,5,4669.36,4500.9,4805.2,148.2507942643149,1685.0
Jowar,Maharashtra,2022,6,4907.1,4510.6,5168.0,283.1647106073303,1281.6
Jowar,Maharashtra,2022,7,4775.3,4569.0,5150.8,268.3283684840898,1245.4
Jowar,Maharashtra,2022,8,4911.76,4720.0,5122.4,190.0949973039794,1648.0
Jowar,Maharashtra,2022,9,4873.65,4613.3,5098.8,208.91526990624675,1321.7
Jowar,Maharashtra,2022,10,3637.4199999999996,3406.5,3862.3,207.1749791842635,3526.0
Jowar,Maharashtra,2022,11,3675.4500000000003,3465.4,3866.8,164.6821888770408,2641.8
Jowar,Maharashtra,2022,12,4890.9,4748.2,5021.9,139.74350312864837,1336.7
Jowar,Maharashtra,2023,1,5066.960000000001,4790.3,5326.6,230.52562330465582,1648.8
Jowar,Maharashtra,2023,2,4937.525,4701.2,5170.4,206.10682303116482,1321.2
Jowar,Maharashtra,2023,3,3837.775,3792.1,3868.3,37.0714063216742,2680.6
Jowar,Maharashtra,2023,4,3795.05,3549.6,3964.8,181.1507935395262,2881.2
Jowar,Maharashtra,2023,5,5203.16,5035.7,5437.5,172.28462786911672,1521.0
Jowar,Maharashtra,2023,6,5166.175,5066.4,5298.7,96.92300638479334,1353.0
Jowar,Maharashtra,2023,7,5325.5199999999995,5233.9,5478.7,110.52948475406885,1673.6
Jowar,Maharashtra,2023,8,5042.775,4877.0,5443.5,268.2453152744082,1201.6999999999998
Jowar,Maharashtra,2023,9,4990.15,4837.9,5095.7,118.61575218606795,1200.7
Jowar,Maharashtra,2023,10,3861.9,3573.7,4100.8,199.31576706322062,3273.7000000000003
Jowar,Maharashtra,2023,11,3776.725,3595.6,3978.6,164.2064833271412,2702.0
Jowar,Maharashtra,2023,12,5229.625,5074.3,5308.6,106.21055738484748,1146.4
Maize,Karnataka,2015,1,1453.975,1397.2,1501.4,43.22301663080306,4397.0
Maize,Karnataka,2015,2,1421.35,1351.0,1528.8,83.02070022992248,4631.4
Maize,Karnataka,2015,3,1996.6200000000001,1936.6,2049.6,50.19399366458104,3135.5
Maize,Karnataka,2015,4,1993.25,1921.7,2061.3,74.59836906170723,2735.4
Maize,Karnataka,2015,5,1992.05,1945.8,2015.8,31.395169479820776,2023.5
Maize,Karnataka,2015,6,2007.6600000000003,1939.9,2104.9,62.073045680069534,3369.7
Maize,Karnataka,2015,7,1981.125,1913.7,2037.7,52.37406323744601,2338.5
Maize,Karnataka,2015,8,2036.3200000000002,1937.5,2139.6,90.85514294744132,3302.8
Maize,Karnataka,2015,9,1466.2,1424.8,1501.2,32.20155275759232,5054.1
Maize,Karnataka,2015,10,1481.025,1409.0,1584.7,76.52852953855408,5089.5
Maize,Karnataka,2015,11,2075.1,1928.8,2197.8,107.99335627713397,3033.7
Maize,Karnataka,2015,12,2073.9,1948.7,2215.8,130.42998121597665,2476.9
Maize,Karnataka,2016,1,1451.2,1418.6,1483.7,29.045137286644117,4829.2
Maize,Karnataka,2016,2,1530.0,1456.1,1624.8,73.01897013790318,6617.7
Maize,Karnataka,2016,3,2070.85,1967.2,2123.3,71.56854523229228,2491.4
Maize,Karnataka,2016,4,2223.125,2185.0,2242.3,26.467385590571627,2693.6
Maize,Karnataka,2016,5,2164.96,2117.5,2233.6,44.372885865131764,3040.2999999999997
Maize,Karnataka,2016,6,2177.85,2046.6,2260.7,92.66083314971866,2511.1
Maize,Karnataka,2016,7,2115.4,2013.8,2271.3,119.14727581163297,2703.2
Maize,Karnataka,2016,8,2185.54,2087.6,2282.4,78.4988407557717,3406.2
Maize,Karnataka,2016,9,1544.625,1501.4,1642.2,65.706538233776,4741.3
Maize,Karnataka,2016,10,1634.84,1576.0,1689.0,45.54418733493875,6068.700000000001
Maize,Karnataka,2016,11,2175.05,2099.2,2254.9,76.36179236590347,2603.2
Maize,Karnataka,2016,12,2176.2,2076.2,2332.9,114.74577697385362,2648.2
Maize,Karnataka,2017,1,1639.9599999999998,1518.2,1712.8,74.39148472775626,6830.8
Maize,Karnataka,2017,2,1603.9250000000002,1511.9,1709.7,89.12262619559628,5211.2
Maize,Karnataka,2017,3,2288.475,2175.1,2375.3,96.78458468854097,2607.6
Maize,Karnataka,2017,4,2289.4,2230.9,2352.9,59.406789735405376,2588.5
Maize,Karnataka,2017,5,2318.18,2244.5,2390.7,61.07959561097299,3026.7
Maize,Karnataka,2017,6,2255.25,2148.4,2361.8,93.71668296875796,2697.4
Maize,Karnataka,2017,7,2247.22,2150.7,2373.1,108.18769338515348,3536.2
Maize,Karnataka,2017,8,2367.875,2316.7,2431.7,50.666647478066324,2353.9
Maize,Karnataka,2017,9,1708.675,1621.2,1798.5,88.9986657203354,4643.2
Maize,Karnataka,2017,10,1696.1799999999998,1590.3,1782.9,91.44532246102045,7049.6
Maize,Karnataka,2017,11,2411.425,2311.1,2469.2,69.8970373716464,2735.5
Maize,Karnataka,2017,12,2403.1,2335.9,2430.3,45.10617104861229,2911.4
Maize,Karnataka,2018,1,1661.8200000000002,1620.8,1772.2,64.05304052111813,5384.700000000001
Maize,Karnataka,2018,2,1713.3,1652.9,1759.1,49.254982827459436,5200.4
Maize,Karnataka,2018,3,2364.475,2232.9,2454.0,93.47246920885325,2942.1
Maize,Karnataka,2018,4,2418.32,2248.7,2531.2,103.41478134193392,3068.0
Maize,Karnataka,2018,5,2388.375,2259.0,2523.8,131.47740933965304,2674.6
Maize,Karnataka,2018,6,2370.025,2263.2,2520.0,107.8821695184149,2517.5
Maize,Karnataka,2018,7,2339.94,2273.7,2448.5,70.21244903861427,2845.5
Maize,Karnataka,2018,8,2375.35,2290.3,2503.5,91.41744910026745,2874.4
Maize,Karnataka,2018,9,1802.1,1681.1,1900.8,113.2732095422391,5753.5
Maize,Karnataka,2018,10,1838.92,1811.0,1869.9,23.18279534482423,6320.7
Maize,Karnataka,2018,11,2359.775,2313.4,2444.8,61.48725477690479,2476.1
Maize,Karnataka,2018,12,2556.12,2508.7,2611.5,47.049888416445725,2873.5
Maize,Karnataka,2019,1,1776.15,1731.2,1836.9,45.20741089688725,4952.8
Maize,Karnataka,2019,2,1813.325,1705.2,1945.5,109.81567511061432,4683.7
Maize,Karnataka,2019,3,2439.925,2373.4,2529.5,71.66749030534467,2798.9
Maize,Karnataka,2019,4,2488.6,2383.2,2628.8,128.34837357754103,3078.6
Maize,Karnataka,2019,5,2567.2,2452.9,2656.7,101.495911247695,2473.8
Maize,Karnataka,2019,6,2529.125,2461.0,2642.9,81.54489050005922,2316.7
Maize,Karnataka,2019,7,2659.2799999999997,2550.7,2726.8,72.28697669705114,3230.1
Maize,Karnataka,2019,8,2651.0,2585.3,2711.0,52.07283360832201,2623.8
Maize,Karnataka,2019,9,1950.42,1852.4,2016.9,67.91481428966732,6497.1
Maize,Karnataka,2019,10,1887.8,1792.6,1941.8,65.86840416061916,5471.8
Maize,Karnataka,2019,11,2669.1000000000004,2491.8,2782.4,136.67035767373503,2756.9
Maize,Karnataka,2019,12,2533.2799999999997,2463.2,2625.5,69.92329368672524,3423.6
Maize,Karnataka,2020,1,1933.325,1843.2,2059.1,98.56809406023152,5240.7
Maize,Karnataka,2020,2,1934.15,1891.7,1995.7,46.980598832567765,5647.1
Maize,Karnataka,2020,3,2628.5,2534.2,2782.4,97.92905595378738,3387.6
Maize,Karnataka,2020,4,2662.625,2486.5,2844.5,152.28830935651845,2567.9
Maize,Karnataka,2020,5,2787.225,2610.7,2868.7,118.77618658636923,2363.1
Maize,Karnataka,2020,6,2715.2799999999997,2558.8,2857.2,122.23189845535401,2983.6
Maize,Karnataka,2020,7,2682.225,2539.2,2818.9,115.02794950213915,2686.4
Maize,Karnataka,2020,8,2694.52,2589.9,2812.4,98.28808167829939,2855.8
Maize,Karnataka,2020,9,1915.825,1882.7,1955.8,34.68499915909853,4362.5
Maize,Karnataka,2020,10,2031.675,1882.7,2145.8,128.5863231451928,4623.799999999999
Maize,Karnataka,2020,11,2746.06,2576.9,2845.1,119.31046894552043,3188.1
Maize,Karnataka,2020,12,2791.125,2657.1,2916.5,107.42769273640144,2248.0
Maize,Karnataka,2021,1,2052.725,1949.6,2167.4,105.01781991643142,4325.5
Maize,Karnataka,2021,2,2072.45,2001.5,2190.0,84.722704552361,5036.7
Maize,Karnataka,2021,3,2843.84,2759.3,2935.9,68.93974180398425,3105.6
Maize,Karnataka,2021,4,2839.525,2635.0,2981.3,163.76956117260224,2848.2
Maize,Karnataka,2021,5,2867.32,2682.5,2968.2,116.14864183450445,3161.1
Maize,Karnataka,2021,6,2878.275,2668.6,3039.4,154.1289800783747,2812.8
Maize,Karnataka,2021,7,2774.3,2690.4,2887.0,96.25261901198671,2650.9
Maize,Karnataka,2021,8,2821.2200000000003,2675.5,3015.1,155.41366413542914,3038.8
Maize,Karnataka,2021,9,2145.075,2036.5,2231.3,94.5262705988835,4609.1
Maize,Karnataka,2021,10,2093.05,1979.9,2169.2,84.34186386368268,4785.4
Maize,Karnataka,2021,11,2953.68,2765.7,3093.7,119.96733722142876,2903.7
Maize,Karnataka,2021,12,2838.625,2754.0,3004.1,117.38785783319608,2388.1
Maize,Karnataka,2022,1,2153.2,2054.6,2282.7,111.33373253421442,5450.8
Maize,Karnataka,2022,2,2102.175,2023.8,2195.1,70.81795323221371,5069.7
Maize,Karnataka,2022,3,3011.55,2792.7,3161.8,177.14823359736533,2803.1
Maize,Karnataka,2022,4,2939.9,2808.8,3031.2,103.00067960940828,2796.7
Maize,Karnataka,2022,5,2949.46,2810.7,3140.9,128.3676867439778,3226.4
Maize,Karnataka,2022,6,3124.05,3066.0,3178.5,59.03199697339278,2870.3
Maize,Karnataka,2022,7,3103.7,2857.2,3227.0,174.27828321394512,2452.5
Maize,Karnataka,2022,8,3106.3,2895.8,3227.4,155.12237104943958,3490.4
Maize,Karnataka,2022,9,2199.925,2108.3,2307.8,82.42270621618792,4808.5
Maize,Karnataka,2022,10,2279.3199999999997,2171.2,2386.1,105.95079990259626,5581.2
Maize,Karnataka,2022,11,3091.025,2954.0,3276.7,161.3132020842271,2656.4
Maize,Karnataka,2022,12,3034.525,2908.5,3318.4,190.86185885783107,2390.9
Maize,Karnataka,2023,1,2350.04,2259.4,2443.9,82.0673686674552,6606.0
Maize,Karnataka,2023,2,2349.775,2200.5,2439.9,105.85888011876948,4616.0
Maize,Karnataka,2023,3,3307.425,3205.1,3364.4,70.88146795883961,2630.2
Maize,Karnataka,2023,4,3259.35,3170.4,3319.6,65.90520970808521,2350.6
Maize,Karnataka,2023,5,3183.8,2996.0,3371.5,177.67254993386007,3494.9
Maize,Karnataka,2023,6,3082.4,3018.9,3125.7,45.32541597529273,2613.0
Maize,Karnataka,2023,7,3261.3599999999997,3004.1,3427.8,212.0856030002981,3001.8
Maize,Karnataka,2023,8,3150.325,3078.6,3300.2,101.24529207161507,2510.9
Maize,Karnataka,2023,9,2386.675,2354.8,2436.3,36.74646241476857,5263.1
Maize,Karnataka,2023,10,2385.4,2293.9,2549.1,101.79950883967948,6868.1
Maize,Karnataka,2023,11,3244.175,3087.0,3452.3,152.2962546048546,2529.3
Maize,Karnataka,2023,12,3209.475,3080.1,3511.9,205.18311130954882,2723.8
Maize,Madhya Pradesh,2015,1,1494.75,1416.6,1531.7,52.86867377442597,5049.8
Maize,Madhya Pradesh,2015,2,1456.075,1385.8,1534.4,61.30042822036404,5734.7
Maize,Madhya Pradesh,2015,3,1947.3400000000001,1865.2,2006.4,55.671518750614375,3056.0
Maize,Madhya Pradesh,2015,4,1978.725,1870.5,2063.9,80.74281701798621,2629.2
Maize,Madhya Pradesh,2015,5,1988.575,1945.8,2011.2,29.449660439468644,2577.3
Maize,Madhya Pradesh,2015,6,2051.08,2024.3,2082.8,26.771010440399873,3431.5
Maize,Madhya Pradesh,2015,7,2083.05,1955.9,2140.0,85.43662368484986,2612.0
Maize,Madhya Pradesh,2015,8,2047.44,1888.5,2164.1,109.68191737930188,3165.2
Maize,Madhya Pradesh,2015,9,1487.625,1415.7,1521.8,48.539494228926564,5490.1
Maize,Madhya Pradesh,2015,10,1528.125,1424.2,1598.5,76.74166078473934,5031.5
Maize,Madhya Pradesh,2015,11,2060.42,1953.1,2188.7,108.38474062339218,2850.5
Maize,Madhya Pradesh,2015,12,2007.65,1944.5,2085.1,70.35990809165878,2576.5
Maize,Madhya Pradesh,2016,1,1505.15,1427.8,1580.1,64.37300158710426,4517.6
Maize,Madhya Pradesh,2016,2,1542.06,1460.8,1634.9,83.67199651018255,6380.2
Maize,Madhya Pradesh,2016,3,2064.125,2008.7,2134.7,61.40512329331046,2407.7
Maize,Madhya Pradesh,2016,4,2084.3,2044.6,2118.7,37.48484138066138,2571.6000000000004
Maize,Madhya Pradesh,2016,5,2101.92,2001.2,2236.0,97.60866764790919,3341.8
Maize,Madhya Pradesh,2016,6,2119.3,2014.4,2244.3,94.60595471040233,2594.3
Maize,Madhya Pradesh,2016,7,2089.1,2032.5,2129.4,47.74704179318355,2400.0
Maize,Madhya Pradesh,2016,8,2203.94,2136.5,2291.3,69.86439007105129,3497.8
Maize,Madhya Pradesh,2016,9,1579.025,1478.9,1686.3,85.74113656816073,5100.7
Maize,Madhya Pradesh,2016,10,1623.96,1495.2,1684.6,74.40049058978039,5865.5
Maize,Madhya Pradesh,2016,11,2162.925,2108.6,2272.9,76.70759958005043,2122.4
Maize,Madhya Pradesh,2016,12,2183.925,2074.2,2300.5,121.75216288291016,2629.3
Maize,Madhya Pradesh,2017,1,1649.28,1526.3,1723.9,74.05479052701455,6405.5
Maize,Madhya Pradesh,2017,2,1605.4,1510.1,1664.6,74.1135615120471,6039.9
Maize,Madhya Pradesh,2017,3,2250.025,2149.8,2349.8,103.8778890492743,2509.7
Maize,Madhya Pradesh,2017,4,2278.875,2222.4,2320.6,42.787021007154294,2843.5
Maize,Madhya Pradesh,2017,5,2221.62,2124.3,2312.9,71.8500661099209,3137.2
Maize,Madhya Pradesh,2017,6,2220.05,2148.1,2341.9,84.3834699452447,2946.1
Maize,Madhya Pradesh,2017,7,2244.34,2149.7,2367.8,108.39464008889007,2937.1000000000004
Maize,Madhya Pradesh,2017,8,2282.0,2158.3,2394.7,97.90369417613056,2501.2
Maize,Madhya Pradesh,2017,9,1667.6750000000002,1589.4,1734.9,74.2500897867021,5170.2
Maize,Madhya Pradesh,2017,10,1692.4,1577.7,1781.0,88.362576920323,6247.3
Maize,Madhya Pradesh,2017,11,2306.55,2255.6,2365.8,47.52048681007662,2635.9
Maize,Madhya Pradesh,2017,12,2306.75,2251.8,2333.6,37.60234921739137,2517.8
Maize,Madhya Pradesh,2018,1,1688.28,1603.4,1771.5,74.50662386660659,6540.1
Maize,Madhya Pradesh,2018,2,1681.9,1601.6,1834.5,105.80412720368392,4429.6
Maize,Madhya Pradesh,2018,3,2402.7,2374.4,2430.8,27.40437921208955,2721.1
Maize,Madhya Pradesh,2018,4,2421.1,2269.9,2523.3,109.37245997050633,2979.4
Maize,Madhya Pradesh,2018,5,2458.8,2298.6,2530.2,107.63952186193816,2666.7
Maize,Madhya Pradesh,2018,6,2354.175,2237.6,2488.4,116.93794294411033,2495.7
Maize,Madhya Pradesh,2018,7,2374.7400000000002,2244.0,2461.2,102.1275085371222,3244.6
Maize,Madhya Pradesh,2018,8,2447.275,2319.0,2536.2,103.6863660275544,2389.6
Maize,Madhya Pradesh,2018,9,1736.3,1657.3,1819.3,77.16199409899497,4837.0
Maize,Madhya Pradesh,2018,10,1851.2,1798.4,1911.5,45.474993128091796,6598.9
Maize,Madhya Pradesh,2018,11,2445.425,2307.3,2545.5,101.42594589157147,2837.6
Maize,Madhya Pradesh,2018,12,2514.7599999999998,2295.7,2624.8,129.07326601585635,2752.8
Maize,Madhya Pradesh,2019,1,1765.925,1693.7,1849.6,64.8230604543373,5487.6
Maize,Madhya Pradesh,2019,2,1825.35,1734.3,1923.2,90.51904035431816,5266.4
Maize,Madhya Pradesh,2019,3,2506.175,2387.9,2631.9,99.73068317557377,2682.0
Maize,Madhya Pradesh,2019,4,2499.8599999999997,2421.3,2609.9,81.26344811783471,3278.0
Maize,Madhya Pradesh,2019,5,2491.85,2427.7,2557.8,70.70711892494748,2316.3
Maize,Madhya Pradesh,2019,6,2541.125,2447.9,2677.2,108.21991113776924,2368.9
Maize,Madhya Pradesh,2019,7,2553.52,2406.5,2671.5,120.25556951759035,2893.1
Maize,Madhya Pradesh,2019,8,2485.85,2405.1,2644.1,107.66433950013347,2601.8
Maize,Madhya Pradesh,2019,9,1951.9,1831.3,2020.4,88.88202855470843,6741.299999999999
Maize,Madhya Pradesh,2019,10,1890.325,1790.4,2012.6,91.63075811829407,4481.8
Maize,Madhya Pradesh,2019,11,2508.3,2472.8,2576.1,46.53235433545145,2909.9
Maize,Madhya Pradesh,2019,12,2499.94,2448.4,2617.5,68.91351826746336,2757.8
Maize,Madhya Pradesh,2020,1,1940.175,1821.1,2020.2,85.55272740635851,4359.6
Maize,Madhya Pradesh,2020,2,1864.95,1825.0,1919.9,45.628974712712264,4780.7
Maize,Madhya Pradesh,2020,3,2634.3399999999997,2556.6,2810.2,101.04893863866157,2813.7
Maize,Madhya Pradesh,2020,4,2657.975,2498.0,2835.0,139.02859118421173,2658.5
Maize,Madhya Pradesh,2020,5,2719.225,2656.3,2816.1,68.96005486270053,2362.5
Maize,Madhya Pradesh,2020,6,2679.5,2604.7,2775.4,72.22786858270162,3272.8
Maize,Madhya Pradesh,2020,7,2716.275,2617.9,2789.3,73.48706802333776,2189.3
Maize,Madhya Pradesh,2020,8,2714.88,2539.1,2881.2,151.14035529930445,3247.9
Maize,Madhya Pradesh,2020,9,2009.2250000000001,1941.2,2064.8,63.288459980210206,5291.799999999999
Maize,Madhya Pradesh,2020,10,2030.0500000000002,1902.6,2134.8,103.28799543025322,4662.8
Maize,Madhya Pradesh,2020,11,2783.0800000000004,2616.3,2939.8,140.39774570839805,3335.7
Maize,Madhya Pradesh,2020,12,2749.075,2671.9,2851.4,89.3357851031711,2616.1
Maize,Madhya Pradesh,2021,1,2009.7,1977.2,2083.0,49.23122315495859,5304.299999999999
Maize,Madhya Pradesh,2021,2,2001.1,1903.7,2062.3,69.58984600260787,5607.0
Maize,Madhya Pradesh,2021,3,2831.3399999999997,2676.2,2968.5,129.32541513561839,3135.2
Maize,Madhya Pradesh,2021,4,2833.45,2735.0,2932.2,80.52864914633382,2494.8
Maize,Madhya Pradesh,2021,5,2891.06,2747.2,2972.5,87.20632431194439,3373.2
Maize,Madhya Pradesh,2021,6,2934.425,2812.7,3000.8,83.46441856663631,2433.9
Maize,Madhya Pradesh,2021,7,2902.475,2703.6,3027.3,139.35645840792608,2324.0
Maize,Madhya Pradesh,2021,8,2887.6400000000003,2711.7,3015.9,113.20643974615585,3155.4
Maize,Madhya Pradesh,2021,9,2209.85,2117.3,2271.3,73.75565515041302,4556.9
Maize,Madhya Pradesh,2021,10,2067.375,2017.4,2121.9,46.363877821712315,4996.4
Maize,Madhya Pradesh,2021,11,2881.96,2740.8,3061.2,125.67666052215087,3350.2
Maize,Madhya Pradesh,2021,12,3098.225,3023.7,3141.8,52.240110706875946,2573.3
Maize,Madhya Pradesh,2022,1,2104.7799999999997,2021.8,2215.9,79.25188956737873,6159.7
Maize,Madhya Pradesh,2022,2,2176.675,2061.7,2306.9,124.95050686838654,4036.7
Maize,Madhya Pradesh,2022,3,3016.275,2830.9,3138.8,131.28905450696695,2461.7
Maize,Madhya Pradesh,2022,4,2925.25,2852.4,3010.6,66.68245646345063,2194.7
Maize,Madhya Pradesh,2022,5,3100.7799999999997,2892.4,3213.9,147.77234856359294,3585.8
Maize,Madhya Pradesh,2022,6,2930.975,2850.4,3105.2,118.90849072571154,2897.2
Maize,Madhya Pradesh,2022,7,2951.45,2832.1,3073.7,98.97098901530018,2275.4
Maize,Madhya Pradesh,2022,8,3056.6,2940.3,3248.5,146.3599159606208,3375.5
Maize,Madhya Pradesh,2022,9,2195.975,2101.0,2407.6,142.19016316187273,4830.1
Maize,Madhya Pradesh,2022,10,2302.12,2217.0,2387.0,69.67088344495136,5777.1
Maize,Madhya Pradesh,2022,11,3070.875,2888.6,3284.8,162.83769782618936,2734.3
Maize,Madhya Pradesh,2022,12,3076.475,2896.3,3255.6,197.625089078622,2502.3
Maize,Madhya Pradesh,2023,1,2249.34,2137.0,2394.5,101.80632593311668,6343.799999999999
Maize,Madhya Pradesh,2023,2,2262.9,2157.7,2313.5,72.91616190301482,5046.4
Maize,Madhya Pradesh,2023,3,3092.575,3008.3,3199.2,79.00642906329406,2110.3
Maize,Madhya Pradesh,2023,4,3146.325,3023.8,3256.2,95.17378403040733,2491.1
Maize,Madhya Pradesh,2023,5,3081.46,2979.4,3200.3,88.23824567612411,3750.1
Maize,Madhya Pradesh,2023,6,3208.3,3051.8,3311.3,115.25840533340725,2557.1
Maize,Madhya Pradesh,2023,7,3183.58,3052.2,3419.8,144.60827085613076,3452.1
Maize,Madhya Pradesh,2023,8,3190.525,3048.6,3370.6,145.52918092259026,2756.9
Maize,Madhya Pradesh,2023,9,2348.725,2225.7,2531.1,131.87510189569505,4943.6
Maize,Madhya Pradesh,2023,10,2389.0,2330.5,2502.0,70.15429423777279,6191.8
Maize,Madhya Pradesh,2023,11,3256.875,3170.5,3355.5,92.09011438078811,2686.3
Maize,Madhya Pradesh,2023,12,3367.5,3246.5,3463.3,92.89506624860839,2901.4
Rice,Andhra Pradesh,2015,1,2100.3,2043.3,2228.4,87.16883999840005,3848.1000000000004
Rice,Andhra Pradesh,2015,2,2158.675,2075.5,2260.2,77.20208870231419,3720.3
Rice,Andhra Pradesh,2015,3,2134.2799999999997,2044.1,2292.5,96.216796870401,4285.0
Rice,Andhra Pradesh,2015,4,2164.7,2094.4,2230.2,56.15508288065566,3387.4
Rice,Andhra Pradesh,2015,5,2162.25,2059.0,2288.6,97.85681717012194,3537.8
Rice,Andhra Pradesh,2015,6,2195.52,2043.0,2300.9,128.88284214743243,4986.7
Rice,Andhra Pradesh,2015,7,2224.225,2154.1,2328.2,74.6716088394155,3284.6
Rice,Andhra Pradesh,2015,8,2184.66,2068.9,2362.0,121.25088865653716,4052.6
Rice,Andhra Pradesh,2015,9,2196.9,2154.0,2273.9,53.23050503862122,3595.7999999999997
Rice,Andhra Pradesh,2015,10,1624.9,1521.9,1716.2,82.97545821908224,6474.4
Rice,Andhra Pradesh,2015,11,1621.1399999999999,1539.1,1685.8,62.15306106701423,8317.5
Rice,Andhra Pradesh,2015,12,1679.45,1536.5,1760.4,98.40801119150143,6971.4
Rice,Andhra Pradesh,2016,1,2283.95,2199.4,2367.7,74.7169994044193,3615.4
Rice,Andhra Pradesh,2016,2,2296.0,2191.2,2388.0,93.86674064864502,4380.9
Rice,Andhra Pradesh,2016,3,2263.0,2131.4,2385.3,138.57500977208443,3017.9
Rice,Andhra Pradesh,2016,4,2314.25,2191.3,2436.8,132.60961503601465,3365.0
Rice,Andhra Pradesh,2016,5,2239.62,2164.4,2373.9,82.6529914764129,4243.2
Rice,Andhra Pradesh,2016,6,2363.775,2231.9,2464.8,108.95388550513772,3480.8
Rice,Andhra Pradesh,2016,7,2363.85,2289.5,2423.7,55.47338701275282,3703.6
Rice,Andhra Pradesh,2016,8,2339.2200000000003,2262.6,2397.4,67.00934263220317,4194.4
Rice,Andhra Pradesh,2016,9,2423.5249999999996,2351.6,2501.7,83.20846811873567,3105.5
Rice,Andhra Pradesh,2016,10,1749.7,1669.2,1839.7,69.19317162842009,9166.9
Rice,Andhra Pradesh,2016,11,1696.425,1622.5,1733.4,50.55059346832634,6369.0
Rice,Andhra Pradesh,2016,12,1737.825,1627.0,1854.3,107.76914756397896,6992.6
Rice,Andhra Pradesh,2017,1,2445.2799999999997,2370.6,2523.7,66.18290564790884,4383.5
Rice,Andhra Pradesh,2017,2,2463.675,2387.8,2575.7,87.03858818554751,3560.8
Rice,Andhra Pradesh,2017,3,2405.675,2329.8,2567.9,110.10087420179745,3058.1000000000004
Rice,Andhra Pradesh,2017,4,2431.3,2287.6,2597.3,149.20953946268543,3277.6
Rice,Andhra Pradesh,2017,5,2459.34,2373.7,2607.4,102.56482340451828,3994.0
Rice,Andhra Pradesh,2017,6,2497.325,2379.7,2611.0,111.04045433984858,3315.9
Rice,Andhra Pradesh,2017,7,2499.1,2369.0,2626.3,113.71022381474772,4158.3
Rice,Andhra Pradesh,2017,8,2417.35,2312.7,2559.2,105.74656810822127,3072.4
Rice,Andhra Pradesh,2017,9,2479.425,2371.0,2614.3,121.25492086234404,3430.2
Rice,Andhra Pradesh,2017,10,1833.5,1751.6,1929.6,68.96644111450148,8711.9
Rice,Andhra Pradesh,2017,11,1826.1999999999998,1734.1,1947.1,95.60547404132609,5846.4
Rice,Andhra Pradesh,2017,12,1852.575,1777.7,1957.1,83.23049821629893,6754.1
Rice,Andhra Pradesh,2018,1,2581.8599999999997,2446.6,2707.8,95.49208344150854,4350.8
Rice,Andhra Pradesh,2018,2,2558.225,2423.5,2709.9,151.12271779363073,3014.1
Rice,Andhra Pradesh,2018,3,2531.875,2447.5,2737.8,137.74508763170715,2929.7
Rice,Andhra Pradesh,2018,4,2572.52,2476.9,2734.8,104.93472733085083,3628.8
Rice,Andhra Pradesh,2018,5,2586.975,2489.1,2769.5,131.97957859709467,3735.2000000000003
Rice,Andhra Pradesh,2018,6,2648.925,2612.2,2714.9,45.57055884376817,3410.9
Rice,Andhra Pradesh,2018,7,2586.84,2433.9,2727.2,137.97268932654734,3882.0
Rice,Andhra Pradesh,2018,8,2663.0249999999996,2640.2,2708.2,30.642930125343145,3510.5
Rice,Andhra Pradesh,2018,9,2585.95,2504.3,2796.6,140.76747967244893,3612.5
Rice,Andhra Pradesh,2018,10,1964.6599999999999,1886.1,2002.2,47.788209843014755,9394.4
Rice,Andhra Pradesh,2018,11,1955.65,1872.2,2022.6,70.50203306761209,6170.7
Rice,Andhra Pradesh,2018,12,1897.1599999999999,1842.3,2069.5,97.04825088583522,8826.2
Rice,Andhra Pradesh,2019,1,2718.375,2566.6,2850.4,116.50878006971557,3757.9
Rice,Andhra Pradesh,2019,2,2707.25,2625.5,2890.6,123.11470261508161,3155.8
Rice,Andhra Pradesh,2019,3,2753.5,2670.2,2843.6,73.2610401236565,3549.1000000000004
Rice,Andhra Pradesh,2019,4,2818.1,2658.7,2892.0,98.00604573188338,4357.0
Rice,Andhra Pradesh,2019,5,2689.5,2556.6,2876.2,134.16224009260824,3580.1000000000004
Rice,Andhra Pradesh,2019,6,2757.725,2591.0,2938.1,142.66418319489534,3444.0
Rice,Andhra Pradesh,2019,7,2803.42,2597.3,2949.3,147.0668793440589,4788.3
Rice,Andhra Pradesh,2019,8,2826.375,2611.0,2916.1,144.21470972130405,3803.4
Rice,Andhra Pradesh,2019,9,2739.2,2629.1,2989.7,151.99835525425914,4167.1
Rice,Andhra Pradesh,2019,10,2163.9750000000004,2105.3,2197.4,41.461819786401136,6946.2
Rice,Andhra Pradesh,2019,11,2051.6,1993.6,2092.1,42.709795909915876,6731.4
Rice,Andhra Pradesh,2019,12,2053.34,1992.0,2145.2,62.100628016148036,7567.0
Rice,Andhra Pradesh,2020,1,2915.325,2813.1,3050.7,111.0948656179334,3423.9
Rice,Andhra Pradesh,2020,2,2787.95,2706.6,2910.8,95.65875112433089,3184.9
Rice,Andhra Pradesh,2020,3,2840.82,2693.6,2929.4,93.2019956867877,4188.7
Rice,Andhra Pradesh,2020,4,2882.775,2775.6,3011.4,105.0900685126812,3406.2
Rice,Andhra Pradesh,2020,5,2843.975,2746.5,2935.8,79.4643473515011,3492.7
Rice,Andhra Pradesh,2020,6,2961.44,2882.4,3045.0,65.50574783940716,4281.3
Rice,Andhra Pradesh,2020,7,3034.85,3003.6,3116.6,54.62468916768934,3483.2
Rice,Andhra Pradesh,2020,8,2969.94,2854.0,3123.0,118.1096863089562,3987.8
Rice,Andhra Pradesh,2020,9,2951.375,2831.8,3110.1,120.83458045333434,3182.4
Rice,Andhra Pradesh,2020,10,2153.7,2050.2,2311.6,115.46595457825075,6308.3
Rice,Andhra Pradesh,2020,11,2150.92,2075.1,2244.4,61.97416397177135,6817.0
Rice,Andhra Pradesh,2020,12,2304.925,2204.8,2356.2,68.43319735333131,7115.2
Rice,Andhra Pradesh,2021,1,3074.65,2955.3,3206.9,126.37229390442613,3261.6
Rice,Andhra Pradesh,2021,2,3053.3,2923.3,3224.2,126.39153452664452,3503.7999999999997
Rice,Andhra Pradesh,2021,3,3065.6800000000003,2907.5,3253.8,165.72189656167959,4257.6
Rice,Andhra Pradesh,2021,4,3105.025,2946.2,3242.6,122.35561218568343,3577.2
Rice,Andhra Pradesh,2021,5,3122.2,2908.5,3295.4,157.63335624162787,3863.1
Rice,Andhra Pradesh,2021,6,3100.925,2988.3,3233.8,117.23538643828218,3841.3
Rice,Andhra Pradesh,2021,7,3185.65,3124.4,3266.4,65.3585750558666,3586.9
Rice,Andhra Pradesh,2021,8,3099.2200000000003,2923.2,3321.0,164.37877600225653,4325.8
Rice,Andhra Pradesh,2021,9,3070.125,2934.4,3239.0,125.97569540722264,3746.0
Rice,Andhra Pradesh,2021,10,2310.25,2235.6,2473.4,110.02234621506078,7369.900000000001
Rice,Andhra Pradesh,2021,11,2241.7400000000002,2163.0,2305.5,62.52489904030236,7350.6
Rice,Andhra Pradesh,2021,12,2340.425,2302.0,2392.2,38.99250996452178,6629.8
Rice,Andhra Pradesh,2022,1,3132.42,2997.8,3342.0,144.2581609476567,4279.7
Rice,Andhra Pradesh,2022,2,3324.45,3194.7,3425.7,105.94883985521815,2982.5
Rice,Andhra Pradesh,2022,3,3257.425,3114.6,3393.2,146.28019631287518,3534.0
Rice,Andhra Pradesh,2022,4,3108.0,3035.7,3188.7,78.0937043984127,3373.0
Rice,Andhra Pradesh,2022,5,3292.7599999999998,3043.6,3441.1,158.73886732618448,4112.4
Rice,Andhra Pradesh,2022,6,3229.9,3118.3,3396.5,124.63726034644156,3612.4
Rice,Andhra Pradesh,2022,7,3348.1,3192.4,3445.2,109.10310108638812,2951.2
Rice,Andhra Pradesh,2022,8,3350.22,3155.5,3494.3,155.7514430109718,4300.0
Rice,Andhra Pradesh,2022,9,3310.7,3118.3,3562.2,188.4316144741463,3274.8
Rice,Andhra Pradesh,2022,10,2456.6600000000003,2429.4,2523.9,39.76283440601292,7744.2
Rice,Andhra Pradesh,2022,11,2445.625,2336.8,2579.4,119.35678656867391,5699.4
Rice,Andhra Pradesh,2022,12,2620.2,2585.1,2650.0,29.16447610821562,5887.0
Rice,Andhra Pradesh,2023,1,3464.38,3348.1,3591.1,106.4158211921516,4220.5
Rice,Andhra Pradesh,2023,2,3406.275,3182.2,3623.0,199.85577091159192,3709.0
Rice,Andhra Pradesh,2023,3,3425.725,3234.5,3636.2,202.37780469540945,3460.6000000000004
Rice,Andhra Pradesh,2023,4,3452.9,3356.3,3517.0,77.63534418463443,2971.4
Rice,Andhra Pradesh,2023,5,3538.44,3331.8,3661.8,146.1813702220635,4506.0
Rice,Andhra Pradesh,2023,6,3637.65,3556.3,3669.3,54.34786104346693,3332.7
Rice,Andhra Pradesh,2023,7,3566.12,3383.0,3711.4,159.6658604711728,4016.0
Rice,Andhra Pradesh,2023,8,3553.3,3485.4,3603.6,56.710845523585625,3007.1
Rice,Andhra Pradesh,2023,9,3624.025,3568.5,3689.0,63.28561579590307,3184.2
Rice,Andhra Pradesh,2023,10,2597.1,2421.6,2753.6,147.61183895609486,8916.6
Rice,Andhra Pradesh,2023,11,2607.4,2502.6,2758.1,111.70404349589731,7399.8
Rice,Andhra Pradesh,2023,12,2626.55,2547.7,2743.8,90.75110651299703,6544.6
Rice,Uttar Pradesh,2015,1,2129.025,2034.2,2163.0,63.241040208607295,3494.5
Rice,Uttar Pradesh,2015,2,2123.825,1996.6,2262.4,112.00929648917574,3623.8
Rice,Uttar Pradesh,2015,3,2210.2400000000002,2137.5,2307.3,65.72220324973911,3775.4
Rice,Uttar Pradesh,2015,4,2185.525,2092.2,2282.4,89.82528875545023,3137.8
Rice,Uttar Pradesh,2015,5,2218.4750000000004,2143.3,2322.5,76.19441689957762,3467.0
Rice,Uttar Pradesh,2015,6,2219.02,2130.2,2293.6,75.28414175641514,4100.7
Rice,Uttar Pradesh,2015,7,2129.65,2065.9,2223.0,74.8030525223848,3341.1
Rice,Uttar Pradesh,2015,8,2198.16,2109.8,2264.1,57.96609353751538,4326.7
Rice,Uttar Pradesh,2015,9,2141.5249999999996,2092.2,2195.0,53.61053223636809,3620.9
Rice,Uttar Pradesh,2015,10,1651.225,1567.8,1725.9,67.5249768604182,6633.6
Rice,Uttar Pradesh,2015,11,1632.34,1528.1,1740.1,88.02944393780977,8375.8
Rice,Uttar Pradesh,2015,12,1648.275,1585.2,1732.9,62.04505755228752,7767.2
Rice,Uttar Pradesh,2016,1,2274.85,2182.4,2372.5,106.72439583650355,2963.8
Rice,Uttar Pradesh,2016,2,2262.88,2170.1,2405.5,104.50587064849516,3884.0
Rice,Uttar Pradesh,2016,3,2253.45,2146.7,2394.7,105.17013200841129,3139.9
Rice,Uttar Pradesh,2016,4,2224.875,2148.5,2352.9,94.94476903266803,3420.1
Rice,Uttar Pradesh,2016,5,2348.2599999999998,2270.0,2418.2,66.42407696009018,4351.4
Rice,Uttar Pradesh,2016,6,2275.4,2157.3,2385.8,93.39532465100524,3591.1
Rice,Uttar Pradesh,2016,7,2329.225,2227.3,2422.7,86.07637596925164,3106.0
Rice,Uttar Pradesh,2016,8,2379.06,2257.0,2460.7,79.45359022725148,4717.6
Rice,Uttar Pradesh,2016,9,2388.625,2296.4,2477.3,73.88420557421813,3336.9
Rice,Uttar Pradesh,2016,10,1743.7400000000002,1647.1,1835.3,67.86462996289012,8337.9
Rice,Uttar Pradesh,2016,11,1737.225,1655.7,1826.8,81.4125860458115,6916.1
Rice,Uttar Pradesh,2016,12,1701.4,1627.7,1817.7,85.41514307584266,6387.0
Rice,Uttar Pradesh,2017,1,2415.08,2257.2,2531.5,124.87864909583233,3787.8999999999996
Rice,Uttar Pradesh,2017,2,2401.25,2283.4,2563.5,135.9693225204371,3665.4
Rice,Uttar Pradesh,2017,3,2431.15,2251.5,2546.5,138.17827856311797,3050.2
Rice,Uttar Pradesh,2017,4,2440.7749999999996,2335.7,2493.0,71.82679978021208,3365.8
Rice,Uttar Pradesh,2017,5,2478.44,2362.9,2611.5,108.46385573083776,4310.1
Rice,Uttar Pradesh,2017,6,2394.1,2286.1,2476.3,86.14886340902409,3508.3
Rice,Uttar Pradesh,2017,7,2473.16,2346.1,2620.5,113.80337429092344,4772.7
Rice,Uttar Pradesh,2017,8,2420.25,2327.4,2540.1,94.99735084025588,3315.6
Rice,Uttar Pradesh,2017,9,2437.5,2355.4,2523.3,72.27562982545828,3267.6
Rice,Uttar Pradesh,2017,10,1850.1799999999998,1739.4,1951.3,95.18131119080047,8150.7
Rice,Uttar Pradesh,2017,11,1784.675,1718.0,1813.8,45.07559391363215,6027.5
Rice,Uttar Pradesh,2017,12,1833.6,1764.2,1930.2,73.45806059696014,6752.3
Rice,Uttar Pradesh,2018,1,2562.2799999999997,2432.0,2700.4,121.51556278929894,4988.9
Rice,Uttar Pradesh,2018,2,2544.275,2454.7,2715.4,120.38165350251693,3325.2999999999997
Rice,Uttar Pradesh,2018,3,2679.75,2631.8,2716.7,39.13417091664675,3269.9
Rice,Uttar Pradesh,2018,4,2554.2,2423.3,2636.7,88.3609076458586,4180.0
Rice,Uttar Pradesh,2018,5,2571.275,2468.5,2681.5,104.16974528783938,3646.5
Rice,Uttar Pradesh,2018,6,2733.525,2697.3,2760.0,28.33835739770394,3448.6
Rice,Uttar Pradesh,2018,7,2565.8599999999997,2469.0,2630.9,61.53911764073331,4373.4
Rice,Uttar Pradesh,2018,8,2579.425,2479.8,2757.0,121.97301272549326,3796.9
Rice,Uttar Pradesh,2018,9,2696.125,2650.4,2814.7,79.36024928556272,3293.5
Rice,Uttar Pradesh,2018,10,1871.94,1806.2,1930.7,53.70095902309376,8331.1
Rice,Uttar Pradesh,2018,11,1950.25,1866.5,2023.6,69.808714833226,5683.3
Rice,Uttar Pradesh,2018,12,1919.0400000000002,1841.3,2046.8,82.66403692053753,8745.5
Rice,Uttar Pradesh,2019,1,2724.675,2559.5,2875.6,152.8863275988623,3679.2
Rice,Uttar Pradesh,2019,2,2742.525,2603.6,2820.7,95.82899265531985,3437.6
Rice,Uttar Pradesh,2019,3,2632.6,2532.4,2742.8,100.077603222033,3746.0
Rice,Uttar Pradesh,2019,4,2732.12,2551.1,2914.5,161.03882140651675,3897.4
Rice,Uttar Pradesh,2019,5,2691.725,2621.3,2811.6,88.89043349352403,3588.5
Rice,Uttar Pradesh,2019,6,2738.65,2673.3,2783.1,53.38979303200174,3436.4
Rice,Uttar Pradesh,2019,7,2879.92,2813.2,2953.7,58.538764934016164,4756.8
Rice,Uttar Pradesh,2019,8,2796.35,2695.0,2890.3,84.70940522358389,3363.4
Rice,Uttar Pradesh,2019,9,2841.8599999999997,2667.1,2981.7,120.33371514251527,4231.9
Rice,Uttar Pradesh,2019,10,2036.975,1952.6,2131.7,86.74734866265354,6337.3
Rice,Uttar Pradesh,2019,11,2171.0,2075.4,2208.9,63.93449773009857,6349.3
Rice,Uttar Pradesh,2019,12,2139.3,2019.5,2198.0,72.06427686447701,8297.0
Rice,Uttar Pradesh,2020,1,2836.875,2681.5,2941.9,110.32879270616542,3768.6
Rice,Uttar Pradesh,2020,2,2851.75,2689.2,2982.4,126.84585133144897,3496.9
Rice,Uttar Pradesh,2020,3,2985.06,2932.7,3049.4,53.03181120799116,4361.1
Rice,Uttar Pradesh,2020,4,2857.0,2695.7,3009.8,137.31435953072557,3918.7
Rice,Uttar Pradesh,2020,5,2935.425,2884.6,3023.5,60.885924755507695,3681.0
Rice,Uttar Pradesh,2020,6,2880.68,2737.6,3007.6,102.96580500340876,4471.9
Rice,Uttar Pradesh,2020,7,2973.7,2860.1,3087.2,115.98341835509648,3703.6
Rice,Uttar Pradesh,2020,8,3018.28,2897.3,3146.5,116.44441592450876,4376.1
Rice,Uttar Pradesh,2020,9,2972.1,2863.8,3059.3,90.12424756967455,3171.8
Rice,Uttar Pradesh,2020,10,2234.975,2165.9,2309.1,73.9002649972694,7180.8
Rice,Uttar Pradesh,2020,11,2174.1800000000003,2089.3,2249.8,74.48756272022855,10065.6
Rice,Uttar Pradesh,2020,12,2163.475,2075.7,2288.3,94.26651491029764,6883.1
Rice,Uttar Pradesh,2021,1,3024.55,2927.2,3119.6,84.4034951882919,3807.7
Rice,Uttar Pradesh,2021,2,3089.8,3051.6,3156.6,47.18382491207483,3599.5
Rice,Uttar Pradesh,2021,3,3079.3199999999997,2917.2,3268.1,129.21792445322743,4026.0
Rice,Uttar Pradesh,2021,4,3029.925,2904.2,3138.2,107.73830562989207,3189.4
Rice,Uttar Pradesh,2021,5,3013.06,2916.5,3198.1,113.29193704761165,4635.599999999999
Rice,Uttar Pradesh,2021,6,3144.4,2986.5,3288.9,166.99297390409393,3638.6
Rice,Uttar Pradesh,2021,7,3222.05,3125.6,3285.5,68.1479028779806,3868.5
Rice,Uttar Pradesh,2021,8,3060.02,2943.5,3265.0,136.68923512844745,4008.6
Rice,Uttar Pradesh,2021,9,3178.825,3106.0,3244.5,56.70134478123063,3817.6
Rice,Uttar Pradesh,2021,10,2311.875,2166.2,2379.6,98.18626431431247,5925.400000000001
Rice,Uttar Pradesh,2021,11,2367.68,2166.5,2441.3,115.991560037789,8844.9
Rice,Uttar Pradesh,2021,12,2349.85,2207.5,2480.5,119.28301080483607,5947.3
Rice,Uttar Pradesh,2022,1,3209.8599999999997,3077.5,3412.9,167.65411715791544,4341.3
Rice,Uttar Pradesh,2022,2,3183.65,3090.2,3294.6,95.53123398484219,3214.5
Rice,Uttar Pradesh,2022,3,3186.025,3028.7,3333.2,124.47064915071363,3337.9
Rice,Uttar Pradesh,2022,4,3397.525,3387.3,3422.6,16.78856257495967,3514.3
Rice,Uttar Pradesh,2022,5,3273.14,3182.5,3479.7,125.28301161769706,4039.6
Rice,Uttar Pradesh,2022,6,3217.825,3111.6,3364.6,126.68839396987663,3143.2
Rice,Uttar Pradesh,2022,7,3268.175,3123.5,3383.7,126.92615635347458,3237.1
Rice,Uttar Pradesh,2022,8,3336.06,3232.7,3451.6,79.10210490246145,3651.1
Rice,Uttar Pradesh,2022,9,3274.5249999999996,3178.1,3384.2,90.66853092446117,3195.5
Rice,Uttar Pradesh,2022,10,2452.3,2328.7,2529.4,80.01918519955096,8088.799999999999
Rice,Uttar Pradesh,2022,11,2512.65,2360.9,2622.2,123.65852174435838,6455.799999999999
Rice,Uttar Pradesh,2022,12,2474.75,2342.9,2592.0,106.6205264790352,6563.6
Rice,Uttar Pradesh,2023,1,3369.9,3232.5,3567.2,136.42712340293625,4517.5
Rice,Uttar Pradesh,2023,2,3367.775,3214.9,3528.6,137.66646589977282,3434.2
Rice,Uttar Pradesh,2023,3,3420.3,3288.1,3604.6,152.31544023287105,3202.3
Rice,Uttar Pradesh,2023,4,3439.125,3346.4,3640.4,137.84598591665048,3305.8
Rice,Uttar Pradesh,2023,5,3448.88,3391.3,3527.8,49.99526977624998,4243.0
Rice,Uttar Pradesh,2023,6,3522.225,3316.6,3671.1,161.50841825324977,3633.4
Rice,Uttar Pradesh,2023,7,3576.0199999999995,3388.3,3704.6,133.61765227693525,4009.2
Rice,Uttar Pradesh,2023,8,3522.425,3450.8,3721.9,133.07918382176328,3720.1
Rice,Uttar Pradesh,2023,9,3604.45,3546.8,3708.5,74.12019517873206,3468.6
Rice,Uttar Pradesh,2023,10,2658.02,2470.9,2764.0,113.3831645351283,8212.6
Rice,Uttar Pradesh,2023,11,2615.275,2484.3,2780.1,137.2992929090798,7322.1
Rice,Uttar Pradesh,2023,12,2719.25,2561.4,2792.6,106.68559727848289,6576.3
Rice,West Bengal,2015,1,2141.55,2038.6,2207.9,75.7918421291721,3528.6
Rice,West Bengal,2015,2,2157.125,2052.7,2278.9,99.02970513941767,3277.5
Rice,West Bengal,2015,3,2111.66,2001.3,2186.1,75.19908909022763,4387.1
Rice,West Bengal,2015,4,2150.5,2019.5,2295.9,141.46594407606878,3409.6
Rice,West Bengal,2015,5,2118.6000000000004,2038.3,2178.3,60.18078320084142,3318.5
Rice,West Bengal,2015,6,2180.56,2076.8,2292.0,97.41893039856272,3941.6000000000004
Rice,West Bengal,2015,7,2118.075,2058.9,2273.7,103.98436981905799,3451.8
Rice,West Bengal,2015,8,2249.48,2163.2,2336.0,72.4536541521545,4638.0
Rice,West Bengal,2015,9,2302.7,2269.3,2364.4,42.547777066885004,3465.6
Rice,West Bengal,2015,10,1683.3,1636.8,1720.1,42.2592790599492,6981.9
Rice,West Bengal,2015,11,1639.4599999999998,1566.5,1746.8,68.6156177557267,9256.5
Rice,West Bengal,2015,12,1648.025,1558.1,1728.7,79.71856224661033,6089.6
Rice,West Bengal,2016,1,2217.375,2150.2,2304.5,72.95187340523444,3708.1
Rice,West Bengal,2016,2,2278.7400000000002,2170.3,2415.6,103.74180931524178,4403.1
Rice,West Bengal,2016,3,2308.375,2161.9,2431.0,126.40728816013733,3248.0
Rice,West Bengal,2016,4,2260.925,2215.7,2288.3,34.230237607511384,3809.3
Rice,West Bengal,2016,5,2278.0,2200.8,2379.0,81.02879117943202,3771.6
Rice,West Bengal,2016,6,2283.15,2161.2,2396.7,122.38149369900664,3328.5
Rice,West Bengal,2016,7,2363.4,2277.8,2429.5,67.44118425215649,3295.7
Rice,West Bengal,2016,8,2293.7400000000002,2197.1,2383.5,84.63372850111266,4303.4
Rice,West Bengal,2016,9,2329.3,2217.5,2423.6,103.25531463319444,3874.2
Rice,West Bengal,2016,10,1775.1,1697.8,1840.0,67.85690827027123,8396.4
Rice,West Bengal,2016,11,1707.75,1632.3,1820.3,79.76822675727472,6797.8
Rice,West Bengal,2016,12,1699.55,1626.5,1769.0,60.47062647820568,7421.9
Rice,West Bengal,2017,1,2311.06,2237.4,2415.2,65.26843034729721,4559.1
Rice,West Bengal,2017,2,2445.125,2236.3,2553.3,149.2634890610114,3079.5
Rice,West Bengal,2017,3,2429.8,2323.8,2536.9,115.07554040716026,3169.0
Rice,West Bengal,2017,4,2477.6,2438.8,2553.7,53.54530791768781,3171.7
Rice,West Bengal,2017,5,2418.7,2291.7,2538.8,108.94604169037089,3841.1
Rice,West Bengal,2017,6,2415.075,2329.4,2526.9,87.30419520275066,3197.8
Rice,West Bengal,2017,7,2389.84,2298.7,2510.5,90.22955724151595,3993.8
Rice,West Bengal,2017,8,2550.2999999999997,2450.6,2620.2,74.0959288130371,3487.0
Rice,West Bengal,2017,9,2427.75,2325.0,2635.1,141.84335256425186,3199.1
Rice,West Bengal,2017,10,1880.2,1797.9,1961.3,72.14128498994182,7971.2
Rice,West Bengal,2017,11,1837.6999999999998,1735.1,1908.8,76.07746052544074,7245.0
Rice,West Bengal,2017,12,1849.325,1724.0,1945.3,95.08653514912965,5836.9
Rice,West Bengal,2018,1,2575.7400000000002,2397.8,2712.7,139.62568889713646,4012.2
Rice,West Bengal,2018,2,2639.75,2466.6,2733.5,118.63429801986744,3288.7
Rice,West Bengal,2018,3,2530.4,2431.0,2603.8,72.18129951725732,3505.5
Rice,West Bengal,2018,4,2571.2,2399.3,2681.5,144.09750171324956,4368.099999999999
Rice,West Bengal,2018,5,2561.075,2449.3,2668.1,96.24172258779768,3047.8
Rice,West Bengal,2018,6,2621.95,2538.1,2755.6,102.86005055413892,3600.8999999999996
Rice,West Bengal,2018,7,2610.7599999999998,2440.7,2778.8,143.88670195678262,4391.7
Rice,West Bengal,2018,8,2671.125,2504.9,2789.2,119.36253948929424,3575.0
Rice,West Bengal,2018,9,2562.6499999999996,2507.7,2596.6,41.46086508182557,3694.1
Rice,West Bengal,2018,10,1910.1,1844.6,2053.0,82.27210949039782,8790.8
Rice,West Bengal,2018,11,1950.175,1846.9,2023.2,74.11794092300902,6691.200000000001
Rice,West Bengal,2018,12,1979.5400000000002,1847.0,2097.5,103.15315312679493,9233.0
Rice,West Bengal,2019,1,2784.6,2677.9,2862.4,78.55821620513869,3496.7
Rice,West Bengal,2019,2,2693.6,2530.2,2866.5,137.61533344798465,3656.8999999999996
Rice,West Bengal,2019,3,2682.875,2536.9,2819.6,127.24436791727435,3171.7
Rice,West Bengal,2019,4,2724.8599999999997,2548.0,2866.4,123.3357125896632,4349.5
Rice,West Bengal,2019,5,2798.2,2550.1,2926.7,170.97370168147685,3536.8
Rice,West Bengal,2019,6,2732.675,2708.9,2762.2,25.8497421005832,3506.5
Rice,West Bengal,2019,7,2827.12,2730.5,2950.2,81.14756311806288,3736.6
Rice,West Bengal,2019,8,2694.75,2612.4,2791.4,73.54502022570938,3423.2
Rice,West Bengal,2019,9,2820.3,2632.6,2984.1,156.27746158675598,4477.2
Rice,West Bengal,2019,10,1967.75,1954.7,1991.0,17.21714262007482,6860.599999999999
Rice,West Bengal,2019,11,2123.3,2068.3,2185.5,53.085905222886986,7167.4
Rice,West Bengal,2019,12,2088.58,1992.1,2187.6,92.51690115865313,8943.8
Rice,West Bengal,2020,1,2847.75,2742.4,3034.2,136.28084971851314,3297.4
Rice,West Bengal,2020,2,2930.875,2847.9,3024.5,94.39867142426668,3228.0
Rice,West Bengal,2020,3,2923.38,2696.0,3024.4,131.78005160114338,3554.2
Rice,West Bengal,2020,4,2905.95,2731.2,3069.1,148.53436190547515,3575.3
Rice,West Bengal,2020,5,2908.675,2799.5,3077.6,125.30076815406994,3880.8999999999996
Rice,West Bengal,2020,6,2900.2799999999997,2726.7,3049.5,139.32118288329326,4036.2
Rice,West Bengal,2020,7,2953.075,2742.3,3142.4,193.7838895092503,3050.0
Rice,West Bengal,2020,8,2954.08,2857.5,3082.1,99.96935530451313,4132.7
Rice,West Bengal,2020,9,2998.25,2812.2,3128.9,140.23400681242296,3719.4
Rice,West Bengal,2020,10,2182.125,2085.8,2294.8,108.44117837180956,7078.3
Rice,West Bengal,2020,11,2156.6800000000003,2041.7,2294.5,123.78926447798284,7775.3
Rice,West Bengal,2020,12,2202.075,2101.4,2333.0,110.68361441514273,6383.7
Rice,West Bengal,2021,1,2891.925,2857.1,2940.7,38.006523562848,3310.3
Rice,West Bengal,2021,2,3022.0,2892.3,3209.4,143.56872918571088,3151.3
Rice,West Bengal,2021,3,3187.12,3091.6,3250.3,64.08495923381729,4199.0
Rice,West Bengal,2021,4,2930.575,2906.1,2982.9,35.874166656987924,3750.1
Rice,West Bengal,2021,5,3103.32,2895.2,3287.6,163.2051990593438,4437.7
Rice,West Bengal,2021,6,3063.1,2967.7,3186.4,99.77424517379228,3539.4
Rice,West Bengal,2021,7,3044.225,2902.5,3170.9,123.31070175238914,3649.6
Rice,West Bengal,2021,8,3097.16,2919.8,3329.6,162.1234961379748,4286.5
Rice,West Bengal,2021,9,3105.425,2959.1,3227.4,113.06273700914923,2895.6
Rice,West Bengal,2021,10,2326.975,2198.8,2407.2,90.92584432748856,6773.6
Rice,West Bengal,2021,11,2327.34,2185.9,2436.0,101.90183020927536,8292.3
Rice,West Bengal,2021,12,2378.95,2251.5,2469.5,97.44333396047848,6274.2
Rice,West Bengal,2022,1,3156.44,3081.0,3187.2,44.509583237770265,4118.4
Rice,West Bengal,2022,2,3214.6,3079.1,3384.2,149.23799784237264,3176.6
Rice,West Bengal,2022,3,3262.575,3198.3,3323.9,58.74631194097765,3624.3
Rice,West Bengal,2022,4,3197.275,3023.0,3387.1,153.39950836514,3498.2
Rice,West Bengal,2022,5,3209.6400000000003,3044.7,3432.7,149.7876763956234,4741.299999999999
Rice,West Bengal,2022,6,3211.7,3071.3,3303.2,103.17819537092112,3352.7
Rice,West Bengal,2022,7,3351.05,3274.5,3530.9,121.34667966890015,3570.1
Rice,West Bengal,2022,8,3333.7,3145.9,3483.9,154.66570401999286,3890.2
Rice,West Bengal,2022,9,3301.525,3102.1,3498.4,164.59176518485575,3173.6
Rice,West Bengal,2022,10,2506.4,2300.6,2607.5,126.63980416914744,8049.9
Rice,West Bengal,2022,11,2393.2,2314.6,2473.7,82.8360227598275,6430.7
Rice,West Bengal,2022,12,2490.475,2377.0,2631.9,105.30702334918898,6630.6
Rice,West Bengal,2023,1,3361.84,3236.7,3448.1,82.53576800393873,4571.7
Rice,West Bengal,2023,2,3296.225,3177.9,3383.1,86.06437028952989,3497.1
Rice,West Bengal,2023,3,3456.2,3228.1,3653.9,202.92108482527547,3299.7999999999997
Rice,West Bengal,2023,4,3509.875,3410.2,3615.9,90.7212718532246,3128.1
Rice,West Bengal,2023,5,3462.88,3217.7,3643.4,190.28806320944057,4738.4
Rice,West Bengal,2023,6,3548.9,3430.8,3703.6,132.74511918208748,3221.7
Rice,West Bengal,2023,7,3472.94,3359.9,3602.9,91.03500974899715,4139.6
Rice,West Bengal,2023,8,3371.225,3288.4,3502.4,92.60231728562017,3289.2
Rice,West Bengal,2023,9,3574.0,3529.1,3629.0,42.55435739537534,3158.7
Rice,West Bengal,2023,10,2624.48,2476.4,2732.7,109.38458300875857,8542.3
Rice,West Bengal,2023,11,2593.0,2469.2,2703.7,108.61549920092736,6620.700000000001
Rice,West Bengal,2023,12,2597.525,2472.8,2759.8,131.19912029684755,6395.3
Soyabean,Madhya Pradesh,2015,1,4902.575,4678.5,5042.3,163.47251298001126,1944.2
Soyabean,Madhya Pradesh,2015,2,4869.725,4796.2,5010.6,95.7864769509076,2202.4
Soyabean,Madhya Pradesh,2015,3,4593.54,4480.5,4832.7,142.288274288502,2738.4
Soyabean,Madhya Pradesh,2015,4,4682.5,4493.0,4975.1,220.44943486734854,2219.3
Soyabean,Madhya Pradesh,2015,5,4811.425,4643.0,5073.5,186.97588748285162,2091.3
Soyabean,Madhya Pradesh,2015,6,4732.0199999999995,4631.4,4887.3,99.07162560491265,2713.9
Soyabean,Madhya Pradesh,2015,7,4976.55,4873.6,5180.6,138.26027387985798,2023.2
Soyabean,Madhya Pradesh,2015,8,4899.54,4597.6,5196.4,259.6857485500502,2445.8
Soyabean,Madhya Pradesh,2015,9,4728.025,4654.4,4803.9,74.68772210566694,1962.7
Soyabean,Madhya Pradesh,2015,10,3651.775,3513.0,3758.0,124.2739547666096,3666.9
Soyabean,Madhya Pradesh,2015,11,3636.0800000000004,3439.2,3804.2,173.30841583720044,4610.3
Soyabean,Madhya Pradesh,2015,12,5117.675,4700.8,5308.4,281.7083761031372,2132.2
Soyabean,Madhya Pradesh,2016,1,4903.0,4743.8,5261.0,241.32728813791462,1688.6
Soyabean,Madhya Pradesh,2016,2,5042.82,4845.0,5154.8,122.32935870019121,2615.0
Soyabean,Madhya Pradesh,2016,3,4854.925,4739.5,5019.3,120.21947637550304,2211.5
Soyabean,Madhya Pradesh,2016,4,5210.325,5094.7,5311.7,112.46286424119447,2198.9
Soyabean,Madhya Pradesh,2016,5,5277.780000000001,5003.5,5421.5,160.14480010290708,2546.7
Soyabean,Madhya Pradesh,2016,6,5033.425,4762.2,5252.2,221.97736183373894,1753.1
Soyabean,Madhya Pradesh,2016,7,5256.275,5115.7,5428.7,129.1446830754817,2128.1
Soyabean,Madhya Pradesh,2016,8,5244.26,4933.9,5513.2,243.6878802895212,2697.4
Soyabean,Madhya Pradesh,2016,9,5208.175,4953.4,5495.0,239.2008134740911,2215.2
Soyabean,Madhya Pradesh,2016,10,3773.38,3562.0,4013.7,193.87990354856277,4566.7
Soyabean,Madhya Pradesh,2016,11,3947.2,3875.7,4029.0,66.76960386283575,3608.7
Soyabean,Madhya Pradesh,2016,12,5368.724999999999,5037.4,5542.7,225.7606162140184,2112.6
Soyabean,Madhya Pradesh,2017,1,5500.26,5285.2,5658.5,142.22124665464025,2512.9
Soyabean,Madhya Pradesh,2017,2,5386.65,4991.2,5609.0,273.9156865411936,2056.1000000000004
Soyabean,Madhya Pradesh,2017,3,5224.175,5080.5,5478.1,174.51749434751085,1738.6
Soyabean,Madhya Pradesh,2017,4,5506.1,5185.8,5713.7,228.87485663567324,2209.3
Soyabean,Madhya Pradesh,2017,5,5387.24,5146.5,5611.3,175.4080328833318,2501.4
Soyabean,Madhya Pradesh,2017,6,5541.849999999999,5213.4,5793.9,246.7700211397922,2041.1
Soyabean,Madhya Pradesh,2017,7,5589.88,5210.0,5772.5,224.64455702286656,2447.8
Soyabean,Madhya Pradesh,2017,8,5590.775,5176.6,5814.5,288.84828053264675,2063.8
Soyabean,Madhya Pradesh,2017,9,5380.125,5148.2,5835.5,313.46441983102335,1768.8
Soyabean,Madhya Pradesh,2017,10,4057.0,3908.8,4255.4,157.56255900435204,4541.099999999999
Soyabean,Madhya Pradesh,2017,11,4097.3,3853.7,4339.2,226.5771538939147,4029.3
Soyabean,Madhya Pradesh,2017,12,5685.05,5464.4,5907.9,187.82049053994788,1786.5
Soyabean,Madhya Pradesh,2018,1,5535.86,5291.9,5893.2,244.99121004640162,2312.8
Soyabean,Madhya Pradesh,2018,2,5673.15,5303.3,5891.7,268.9810959900339,2126.9
Soyabean,Madhya Pradesh,2018,3,5773.45,5310.2,6055.1,348.6649251071868,2228.2999999999997
Soyabean,Madhya Pradesh,2018,4,5674.4800000000005,5321.3,6069.7,327.12160124332934,2576.7
Soyabean,Madhya Pradesh,2018,5,5730.9,5378.4,5975.6,252.0973224768564,1899.8999999999999
Soyabean,Madhya Pradesh,2018,6,5793.9,5509.5,6099.9,297.4842516840175,1881.9
Soyabean,Madhya Pradesh,2018,7,5803.6,5478.6,6152.3,295.285751434098,2759.1
Soyabean,Madhya Pradesh,2018,8,5784.725,5494.0,6139.5,271.37895245087327,1798.6
Soyabean,Madhya Pradesh,2018,9,5820.85,5634.6,6008.9,153.11173479956813,2212.0
Soyabean,Madhya Pradesh,2018,10,4203.38,4042.7,4455.2,160.8298386494247,4775.2
Soyabean,Madhya Pradesh,2018,11,4398.05,4210.1,4615.4,174.90619390595222,4262.2
Soyabean,Madhya Pradesh,2018,12,6076.6,5726.7,6323.0,291.8982185625674,2775.1
Soyabean,Madhya Pradesh,2019,1,5890.5,5528.9,6163.0,272.1218232091407,1926.9
Soyabean,Madhya Pradesh,2019,2,5910.1,5698.6,6109.2,206.95817612905878,1867.6000000000001
Soyabean,Madhya Pradesh,2019,3,6074.4,5584.4,6418.1,361.46903048532414,1817.1
Soyabean,Madhya Pradesh,2019,4,5885.76,5677.8,6136.3,217.87704789628464,2405.4
Soyabean,Madhya Pradesh,2019,5,6116.75,5729.4,6457.9,361.635456410642,2098.4
Soyabean,Madhya Pradesh,2019,6,6185.525,5861.2,6462.8,248.09220564137044,2295.2
Soyabean,Madhya Pradesh,2019,7,6143.18,5918.0,6435.2,201.17372343325584,2381.1
Soyabean,Madhya Pradesh,2019,8,6246.975,6011.9,6392.3,179.4000998699094,2125.5
Soyabean,Madhya Pradesh,2019,9,6195.5199999999995,5851.5,6630.4,338.59807589530067,2576.1
Soyabean,Madhya Pradesh,2019,10,4577.475,4372.5,4748.0,156.02195091289772,3829.8
Soyabean,Madhya Pradesh,2019,11,4792.424999999999,4693.4,4867.0,75.37552100428027,3768.8
Soyabean,Madhya Pradesh,2019,12,6214.219999999999,5982.8,6522.1,203.32100727667088,2506.3
Soyabean,Madhya Pradesh,2020,1,6291.275,6160.1,6578.7,195.313566263756,2298.4
Soyabean,Madhya Pradesh,2020,2,6259.9,5931.6,6681.3,330.53142059417013,1988.5
Soyabean,Madhya Pradesh,2020,3,6408.539999999999,6259.9,6519.0,99.40318405363111,2663.5
Soyabean,Madhya Pradesh,2020,4,6416.0,6135.9,6805.8,281.0973852599844,1766.1999999999998
Soyabean,Madhya Pradesh,2020,5,6169.175,5987.4,6400.8,200.56354562415706,1918.4
Soyabean,Madhya Pradesh,2020,6,6441.9800000000005,6271.3,6576.9,125.05485596329284,2633.1
Soyabean,Madhya Pradesh,2020,7,6704.55,6366.8,6886.6,231.75168463968782,2039.0
Soyabean,Madhya Pradesh,2020,8,6613.039999999999,6139.6,6954.3,388.8293108807512,2488.1000000000004
Soyabean,Madhya Pradesh,2020,9,6776.45,6574.6,6980.5,218.1970745297321,2367.3
Soyabean,Madhya Pradesh,2020,10,4891.05,4610.9,5128.0,274.05795615769534,3445.1000000000004
Soyabean,Madhya Pradesh,2020,11,4878.18,4686.7,5039.2,128.25317539928577,4811.6
Soyabean,Madhya Pradesh,2020,12,6974.0,6826.1,7071.0,109.84810725117944,2272.0
Soyabean,Madhya Pradesh,2021,1,6729.275,6464.2,6914.7,197.33564258220895,2153.1
Soyabean,Madhya Pradesh,2021,2,7076.5,6913.0,7189.0,121.38124511911487,1841.4
Soyabean,Madhya Pradesh,2021,3,6725.860000000001,6459.3,7094.5,262.027227592859,2387.3
Soyabean,Madhya Pradesh,2021,4,6923.925,6422.1,7185.4,343.7386543582202,1878.5
Soyabean,Madhya Pradesh,2021,5,6750.4,6467.5,7304.6,343.8624506979498,2236.2
Soyabean,Madhya Pradesh,2021,6,6660.125,6379.6,7014.7,263.9263959894879,2102.6
Soyabean,Madhya Pradesh,2021,7,6862.325,6523.2,7252.7,329.6990584861694,1906.7
Soyabean,Madhya Pradesh,2021,8,6924.74,6475.4,7264.4,345.9674739047013,2196.6
Soyabean,Madhya Pradesh,2021,9,6756.724999999999,6536.4,6946.9,190.3201403775578,1955.7
Soyabean,Madhya Pradesh,2021,10,5018.55,4782.7,5305.6,219.6131219516117,3525.0
Soyabean,Madhya Pradesh,2021,11,5303.0,5146.6,5427.3,111.42921519960557,5288.6
Soyabean,Madhya Pradesh,2021,12,6931.775,6703.3,7334.2,293.6295213927463,1779.6
Soyabean,Madhya Pradesh,2022,1,7166.5199999999995,6642.9,7467.6,335.908554520423,2570.7
Soyabean,Madhya Pradesh,2022,2,6757.575,6617.5,6840.8,106.48472112624141,2016.6
Soyabean,Madhya Pradesh,2022,3,6926.425,6673.0,7483.3,374.57506924513837,2141.9
Soyabean,Madhya Pradesh,2022,4,7140.05,6850.4,7475.2,258.31263357928657,2005.4
Soyabean,Madhya Pradesh,2022,5,7395.860000000001,6895.9,7696.5,332.4261015624376,2307.3
Soyabean,Madhya Pradesh,2022,6,6887.825,6779.3,7093.3,141.30664940711995,1766.8
Soyabean,Madhya Pradesh,2022,7,7256.925,7026.7,7496.8,209.44579847779247,1967.5
Soyabean,Madhya Pradesh,2022,8,7336.280000000001,6882.0,7700.2,319.4336425613309,2461.6
Soyabean,Madhya Pradesh,2022,9,7361.8,6911.7,7674.6,378.01570514111376,1796.3000000000002
Soyabean,Madhya Pradesh,2022,10,5339.360000000001,5067.6,5699.8,249.13507982618572,4455.2
Soyabean,Madhya Pradesh,2022,11,5567.375,5339.5,5824.1,207.04629715758432,3221.6
Soyabean,Madhya Pradesh,2022,12,7578.725,7304.0,7870.1,254.0260796978665,1889.3000000000002
Soyabean,Madhya Pradesh,2023,1,7475.12,7162.6,7983.0,312.9792916472271,2507.0
Soyabean,Madhya Pradesh,2023,2,7485.95,7261.8,7751.6,206.12548766871782,2283.4
Soyabean,Madhya Pradesh,2023,3,7867.925,7456.7,8070.0,278.01372118416515,2237.1
Soyabean,Madhya Pradesh,2023,4,7788.675,7671.9,8060.7,184.261306753932,1946.3
Soyabean,Madhya Pradesh,2023,5,7643.4,7213.7,7966.3,310.7209037062042,2438.9
Soyabean,Madhya Pradesh,2023,6,8017.075000000001,7808.1,8202.1,201.04951919033962,1989.9
Soyabean,Madhya Pradesh,2023,7,7813.0199999999995,7763.5,7878.0,46.87800123725414,2588.6
Soyabean,Madhya Pradesh,2023,8,7771.325,7415.9,8160.2,405.87252822366133,2221.2999999999997
Soyabean,Madhya Pradesh,2023,9,7908.549999999999,7590.2,8272.3,290.66086194509666,2049.1
Soyabean,Madhya Pradesh,2023,10,5721.4400000000005,5520.0,6060.4,230.07495083124545,4667.8
Soyabean,Madhya Pradesh,2023,11,5490.925,5411.8,5561.6,63.413109843312455,4045.1000000000004
Soyabean,Madhya Pradesh,2023,12,7803.85,7436.1,8265.8,343.14337625352215,2168.6
Sugarcane,Maharashtra,2015,1,275.85,262.9,284.8,9.290317540321228,45797.0
Sugarcane,Maharashtra,2015,2,277.975,268.6,292.7,10.792705870169906,42575.8
Sugarcane,Maharashtra,2015,3,281.0,271.1,291.5,8.619744775803973,55983.4
Sugarcane,Maharashtra,2015,4,396.125,375.2,407.6,14.405872645093984,23804.7
Sugarcane,Maharashtra,2015,5,387.7,371.0,395.3,11.338136237201155,23874.5
Sugarcane,Maharashtra,2015,6,376.7,364.6,399.2,15.90172946569018,24890.3
Sugarcane,Maharashtra,2015,7,385.5,371.6,403.7,13.70328427786565,26150.9
Sugarcane,Maharashtra,2015,8,390.02,372.3,416.9,17.707258398747072,25865.0
Sugarcane,Maharashtra,2015,9,396.8,375.1,422.3,21.618973148602592,17989.6
Sugarcane,Maharashtra,2015,10,385.475,378.7,394.2,6.514279187548948,25915.199999999997
Sugarcane,Maharashtra,2015,11,291.7,275.5,303.8,10.251829105091433,58986.3
Sugarcane,Maharashtra,2015,12,291.82500000000005,281.8,308.3,11.62221292755097,43955.0
Sugarcane,Maharashtra,2016,1,304.75,297.6,316.6,8.22131376362684,44558.5
Sugarcane,Maharashtra,2016,2,302.1,290.3,314.7,10.62944024866784,58670.4
Sugarcane,Maharashtra,2016,3,293.275,282.3,307.2,10.318712775018655,43659.2
Sugarcane,Maharashtra,2016,4,407.5,396.9,423.8,12.00194428693398,23518.1
Sugarcane,Maharashtra,2016,5,409.76000000000005,389.2,429.0,14.33188752397952,30151.4
Sugarcane,Maharashtra,2016,6,416.4,392.4,430.4,16.95582495781317,22335.7
Sugarcane,Maharashtra,2016,7,407.075,390.7,435.8,21.429010709783142,20119.1
Sugarcane,Maharashtra,2016,8,425.88,402.4,440.5,15.356008595986129,28298.7
Sugarcane,Maharashtra,2016,9,428.9,414.6,443.7,11.950732195141835,21079.9
Sugarcane,Maharashtra,2016,10,421.28000000000003,401.0,448.2,21.955113299639336,30958.8
Sugarcane,Maharashtra,2016,11,307.05,290.4,317.1,12.155245781143233,40146.9
Sugarcane,Maharashtra,2016,12,316.95,312.1,324.0,5.081010398204914,46099.5
Sugarcane,Maharashtra,2017,1,319.65999999999997,310.1,328.6,8.435223767037805,53396.8
Sugarcane,Maharashtra,2017,2,309.75,304.1,316.5,5.211205874523344,47571.2
Sugarcane,Maharashtra,2017,3,320.075,301.8,334.7,13.829286556676257,46008.7
Sugarcane,Maharashtra,2017,4,429.2,405.1,459.4,23.708648211148596,23535.5
Sugarcane,Maharashtra,2017,5,446.53999999999996,407.1,463.8,22.91752604449265,27554.3
Sugarcane,Maharashtra,2017,6,434.875,416.4,450.2,16.81217316906615,24037.3
Sugarcane,Maharashtra,2017,7,434.73999999999995,429.0,444.9,7.263126048747864,32464.0
Sugarcane,Maharashtra,2017,8,459.475,439.1,472.2,15.384055598790136,25620.100000000002
Sugarcane,Maharashtra,2017,9,453.025,430.0,472.9,18.298884301144327,24058.3
Sugarcane,Maharashtra,2017,10,445.02,423.3,474.2,20.006423968315783,28054.4
Sugarcane,Maharashtra,2017,11,340.5,322.5,348.1,12.211470017979014,44532.3
Sugarcane,Maharashtra,2017,12,345.275,329.1,351.6,10.83432046784658,47451.6
Sugarcane,Maharashtra,2018,1,326.65999999999997,313.7,351.3,15.169805535998144,58669.5
Sugarcane,Maharashtra,2018,2,341.675,321.9,356.7,16.436620698914982,43705.4
Sugarcane,Maharashtra,2018,3,322.35,315.7,329.6,5.749492731247404,46975.299999999996
Sugarcane,Maharashtra,2018,4,469.52,458.4,481.4,10.865403812100137,26229.5
Sugarcane,Maharashtra,2018,5,466.525,437.9,488.9,25.66974548633727,19322.2
Sugarcane,Maharashtra,2018,6,490.85,486.8,494.8,3.6519401236420497,21495.0
Sugarcane,Maharashtra,2018,7,455.34,439.7,475.3,14.539360371075478,32216.1
Sugarcane,Maharashtra,2018,8,465.125,452.1,476.0,10.416453331148734,21832.2
Sugarcane,Maharashtra,2018,9,464.0,452.2,471.9,8.840437394910595,22213.2
Sugarcane,Maharashtra,2018,10,454.16,441.1,491.9,21.318020546007546,28157.1
Sugarcane,Maharashtra,2018,11,348.625,337.1,367.3,13.048467342948756,39096.399999999994
Sugarcane,Maharashtra,2018,12,370.36,366.9,372.8,2.5125684070289527,54643.9
Sugarcane,Maharashtra,2019,1,358.85,330.8,375.2,19.660027127821227,42280.6
Sugarcane,Maharashtra,2019,2,362.375,354.6,367.7,5.5319526389874145,43937.4
Sugarcane,Maharashtra,2019,3,358.725,335.2,371.0,16.26886084928301,45783.2
Sugarcane,Maharashtra,2019,4,482.38,466.2,496.4,11.858836367873527,27835.4
Sugarcane,Maharashtra,2019,5,498.525,481.7,517.9,15.329356368310659,24556.0
Sugarcane,Maharashtra,2019,6,509.825,499.2,521.4,9.436939828849882,23967.1
Sugarcane,Maharashtra,2019,7,482.3,465.2,507.4,19.775995550161316,29048.0
Sugarcane,Maharashtra,2019,8,505.75,485.1,527.8,21.823611066915557,24238.5
Sugarcane,Maharashtra,2019,9,504.53999999999996,485.5,533.1,21.095331237029697,29211.0
Sugarcane,Maharashtra,2019,10,517.025,500.4,524.8,11.43456018684876,21823.5
Sugarcane,Maharashtra,2019,11,389.875,385.7,392.0,2.9702693480558278,46954.6
Sugarcane,Maharashtra,2019,12,369.86,350.8,393.0,17.88163862737415,50800.2
Sugarcane,Maharashtra,2020,1,370.325,365.9,372.6,3.0576407026769488,45057.9
Sugarcane,Maharashtra,2020,2,387.6,373.2,398.5,11.363978176677405,42935.6
Sugarcane,Maharashtra,2020,3,372.24,353.7,395.2,18.957795230458636,57125.7
Sugarcane,Maharashtra,2020,4,527.3,487.0,552.3,28.124603700911628,21384.9
Sugarcane,Maharashtra,2020,5,503.05,487.5,513.5,11.23372897423943,23892.0
Sugarcane,Maharashtra,2020,6,521.72,498.5,555.6,24.07897423064362,28264.6
Sugarcane,Maharashtra,2020,7,529.675,515.4,545.6,12.888593147948113,17633.1
Sugarcane,Maharashtra,2020,8,537.76,516.3,555.5,15.457942942060564,31645.4
Sugarcane,Maharashtra,2020,9,537.95,519.1,558.4,16.911633077066586,21492.6
Sugarcane,Maharashtra,2020,10,538.8499999999999,496.7,564.8,29.89230670256147,24833.9
Sugarcane,Maharashtra,2020,11,393.28000000000003,372.8,420.2,18.59507999445012,54882.9
Sugarcane,Maharashtra,2020,12,402.175,370.9,421.6,23.546319599178716,42876.3
Sugarcane,Maharashtra,2021,1,390.125,368.6,420.5,25.452881303826214,43265.2
Sugarcane,Maharashtra,2021,2,396.275,384.8,413.3,12.114832506752498,44174.7
Sugarcane,Maharashtra,2021,3,411.32,388.8,418.0,12.634753658065511,57656.1
Sugarcane,Maharashtra,2021,4,533.3,517.8,556.0,16.73100913473742,21775.8
Sugarcane,Maharashtra,2021,5,556.12,521.2,587.6,31.088132784070538,30238.0
Sugarcane,Maharashtra,2021,6,567.425,551.7,584.2,17.470427394123284,23367.7
Sugarcane,Maharashtra,2021,7,549.475,532.2,569.6,18.19439016107253,21355.3
Sugarcane,Maharashtra,2021,8,560.96,526.9,579.5,21.581427200257195,23341.8
Sugarcane,Maharashtra,2021,9,580.175,545.7,599.2,23.957236206763618,21830.2
Sugarcane,Maharashtra,2021,10,568.5749999999999,548.8,595.8,21.808312635323258,23554.8
Sugarcane,Maharashtra,2021,11,413.28000000000003,389.1,440.1,21.248929384794916,51414.6
Sugarcane,Maharashtra,2021,12,424.775,401.8,442.9,17.32173490156222,40254.4
Sugarcane,Maharashtra,2022,1,422.73999999999995,398.2,448.0,22.0625927760089,52769.1
Sugarcane,Maharashtra,2022,2,398.95,396.0,401.2,2.6602004936971606,51488.8
Sugarcane,Maharashtra,2022,3,426.05,398.9,450.1,27.35464616233717,42289.0
Sugarcane,Maharashtra,2022,4,564.325,541.8,588.5,21.49408833454761,22013.4
Sugarcane,Maharashtra,2022,5,591.64,584.4,609.5,10.372704565348418,28304.1
Sugarcane,Maharashtra,2022,6,562.9000000000001,549.5,575.7,11.453965834300933,24853.6
Sugarcane,Maharashtra,2022,7,589.0,577.5,610.6,14.887802613773005,23257.2
Sugarcane,Maharashtra,2022,8,589.6800000000001,559.8,625.2,27.38041270689689,29077.3
Sugarcane,Maharashtra,2022,9,582.225,558.0,621.5,30.094005493896415,24372.699999999997
Sugarcane,Maharashtra,2022,10,583.0200000000001,561.7,614.7,21.869773661380215,27810.800000000003
Sugarcane,Maharashtra,2022,11,457.925,450.4,468.9,7.817661628219345,46167.0
Sugarcane,Maharashtra,2022,12,444.025,414.4,474.6,29.090247506681717,47792.7
Sugarcane,Maharashtra,2023,1,446.71999999999997,420.5,470.9,21.65160502133734,58386.2
Sugarcane,Maharashtra,2023,2,439.725,417.1,452.1,15.798391268311669,42989.5
Sugarcane,Maharashtra,2023,3,471.85,467.6,479.2,5.128027561028352,43605.8
Sugarcane,Maharashtra,2023,4,625.475,586.1,659.3,37.78680325192903,21740.3
Sugarcane,Maharashtra,2023,5,629.1200000000001,604.2,663.4,24.55335007692433,29597.6
Sugarcane,Maharashtra,2023,6,609.975,585.6,632.5,20.747750882123732,23910.2
Sugarcane,Maharashtra,2023,7,633.12,619.6,657.8,17.905222701770583,30386.6
Sugarcane,Maharashtra,2023,8,632.3,592.9,657.1,30.16620625799678,21612.6
Sugarcane,Maharashtra,2023,9,624.725,612.8,637.2,12.262510618412014,20231.7
Sugarcane,Maharashtra,2023,10,625.1600000000001,602.9,665.2,26.677762274973528,29702.1
Sugarcane,Maharashtra,2023,11,481.675,469.4,488.1,8.593941664529359,45356.4
Sugarcane,Maharashtra,2023,12,472.3,449.0,494.6,21.477895613863115,40948.6
Sugarcane,Uttar Pradesh,2015,1,283.5,268.8,290.8,10.153160427505641,40620.5
Sugarcane,Uttar Pradesh,2015,2,288.625,270.4,299.0,12.71019931655939,50015.8
Sugarcane,Uttar Pradesh,2015,3,279.26,271.3,289.7,7.5784563071908,55101.2
Sugarcane,Uttar Pradesh,2015,4,381.275,367.0,389.8,10.838011810290682,21780.9
Sugarcane,Uttar Pradesh,2015,5,382.9,371.8,405.0,15.374220847466255,20047.3
Sugarcane,Uttar Pradesh,2015,6,394.71999999999997,375.9,416.7,14.959679140944155,28896.3
Sugarcane,Uttar Pradesh,2015,7,402.9,370.6,418.8,21.95647209063118,22678.8
Sugarcane,Uttar Pradesh,2015,8,398.1,378.8,419.5,15.745316764041291,28942.4
Sugarcane,Uttar Pradesh,2015,9,392.875,374.9,418.5,19.29635112311825,23791.2
Sugarcane,Uttar Pradesh,2015,10,392.5,385.3,405.8,9.08441889537611,23066.6
Sugarcane,Uttar Pradesh,2015,11,295.08000000000004,277.5,312.3,15.345585684489208,57082.6
Sugarcane,Uttar Pradesh,2015,12,294.925,278.8,302.6,10.881597615546474,46380.0
Sugarcane,Uttar Pradesh,2016,1,292.275,277.1,311.4,14.187406387356367,43429.1
Sugarcane,Uttar Pradesh,2016,2,299.32,283.8,318.8,14.175577589643394,47723.1
Sugarcane,Uttar Pradesh,2016,3,299.35,282.9,312.5,15.128229682726698,46257.4
Sugarcane,Uttar Pradesh,2016,4,401.17499999999995,397.0,407.4,4.9466318507310305,22497.5
Sugarcane,Uttar Pradesh,2016,5,412.03999999999996,395.2,438.8,18.033940223922222,29069.5
Sugarcane,Uttar Pradesh,2016,6,415.85,387.6,437.7,22.89170155318295,24261.6
Sugarcane,Uttar Pradesh,2016,7,419.625,389.4,436.8,20.775045126304786,20848.2
Sugarcane,Uttar Pradesh,2016,8,426.62,419.2,440.0,8.37209651162718,26133.5
Sugarcane,Uttar Pradesh,2016,9,416.45,393.2,430.7,17.94928039411794,20983.9
Sugarcane,Uttar Pradesh,2016,10,417.64,405.2,432.6,10.14756128338235,27937.0
Sugarcane,Uttar Pradesh,2016,11,310.75,294.1,332.1,16.726326554267686,43768.2
Sugarcane,Uttar Pradesh,2016,12,320.85,310.1,333.7,12.177711881411295,50057.9
Sugarcane,Uttar Pradesh,2017,1,312.24,302.0,332.8,12.546832269541197,51815.1
Sugarcane,Uttar Pradesh,2017,2,311.775,294.8,328.1,15.737931884463103,47951.3
Sugarcane,Uttar Pradesh,2017,3,312.825,298.2,323.8,11.819863225378995,41015.8
Sugarcane,Uttar Pradesh,2017,4,451.025,446.2,454.9,4.303777410601062,22822.8
Sugarcane,Uttar Pradesh,2017,5,444.91999999999996,420.6,464.0,17.118615598231067,28949.2
Sugarcane,Uttar Pradesh,2017,6,418.1,411.8,424.8,5.490598024502121,22543.6
Sugarcane,Uttar Pradesh,2017,7,440.5,411.9,466.6,24.61980909755395,26743.2
Sugarcane,Uttar Pradesh,2017,8,448.625,436.8,470.3,14.838772411040837,22578.5
Sugarcane,Uttar Pradesh,2017,9,438.95000000000005,418.1,469.6,25.001133307645606,20627.5
Sugarcane,Uttar Pradesh,2017,10,427.78000000000003,422.0,439.5,6.888541209864387,26317.9
Sugarcane,Uttar Pradesh,2017,11,337.225,326.0,344.9,8.966744113668009,38214.7
Sugarcane,Uttar Pradesh,2017,12,329.85,314.7,347.1,17.418094040393758,47109.9
Sugarcane,Uttar Pradesh,2018,1,337.48,317.4,351.5,14.881599376411137,56543.5
Sugarcane,Uttar Pradesh,2018,2,337.475,330.1,347.0,8.15368015070494,41369.2
Sugarcane,Uttar Pradesh,2018,3,341.475,314.4,358.8,19.857723098750967,43412.8
Sugarcane,Uttar Pradesh,2018,4,461.3,431.6,492.0,24.91184457241172,28223.5
Sugarcane,Uttar Pradesh,2018,5,464.02500000000003,435.6,494.3,24.404695586437207,26114.3
Sugarcane,Uttar Pradesh,2018,6,456.675,441.2,473.1,13.478223176665384,23469.9
Sugarcane,Uttar Pradesh,2018,7,467.98,439.9,487.3,18.789012746815644,27990.5
Sugarcane,Uttar Pradesh,2018,8,455.45,437.7,465.1,12.47544254392072,21054.7
Sugarcane,Uttar Pradesh,2018,9,464.25,450.1,499.8,23.756613114387047,24618.3
Sugarcane,Uttar Pradesh,2018,10,461.6,446.4,468.3,9.021363533302496,33705.2
Sugarcane,Uttar Pradesh,2018,11,344.325,325.4,361.7,16.67560593601723,43982.6
Sugarcane,Uttar Pradesh,2018,12,352.2,326.4,367.5,18.336984484914638,59689.2
Sugarcane,Uttar Pradesh,2019,1,355.175,339.5,373.7,15.041581255528502,45188.2
Sugarcane,Uttar Pradesh,2019,2,342.275,341.5,342.8,0.6020797289396148,44648.9
Sugarcane,Uttar Pradesh,2019,3,350.4,336.7,363.9,12.23846395590561,40470.8
Sugarcane,Uttar Pradesh,2019,4,490.02,456.7,519.7,27.887129647921817,31260.9
Sugarcane,Uttar Pradesh,2019,5,501.6,462.1,519.7,26.83915050816624,18413.5
Sugarcane,Uttar Pradesh,2019,6,496.35,483.5,505.3,9.284575021686978,21268.9
Sugarcane,Uttar Pradesh,2019,7,489.4,467.4,515.0,18.089637917879948,29584.8
Sugarcane,Uttar Pradesh,2019,8,514.225,497.0,531.5,18.935218509433692,25735.1
Sugarcane,Uttar Pradesh,2019,9,498.26000000000005,479.6,519.7,15.635952161605,30590.5
Sugarcane,Uttar Pradesh,2019,10,507.1,468.1,532.3,28.679725707660896,24764.9
Sugarcane,Uttar Pradesh,2019,11,380.25,360.7,389.4,13.2932313603578,47937.3
Sugarcane,Uttar Pradesh,2019,12,366.36,351.4,389.2,14.186366694823596,56546.299999999996
Sugarcane,Uttar Pradesh,2020,1,378.45,349.0,399.4,23.966713027307964,40971.4
Sugarcane,Uttar Pradesh,2020,2,379.225,362.3,392.6,12.999070479589436,39315.5
Sugarcane,Uttar Pradesh,2020,3,358.78000000000003,352.2,365.8,5.8234010681044435,51462.8
Sugarcane,Uttar Pradesh,2020,4,535.225,527.2,545.1,8.64344645767341,21862.6
Sugarcane,Uttar Pradesh,2020,5,518.1,487.4,551.9,27.474715649120007,25721.6
Sugarcane,Uttar Pradesh,2020,6,522.24,492.0,547.5,22.539809227231693,28208.2
Sugarcane,Uttar Pradesh,2020,7,521.75,495.0,555.4,27.503393729986605,23257.9
Sugarcane,Uttar Pradesh,2020,8,525.58,508.0,560.4,20.795720713646812,30574.0
Sugarcane,Uttar Pradesh,2020,9,521.15,502.9,549.7,21.179471192643145,22924.1
Sugarcane,Uttar Pradesh,2020,10,540.65,495.3,567.1,34.15313553199273,22676.9
Sugarcane,Uttar Pradesh,2020,11,396.54,374.4,411.3,16.87314434241585,57193.7
Sugarcane,Uttar Pradesh,2020,12,399.475,381.5,415.5,17.241495488114314,51195.100000000006
Sugarcane,Uttar Pradesh,2021,1,393.5,380.1,402.2,10.127520262466343,45427.4
Sugarcane,Uttar Pradesh,2021,2,406.075,395.2,414.8,9.982442920781814,45296.7
Sugarcane,Uttar Pradesh,2021,3,388.5,372.2,411.0,14.742455697745877,52428.4
Sugarcane,Uttar Pradesh,2021,4,557.5,522.3,583.7,27.410338682086156,21070.1
Sugarcane,Uttar Pradesh,2021,5,557.24,517.9,588.0,26.660326329585697,29390.100000000002
Sugarcane,Uttar Pradesh,2021,6,542.875,522.3,564.9,21.21734746223792,21987.0
Sugarcane,Uttar Pradesh,2021,7,564.45,530.4,586.1,24.297667926504115,21834.1
Sugarcane,Uttar Pradesh,2021,8,560.52,525.2,590.4,27.558610269750506,29190.0
Sugarcane,Uttar Pradesh,2021,9,557.075,538.5,591.3,24.488415628619162,24689.9
Sugarcane,Uttar Pradesh,2021,10,556.25,533.4,598.8,29.30682514364187,22856.7
Sugarcane,Uttar Pradesh,2021,11,420.21999999999997,394.6,432.6,15.360729149360054,52575.0
Sugarcane,Uttar Pradesh,2021,12,414.95,393.8,438.9,18.868757245775328,37191.4
Sugarcane,Uttar Pradesh,2022,1,414.16,392.0,439.6,20.964326843473906,61123.1
Sugarcane,Uttar Pradesh,2022,2,417.4,397.2,432.2,15.119964726590252,46974.8
Sugarcane,Uttar Pradesh,2022,3,422.25,396.5,433.8,17.329454694248167,40892.4
Sugarcane,Uttar Pradesh,2022,4,603.025,572.9,622.8,21.292623918468443,23617.8
Sugarcane,Uttar Pradesh,2022,5,590.1400000000001,551.2,620.0,26.55198674299158,28735.6
Sugarcane,Uttar Pradesh,2022,6,586.275,555.3,614.2,27.618879412459908,20143.6
Sugarcane,Uttar Pradesh,2022,7,589.825,552.5,631.4,32.86430434377094,23643.8
Sugarcane,Uttar Pradesh,2022,8,573.86,553.1,619.3,25.987747112822202,29008.6
Sugarcane,Uttar Pradesh,2022,9,589.425,554.4,624.4,28.749768115006894,22239.2
Sugarcane,Uttar Pradesh,2022,10,596.04,569.8,640.2,30.860217108763234,27208.5
Sugarcane,Uttar Pradesh,2022,11,448.025,437.6,460.2,11.097259421436735,34877.3
Sugarcane,Uttar Pradesh,2022,12,440.15,424.0,470.2,21.693393771683876,45411.7
Sugarcane,Uttar Pradesh,2023,1,442.64,417.0,474.8,24.476376365794017,57297.7
Sugarcane,Uttar Pradesh,2023,2,434.9,425.1,451.3,11.522441870830447,47555.6
Sugarcane,Uttar Pradesh,2023,3,445.05,420.9,474.8,27.2813122851523,40979.3
Sugarcane,Uttar Pradesh,2023,4,625.9,611.3,636.3,12.025251210127264,22529.2
Sugarcane,Uttar Pradesh,2023,5,606.36,575.7,647.9,26.064113259422435,30560.3
Sugarcane,Uttar Pradesh,2023,6,609.15,580.2,639.1,31.467708316092338,24630.2
Sugarcane,Uttar Pradesh,2023,7,603.7,583.0,639.8,22.218235753542658,28997.2
Sugarcane,Uttar Pradesh,2023,8,620.2,601.7,645.3,18.308103852301752,25605.5
Sugarcane,Uttar Pradesh,2023,9,627.825,607.1,674.0,31.044524476950873,23576.9
Sugarcane,Uttar Pradesh,2023,10,613.92,591.5,634.3,19.347919784824377,25470.9
Sugarcane,Uttar Pradesh,2023,11,472.225,449.8,495.5,23.01787348996427,42481.8
Sugarcane,Uttar Pradesh,2023,12,466.875,438.3,497.3,29.89630690681823,39342.8
Wheat,Haryana,2015,1,2347.025,2253.8,2473.1,94.05758431230657,4376.6
Wheat,Haryana,2015,2,2372.15,2252.4,2466.7,91.2806843386556,4449.1
Wheat,Haryana,2015,3,1756.1,1654.1,1849.0,87.8960181123127,11426.4
Wheat,Haryana,2015,4,1747.9,1700.5,1826.1,55.30015069298336,8530.2
Wheat,Haryana,2015,5,1748.775,1693.5,1812.2,48.72011049522226,9547.5
Wheat,Haryana,2015,6,2389.2400000000002,2254.2,2584.3,156.73587017654887,5006.3
Wheat,Haryana,2015,7,2462.825,2407.9,2557.1,70.0788781778551,4297.5
Wheat,Haryana,2015,8,2403.2400000000002,2269.6,2566.1,122.79677520195713,6152.0
Wheat,Haryana,2015,9,2411.45,2278.2,2566.3,141.0624093560484,4303.0
Wheat,Haryana,2015,10,2482.8500000000004,2404.8,2592.4,78.7917296844451,4636.9
Wheat,Haryana,2015,11,2413.2400000000002,2315.3,2630.1,126.17623785800545,5343.200000000001
Wheat,Haryana,2015,12,2490.85,2389.3,2649.4,124.02560219567572,3693.6
Wheat,Haryana,2016,1,2516.05,2484.1,2551.0,30.521085607603702,4734.9
Wheat,Haryana,2016,2,2612.6,2523.5,2667.5,61.84723114254995,5759.8
Wheat,Haryana,2016,3,1840.55,1759.1,1956.7,83.16944551135762,8454.2
Wheat,Haryana,2016,4,1890.325,1802.5,1932.5,59.619704516767484,9471.0
Wheat,Haryana,2016,5,1872.42,1745.8,1954.4,82.5799128117729,9160.4
Wheat,Haryana,2016,6,2555.2,2437.2,2631.6,84.63947069777801,4395.6
Wheat,Haryana,2016,7,2608.525,2527.9,2717.5,82.83277833482737,4639.0
Wheat,Haryana,2016,8,2506.44,2412.1,2631.8,83.48768172610866,5041.6
Wheat,Haryana,2016,9,2651.875,2515.7,2776.9,108.50217739750671,4383.1
Wheat,Haryana,2016,10,2561.38,2445.1,2636.7,84.48388603751606,5190.299999999999
Wheat,Haryana,2016,11,2547.15,2453.5,2644.8,81.7484964183849,4031.1
Wheat,Haryana,2016,12,2646.425,2477.2,2800.0,137.77184944683015,4399.4
Wheat,Haryana,2017,1,2586.52,2492.6,2692.7,83.71437749873058,5554.6
Wheat,Haryana,2017,2,2609.5,2501.9,2720.7,89.92993569069928,4692.7
Wheat,Haryana,2017,3,1867.425,1820.0,1897.5,37.243019480165685,7108.0
Wheat,Haryana,2017,4,2000.45,1969.4,2037.3,33.090633115732274,9531.3
Wheat,Haryana,2017,5,1985.7599999999998,1902.5,2091.3,73.61384380671893,10472.0
Wheat,Haryana,2017,6,2725.15,2629.0,2771.9,65.15716895834778,4019.5
Wheat,Haryana,2017,7,2736.1,2576.0,2845.3,103.19454927465883,5022.8
Wheat,Haryana,2017,8,2843.5,2701.2,2932.7,105.86289875746523,4068.7
Wheat,Haryana,2017,9,2659.7,2585.9,2718.5,65.67942346478578,4322.8
Wheat,Haryana,2017,10,2803.42,2630.8,2947.8,126.25637409651843,4956.8
Wheat,Haryana,2017,11,2707.85,2623.5,2824.2,97.67027865903366,4127.3
Wheat,Haryana,2017,12,2808.1499999999996,2636.7,2925.0,131.71019955442588,4057.5
Wheat,Haryana,2018,1,2841.58,2656.0,2958.5,126.42640942461344,5938.0
Wheat,Haryana,2018,2,2826.025,2659.8,2953.6,132.57733277852077,4466.0
Wheat,Haryana,2018,3,2088.375,2068.1,2117.7,21.330943876600177,8644.5
Wheat,Haryana,2018,4,2029.1799999999998,1939.4,2163.8,91.76846953066182,10635.4
Wheat,Haryana,2018,5,2136.35,2026.1,2204.9,79.67557132940222,8731.0
Wheat,Haryana,2018,6,2846.55,2720.3,2986.2,129.537858044151,4487.700000000001
Wheat,Haryana,2018,7,2928.52,2701.1,3060.7,151.77294554695848,6219.1
Wheat,Haryana,2018,8,2953.6,2794.4,3103.5,138.01780078429488,4321.8
Wheat,Haryana,2018,9,2890.7,2737.5,3049.0,133.28573317000817,4683.9
Wheat,Haryana,2018,10,2955.42,2756.3,3094.7,149.7828661763421,4988.9
Wheat,Haryana,2018,11,2860.2999999999997,2793.6,2974.2,78.71048214818661,4954.9
Wheat,Haryana,2018,12,2870.04,2817.8,2935.1,59.12053788659235,5977.099999999999
Wheat,Haryana,2019,1,2954.075,2828.5,3127.0,141.05475000864027,4559.6
Wheat,Haryana,2019,2,2988.425,2880.7,3181.9,136.20478148728859,3968.1
Wheat,Haryana,2019,3,2175.1749999999997,2134.7,2220.1,40.176724190340295,8013.4
Wheat,Haryana,2019,4,2195.48,2093.4,2343.4,105.99071657461337,10835.0
Wheat,Haryana,2019,5,2163.325,2081.0,2323.5,108.87568981794465,6994.1
Wheat,Haryana,2019,6,2980.9,2873.7,3216.9,160.66729598770277,4325.5
Wheat,Haryana,2019,7,3108.6800000000003,2990.4,3217.0,81.43830179958307,5409.7
Wheat,Haryana,2019,8,3089.6,2913.0,3281.0,183.16464360423547,3849.7
Wheat,Haryana,2019,9,3199.2,3011.6,3312.0,140.31295378545792,5476.8
Wheat,Haryana,2019,10,3244.475,3157.1,3315.4,68.4838849657349,4411.1
Wheat,Haryana,2019,11,3021.125,2930.9,3161.4,99.43474828583149,4062.0
Wheat,Haryana,2019,12,3133.92,2968.3,3250.8,104.02262734616916,5415.0
Wheat,Haryana,2020,1,3273.25,3053.1,3376.6,148.7505854330217,3625.8
Wheat,Haryana,2020,2,3137.225,2951.4,3322.2,210.5045427063273,4108.799999999999
Wheat,Haryana,2020,3,2379.06,2290.9,2462.0,72.67391554058452,10709.0
Wheat,Haryana,2020,4,2363.4,2310.5,2406.0,48.82396952317582,8453.099999999999
Wheat,Haryana,2020,5,2399.5750000000003,2369.8,2418.9,20.96908438630546,8506.7
Wheat,Haryana,2020,6,3273.04,3087.4,3329.8,104.2264026050981,4977.3
Wheat,Haryana,2020,7,3296.475,3107.8,3453.7,152.96732494228942,3998.9
Wheat,Haryana,2020,8,3211.7400000000002,3067.5,3479.3,165.43362112944286,6241.5
Wheat,Haryana,2020,9,3239.55,3124.6,3410.8,130.1069944315064,4385.9
Wheat,Haryana,2020,10,3196.425,3098.4,3424.8,155.35414113137364,3976.3999999999996
Wheat,Haryana,2020,11,3306.96,3099.8,3479.8,176.39496308001543,5110.8
Wheat,Haryana,2020,12,3283.3,3160.1,3473.7,135.813229596138,3826.0
Wheat,Haryana,2021,1,3223.625,3134.8,3359.9,99.54075798385306,4375.8
Wheat,Haryana,2021,2,3479.8,3412.1,3583.0,72.93892422202754,4266.5
Wheat,Haryana,2021,3,2492.7599999999998,2365.1,2586.9,104.52769011128117,11320.2
Wheat,Haryana,2021,4,2541.65,2419.5,2653.5,95.94889264603303,7755.799999999999
Wheat,Haryana,2021,5,2571.82,2549.8,2605.8,22.87251625860165,9505.0
Wheat,Haryana,2021,6,3443.825,3277.3,3568.1,122.12128875288974,4399.6
Wheat,Haryana,2021,7,3532.725,3474.5,3670.1,92.004433769973,4577.3
Wheat,Haryana,2021,8,3505.7,3318.9,3653.8,146.01097561484883,5631.0
Wheat,Haryana,2021,9,3391.775,3264.6,3436.9,84.81306404872637,4454.9
Wheat,Haryana,2021,10,3391.05,3316.0,3484.9,79.32357783156289,4732.200000000001
Wheat,Haryana,2021,11,3586.1,3451.2,3735.1,118.07821560304845,5607.8
Wheat,Haryana,2021,12,3506.25,3333.6,3739.1,173.9058845084509,4739.3
Wheat,Haryana,2022,1,3464.3,3298.1,3788.3,214.94022424851045,5672.3
Wheat,Haryana,2022,2,3633.5,3484.6,3790.6,139.45873941779342,4578.0
Wheat,Haryana,2022,3,2610.125,2449.5,2775.7,149.57959698211948,9365.2
Wheat,Haryana,2022,4,2689.625,2591.2,2777.7,76.3955223382453,8591.9
Wheat,Haryana,2022,5,2713.94,2585.4,2791.8,86.68320483230868,10885.900000000001
Wheat,Haryana,2022,6,3578.85,3445.2,3757.1,132.8688701941377,4343.299999999999
Wheat,Haryana,2022,7,3626.575,3493.7,3840.9,150.17419607464763,3954.8
Wheat,Haryana,2022,8,3540.96,3424.7,3836.5,170.86239492644373,4743.8
Wheat,Haryana,2022,9,3748.925,3490.9,3860.0,173.4140781482286,3922.0
Wheat,Haryana,2022,10,3585.5,3452.9,3762.1,142.08242326199255,4974.1
Wheat,Haryana,2022,11,3820.35,3522.6,3968.8,205.949597393796,4797.4
Wheat,Haryana,2022,12,3659.05,3483.1,3810.2,141.88663315008466,4699.2
Wheat,Haryana,2023,1,3685.0800000000004,3579.4,3790.6,98.92912614594341,5105.7
Wheat,Haryana,2023,2,3749.05,3638.2,3853.6,88.27870637928501,4184.8
Wheat,Haryana,2023,3,2770.075,2721.6,2897.6,85.17931575995033,8730.2
Wheat,Haryana,2023,4,2778.3,2692.8,2859.4,84.19445745811693,8082.5
Wheat,Haryana,2023,5,2820.1,2682.0,2996.4,137.94437284644857,10205.7
Wheat,Haryana,2023,6,3880.5,3602.3,4064.2,206.6939605632764,4865.299999999999
Wheat,Haryana,2023,7,3880.56,3717.9,4008.8,106.70247419811777,5132.4
Wheat,Haryana,2023,8,3852.825,3679.2,4147.0,203.31981990614364,4178.1
Wheat,Haryana,2023,9,3908.4,3684.0,4041.8,157.88561260186648,4049.1
Wheat,Haryana,2023,10,3910.28,3757.6,4124.9,139.13600181117735,5369.6
Wheat,Haryana,2023,11,3957.45,3783.1,4128.1,153.8915310643617,4578.5
Wheat,Haryana,2023,12,3836.575,3728.1,4080.6,164.60660932457515,3522.1
Wheat,Madhya Pradesh,2015,1,2353.175,2204.9,2461.7,114.57839746944727,4492.2
Wheat,Madhya Pradesh,2015,2,2340.75,2236.2,2465.0,99.47078298006237,4336.1
Wheat,Madhya Pradesh,2015,3,1729.1200000000001,1647.5,1843.7,74.2160157917414,12512.3
Wheat,Madhya Pradesh,2015,4,1804.025,1738.3,1855.9,52.825964260011474,8330.8
Wheat,Madhya Pradesh,2015,5,1747.7,1644.7,1851.2,86.30840051814187,9600.1
Wheat,Madhya Pradesh,2015,6,2448.62,2318.5,2582.9,111.73091335883738,4438.7
Wheat,Madhya Pradesh,2015,7,2401.875,2291.5,2536.6,116.41192307205199,4214.799999999999
Wheat,Madhya Pradesh,2015,8,2464.5,2365.0,2564.1,91.00887319377155,5661.7
Wheat,Madhya Pradesh,2015,9,2385.2250000000004,2288.3,2513.9,94.4558935870776,4027.2
Wheat,Madhya Pradesh,2015,10,2440.4,2289.7,2629.7,160.87804905165476,3997.6
Wheat,Madhya Pradesh,2015,11,2469.6,2387.4,2641.6,102.01303838235592,5300.8
Wheat,Madhya Pradesh,2015,12,2444.675,2405.5,2523.0,53.65273369860408,3963.2
Wheat,Madhya Pradesh,2016,1,2473.775,2337.9,2577.9,103.05737479676071,4571.7
Wheat,Madhya Pradesh,2016,2,2530.42,2386.8,2685.7,113.65177957251693,4708.3
Wheat,Madhya Pradesh,2016,3,1894.95,1809.4,1956.2,63.04334487742006,7809.1
Wheat,Madhya Pradesh,2016,4,1793.65,1740.7,1888.9,68.56186986948367,8027.9
Wheat,Madhya Pradesh,2016,5,1763.9,1740.1,1787.6,21.456817098535318,10270.2
Wheat,Madhya Pradesh,2016,6,2536.275,2416.6,2599.4,81.56148498729857,4350.8
Wheat,Madhya Pradesh,2016,7,2500.375,2422.8,2601.8,75.68453717019528,4292.7
Wheat,Madhya Pradesh,2016,8,2652.6400000000003,2576.9,2728.3,58.58607343046642,4473.4
Wheat,Madhya Pradesh,2016,9,2602.8250000000003,2468.4,2753.8,149.56225849681024,3984.0
Wheat,Madhya Pradesh,2016,10,2516.66,2436.3,2674.5,98.37008183385828,5083.1
Wheat,Madhya Pradesh,2016,11,2578.875,2465.1,2699.6,128.08466926217207,4155.3
Wheat,Madhya Pradesh,2016,12,2599.45,2457.7,2755.8,140.85819110012753,4357.3
Wheat,Madhya Pradesh,2017,1,2605.66,2476.5,2775.3,107.73171770653249,5730.6
Wheat,Madhya Pradesh,2017,2,2631.15,2526.2,2804.9,120.99780989753492,4640.7
Wheat,Madhya Pradesh,2017,3,2009.5,1891.3,2083.4,82.61868231015708,9185.2
Wheat,Madhya Pradesh,2017,4,2008.725,1869.2,2096.0,97.38108560358798,8370.3
Wheat,Madhya Pradesh,2017,5,1969.08,1866.1,2067.2,86.63955216874099,10234.9
Wheat,Madhya Pradesh,2017,6,2785.2000000000003,2590.4,2896.8,135.99904411428764,4234.299999999999
Wheat,Madhya Pradesh,2017,7,2672.8399999999997,2600.6,2744.7,63.25016205512838,5453.4
Wheat,Madhya Pradesh,2017,8,2747.1,2642.8,2857.7,115.31623187276496,4058.8999999999996
Wheat,Madhya Pradesh,2017,9,2768.3,2631.2,2935.4,152.22111110705595,4163.3
Wheat,Madhya Pradesh,2017,10,2777.98,2571.9,2939.9,148.23795735235962,6341.1
Wheat,Madhya Pradesh,2017,11,2691.35,2634.8,2759.4,51.54043719902521,4053.2
Wheat,Madhya Pradesh,2017,12,2735.525,2615.3,2846.3,94.52380211706819,4572.400000000001
Wheat,Madhya Pradesh,2018,1,2746.4,2629.9,2923.1,111.92497487156298,5146.5
Wheat,Madhya Pradesh,2018,2,2728.175,2704.4,2745.5,18.628718868098918,4461.200000000001
Wheat,Madhya Pradesh,2018,3,2023.225,1965.2,2193.9,113.78759085828882,7892.6
Wheat,Madhya Pradesh,2018,4,2099.66,2011.9,2166.7,63.61008567829478,9337.7
Wheat,Madhya Pradesh,2018,5,2092.8,2015.2,2182.9,86.900134253828,8308.900000000001
Wheat,Madhya Pradesh,2018,6,2799.85,2683.3,2886.5,98.78733049671216,3979.6
Wheat,Madhya Pradesh,2018,7,2894.4,2712.9,3049.8,151.61680315848898,5525.4
Wheat,Madhya Pradesh,2018,8,2877.95,2767.9,2985.8,94.37028133898943,4268.4
Wheat,Madhya Pradesh,2018,9,2978.85,2947.4,3014.1,33.64367201520468,4526.1
Wheat,Madhya Pradesh,2018,10,2961.96,2738.7,3100.4,159.96284881184147,5314.9
Wheat,Madhya Pradesh,2018,11,2847.025,2751.1,2993.1,104.07155791409419,4160.9
Wheat,Madhya Pradesh,2018,12,2996.1,2935.7,3121.6,72.33232334164308,5008.8
Wheat,Madhya Pradesh,2019,1,3090.325,3021.7,3133.2,48.0266852905757,4391.2
Wheat,Madhya Pradesh,2019,2,3021.125,2911.7,3118.9,88.08678958845088,4634.7
Wheat,Madhya Pradesh,2019,3,2222.8,2063.3,2314.3,109.74591867885866,7306.2
Wheat,Madhya Pradesh,2019,4,2215.9,2074.9,2316.9,101.98705800247403,9799.1
Wheat,Madhya Pradesh,2019,5,2304.4,2228.0,2363.1,67.52900611342261,8591.9
Wheat,Madhya Pradesh,2019,6,3076.85,2932.2,3235.8,135.5346081264854,4702.6
Wheat,Madhya Pradesh,2019,7,2981.1400000000003,2855.1,3093.8,90.79808918694265,5583.9
Wheat,Madhya Pradesh,2019,8,3026.425,2873.1,3187.3,132.71205358469396,4334.1
Wheat,Madhya Pradesh,2019,9,3097.7799999999997,2901.9,3300.0,162.96455749640776,5434.5
Wheat,Madhya Pradesh,2019,10,3093.275,2889.6,3319.1,175.9207468340976,4237.4
Wheat,Madhya Pradesh,2019,11,3144.9,2940.5,3294.7,167.7800743036351,3909.2
Wheat,Madhya Pradesh,2019,12,3107.54,2934.6,3326.6,153.2374236275199,5782.4
Wheat,Madhya Pradesh,2020,1,3241.375,3159.9,3327.4,73.75682454299842,4239.7
Wheat,Madhya Pradesh,2020,2,3177.25,2992.7,3366.8,184.14415548694456,4174.1
Wheat,Madhya Pradesh,2020,3,2379.08,2241.8,2452.5,81.4243329723984,11576.5
Wheat,Madhya Pradesh,2020,4,2290.875,2276.5,2310.2,14.053795454134873,9883.1
Wheat,Madhya Pradesh,2020,5,2363.3,2252.0,2422.1,76.09086673182273,7889.6
Wheat,Madhya Pradesh,2020,6,3242.2799999999997,3134.2,3421.2,119.26473493870677,5306.3
Wheat,Madhya Pradesh,2020,7,3294.95,3141.9,3461.5,134.19141800676627,4505.6
Wheat,Madhya Pradesh,2020,8,3320.12,3146.5,3481.9,147.5199715292814,4759.4
Wheat,Madhya Pradesh,2020,9,3251.875,3064.0,3387.8,135.60391771626664,4288.8
Wheat,Madhya Pradesh,2020,10,3247.0,3115.9,3424.2,151.26429409039875,4949.3
Wheat,Madhya Pradesh,2020,11,3320.22,3121.9,3505.9,173.54583544412694,4931.7
Wheat,Madhya Pradesh,2020,12,3314.15,3240.6,3372.6,58.167373443652366,3956.7
Wheat,Madhya Pradesh,2021,1,3277.05,3117.4,3529.4,177.27696785914782,4332.2
Wheat,Madhya Pradesh,2021,2,3398.975,3343.5,3542.2,95.68494744037153,4376.5
Wheat,Madhya Pradesh,2021,3,2500.48,2338.7,2625.5,103.78175176783257,9553.5
Wheat,Madhya Pradesh,2021,4,2525.45,2392.9,2637.3,117.08699045296767,7255.7
Wheat,Madhya Pradesh,2021,5,2571.7599999999998,2449.9,2651.7,74.02467831743688,9762.3
Wheat,Madhya Pradesh,2021,6,3386.55,3242.1,3613.5,170.0557261605736,4102.700000000001
Wheat,Madhya Pradesh,2021,7,3334.875,3275.6,3388.3,51.817910352824235,4328.4
Wheat,Madhya Pradesh,2021,8,3440.46,3269.1,3624.1,171.6951455341706,5079.6
Wheat,Madhya Pradesh,2021,9,3384.8,3254.0,3483.5,115.6396414153324,4181.8
Wheat,Madhya Pradesh,2021,10,3443.95,3269.4,3701.6,183.85549579311817,4404.7
Wheat,Madhya Pradesh,2021,11,3539.06,3397.1,3640.7,102.09528882372578,5332.6
Wheat,Madhya Pradesh,2021,12,3506.475,3370.5,3582.0,93.9225700599524,4264.1
Wheat,Madhya Pradesh,2022,1,3478.54,3396.3,3583.4,81.24341819495302,5165.1
Wheat,Madhya Pradesh,2022,2,3492.05,3326.8,3592.4,115.07344031820134,4336.8
Wheat,Madhya Pradesh,2022,3,2641.65,2451.8,2796.0,144.86900979850716,8142.6
Wheat,Madhya Pradesh,2022,4,2590.925,2530.0,2662.5,67.2722515851323,8956.4
Wheat,Madhya Pradesh,2022,5,2601.2599999999998,2491.4,2697.1,102.36695267516727,11987.8
Wheat,Madhya Pradesh,2022,6,3711.2,3610.0,3869.5,111.47744166422184,3788.1
Wheat,Madhya Pradesh,2022,7,3605.2,3448.2,3770.2,131.5883733465841,4095.2000000000003
Wheat,Madhya Pradesh,2022,8,3573.2599999999998,3452.7,3724.7,97.25951367347047,4919.3
Wheat,Madhya Pradesh,2022,9,3707.525,3672.0,3731.9,25.66870662888961,4129.3
Wheat,Madhya Pradesh,2022,10,3652.6800000000003,3448.9,3955.3,212.40577204963168,5670.200000000001
Wheat,Madhya Pradesh,2022,11,3725.8,3475.5,3899.5,195.3925791835503,4007.5
Wheat,Madhya Pradesh,2022,12,3737.1,3578.8,3946.1,153.81805268996646,4193.5
Wheat,Madhya Pradesh,2023,1,3620.7,3504.1,3792.5,141.23839775358545,5779.4
Wheat,Madhya Pradesh,2023,2,3775.375,3645.0,3860.9,93.7983786284888,4118.3
Wheat,Madhya Pradesh,2023,3,2764.65,2645.0,2889.5,103.81440169841565,7493.8
Wheat,Madhya Pradesh,2023,4,2783.425,2673.3,2963.6,129.98798341898117,8713.4
Wheat,Madhya Pradesh,2023,5,2784.2599999999998,2651.7,2942.0,113.05756498350732,10727.5
Wheat,Madhya Pradesh,2023,6,3777.975,3617.6,3948.2,142.89227585842414,3938.8
Wheat,Madhya Pradesh,2023,7,3922.1,3729.7,4112.2,164.04094001193707,5195.6
Wheat,Madhya Pradesh,2023,8,3746.975,3708.5,3805.9,42.929350876372176,4350.7
Wheat,Madhya Pradesh,2023,9,3855.425,3641.8,4036.1,170.05876190305506,4352.0
Wheat,Madhya Pradesh,2023,10,3954.56,3736.4,4133.9,150.18755940489862,5948.1
Wheat,Madhya Pradesh,2023,11,4146.9,4061.8,4213.9,78.32458107133402,4827.8
Wheat,Madhya Pradesh,2023,12,4041.8,3796.8,4193.1,188.58361540706568,3829.0
Wheat,Punjab,2015,1,2422.925,2349.6,2482.3,65.45651864660485,4636.5
Wheat,Punjab,2015,2,2348.275,2232.5,2497.0,130.0702470462276,4321.4
Wheat,Punjab,2015,3,1721.7,1675.0,1816.7,56.68064043392599,10719.3
Wheat,Punjab,2015,4,1809.9,1723.4,1858.1,61.59962121095651,7845.2
Wheat,Punjab,2015,5,1721.55,1636.5,1807.8,84.94525688151553,8581.9
Wheat,Punjab,2015,6,2347.52,2283.4,2382.9,40.92831538189669,5026.3
Wheat,Punjab,2015,7,2372.55,2272.3,2467.4,95.92081803932514,4384.299999999999
Wheat,Punjab,2015,8,2501.32,2380.3,2570.7,75.9632279461582,5161.3
Wheat,Punjab,2015,9,2466.925,2361.7,2595.6,116.85002852659753,4400.0
Wheat,Punjab,2015,10,2438.5,2342.5,2626.9,128.2496783621698,4377.8
Wheat,Punjab,2015,11,2468.38,2312.8,2638.1,120.0517680003088,4638.7
Wheat,Punjab,2015,12,2448.025,2332.0,2609.7,126.73132669812406,3839.0
Wheat,Punjab,2016,1,2443.4,2330.4,2623.4,129.16253326719803,5035.9
Wheat,Punjab,2016,2,2452.02,2338.8,2625.8,109.97687029553096,4961.8
Wheat,Punjab,2016,3,1869.825,1835.9,1886.7,23.24240019160384,8465.1
Wheat,Punjab,2016,4,1842.15,1750.0,1965.2,106.67022389901814,7553.3
Wheat,Punjab,2016,5,1878.22,1799.8,1943.6,62.32015725268996,11373.9
Wheat,Punjab,2016,6,2587.225,2475.9,2734.4,120.69405881539224,4006.7
Wheat,Punjab,2016,7,2539.55,2414.2,2665.3,140.65343934650173,4776.5
Wheat,Punjab,2016,8,2682.3199999999997,2564.2,2754.6,80.18872738733296,5413.1
Wheat,Punjab,2016,9,2575.225,2468.2,2672.0,107.91034473117026,4056.8
Wheat,Punjab,2016,10,2559.2,2448.1,2676.8,111.45476660959822,5829.9
Wheat,Punjab,2016,11,2569.975,2458.1,2627.7,77.16239909005762,4045.7
Wheat,Punjab,2016,12,2594.6,2487.3,2714.6,102.19161739921064,4830.8
Wheat,Punjab,2017,1,2710.7599999999998,2534.9,2774.5,99.83475346791813,5560.0
Wheat,Punjab,2017,2,2659.35,2548.4,2791.6,124.52053378191637,4171.1
Wheat,Punjab,2017,3,1960.625,1859.9,2037.2,88.73437421127547,9305.0
Wheat,Punjab,2017,4,1932.05,1844.6,2085.6,107.11708547192643,7987.799999999999
Wheat,Punjab,2017,5,1944.6799999999998,1890.8,2002.7,48.63411354183401,12040.7
Wheat,Punjab,2017,6,2735.8,2599.6,2854.4,127.90551200006986,3622.3
Wheat,Punjab,2017,7,2775.92,2671.8,2888.8,76.99381143962148,5729.6
Wheat,Punjab,2017,8,2747.05,2634.1,2889.1,107.40780542710435,4064.7
Wheat,Punjab,2017,9,2670.65,2555.1,2777.8,111.84007927989582,4327.9
Wheat,Punjab,2017,10,2707.46,2628.7,2807.1,70.03686886205018,5134.0
Wheat,Punjab,2017,11,2886.6,2739.4,2961.8,99.87138395623309,4368.5
Wheat,Punjab,2017,12,2823.15,2764.0,2924.0,69.9287971201182,3893.7
Wheat,Punjab,2018,1,2810.92,2643.4,2872.5,95.42055334151013,5409.0
Wheat,Punjab,2018,2,2850.525,2785.3,2981.9,90.62569080196498,4344.3
Wheat,Punjab,2018,3,2072.0750000000003,2017.9,2165.8,64.57400792888734,8093.4
Wheat,Punjab,2018,4,2054.6,2024.7,2132.0,43.910647911411935,10009.8
Wheat,Punjab,2018,5,2101.55,2023.5,2152.9,61.12988903419789,7265.4
Wheat,Punjab,2018,6,2858.425,2800.8,2891.4,41.74129649799269,4144.4
Wheat,Punjab,2018,7,2880.6600000000003,2735.5,3033.8,133.6023502787283,5996.599999999999
Wheat,Punjab,2018,8,2910.125,2747.7,3079.3,136.90659528793117,4660.8
Wheat,Punjab,2018,9,2990.9,2847.1,3099.8,105.70288548568597,4693.2
Wheat,Punjab,2018,10,2940.0,2770.7,3120.6,149.3672487528641,5223.5
Wheat,Punjab,2018,11,2844.95,2771.6,2924.4,66.87403581859463,4009.8999999999996
Wheat,Punjab,2018,12,2923.8,2789.9,3130.7,133.47349924235886,5529.2
Wheat,Punjab,2019,1,2932.325,2852.2,3028.3,72.81988624911034,4481.2
Wheat,Punjab,2019,2,3018.925,2906.0,3153.5,109.78316127712844,4714.9
Wheat,Punjab,2019,3,2241.675,2050.0,2353.8,139.01729808432725,8096.9
Wheat,Punjab,2019,4,2158.74,2081.1,2205.7,56.0441611588576,10815.0
Wheat,Punjab,2019,5,2216.45,2108.1,2363.3,107.8494166264552,8062.7
Wheat,Punjab,2019,6,3017.1,2840.1,3220.6,193.1572934165314,4408.4
Wheat,Punjab,2019,7,3061.1400000000003,2947.1,3196.4,123.31807653381568,5101.9
Wheat,Punjab,2019,8,3127.075,3041.6,3272.3,103.71095650894372,4450.8
Wheat,Punjab,2019,9,3063.1800000000003,2895.3,3271.8,157.71057986070565,5708.5
Wheat,Punjab,2019,10,3057.5,2969.8,3181.2,90.27550424487607,4773.6
Wheat,Punjab,2019,11,3070.625,2954.6,3182.0,104.26985422450728,4499.4
Wheat,Punjab,2019,12,3059.44,2938.2,3330.4,154.6567263328693,5046.5
Wheat,Punjab,2020,1,3220.5,3017.7,3314.5,136.6163484604485,3594.3
Wheat,Punjab,2020,2,3225.775,3019.8,3361.7,149.01803861725358,4270.799999999999
Wheat,Punjab,2020,3,2329.08,2291.3,2423.4,54.775971009193476,9187.9
Wheat,Punjab,2020,4,2380.525,2317.3,2465.8,61.94709436285134,8044.5
Wheat,Punjab,2020,5,2378.25,2283.0,2494.8,102.53875690033826,8370.3
Wheat,Punjab,2020,6,3150.48,3067.4,3305.2,90.23456654741564,5283.4
Wheat,Punjab,2020,7,3240.75,3183.8,3338.3,72.22818009613675,4679.5
Wheat,Punjab,2020,8,3208.28,3118.8,3285.4,70.81339562540418,4891.6
Wheat,Punjab,2020,9,3168.85,3069.8,3295.6,102.30850404536244,4325.5
Wheat,Punjab,2020,10,3385.45,3178.7,3515.2,145.85409376039692,4569.6
Wheat,Punjab,2020,11,3370.22,3215.9,3508.0,130.93439960529838,5275.9
Wheat,Punjab,2020,12,3147.225,3098.4,3253.2,71.82034878779139,4309.4
Wheat,Punjab,2021,1,3352.6749999999997,3166.7,3462.6,133.56959172406468,4203.2
Wheat,Punjab,2021,2,3227.825,3127.5,3484.8,171.71744960836116,4452.0
Wheat,Punjab,2021,3,2427.3,2310.8,2522.8,87.54050491058413,10282.2
Wheat,Punjab,2021,4,2492.75,2395.6,2562.8,70.03239726488506,8289.3
Wheat,Punjab,2021,5,2483.08,2367.8,2610.2,115.35305370903711,10037.7
Wheat,Punjab,2021,6,3412.55,3204.9,3519.6,140.99485806227108,4236.1
Wheat,Punjab,2021,7,3499.175,3306.6,3603.6,135.84433186555842,4207.5
Wheat,Punjab,2021,8,3378.8199999999997,3256.0,3506.6,123.71904461318812,5172.1
Wheat,Punjab,2021,9,3481.75,3360.5,3698.1,159.70223333858962,3769.0
Wheat,Punjab,2021,10,3543.375,3420.3,3704.0,144.33949274771135,3725.4
Wheat,Punjab,2021,11,3561.6800000000003,3375.9,3673.1,118.25879248495637,5407.8
Wheat,Punjab,2021,12,3429.9,3336.9,3501.8,75.37537175143265,4933.1
Wheat,Punjab,2022,1,3627.38,3445.3,3721.7,110.03170906606876,5349.7
Wheat,Punjab,2022,2,3412.525,3332.1,3512.5,75.09213784855706,3858.3
Wheat,Punjab,2022,3,2579.7,2463.5,2725.6,120.79119725101391,7969.299999999999
Wheat,Punjab,2022,4,2574.8,2480.9,2672.3,87.62503447455367,9399.8
Wheat,Punjab,2022,5,2510.18,2463.6,2561.6,42.14465565169561,9637.7
Wheat,Punjab,2022,6,3463.725,3426.7,3547.1,56.852228041945125,4011.9
Wheat,Punjab,2022,7,3573.975,3464.5,3727.5,116.49181301705285,4150.0
Wheat,Punjab,2022,8,3687.94,3455.0,3870.5,169.66889225783285,5545.9
Wheat,Punjab,2022,9,3681.825,3533.3,3759.1,101.04986805203319,3668.7000000000003
Wheat,Punjab,2022,10,3713.4,3579.5,3807.9,88.90596155489243,5694.5
Wheat,Punjab,2022,11,3576.95,3483.7,3804.2,152.00742306435785,4619.2
Wheat,Punjab,2022,12,3699.275,3485.4,3951.4,198.81507949180656,4830.6
Wheat,Punjab,2023,1,3667.96,3568.7,3722.5,62.42361732549638,5454.3
Wheat,Punjab,2023,2,3684.475,3555.4,3940.0,179.5466768466258,3673.1
Wheat,Punjab,2023,3,2905.15,2811.2,2962.5,67.61215373979259,8992.7
Wheat,Punjab,2023,4,2790.45,2668.8,2889.7,106.12038761080106,8002.7
Wheat,Punjab,2023,5,2758.32,2664.5,2898.4,98.41314444727398,10678.6
Wheat,Punjab,2023,6,3717.1,3630.1,3770.9,63.22283342801625,4131.2
Wheat,Punjab,2023,7,3907.4800000000005,3703.8,4113.8,162.74340846866895,4972.3
Wheat,Punjab,2023,8,3904.15,3811.6,4061.6,113.0858523423688,4545.4
Wheat,Punjab,2023,9,3840.625,3637.9,4155.5,231.00905285291293,4377.1
Wheat,Punjab,2023,10,3899.5,3728.0,3990.0,103.45170370757555,4737.400000000001
Wheat,Punjab,2023,11,3989.45,3711.1,4198.2,203.24891963632498,4058.5
Wheat,Punjab,2023,12,3816.3,3684.7,3999.8,146.1947787485359,4486.7
