State,District,Crop,Season,Crop_Year,Area_Hectares,Production_Tonnes,Yield_kg_per_ha,Nitrogen_kg_ha,Phosphorus_kg_ha,Potassium_kg_ha,pH,Organic_Carbon_pct,EC_dS_per_m,Avg_Temperature_C,Total_Rainfall_mm,Avg_Humidity_pct,Avg_Soil_Moisture_pct,Cost_A2_FL_per_ha_INR,Cost_C2_per_ha_INR,Fertilizer_Cost_per_ha_INR,Labor_Cost_per_ha_INR,Seed_Irrigation_Other_Cost_per_ha_INR,CPI_AL_Index_Base2015,Yield_Tonnes_per_ha
Andhra Pradesh,Kurnool,Groundnut,Rabi,2022,32282.6,46225.5,1431.9,199.3,16.8,164.1,6.85,0.51,1.1,23.3,151.2,59.4,11.8,53353.4,89870.0,8895.1,19190.9,25267.4,156.76,1.4319000000000002
Maharashtra,Kolhapur,Maize,Kharif,2020,9250.8,21355.5,2308.5,245.7,19.6,273.7,6.98,0.56,0.8,30.0,1118.5,73.9,33.9,35591.8,57792.4,7623.6,10893.5,17074.7,138.02,2.3085
Karnataka,Raichur,Gram,Rabi,2021,29926.5,35804.1,1196.4,239.0,10.6,158.5,7.0,0.52,0.15,20.9,151.9,61.3,10.7,29835.2,49536.5,6699.2,9792.8,13343.2,148.02,1.1964000000000001
Karnataka,Raichur,Sugarcane,Whole Year,2019,4005.4,275722.1,68837.6,207.3,15.7,187.2,6.49,0.54,1.11,26.3,1088.4,67.3,19.1,102663.2,170218.8,18942.1,31938.5,51782.6,128.37,68.83760000000001
Madhya Pradesh,Sehore,Wheat,Rabi,2023,38890.6,122264.3,3143.8,314.4,18.1,261.9,7.4,0.47,0.65,21.0,164.5,52.9,11.8,44488.6,72422.0,8899.0,13830.4,21759.2,166.25,3.1438
Punjab,Amritsar,Maize,Rabi,2017,11726.1,21279.4,1814.7,251.1,18.9,224.9,7.9,0.39,0.29,18.4,112.4,52.4,11.0,30174.8,50383.1,5903.3,11395.6,12875.9,113.54,1.8147
Andhra Pradesh,Kurnool,Groundnut,Kharif,2020,33927.4,54562.0,1608.2,229.8,12.4,202.3,6.81,0.49,0.8,31.1,1138.0,78.2,33.2,49614.8,79443.6,9387.0,19854.8,20373.0,138.02,1.6082
Haryana,Hisar,Bajra,Kharif,2022,27972.6,46870.9,1675.6,240.1,13.5,231.3,7.99,0.42,0.62,28.2,668.1,62.9,22.8,28085.3,45213.6,6732.3,9566.7,11786.3,156.76,1.6756
Bihar,Muzaffarpur,Maize,Rabi,2015,2389.5,5280.1,2209.7,233.6,15.7,176.2,7.24,0.37,0.67,20.8,204.4,61.6,12.0,24031.4,39260.5,4436.4,8251.6,11343.4,100.0,2.2096999999999998
Punjab,Patiala,Jowar,Rabi,2016,28006.6,44328.8,1582.8,318.3,15.6,216.3,8.07,0.51,1.07,18.4,104.8,48.5,13.8,22708.3,37267.4,4088.9,9069.9,9549.5,105.27,1.5828
Punjab,Amritsar,Wheat,Rabi,2022,31380.8,100581.7,3205.2,238.6,20.5,241.3,7.79,0.52,0.16,18.5,111.4,49.2,11.8,47237.1,78899.5,9680.9,17801.6,19754.6,156.76,3.2051999999999996
Bihar,Muzaffarpur,Cotton,Kharif,2018,6029.8,3060.7,507.6,242.1,12.2,192.7,7.65,0.37,0.19,29.8,1042.9,78.4,29.1,45967.3,77958.4,10740.6,15725.2,19501.5,119.72,0.5076
Tamil Nadu,Coimbatore,Gram,Rabi,2020,22309.2,26735.3,1198.4,222.6,14.2,212.4,7.24,0.6,0.83,23.2,126.7,68.4,12.1,28616.1,46607.6,5266.8,11779.2,11570.1,138.02,1.1984000000000001
Punjab,Ludhiana,Groundnut,Kharif,2022,32370.5,38048.3,1175.4,296.3,19.4,232.6,7.86,0.5,0.23,26.5,583.2,65.5,20.0,60613.5,99413.9,10131.3,22699.7,27782.5,156.76,1.1754
Punjab,Amritsar,Maize,Kharif,2019,10264.3,23350.3,2274.9,238.3,20.5,241.5,7.7,0.49,0.84,27.2,686.2,66.1,25.5,32554.9,53651.4,6882.1,11377.8,14295.0,128.37,2.2749
Haryana,Karnal,Wheat,Rabi,2021,43534.6,174125.3,3999.7,232.7,14.9,211.0,8.05,0.35,1.15,19.5,68.9,46.0,10.4,42083.8,67414.4,7389.1,16614.2,18080.5,148.02,3.9997
West Bengal,Bardhaman,Groundnut,Kharif,2017,20855.8,22887.2,1097.4,233.1,20.8,182.2,6.14,0.52,1.13,29.8,1427.1,85.4,36.6,39527.6,67032.3,7478.7,12152.7,19896.2,113.54,1.0974000000000002
Karnataka,Belagavi,Rice,Kharif,2022,17489.3,50927.1,2911.9,264.9,16.9,207.6,6.72,0.52,0.96,29.1,1148.6,78.0,33.8,45541.5,74415.9,8505.9,15264.0,21771.6,156.76,2.9119
Uttar Pradesh,Kanpur Dehat,Groundnut,Kharif,2015,27171.4,36309.1,1336.3,235.3,13.7,204.9,7.61,0.41,0.67,29.4,764.5,71.5,25.9,37557.1,60437.3,7964.6,12870.9,16721.6,100.0,1.3363
Bihar,Muzaffarpur,Bajra,Kharif,2023,15416.0,17179.6,1114.4,219.0,12.0,148.2,7.3,0.42,0.27,29.6,1279.2,77.6,34.6,29759.5,48981.6,6212.9,9241.1,14305.5,166.25,1.1144
West Bengal,Murshidabad,Maize,Rabi,2021,21641.4,60994.1,2818.4,224.7,23.8,191.6,6.24,0.6,0.15,21.7,261.1,71.8,17.3,38244.8,62780.5,7079.2,15937.1,15228.5,148.02,2.8184
Madhya Pradesh,Indore,Soyabean,Kharif,2019,3597.5,3699.7,1028.4,254.0,14.9,254.7,7.88,0.57,0.78,29.1,1232.0,68.1,34.2,26125.5,43495.0,5670.4,10322.6,10132.5,128.37,1.0284
Tamil Nadu,Coimbatore,Maize,Rabi,2020,642.3,1335.1,2078.7,222.6,14.2,212.4,7.24,0.6,0.83,23.2,126.7,68.4,12.1,32065.5,52961.7,5829.8,12449.1,13786.6,138.02,2.0787
Karnataka,Belagavi,Groundnut,Rabi,2021,14136.8,20962.0,1482.8,247.9,11.7,216.0,6.92,0.49,0.96,21.3,141.3,59.9,12.6,46545.1,75934.0,7737.2,14792.1,24015.8,148.02,1.4828
Karnataka,Mysuru,Gram,Rabi,2016,41327.0,53981.3,1306.2,205.4,13.4,180.5,6.98,0.48,1.09,20.3,124.7,58.2,12.0,21267.3,34583.2,3816.3,7926.1,9524.9,105.27,1.3062
Andhra Pradesh,Guntur,Jowar,Kharif,2022,39107.9,28396.2,726.1,216.7,14.0,215.6,6.8,0.37,0.65,31.1,989.4,77.0,28.4,28541.3,47717.4,5136.7,10307.5,13097.1,156.76,0.7261
Uttar Pradesh,Kanpur Dehat,Wheat,Rabi,2020,24784.7,90741.7,3661.2,238.2,16.3,169.4,7.66,0.43,0.19,20.8,169.3,53.2,11.6,40803.9,68163.4,8693.1,12786.6,19324.2,138.02,3.6612
Andhra Pradesh,Krishna,Sugarcane,Whole Year,2018,20697.1,1054252.3,50937.2,200.9,11.5,172.5,6.56,0.38,1.0,27.6,1268.5,66.7,20.2,98464.2,164146.1,21906.2,35243.1,41314.9,119.72,50.9372
Uttar Pradesh,Gorakhpur,Maize,Kharif,2016,6335.7,16459.5,2597.9,245.3,12.4,176.7,7.63,0.45,0.53,29.3,1082.6,70.1,32.5,25622.0,43060.4,4874.8,8452.1,12295.1,105.27,2.5979
Karnataka,Belagavi,Wheat,Rabi,2015,19427.8,70361.7,3621.7,265.7,14.2,237.4,6.58,0.65,0.19,21.3,166.0,60.7,13.6,24533.5,39308.1,4402.7,8941.1,11189.7,100.0,3.6216999999999997
Punjab,Amritsar,Cotton,Kharif,2019,38338.0,17888.5,466.6,238.3,20.5,241.5,7.7,0.49,0.84,27.2,686.2,66.1,25.5,53283.6,87505.4,11658.0,20585.3,21040.3,128.37,0.4666
Uttar Pradesh,Bareilly,Jowar,Rabi,2018,13780.6,18255.2,1324.7,262.3,13.6,178.8,7.74,0.44,0.92,20.9,107.9,55.4,12.9,23276.7,39098.0,4784.8,9446.0,9045.9,119.72,1.3247
Andhra Pradesh,Kurnool,Maize,Kharif,2016,28203.4,95922.6,3401.1,239.2,15.5,217.4,7.13,0.56,0.43,30.7,1138.7,76.1,32.0,24173.2,39245.7,3954.7,8108.4,12110.1,105.27,3.4011
Haryana,Kurukshetra,Maize,Kharif,2023,38950.3,118459.5,3041.3,260.0,16.2,200.5,8.3,0.34,0.35,28.4,612.7,64.1,23.7,38546.1,65013.7,7114.0,12047.0,19385.1,166.25,3.0413
West Bengal,Murshidabad,Bajra,Kharif,2016,26857.7,37810.3,1407.8,214.1,17.1,183.0,6.26,0.68,0.93,29.6,1660.4,84.3,38.1,20653.5,33232.1,4375.4,6205.4,10072.7,105.27,1.4078
Maharashtra,Kolhapur,Wheat,Rabi,2022,21306.0,71558.3,3358.6,272.0,17.7,300.1,7.04,0.46,0.33,21.6,158.2,56.9,13.1,49615.1,81486.7,9665.6,19972.7,19976.8,156.76,3.3586
Uttar Pradesh,Gorakhpur,Jowar,Kharif,2023,27780.2,29694.3,1068.9,239.4,16.0,188.7,7.4,0.38,0.75,29.2,954.3,71.2,30.1,32710.3,54684.9,6423.0,11503.8,14783.5,166.25,1.0689000000000002
Bihar,Patna,Bajra,Kharif,2019,7093.5,10946.7,1543.2,221.8,13.6,152.4,7.11,0.53,0.84,29.0,993.9,76.7,29.1,22619.0,36685.3,5307.7,8727.5,8583.8,128.37,1.5432000000000001
Bihar,Muzaffarpur,Wheat,Rabi,2016,4662.4,13550.3,2906.3,216.8,14.6,198.9,7.04,0.52,0.71,20.9,165.9,63.6,12.8,27339.2,46071.8,5959.2,10470.0,10910.0,105.27,2.9063000000000003
Bihar,Patna,Soyabean,Kharif,2017,6440.0,9634.2,1496.0,216.1,14.2,193.6,7.19,0.51,0.87,29.1,1280.8,76.6,35.2,24367.0,41267.2,5269.0,7703.1,11394.9,113.54,1.496
Maharashtra,Kolhapur,Sugarcane,Whole Year,2023,36436.7,2778888.6,76266.2,312.4,15.8,290.5,7.07,0.49,1.06,27.1,1316.3,64.9,19.1,156412.6,253386.7,35577.6,61506.6,59328.4,166.25,76.2662
Tamil Nadu,Salem,Jowar,Rabi,2019,19787.9,15869.9,802.0,208.9,11.9,194.2,7.17,0.43,0.3,21.8,85.9,64.3,10.7,24471.7,40550.9,5655.3,8191.5,10624.9,128.37,0.802
Uttar Pradesh,Meerut,Gram,Rabi,2017,20332.2,25354.3,1247.0,267.8,14.1,175.1,7.73,0.48,1.12,21.5,162.4,55.8,15.2,26270.6,44122.5,4321.3,9069.4,12879.9,113.54,1.247
Maharashtra,Nagpur,Jowar,Kharif,2018,37953.9,51112.5,1346.7,271.3,14.2,267.0,7.21,0.39,0.63,29.9,1270.9,74.3,34.2,25475.6,42447.3,5180.9,9502.5,10792.2,119.72,1.3467
Bihar,Muzaffarpur,Groundnut,Rabi,2018,40186.2,36400.7,905.8,242.1,12.2,192.7,7.65,0.37,0.19,20.9,164.1,64.1,11.8,38362.1,61919.2,7142.0,14310.4,16909.7,119.72,0.9057999999999999
Maharashtra,Kolhapur,Groundnut,Rabi,2016,30643.5,33208.4,1083.7,309.2,20.8,246.1,7.18,0.54,0.38,21.7,142.6,57.7,12.9,39237.7,65719.4,6597.6,15776.7,16863.4,105.27,1.0837
West Bengal,Nadia,Maize,Rabi,2019,20458.2,47913.1,2342.0,213.1,26.1,154.4,5.75,0.51,0.88,21.8,249.9,72.4,13.8,31109.7,52323.2,5197.3,10546.9,15365.5,128.37,2.342
West Bengal,Murshidabad,Groundnut,Rabi,2019,27442.9,30011.6,1093.6,181.6,18.5,167.7,5.64,0.56,0.67,21.4,214.8,69.3,14.4,47221.8,75945.6,9173.4,19236.7,18811.7,128.37,1.0936
Maharashtra,Nagpur,Cotton,Kharif,2023,18884.1,8414.8,445.6,259.2,17.6,226.8,6.86,0.56,0.99,29.9,1241.0,74.0,35.0,73506.8,124782.2,17207.4,24451.1,31848.3,166.25,0.4456
Madhya Pradesh,Hoshangabad,Soyabean,Kharif,2021,34155.7,32297.6,945.6,283.7,17.0,265.1,7.21,0.46,0.51,28.3,1072.5,69.3,30.3,30052.8,49778.1,6726.0,12389.7,10937.1,148.02,0.9456
Bihar,Muzaffarpur,Sugarcane,Whole Year,2022,10694.0,752627.7,70378.5,186.4,15.9,149.2,7.58,0.36,0.78,26.4,1584.9,69.7,22.0,124832.6,207920.8,24071.7,44127.6,56633.3,156.76,70.3785
Haryana,Sirsa,Groundnut,Kharif,2019,854.6,1016.8,1189.8,278.9,18.4,193.6,8.07,0.4,0.28,28.3,479.2,64.1,19.6,42155.9,71373.4,9553.6,15842.0,16760.3,128.37,1.1898
Uttar Pradesh,Meerut,Bajra,Kharif,2020,9395.7,13175.6,1402.3,227.1,14.9,205.3,7.27,0.46,0.47,29.4,1128.0,71.3,31.2,26385.3,42774.9,4778.0,10638.0,10969.3,138.02,1.4022999999999999
Haryana,Kurukshetra,Gram,Rabi,2017,14579.1,17201.9,1179.9,220.4,12.4,190.2,7.96,0.31,0.83,20.4,89.7,47.5,12.5,22700.4,37273.0,3643.7,7803.9,11252.8,113.54,1.1799000000000002
Haryana,Hisar,Soyabean,Kharif,2021,36944.0,51256.1,1387.4,226.5,17.3,178.9,8.22,0.45,0.94,27.3,697.6,65.2,23.8,31441.4,53200.3,6869.2,11271.2,13301.0,148.02,1.3874000000000002
Uttar Pradesh,Bareilly,Maize,Kharif,2016,2332.6,5816.3,2493.5,266.3,16.9,206.0,7.87,0.5,0.37,28.9,1043.4,70.2,31.6,25622.0,43060.4,4874.8,8452.1,12295.1,105.27,2.4935
Maharashtra,Pune,Wheat,Rabi,2015,21674.7,76771.8,3542.0,277.9,15.7,269.2,7.57,0.48,0.56,22.1,150.7,58.3,14.6,32562.7,53550.6,5461.2,9920.8,17180.7,100.0,3.542
Andhra Pradesh,Krishna,Jowar,Rabi,2016,26167.8,32445.5,1239.9,217.6,15.7,180.1,7.18,0.44,0.79,22.7,144.5,60.6,12.4,21166.7,35073.0,4315.4,8215.8,8635.5,105.27,1.2399
Uttar Pradesh,Gorakhpur,Sugarcane,Whole Year,2016,11509.1,735958.6,63945.8,245.3,12.4,176.7,7.63,0.45,0.53,25.8,1237.6,61.2,20.7,99629.6,167917.7,18826.1,29985.6,50817.9,105.27,63.945800000000006
Tamil Nadu,Erode,Bajra,Kharif,2015,9988.1,12555.0,1257.0,220.7,9.4,198.3,7.16,0.46,0.53,30.6,1025.4,82.1,29.5,18804.0,30967.1,3142.3,7651.9,8009.8,100.0,1.257
Bihar,Rohtas,Rice,Kharif,2016,35083.8,95052.5,2709.3,230.6,13.0,179.1,7.16,0.35,0.12,29.0,1338.8,80.1,37.7,30785.6,51752.4,6290.8,12421.9,12072.9,105.27,2.7093000000000003
Karnataka,Davanagere,Wheat,Rabi,2022,4852.7,18059.3,3721.5,208.3,14.5,231.0,6.43,0.5,0.46,21.0,130.5,60.6,14.5,38381.2,63303.9,7054.9,14275.2,17051.1,156.76,3.7215
Haryana,Sirsa,Gram,Rabi,2020,10263.8,13009.4,1267.5,305.3,19.8,248.0,8.04,0.34,0.96,19.7,122.5,45.0,11.2,28865.6,48584.4,6417.6,9759.3,12688.7,138.02,1.2675
Maharashtra,Nagpur,Rice,Kharif,2020,32777.9,88192.2,2690.6,222.3,14.9,234.4,7.34,0.39,0.47,29.6,1023.6,74.9,29.5,49924.1,84667.4,9332.7,19284.5,21306.9,138.02,2.6906
Tamil Nadu,Coimbatore,Wheat,Rabi,2017,13337.3,59413.7,4454.7,177.8,12.3,181.3,6.58,0.52,0.43,22.9,134.5,65.5,11.5,32202.5,52648.1,7580.5,13133.2,11488.8,113.54,4.4547
Madhya Pradesh,Sehore,Sugarcane,Whole Year,2020,40116.0,3334570.3,83123.2,283.9,18.0,245.8,7.74,0.44,0.67,25.5,1577.1,59.5,22.1,116798.7,197750.5,20394.0,36795.6,59609.1,138.02,83.1232
Bihar,Patna,Jowar,Kharif,2018,24847.0,31779.3,1279.0,247.5,15.9,165.1,7.45,0.43,0.16,28.9,1154.9,79.8,30.6,22843.7,37154.5,3813.0,7819.1,11211.6,119.72,1.279
Haryana,Kurukshetra,Bajra,Kharif,2016,34657.0,33918.8,978.7,216.8,15.0,173.9,7.93,0.46,0.5,28.2,535.2,63.3,21.8,19152.2,31721.5,3853.4,7492.8,7806.0,105.27,0.9787
Tamil Nadu,Erode,Rice,Kharif,2020,10945.0,29856.9,2727.9,219.3,10.5,222.3,6.6,0.55,1.15,30.7,1013.1,80.3,28.3,45577.7,76745.0,8886.3,18112.7,18578.7,138.02,2.7279
Andhra Pradesh,Kurnool,Sugarcane,Whole Year,2020,13588.0,1196496.8,88055.4,229.8,12.4,202.3,6.81,0.49,0.8,27.6,1341.5,68.6,21.8,117071.9,194532.8,18938.5,48292.0,49841.4,138.02,88.05539999999999
Andhra Pradesh,Kurnool,Cotton,Kharif,2016,25275.5,11834.0,468.2,239.2,15.5,217.4,7.13,0.56,0.43,30.7,1138.7,76.1,32.0,42102.2,68533.1,9308.7,14351.9,18441.6,105.27,0.4682
Haryana,Sirsa,Jowar,Rabi,2016,8189.9,7137.5,871.5,239.7,13.9,217.4,8.04,0.43,0.27,19.3,72.6,45.6,12.0,19709.5,31900.1,4167.3,7948.8,7593.4,105.27,0.8715
Karnataka,Mysuru,Wheat,Rabi,2021,1100.6,4967.2,4513.2,208.1,12.3,159.6,6.48,0.49,0.9,20.5,143.8,59.1,13.1,37193.1,61227.6,8547.3,13958.1,14687.7,148.02,4.513199999999999
Haryana,Kurukshetra,Wheat,Rabi,2020,17926.3,81973.4,4572.8,259.0,13.9,190.7,7.8,0.4,0.39,19.8,102.6,48.7,10.9,39028.9,65892.4,7224.0,13846.1,17958.8,138.02,4.5728
Madhya Pradesh,Indore,Maize,Kharif,2015,11075.1,32258.4,2912.7,268.8,15.7,278.7,7.98,0.45,0.79,29.3,968.6,67.8,32.2,22680.8,38434.5,4141.4,7635.6,10903.8,100.0,2.9126999999999996
Tamil Nadu,Coimbatore,Sugarcane,Whole Year,2020,36207.4,2144147.9,59218.5,222.6,14.2,212.4,7.24,0.6,0.83,28.4,1457.2,71.8,22.7,121695.9,205092.6,25993.1,46275.1,49427.7,138.02,59.2185
Maharashtra,Kolhapur,Rice,Kharif,2018,8915.0,23807.5,2670.5,255.7,18.2,272.8,7.31,0.57,0.28,29.8,1113.1,71.1,32.4,43749.0,70202.7,9508.0,16179.3,18061.7,119.72,2.6705
Andhra Pradesh,Kurnool,Jowar,Kharif,2017,16592.6,14160.1,853.4,180.8,15.7,208.5,6.71,0.54,0.98,30.9,1075.7,77.4,30.8,21375.4,35439.8,3653.1,6586.8,11135.5,113.54,0.8533999999999999
Karnataka,Mysuru,Bajra,Kharif,2016,13410.3,13422.4,1000.9,205.4,13.4,180.5,6.98,0.48,1.09,29.0,1077.5,77.4,32.0,17804.4,29460.8,3744.8,6623.3,7436.3,105.27,1.0009
Bihar,Rohtas,Cotton,Kharif,2015,25694.0,11315.6,440.4,236.1,15.4,186.2,7.1,0.38,0.89,28.9,1431.3,77.7,37.7,37302.5,63068.0,7102.7,12509.6,17690.2,100.0,0.44039999999999996
Uttar Pradesh,Kanpur Dehat,Wheat,Rabi,2016,5223.0,18547.9,3551.2,224.9,16.5,157.6,7.61,0.41,0.34,20.8,175.2,56.1,15.3,29742.1,49534.7,6229.2,12040.4,11472.5,105.27,3.5511999999999997
Bihar,Gaya,Gram,Rabi,2017,7895.4,9161.0,1160.3,185.9,14.4,141.8,7.45,0.38,0.15,20.8,139.8,64.6,11.9,22187.2,35536.0,4387.3,7551.1,10248.8,113.54,1.1602999999999999
Karnataka,Raichur,Maize,Rabi,2023,838.4,1946.0,2321.1,200.0,11.4,209.5,6.69,0.54,0.49,20.7,141.4,61.2,12.8,37273.3,61225.7,8252.2,14601.4,14419.7,166.25,2.3211
Punjab,Bathinda,Wheat,Rabi,2017,42241.1,120695.5,2857.3,328.3,17.6,236.2,7.84,0.54,0.21,18.2,68.7,47.4,12.4,35715.2,59633.1,6566.6,11871.1,17277.5,113.54,2.8573000000000004
Maharashtra,Kolhapur,Maize,Rabi,2015,18469.6,47939.7,2595.6,275.5,18.6,285.5,7.58,0.43,0.86,21.6,113.7,57.3,15.1,27084.4,45389.9,5989.9,8641.6,12452.9,100.0,2.5956
Haryana,Hisar,Jowar,Kharif,2023,18995.6,27182.7,1431.0,288.7,15.5,192.4,7.78,0.36,0.79,27.3,643.7,62.6,22.1,32532.6,54313.7,7659.5,11783.1,13090.0,166.25,1.431
Karnataka,Mysuru,Maize,Kharif,2015,25546.9,60681.6,2375.3,208.8,12.1,198.4,6.41,0.56,0.6,29.6,1099.4,76.4,32.0,22607.7,37155.5,4035.1,9444.0,9128.6,100.0,2.3753
Andhra Pradesh,Guntur,Sugarcane,Whole Year,2016,42750.9,2818601.0,65930.8,228.0,17.5,235.1,7.14,0.55,0.39,27.9,1383.3,68.1,21.7,86909.3,142536.2,13985.2,27488.8,45435.3,105.27,65.9308
Bihar,Gaya,Rice,Kharif,2020,31184.1,70925.1,2274.4,223.1,17.2,192.5,7.0,0.38,0.61,29.2,1289.4,79.2,36.0,41319.0,68279.1,9251.0,15296.8,16771.2,138.02,2.2744
Haryana,Hisar,Wheat,Rabi,2023,17100.8,54077.9,3162.3,288.7,15.5,192.4,7.78,0.36,0.79,20.0,72.9,47.9,12.0,47728.5,81017.9,7763.2,18727.0,21238.3,166.25,3.1623
Karnataka,Mysuru,Sugarcane,Whole Year,2016,38269.4,3269672.5,85438.3,205.4,13.4,180.5,6.98,0.48,1.09,25.8,1231.5,66.5,20.2,78574.1,133209.2,18387.7,32239.9,27946.5,105.27,85.4383
Punjab,Amritsar,Rice,Kharif,2017,21643.6,56178.1,2595.6,251.1,18.9,224.9,7.9,0.39,0.29,26.5,758.2,67.6,24.1,40018.1,66554.9,6534.2,13112.9,20371.0,113.54,2.5956
Andhra Pradesh,West Godavari,Bajra,Kharif,2022,1013.3,1126.0,1111.2,201.4,16.6,238.7,6.93,0.55,0.19,31.1,1210.9,78.9,33.9,27610.8,44827.3,6278.7,8670.6,12661.5,156.76,1.1112
Maharashtra,Nagpur,Maize,Kharif,2021,36829.3,63972.5,1737.0,277.7,15.6,210.6,7.37,0.47,0.86,29.7,1106.1,73.9,32.4,41350.2,70092.8,9373.8,13066.6,18909.8,148.02,1.737
Punjab,Bathinda,Soyabean,Kharif,2016,20866.7,19858.8,951.7,271.3,21.0,221.0,7.43,0.43,0.44,26.3,831.6,67.3,27.0,25776.8,43443.4,4415.0,8774.4,12587.4,105.27,0.9517
Punjab,Patiala,Maize,Kharif,2023,24122.9,85983.7,3564.4,316.6,20.1,202.7,7.97,0.52,0.95,26.9,708.1,66.9,24.1,42674.4,69454.1,8283.1,14989.4,19401.9,166.25,3.5644
West Bengal,Nadia,Soyabean,Kharif,2016,3956.5,3279.5,828.9,230.7,22.2,153.7,6.1,0.66,0.59,30.4,1433.6,85.0,36.0,24712.3,41392.3,4132.7,7766.9,12812.7,105.27,0.8289
Maharashtra,Nashik,Jowar,Kharif,2019,16090.0,17298.4,1075.1,237.8,15.9,262.4,7.41,0.44,0.59,30.0,1383.2,72.6,36.0,27975.1,45728.7,6084.9,8780.1,13110.1,128.37,1.0751
Punjab,Ludhiana,Bajra,Kharif,2018,38151.6,35851.1,939.7,284.0,20.3,221.9,7.43,0.42,0.65,26.5,744.0,66.6,26.3,23105.2,39232.4,5111.8,9310.3,8683.1,119.72,0.9397000000000001
Madhya Pradesh,Ujjain,Cotton,Kharif,2016,44814.6,13982.2,312.0,283.8,17.2,224.4,7.64,0.42,0.98,28.7,1313.4,67.3,34.7,38568.3,64948.8,8083.4,13188.4,17296.5,105.27,0.312
Karnataka,Mysuru,Maize,Rabi,2023,32599.8,100462.8,3081.7,222.3,10.7,214.7,6.49,0.54,0.41,20.4,143.2,61.1,11.3,37273.3,61225.7,8252.2,14601.4,14419.7,166.25,3.0816999999999997
Maharashtra,Kolhapur,Wheat,Rabi,2021,26486.3,87624.6,3308.3,259.5,22.0,291.0,7.05,0.55,0.24,22.4,163.1,54.8,13.2,48399.2,80139.4,10132.2,19022.9,19244.1,148.02,3.3083
Punjab,Patiala,Groundnut,Kharif,2015,28671.9,41344.9,1442.0,341.1,21.7,238.2,7.6,0.54,0.68,26.5,567.0,65.1,22.7,35333.5,59341.9,7800.9,14118.8,13413.8,100.0,1.442
Madhya Pradesh,Indore,Jowar,Kharif,2018,43245.9,57378.7,1326.8,268.1,12.3,237.0,7.37,0.41,0.98,28.3,1313.7,67.7,36.8,20949.2,34780.6,4640.1,8368.7,7940.4,119.72,1.3268
Karnataka,Mysuru,Bajra,Kharif,2020,15693.0,23570.9,1502.0,221.5,12.3,207.8,6.78,0.58,0.99,29.0,1015.8,75.5,31.6,21691.4,36405.9,3832.4,9105.8,8753.2,138.02,1.502
Punjab,Bathinda,Sugarcane,Whole Year,2022,36701.1,2310374.6,62951.1,294.6,18.4,228.1,7.58,0.36,0.58,24.0,953.1,55.7,19.4,137756.2,228175.6,31062.0,57720.1,48974.1,156.76,62.9511
Uttar Pradesh,Meerut,Soyabean,Kharif,2023,6750.0,9749.7,1444.4,256.1,14.5,191.5,7.87,0.39,0.8,29.4,1119.9,70.3,31.2,37825.1,61829.5,6250.3,13127.2,18447.6,166.25,1.4444000000000001
Madhya Pradesh,Sehore,Jowar,Rabi,2021,30788.5,34255.3,1112.6,264.3,12.4,245.2,7.29,0.48,0.82,21.1,170.0,55.2,14.8,26638.1,44446.0,5325.5,9508.2,11804.4,148.02,1.1125999999999998
Madhya Pradesh,Ujjain,Jowar,Rabi,2023,33653.2,30950.8,919.7,313.8,15.6,250.8,7.82,0.54,0.45,21.0,173.2,54.8,14.3,30361.6,48951.7,6063.0,10547.1,13751.5,166.25,0.9197000000000001
Madhya Pradesh,Indore,Cotton,Kharif,2020,32224.0,17468.6,542.1,253.6,16.1,215.7,7.94,0.46,0.38,29.2,1165.9,68.2,33.3,51682.1,85817.6,9824.0,16846.8,25011.3,138.02,0.5421
West Bengal,Murshidabad,Wheat,Rabi,2022,28040.0,111554.3,3978.4,190.7,19.6,163.9,6.08,0.6,0.42,22.5,243.8,72.6,13.3,43676.1,70422.7,9037.9,15607.8,19030.4,156.76,3.9784
Tamil Nadu,Coimbatore,Jowar,Kharif,2021,7462.2,7979.3,1069.3,191.3,12.3,195.0,7.15,0.53,1.05,30.8,1133.2,81.1,31.8,28668.5,46856.6,6704.3,9469.9,12494.3,148.02,1.0693
Haryana,Hisar,Bajra,Kharif,2017,33978.5,47879.1,1409.1,228.3,17.5,223.1,7.69,0.3,0.7,28.1,611.0,63.0,22.4,19779.9,32461.5,3471.2,7212.8,9095.9,113.54,1.4091
Uttar Pradesh,Gorakhpur,Wheat,Rabi,2017,10383.1,31205.4,3005.4,265.0,11.7,173.3,7.17,0.38,0.97,20.5,105.7,53.5,12.1,32489.3,53651.7,5344.7,10854.1,16290.5,113.54,3.0054000000000003
Haryana,Karnal,Jowar,Rabi,2018,29278.4,47805.8,1632.8,264.0,18.4,233.1,8.29,0.3,0.44,18.9,90.2,48.3,12.8,23419.1,39763.2,4191.3,7900.7,11327.1,119.72,1.6328
Bihar,Muzaffarpur,Jowar,Kharif,2018,19874.0,24530.5,1234.3,242.1,12.2,192.7,7.65,0.37,0.19,29.8,1042.9,78.4,29.1,22843.7,37154.5,3813.0,7819.1,11211.6,119.72,1.2343
Uttar Pradesh,Meerut,Rice,Kharif,2020,40014.8,119576.2,2988.3,227.1,14.9,205.3,7.27,0.46,0.47,29.4,1128.0,71.3,31.2,49162.3,82551.5,10546.9,19050.9,19564.5,138.02,2.9883
Karnataka,Belagavi,Jowar,Rabi,2023,23865.8,22524.5,943.8,226.2,14.6,211.9,6.99,0.61,0.21,21.4,140.7,62.1,11.4,29491.1,48009.1,5319.9,12247.6,11923.6,166.25,0.9438
Tamil Nadu,Salem,Soyabean,Kharif,2023,13907.1,12089.4,869.3,236.3,12.6,189.7,6.94,0.44,0.18,31.1,1025.8,79.0,31.5,36027.4,60917.1,6282.6,13785.6,15959.2,166.25,0.8693
Haryana,Sirsa,Jowar,Kharif,2022,15254.0,12282.5,805.2,312.4,19.7,181.4,7.78,0.42,0.77,27.2,730.9,63.2,24.4,30963.3,51001.0,6569.5,11416.6,12977.2,156.76,0.8052
Karnataka,Mysuru,Groundnut,Rabi,2016,25050.3,35218.2,1405.9,205.4,13.4,180.5,6.98,0.48,1.09,20.3,124.7,58.2,12.0,34256.0,56559.2,6542.0,10857.1,16856.9,105.27,1.4059000000000001
Andhra Pradesh,Kurnool,Groundnut,Rabi,2015,5457.5,9428.9,1727.7,213.0,12.7,197.7,7.14,0.43,0.37,22.8,119.3,61.3,11.7,35576.3,57237.4,5815.1,13204.7,16556.5,100.0,1.7277
West Bengal,Bardhaman,Maize,Rabi,2019,17040.8,39742.6,2332.2,229.8,19.3,189.0,6.17,0.7,0.3,21.7,219.3,70.4,15.6,31109.7,52323.2,5197.3,10546.9,15365.5,128.37,2.3322
Uttar Pradesh,Gorakhpur,Wheat,Rabi,2023,16783.6,50718.4,3021.9,239.4,16.0,188.7,7.4,0.38,0.75,20.8,166.3,54.8,13.6,52375.7,87045.5,12239.9,17010.0,23125.8,166.25,3.0219
West Bengal,Nadia,Sugarcane,Whole Year,2018,33753.7,2749974.7,81471.8,201.8,18.1,174.6,5.83,0.6,1.01,27.0,2177.6,75.2,23.8,100673.1,164707.1,19293.6,35554.8,45824.7,119.72,81.4718
Bihar,Muzaffarpur,Soyabean,Kharif,2021,21222.9,27222.6,1282.7,247.5,12.0,181.7,7.16,0.42,0.61,29.4,1462.8,78.5,37.6,31816.5,53093.4,6970.4,11403.1,13443.0,148.02,1.2827
Uttar Pradesh,Kanpur Dehat,Jowar,Rabi,2020,37424.5,53722.9,1435.5,238.2,16.3,169.4,7.66,0.43,0.19,20.8,169.3,53.2,11.6,27546.8,45956.9,6602.9,8990.6,11953.3,138.02,1.4355
Uttar Pradesh,Bareilly,Groundnut,Kharif,2023,1934.2,2913.9,1506.5,237.3,14.8,208.4,7.43,0.4,0.9,28.1,976.1,72.5,29.5,59561.3,100888.3,12687.4,19718.6,27155.3,166.25,1.5065
Tamil Nadu,Thanjavur,Jowar,Kharif,2017,10493.9,12541.3,1195.1,216.6,12.4,204.7,6.68,0.43,0.13,31.4,1009.6,81.5,30.7,21573.6,34706.2,5127.6,7672.5,8773.5,113.54,1.1950999999999998
Andhra Pradesh,Krishna,Wheat,Rabi,2023,30029.4,134642.8,4483.7,203.6,13.2,206.5,7.15,0.42,0.38,22.5,143.9,62.0,12.9,45107.4,75122.1,10440.7,18284.1,16382.6,166.25,4.4837
Madhya Pradesh,Sehore,Sugarcane,Whole Year,2015,31235.4,2235764.3,71577.9,286.0,12.1,275.6,7.97,0.45,0.3,26.2,1356.9,58.3,21.8,78427.8,132822.5,15696.3,25986.6,36744.9,100.0,71.5779
Maharashtra,Nashik,Cotton,Kharif,2019,19279.2,7424.4,385.1,237.8,15.9,262.4,7.41,0.44,0.59,30.0,1383.2,72.6,36.0,55279.2,92885.8,10898.9,23076.5,21303.8,128.37,0.3851
Tamil Nadu,Thanjavur,Bajra,Kharif,2017,6867.0,8583.8,1250.0,216.6,12.4,204.7,6.68,0.43,0.13,31.4,1009.6,81.5,30.7,21366.6,34603.2,4921.6,6542.0,9903.0,113.54,1.25
Karnataka,Davanagere,Bajra,Kharif,2022,37065.0,59722.8,1611.3,208.3,14.5,231.0,6.43,0.5,0.46,29.9,931.0,75.8,29.0,24696.3,41159.2,5654.8,10318.9,8722.6,156.76,1.6113
Tamil Nadu,Thanjavur,Wheat,Rabi,2022,5433.9,19358.8,3562.6,210.5,14.0,212.9,7.25,0.47,0.66,23.5,117.8,64.9,13.5,46131.4,78167.0,9167.7,19220.5,17743.2,156.76,3.5625999999999998
Madhya Pradesh,Sehore,Wheat,Rabi,2022,34473.2,82701.2,2399.0,296.7,16.9,257.7,7.27,0.55,0.54,21.4,167.0,52.4,14.3,41130.4,67494.7,8458.8,16873.0,15798.6,156.76,2.399
Uttar Pradesh,Meerut,Rice,Kharif,2019,13441.8,37857.5,2816.4,222.6,17.1,176.0,7.65,0.38,0.34,28.7,1035.2,71.9,31.3,46228.6,76043.5,8967.7,15798.6,21462.3,128.37,2.8164000000000002
Madhya Pradesh,Indore,Jowar,Rabi,2016,38674.7,27548.0,712.3,265.7,15.7,279.7,7.31,0.47,1.13,20.9,148.9,53.1,11.6,18196.6,30324.6,3086.9,6284.7,8825.0,105.27,0.7122999999999999
Karnataka,Mysuru,Groundnut,Rabi,2020,13066.9,16418.6,1256.5,221.5,12.3,207.8,6.78,0.58,0.99,21.4,130.2,63.0,13.3,43951.8,71155.5,8802.9,18117.8,17031.1,138.02,1.2565
Uttar Pradesh,Kanpur Dehat,Rice,Kharif,2018,42318.9,106990.6,2528.2,232.5,13.6,170.2,7.14,0.36,0.27,28.6,1073.2,70.3,31.1,41618.3,67016.4,9342.8,14885.2,17390.3,119.72,2.5282
West Bengal,Bardhaman,Groundnut,Rabi,2015,24123.7,29013.6,1202.7,244.5,18.8,156.8,6.17,0.52,0.21,21.6,212.9,70.0,14.4,36861.0,60206.8,7344.5,13401.6,16114.9,100.0,1.2027
Haryana,Karnal,Rice,Kharif,2021,23156.0,49864.1,2153.4,232.7,14.9,211.0,8.05,0.35,1.15,27.9,634.0,61.4,22.9,45922.0,77016.1,9586.9,17451.6,18883.5,148.02,2.1534
Uttar Pradesh,Gorakhpur,Groundnut,Rabi,2023,10191.6,11436.0,1122.1,239.4,16.0,188.7,7.4,0.38,0.75,20.8,166.3,54.8,13.6,59561.3,100888.3,12687.4,19718.6,27155.3,166.25,1.1220999999999999
Karnataka,Belagavi,Jowar,Kharif,2022,11737.4,18742.3,1596.8,264.9,16.9,207.6,6.72,0.52,0.96,29.1,1148.6,78.0,33.8,27243.5,45227.2,4931.2,10614.4,11697.9,156.76,1.5968
Tamil Nadu,Thanjavur,Maize,Kharif,2020,42623.7,88231.1,2070.0,193.4,14.7,230.0,6.95,0.53,0.75,31.0,1109.3,80.0,31.0,32065.5,52961.7,5829.8,12449.1,13786.6,138.02,2.07
Maharashtra,Nagpur,Jowar,Rabi,2017,23183.8,18846.1,812.9,273.4,16.4,238.8,7.47,0.48,0.58,21.5,170.7,56.7,12.3,24936.1,39974.9,4701.5,7606.7,12627.9,113.54,0.8129
Haryana,Kurukshetra,Jowar,Rabi,2022,26469.1,35728.0,1349.8,265.4,17.2,228.3,7.8,0.38,0.1,20.0,94.1,47.6,11.1,30963.3,51001.0,6569.5,11416.6,12977.2,156.76,1.3497999999999999
Tamil Nadu,Thanjavur,Rice,Kharif,2021,37541.9,94474.2,2516.5,189.1,11.2,210.0,6.68,0.44,0.88,30.7,1033.0,81.2,31.8,48300.5,79893.4,10705.5,18847.5,18747.5,148.02,2.5165
Haryana,Karnal,Groundnut,Rabi,2019,3337.3,7211.6,2160.9,240.8,15.3,176.9,7.94,0.32,0.43,20.2,102.8,46.9,11.0,42155.9,71373.4,9553.6,15842.0,16760.3,128.37,2.1609000000000003
Andhra Pradesh,Guntur,Jowar,Kharif,2015,28865.5,27858.1,965.1,220.7,14.6,219.2,6.63,0.45,0.4,31.4,1266.9,74.5,34.9,19480.2,31332.2,3758.4,6626.4,9095.4,100.0,0.9651000000000001
Maharashtra,Pune,Soyabean,Kharif,2016,25825.0,31785.4,1230.8,233.8,14.8,208.7,6.93,0.53,0.16,30.2,974.8,74.5,29.3,27055.8,43376.5,6010.4,9043.5,12001.9,105.27,1.2308
Andhra Pradesh,Kurnool,Jowar,Kharif,2022,25771.5,29291.9,1136.6,199.3,16.8,164.1,6.85,0.51,1.1,30.8,1109.1,75.1,33.3,28541.3,47717.4,5136.7,10307.5,13097.1,156.76,1.1365999999999998
Tamil Nadu,Thanjavur,Maize,Rabi,2022,25778.2,76726.2,2976.4,210.5,14.0,212.9,7.25,0.47,0.66,23.5,117.8,64.9,13.5,36019.2,60811.3,7980.1,13101.9,14937.2,156.76,2.9764
Punjab,Bathinda,Sugarcane,Whole Year,2016,19037.3,1243046.2,65295.3,271.3,21.0,221.0,7.43,0.43,0.44,23.8,966.6,57.1,19.5,102095.3,168629.6,21243.8,38967.9,41883.6,105.27,65.2953
West Bengal,Hooghly,Groundnut,Rabi,2020,8876.6,15048.5,1695.3,207.6,21.5,180.3,6.07,0.52,0.98,21.7,309.5,70.0,13.4,47658.6,77734.8,11283.4,18106.2,18269.0,138.02,1.6953
Andhra Pradesh,Krishna,Maize,Rabi,2016,37547.6,87557.2,2331.9,217.6,15.7,180.1,7.18,0.44,0.79,22.7,144.5,60.6,12.4,24173.2,39245.7,3954.7,8108.4,12110.1,105.27,2.3319
Tamil Nadu,Erode,Groundnut,Kharif,2021,24635.4,29087.0,1180.7,202.6,11.0,232.8,7.27,0.58,0.34,31.4,1075.3,81.2,31.9,47843.0,78738.6,9537.9,15158.0,23147.1,148.02,1.1807
Bihar,Gaya,Bajra,Kharif,2018,19671.6,28281.9,1437.7,221.7,14.3,179.1,7.36,0.42,0.18,29.2,1416.1,77.8,37.4,20557.1,34580.6,3344.2,8618.6,8594.3,119.72,1.4377
Bihar,Gaya,Jowar,Kharif,2019,21682.6,19755.0,911.1,230.0,15.7,151.3,6.97,0.47,1.12,28.5,1432.2,78.7,36.2,23581.5,38553.1,5466.9,7171.4,10943.2,128.37,0.9111
Punjab,Ludhiana,Maize,Rabi,2022,13780.8,40861.5,2965.1,296.3,19.4,232.6,7.86,0.5,0.23,18.0,82.1,52.5,10.7,40745.0,69032.6,7186.8,14303.2,19255.0,156.76,2.9651
Bihar,Rohtas,Sugarcane,Whole Year,2016,21170.6,1809737.0,85483.5,230.6,13.0,179.1,7.16,0.35,0.12,26.2,1570.8,69.6,22.6,86411.0,144849.3,18549.5,32792.8,35068.7,105.27,85.4835
Karnataka,Belagavi,Gram,Rabi,2019,27429.6,22009.5,802.4,218.7,15.1,232.5,6.26,0.57,0.54,21.1,164.8,59.1,15.5,23849.6,38488.6,4358.7,8478.2,11012.7,128.37,0.8024
West Bengal,Nadia,Maize,Rabi,2022,10535.6,19670.0,1867.0,201.7,23.7,179.7,5.93,0.53,0.29,21.8,244.0,68.4,13.7,40399.5,64735.8,8477.8,16516.9,15404.8,156.76,1.867
Maharashtra,Kolhapur,Maize,Kharif,2015,16479.6,37118.7,2252.4,275.5,18.6,285.5,7.58,0.43,0.86,30.1,1300.5,75.3,36.6,27084.4,45389.9,5989.9,8641.6,12452.9,100.0,2.2524
Bihar,Muzaffarpur,Wheat,Rabi,2022,1973.2,4259.9,2158.9,186.4,15.9,149.2,7.58,0.36,0.78,20.9,161.8,62.3,11.9,41879.0,69247.1,8036.6,13753.9,20088.5,156.76,2.1589
Andhra Pradesh,Guntur,Sugarcane,Whole Year,2019,9807.2,806226.4,82207.6,219.5,14.4,214.5,6.65,0.46,0.79,28.0,1191.2,68.3,18.5,110600.8,182121.5,25052.0,38615.9,46932.9,128.37,82.2076
Maharashtra,Nagpur,Jowar,Kharif,2019,8493.7,7831.2,922.0,294.7,20.3,230.9,7.01,0.57,0.41,29.5,1172.4,72.5,32.3,27975.1,45728.7,6084.9,8780.1,13110.1,128.37,0.922
Madhya Pradesh,Ujjain,Rice,Kharif,2015,26698.2,51709.1,1936.8,294.9,17.7,286.0,7.93,0.42,0.89,29.0,1264.6,68.2,36.2,30253.0,51210.4,6360.1,12417.6,11475.3,100.0,1.9367999999999999
Andhra Pradesh,Krishna,Groundnut,Kharif,2017,23614.4,41615.7,1762.3,221.1,11.4,158.1,6.96,0.41,0.34,30.8,1034.4,75.4,31.3,39347.9,64988.6,8044.8,13759.5,17543.6,113.54,1.7623
West Bengal,Murshidabad,Maize,Rabi,2016,30590.4,84784.4,2771.6,214.1,17.1,183.0,6.26,0.68,0.93,21.6,243.8,66.9,14.6,25328.1,41661.2,5035.2,8646.1,11646.8,105.27,2.7716
Uttar Pradesh,Meerut,Groundnut,Rabi,2020,38801.5,71996.2,1855.5,227.1,14.9,205.3,7.27,0.46,0.47,20.2,145.1,54.2,12.6,49076.2,78948.4,8852.8,15937.8,24285.6,138.02,1.8555
Madhya Pradesh,Hoshangabad,Jowar,Kharif,2015,5026.6,8473.3,1685.7,328.1,15.9,294.8,7.71,0.59,0.39,28.8,1327.2,70.4,37.1,18119.6,29334.6,3546.0,6435.9,8137.7,100.0,1.6857
Tamil Nadu,Coimbatore,Maize,Rabi,2018,36717.2,104801.9,2854.3,210.6,11.9,187.0,7.24,0.42,0.98,22.8,119.2,66.1,11.6,29815.7,48892.2,6662.0,11749.7,11404.0,119.72,2.8543000000000003
Maharashtra,Nagpur,Soyabean,Kharif,2016,7978.4,8501.8,1065.6,233.0,13.2,245.4,7.26,0.54,0.27,30.1,1187.4,72.3,32.4,27055.8,43376.5,6010.4,9043.5,12001.9,105.27,1.0655999999999999
Karnataka,Mysuru,Cotton,Kharif,2023,627.5,347.4,553.7,222.3,10.7,214.7,6.49,0.54,0.41,28.8,1031.2,76.5,29.5,60707.6,97492.2,10497.0,24790.2,25420.4,166.25,0.5537000000000001
Haryana,Sirsa,Bajra,Kharif,2022,23349.0,32249.6,1381.2,312.4,19.7,181.4,7.78,0.42,0.77,27.2,730.9,63.2,24.4,28085.3,45213.6,6732.3,9566.7,11786.3,156.76,1.3812
Uttar Pradesh,Kanpur Dehat,Bajra,Kharif,2020,33242.3,56319.1,1694.2,238.2,16.3,169.4,7.66,0.43,0.19,29.8,970.6,69.3,29.5,26385.3,42774.9,4778.0,10638.0,10969.3,138.02,1.6942000000000002
Bihar,Patna,Maize,Rabi,2023,36739.9,93187.1,2536.4,235.1,13.1,187.1,7.67,0.5,1.01,20.6,175.0,63.7,14.7,37976.5,63547.3,6216.5,12648.0,19112.0,166.25,2.5364
Uttar Pradesh,Bareilly,Sugarcane,Whole Year,2023,7251.0,602421.8,83081.2,237.3,14.8,208.4,7.43,0.4,0.9,26.0,1162.0,62.0,18.3,156127.0,250748.8,31682.8,49812.8,74631.4,166.25,83.0812
Punjab,Amritsar,Maize,Kharif,2022,25615.4,52831.8,2062.5,238.6,20.5,241.3,7.79,0.52,0.16,27.1,674.4,68.2,23.7,40745.0,69032.6,7186.8,14303.2,19255.0,156.76,2.0625
West Bengal,Hooghly,Gram,Rabi,2017,13485.3,8919.2,661.4,166.6,17.3,174.6,5.73,0.63,0.56,21.9,238.5,66.9,14.4,23400.5,38857.8,4689.3,7311.9,11399.3,113.54,0.6614
Karnataka,Mysuru,Soyabean,Kharif,2019,15511.5,22978.7,1481.4,235.2,14.7,207.0,6.49,0.62,0.27,28.4,839.1,73.0,24.5,25492.6,42507.7,5766.2,9858.5,9867.9,128.37,1.4814
Tamil Nadu,Salem,Sugarcane,Whole Year,2019,20811.8,1442193.2,69296.9,208.9,11.9,194.2,7.17,0.43,0.3,27.6,978.6,71.3,18.5,110227.6,186695.8,22587.4,34105.4,53534.8,128.37,69.2969
West Bengal,Nadia,Maize,Kharif,2016,6014.2,19621.3,3262.5,230.7,22.2,153.7,6.1,0.66,0.59,30.4,1433.6,85.0,36.0,25328.1,41661.2,5035.2,8646.1,11646.8,105.27,3.2625
Karnataka,Belagavi,Gram,Rabi,2021,14946.3,11568.4,774.0,247.9,11.7,216.0,6.92,0.49,0.96,21.3,141.3,59.9,12.6,29835.2,49536.5,6699.2,9792.8,13343.2,148.02,0.774
Haryana,Sirsa,Gram,Rabi,2022,36376.4,43884.5,1206.4,312.4,19.7,181.4,7.78,0.42,0.77,19.4,69.2,46.6,11.2,34137.8,54958.5,7272.6,12302.1,14563.1,156.76,1.2064000000000001
Andhra Pradesh,Guntur,Cotton,Kharif,2023,22333.0,11863.3,531.2,261.1,18.0,218.6,6.96,0.43,0.18,30.4,1017.5,77.3,29.9,66826.0,112111.9,14095.1,25829.7,26901.2,166.25,0.5312
West Bengal,Murshidabad,Rice,Kharif,2021,41414.5,82100.1,1982.4,224.7,23.8,191.6,6.24,0.6,0.15,29.9,1723.9,86.5,39.0,47775.0,78465.1,8680.5,16512.6,22581.9,148.02,1.9824000000000002
Karnataka,Mysuru,Jowar,Kharif,2015,28436.6,35810.2,1259.3,208.8,12.1,198.4,6.41,0.56,0.6,29.6,1099.4,76.4,32.0,17951.2,28772.3,4246.4,7363.8,6341.0,100.0,1.2592999999999999
Punjab,Amritsar,Bajra,Kharif,2019,11641.4,12469.1,1071.1,238.3,20.5,241.5,7.7,0.49,0.84,27.2,686.2,66.1,25.5,24461.5,41008.0,4742.0,8083.9,11635.6,128.37,1.0711
Uttar Pradesh,Meerut,Soyabean,Kharif,2015,507.6,489.6,964.6,272.3,14.8,162.3,7.4,0.49,0.65,28.5,1092.6,72.5,33.6,24124.1,39252.1,4176.2,8882.2,11065.7,100.0,0.9646
Maharashtra,Kolhapur,Gram,Rabi,2019,14360.1,14825.4,1032.4,287.6,18.2,238.3,7.53,0.41,0.39,22.3,136.3,55.9,12.9,30448.1,51629.9,5995.8,10945.8,13506.5,128.37,1.0324
Punjab,Amritsar,Groundnut,Kharif,2021,2885.6,3285.3,1138.5,305.5,18.0,211.3,7.6,0.53,0.28,26.8,637.5,66.6,22.2,53146.6,90183.0,9831.6,22178.2,21136.8,148.02,1.1385
Andhra Pradesh,West Godavari,Gram,Rabi,2017,16322.9,19933.5,1221.2,213.7,14.1,231.8,7.11,0.47,0.71,22.2,119.0,60.3,13.7,24063.8,39417.7,4691.9,7652.1,11719.8,113.54,1.2212
Andhra Pradesh,Kurnool,Maize,Kharif,2017,24793.2,71397.0,2879.7,180.8,15.7,208.5,6.71,0.54,0.98,30.9,1075.7,77.4,30.8,28187.0,45922.2,5120.0,11432.9,11634.1,113.54,2.8796999999999997
Karnataka,Davanagere,Jowar,Rabi,2021,35005.2,37693.6,1076.8,211.8,12.8,203.9,6.51,0.45,1.05,20.8,105.6,59.1,12.5,24828.3,40014.9,4635.9,10044.0,10148.4,148.02,1.0768
West Bengal,Hooghly,Maize,Kharif,2023,35397.7,94703.0,2675.4,206.4,16.9,157.0,6.28,0.62,0.23,30.3,1459.6,84.8,37.9,41129.3,67295.6,8559.4,13284.5,19285.4,166.25,2.6754000000000002
Punjab,Amritsar,Jowar,Rabi,2018,11346.0,13319.1,1173.9,261.5,21.4,209.1,7.88,0.41,0.21,19.2,116.3,51.2,10.9,25510.8,41994.2,5723.1,8872.4,10915.3,119.72,1.1739000000000002
Karnataka,Davanagere,Jowar,Rabi,2018,35508.0,37787.6,1064.2,225.4,14.9,202.9,6.89,0.55,0.13,20.6,124.5,59.2,12.9,20775.2,34139.0,4290.8,6467.3,10017.1,119.72,1.0642
Haryana,Kurukshetra,Maize,Rabi,2019,27807.2,64974.3,2336.6,219.8,13.8,190.3,8.01,0.45,0.93,20.5,107.7,46.6,10.1,31908.4,51409.0,7186.6,12933.3,11788.5,128.37,2.3366
Punjab,Amritsar,Soyabean,Kharif,2021,34417.4,32039.2,930.9,305.5,18.0,211.3,7.6,0.53,0.28,26.8,637.5,66.6,22.2,36154.5,61394.6,7695.0,14554.0,13905.5,148.02,0.9309
Haryana,Karnal,Cotton,Kharif,2015,6608.6,3521.7,532.9,254.2,17.0,233.1,7.57,0.4,0.64,27.9,681.5,62.1,23.3,39535.7,66173.5,6964.5,11877.2,20694.0,100.0,0.5328999999999999
Tamil Nadu,Thanjavur,Bajra,Kharif,2021,23230.4,36378.8,1566.0,189.1,11.2,210.0,6.68,0.44,0.88,30.7,1033.0,81.2,31.8,26594.8,42713.4,5833.4,9942.0,10819.4,148.02,1.566
Punjab,Bathinda,Bajra,Kharif,2017,6680.0,9219.7,1380.2,328.3,17.6,236.2,7.84,0.54,0.21,27.4,768.8,66.0,24.6,22810.1,37513.3,4059.3,8560.3,10190.5,113.54,1.3802
West Bengal,Nadia,Gram,Rabi,2017,1902.6,1455.3,764.9,197.8,23.5,200.9,6.37,0.56,0.63,21.4,201.6,70.0,12.9,23400.5,38857.8,4689.3,7311.9,11399.3,113.54,0.7649
Punjab,Patiala,Cotton,Kharif,2019,42595.8,20987.0,492.7,306.3,20.9,268.7,7.87,0.4,0.55,26.7,674.4,63.7,23.3,53283.6,87505.4,11658.0,20585.3,21040.3,128.37,0.49269999999999997
Uttar Pradesh,Gorakhpur,Groundnut,Kharif,2022,21134.0,35306.5,1670.6,222.2,16.9,176.4,7.63,0.37,0.82,28.8,940.1,71.8,30.1,58451.9,95115.4,11239.7,23964.4,23247.8,156.76,1.6705999999999999
Bihar,Rohtas,Jowar,Rabi,2016,13545.3,18520.5,1367.3,230.6,13.0,179.1,7.16,0.35,0.12,21.2,177.9,62.0,11.8,19051.6,31815.5,3379.2,7775.7,7896.7,105.27,1.3673
Haryana,Kurukshetra,Rice,Kharif,2017,22324.4,39054.3,1749.4,220.4,12.4,190.2,7.96,0.31,0.83,28.1,679.7,60.0,23.1,35049.2,58692.1,7375.4,11796.2,15877.6,113.54,1.7494
Punjab,Amritsar,Soyabean,Kharif,2022,32744.0,50877.6,1553.8,238.6,20.5,241.3,7.79,0.52,0.16,27.1,674.4,68.2,23.7,36344.3,60765.7,6094.8,12329.5,17920.0,156.76,1.5537999999999998
Maharashtra,Nashik,Gram,Rabi,2018,2292.6,1711.9,746.7,295.5,19.0,229.1,7.07,0.57,1.09,22.0,140.7,55.4,13.2,27061.2,44179.6,6435.2,8581.8,12044.2,119.72,0.7467
Tamil Nadu,Salem,Jowar,Kharif,2017,36953.0,40803.5,1104.2,217.2,13.4,249.5,7.16,0.5,0.61,31.0,1113.2,81.3,31.4,21573.6,34706.2,5127.6,7672.5,8773.5,113.54,1.1042
Andhra Pradesh,West Godavari,Maize,Kharif,2019,13202.8,27625.5,2092.4,211.2,12.6,187.9,6.7,0.49,1.04,30.9,1264.8,77.4,33.1,30980.1,49640.5,6270.8,9750.5,14958.8,128.37,2.0924
Madhya Pradesh,Indore,Maize,Kharif,2016,13953.2,31654.2,2268.6,265.7,15.7,279.7,7.31,0.47,1.13,28.7,1302.7,69.0,35.2,23573.4,38475.1,5488.3,9071.0,9014.1,105.27,2.2685999999999997
Punjab,Bathinda,Gram,Rabi,2017,17594.7,17158.4,975.2,328.3,17.6,236.2,7.84,0.54,0.21,18.2,68.7,47.4,12.4,26463.3,44355.7,4967.1,8254.4,13241.8,113.54,0.9752000000000001
Haryana,Kurukshetra,Sugarcane,Whole Year,2023,6115.3,454201.7,74273.0,260.0,16.2,200.5,8.3,0.34,0.35,25.5,715.4,55.5,18.3,137288.9,230500.2,25000.9,44032.6,68255.4,166.25,74.273
Punjab,Amritsar,Groundnut,Rabi,2020,31782.9,47223.0,1485.8,306.7,21.7,213.6,8.19,0.54,0.75,18.2,89.8,50.2,12.0,48265.2,80811.4,9243.6,20196.3,18825.3,138.02,1.4858
Haryana,Kurukshetra,Wheat,Rabi,2017,31363.4,133912.3,4269.7,220.4,12.4,190.2,7.96,0.31,0.83,20.4,89.7,47.5,12.5,30066.8,50547.9,6649.8,11615.0,11802.0,113.54,4.269699999999999
Punjab,Ludhiana,Sugarcane,Whole Year,2015,5884.7,339536.6,57698.2,280.1,18.5,211.9,7.57,0.51,0.99,23.8,696.2,55.8,15.1,92727.0,148983.6,18355.1,28068.3,46303.6,100.0,57.6982
Karnataka,Belagavi,Maize,Rabi,2016,11585.5,34649.9,2990.8,231.1,14.3,225.1,6.62,0.61,0.51,21.5,151.9,60.6,13.8,23346.9,39217.3,4528.4,7093.6,11724.9,105.27,2.9908
Karnataka,Belagavi,Soyabean,Kharif,2022,7633.9,7694.2,1007.9,264.9,16.9,207.6,6.72,0.52,0.96,29.1,1148.6,78.0,33.8,32494.2,52729.0,5875.4,11265.5,15353.3,156.76,1.0079
Tamil Nadu,Erode,Groundnut,Rabi,2023,24467.3,30229.3,1235.5,181.7,13.0,231.4,7.25,0.44,0.25,22.5,141.4,66.9,14.3,58645.5,98731.0,11022.3,22592.5,25030.7,166.25,1.2355
Uttar Pradesh,Kanpur Dehat,Maize,Kharif,2019,9147.5,21820.4,2385.4,254.3,16.9,170.5,7.19,0.43,0.23,29.4,919.9,70.9,28.6,31105.5,51254.1,5750.1,10843.3,14512.1,128.37,2.3854
Andhra Pradesh,West Godavari,Sugarcane,Whole Year,2020,23845.4,1953138.6,81908.4,213.8,17.0,225.4,6.48,0.4,1.07,28.1,1234.9,67.9,19.7,117071.9,194532.8,18938.5,48292.0,49841.4,138.02,81.9084
Bihar,Patna,Cotton,Kharif,2017,19807.4,9275.8,468.3,216.1,14.2,193.6,7.19,0.51,0.87,29.1,1280.8,76.6,35.2,42982.8,70506.6,9975.1,17212.1,15795.6,113.54,0.4683
Tamil Nadu,Coimbatore,Maize,Kharif,2016,19735.8,50383.5,2552.9,175.8,11.8,238.6,6.5,0.57,0.96,31.1,814.8,82.1,28.8,24529.8,39389.0,4360.9,9112.1,11056.8,105.27,2.5529
Haryana,Karnal,Gram,Rabi,2016,27395.9,24313.9,887.5,271.9,18.9,220.4,8.0,0.45,0.83,20.0,79.8,48.6,11.6,21654.9,36458.7,4410.9,7112.8,10131.2,105.27,0.8875
Karnataka,Mysuru,Groundnut,Kharif,2023,38174.1,36128.0,946.4,222.3,10.7,214.7,6.49,0.54,0.41,28.8,1031.2,76.5,29.5,50304.3,83857.8,11212.9,15258.7,23832.7,166.25,0.9464
Karnataka,Belagavi,Groundnut,Kharif,2017,5383.1,5101.0,947.6,252.6,15.7,210.0,6.22,0.58,0.1,28.2,855.3,76.0,29.2,36077.5,60395.6,7790.6,11516.9,16770.0,113.54,0.9476
Madhya Pradesh,Ujjain,Jowar,Rabi,2020,9609.7,13855.3,1441.8,307.5,12.8,215.9,7.93,0.43,0.55,20.4,178.3,51.7,14.5,24919.8,41318.9,5162.8,10255.5,9501.5,138.02,1.4418
Haryana,Karnal,Groundnut,Kharif,2015,27850.8,29995.3,1077.0,254.2,17.0,233.1,7.57,0.4,0.64,27.9,681.5,62.1,23.3,35383.1,56791.5,6698.7,12375.7,16308.7,100.0,1.077
Punjab,Patiala,Sugarcane,Whole Year,2023,29917.1,1424490.7,47614.6,316.6,20.1,202.7,7.97,0.52,0.95,23.9,848.6,55.9,17.3,146797.4,239353.6,33083.7,49179.3,64534.4,166.25,47.614599999999996
Maharashtra,Nashik,Gram,Rabi,2015,21564.3,26882.1,1246.6,230.8,16.2,251.6,7.45,0.53,1.07,22.1,194.0,57.6,13.5,24520.5,40432.2,5334.8,7715.1,11470.6,100.0,1.2466
Haryana,Hisar,Groundnut,Kharif,2023,17905.5,31644.4,1767.3,288.7,15.5,192.4,7.78,0.36,0.79,27.3,643.7,62.6,22.1,58181.6,97119.0,10435.5,22953.8,24792.3,166.25,1.7672999999999999
Andhra Pradesh,Krishna,Soyabean,Kharif,2023,3845.4,5761.6,1498.3,203.6,13.2,206.5,7.15,0.42,0.38,31.6,1292.4,80.1,37.9,38266.6,64054.2,6226.6,12696.4,19343.6,166.25,1.4983
Uttar Pradesh,Bareilly,Maize,Rabi,2023,39159.5,107954.9,2756.8,237.3,14.8,208.4,7.43,0.4,0.9,21.3,166.1,54.6,11.0,44402.5,71838.9,7836.2,17083.4,19482.9,166.25,2.7568
Maharashtra,Nashik,Maize,Kharif,2023,13968.2,26080.0,1867.1,264.5,20.4,240.0,7.19,0.56,0.93,29.6,1110.4,74.6,33.6,42972.4,71330.5,9838.4,17398.9,15735.1,166.25,1.8671
Tamil Nadu,Salem,Sugarcane,Whole Year,2023,34946.2,2776622.4,79454.2,236.3,12.6,189.7,6.94,0.44,0.18,27.9,1235.1,72.3,20.7,135076.6,216737.4,24000.6,50010.4,61065.6,166.25,79.4542
Haryana,Hisar,Soyabean,Kharif,2023,35613.9,37205.8,1044.7,288.7,15.5,192.4,7.78,0.36,0.79,27.3,643.7,62.6,22.1,35316.1,59693.4,6391.8,14401.7,14522.6,166.25,1.0447
West Bengal,Murshidabad,Sugarcane,Whole Year,2019,41258.7,3095070.9,75016.2,181.6,18.5,167.7,5.64,0.56,0.67,26.5,1744.4,76.8,25.0,116045.0,185734.7,24980.8,37372.8,53691.4,128.37,75.0162
West Bengal,Murshidabad,Maize,Rabi,2018,2847.5,8667.5,3043.9,238.7,24.6,197.7,6.22,0.59,0.72,22.6,230.5,73.7,15.7,28440.4,46356.4,5013.7,8739.0,14687.7,119.72,3.0439000000000003
Bihar,Muzaffarpur,Bajra,Kharif,2016,16871.8,24040.6,1424.9,216.8,14.6,198.9,7.04,0.52,0.71,28.6,1429.1,81.7,38.7,18405.1,29771.5,3929.6,7048.9,7426.6,105.27,1.4249
Andhra Pradesh,Kurnool,Gram,Rabi,2016,23510.1,20451.4,869.9,239.2,15.5,217.4,7.13,0.56,0.43,22.9,137.7,62.7,14.4,21972.6,37178.3,4222.8,7131.2,10618.6,105.27,0.8699
Maharashtra,Kolhapur,Soyabean,Kharif,2016,39704.2,49630.2,1250.0,309.2,20.8,246.1,7.18,0.54,0.38,30.1,1043.1,72.8,30.7,27055.8,43376.5,6010.4,9043.5,12001.9,105.27,1.25
Madhya Pradesh,Sehore,Rice,Kharif,2016,29925.2,65012.5,2172.5,277.9,16.9,235.5,7.82,0.43,0.75,28.7,1160.9,68.8,30.9,32690.6,54924.0,5750.8,12183.0,14756.8,105.27,2.1725
Karnataka,Davanagere,Wheat,Rabi,2023,13583.3,43192.2,3179.8,237.4,16.4,174.4,6.4,0.63,0.4,20.8,85.4,58.4,11.8,41490.5,67642.8,9594.8,15899.3,15996.4,166.25,3.1798
Andhra Pradesh,West Godavari,Groundnut,Rabi,2021,30953.4,53812.5,1738.5,201.7,15.9,216.2,7.05,0.52,1.0,22.6,134.7,59.2,13.4,49213.0,82909.2,8573.0,20144.5,20495.5,148.02,1.7385
Bihar,Rohtas,Sugarcane,Whole Year,2017,24320.4,1461257.2,60083.6,242.8,18.6,207.5,7.38,0.39,0.8,26.2,1417.0,69.9,21.6,88744.4,144506.2,20081.0,28688.6,39974.8,113.54,60.0836
Haryana,Kurukshetra,Soyabean,Kharif,2016,41030.8,54763.8,1334.7,216.8,15.0,173.9,7.93,0.46,0.5,28.2,535.2,63.3,21.8,22806.5,36742.5,4623.6,7587.2,10595.7,105.27,1.3347
Maharashtra,Nagpur,Jowar,Kharif,2017,44487.5,44420.8,998.5,273.4,16.4,238.8,7.47,0.48,0.58,29.9,1068.7,73.3,30.8,24936.1,39974.9,4701.5,7606.7,12627.9,113.54,0.9985
Madhya Pradesh,Sehore,Groundnut,Kharif,2022,5773.8,8881.3,1538.2,296.7,16.9,257.7,7.27,0.55,0.54,29.3,1068.0,68.0,33.3,50039.4,83093.8,9356.0,15829.9,24853.5,156.76,1.5382
Karnataka,Raichur,Maize,Rabi,2016,5119.6,15289.7,2986.5,213.5,13.0,162.3,6.45,0.54,0.94,21.0,139.2,58.1,10.2,23346.9,39217.3,4528.4,7093.6,11724.9,105.27,2.9865
Tamil Nadu,Coimbatore,Cotton,Kharif,2019,5552.4,3185.4,573.7,187.9,13.8,213.6,6.87,0.46,1.04,30.8,810.9,80.8,27.6,47345.7,79009.1,8138.5,18688.4,20518.8,128.37,0.5737000000000001
Karnataka,Raichur,Maize,Kharif,2019,31619.6,90631.3,2866.3,207.3,15.7,187.2,6.49,0.54,1.11,29.3,912.8,77.7,27.6,29197.7,48704.7,4896.6,11345.2,12955.9,128.37,2.8663000000000003
Madhya Pradesh,Ujjain,Groundnut,Kharif,2016,9120.5,16735.2,1834.9,283.8,17.2,224.4,7.64,0.42,0.98,28.7,1313.4,67.3,34.7,34648.0,56434.0,5865.8,13490.0,15292.2,105.27,1.8349000000000002
Punjab,Amritsar,Groundnut,Rabi,2016,28135.7,46874.1,1666.0,291.9,22.0,220.3,7.79,0.46,0.92,18.8,126.2,50.2,10.9,40714.8,68313.5,8200.5,15463.9,17050.4,105.27,1.666
Karnataka,Raichur,Groundnut,Kharif,2020,39075.9,39388.5,1008.0,256.0,14.8,177.8,6.3,0.49,0.84,29.0,1100.7,74.5,30.3,43951.8,71155.5,8802.9,18117.8,17031.1,138.02,1.008
Andhra Pradesh,Guntur,Gram,Rabi,2020,32970.8,23643.4,717.1,198.6,13.6,217.5,6.93,0.48,0.91,22.6,114.1,59.4,15.0,30728.3,49353.7,6297.0,11669.7,12761.6,138.02,0.7171000000000001
Maharashtra,Nashik,Bajra,Kharif,2017,31537.5,56010.6,1776.0,243.7,16.7,220.3,7.44,0.47,0.96,30.2,1045.3,71.8,29.0,23694.1,39311.7,5199.8,7161.3,11333.0,113.54,1.776
Madhya Pradesh,Ujjain,Gram,Rabi,2022,31520.2,33613.1,1066.4,246.6,11.9,227.4,7.39,0.47,0.42,21.1,203.7,53.3,14.2,29929.6,50789.3,5822.7,12194.3,11912.6,156.76,1.0664
Punjab,Ludhiana,Jowar,Kharif,2016,35927.4,57476.7,1599.8,266.0,17.5,194.2,7.4,0.42,0.74,26.6,757.2,63.7,26.3,22708.3,37267.4,4088.9,9069.9,9549.5,105.27,1.5997999999999999
Madhya Pradesh,Sehore,Sugarcane,Whole Year,2021,34620.0,1996864.3,57679.5,264.3,12.4,245.2,7.29,0.48,0.82,25.9,1441.2,60.6,22.8,115225.3,191763.6,24568.7,38391.1,52265.5,148.02,57.6795
Maharashtra,Nashik,Wheat,Rabi,2018,4704.6,16912.6,3594.9,295.5,19.0,229.1,7.07,0.57,1.09,22.0,140.7,55.4,13.2,36010.7,60532.9,8292.5,10994.6,16723.6,119.72,3.5949
Tamil Nadu,Thanjavur,Soyabean,Kharif,2018,26797.7,35841.9,1337.5,191.5,15.3,185.8,7.07,0.51,0.75,31.1,1134.4,82.3,32.7,25986.9,42572.0,4594.7,9037.1,12355.1,119.72,1.3375
Andhra Pradesh,Krishna,Maize,Kharif,2021,34608.8,103168.8,2981.0,190.4,15.4,160.3,7.04,0.37,1.16,30.4,1257.5,77.8,35.1,35769.0,59574.3,5994.4,10914.6,18860.0,148.02,2.981
Madhya Pradesh,Ujjain,Maize,Rabi,2016,43167.7,90699.7,2101.1,283.8,17.2,224.4,7.64,0.42,0.98,21.8,117.1,52.2,12.0,23573.4,38475.1,5488.3,9071.0,9014.1,105.27,2.1010999999999997
Haryana,Sirsa,Jowar,Kharif,2021,20232.7,19664.2,971.9,309.6,17.7,248.2,8.28,0.38,1.14,28.2,760.9,62.5,27.6,28293.2,47320.3,5358.4,9103.9,13830.9,148.02,0.9719
Madhya Pradesh,Ujjain,Sugarcane,Whole Year,2018,26130.5,1636143.0,62614.3,247.6,17.5,293.4,7.55,0.51,0.5,26.0,1458.9,61.0,21.0,98135.4,159179.3,21490.2,30659.4,45985.8,119.72,62.6143
Uttar Pradesh,Bareilly,Jowar,Rabi,2023,24996.0,22843.8,913.9,237.3,14.8,208.4,7.43,0.4,0.9,21.3,166.1,54.6,11.0,32710.3,54684.9,6423.0,11503.8,14783.5,166.25,0.9138999999999999
Bihar,Muzaffarpur,Groundnut,Rabi,2022,12243.0,17205.1,1405.3,186.4,15.9,149.2,7.58,0.36,0.78,20.9,161.8,62.3,11.9,49776.1,83367.0,11208.5,20669.0,17898.6,156.76,1.4053
Punjab,Ludhiana,Soyabean,Kharif,2018,37703.2,64363.1,1707.1,284.0,20.3,221.9,7.43,0.42,0.65,26.5,744.0,66.6,26.3,29302.2,48609.6,6383.8,12050.1,10868.3,119.72,1.7070999999999998
Andhra Pradesh,Guntur,Groundnut,Kharif,2017,9325.3,17200.5,1844.5,251.4,16.8,224.9,6.79,0.54,0.72,31.3,1157.0,77.6,33.2,39347.9,64988.6,8044.8,13759.5,17543.6,113.54,1.8445
Madhya Pradesh,Sehore,Soyabean,Kharif,2019,14460.6,12316.1,851.7,252.2,12.8,231.9,7.67,0.53,0.59,29.6,1155.8,69.5,30.6,26125.5,43495.0,5670.4,10322.6,10132.5,128.37,0.8517
Uttar Pradesh,Meerut,Gram,Rabi,2018,43170.9,44556.7,1032.1,226.5,17.2,216.9,7.16,0.38,0.8,20.9,153.9,55.8,13.7,27323.2,45564.3,6306.1,8220.6,12796.5,119.72,1.0321
Karnataka,Raichur,Bajra,Kharif,2016,16419.6,16076.4,979.1,213.5,13.0,162.3,6.45,0.54,0.94,29.3,846.5,77.5,27.3,17804.4,29460.8,3744.8,6623.3,7436.3,105.27,0.9791
Andhra Pradesh,Kurnool,Groundnut,Kharif,2017,17671.2,26695.9,1510.7,180.8,15.7,208.5,6.71,0.54,0.98,30.9,1075.7,77.4,30.8,39347.9,64988.6,8044.8,13759.5,17543.6,113.54,1.5107000000000002
Haryana,Kurukshetra,Jowar,Kharif,2022,32831.5,31580.6,961.9,265.4,17.2,228.3,7.8,0.38,0.1,28.1,647.8,64.4,20.5,30963.3,51001.0,6569.5,11416.6,12977.2,156.76,0.9619
Bihar,Patna,Rice,Kharif,2022,14497.3,25729.8,1774.8,253.9,13.0,203.2,7.07,0.36,0.55,29.1,1605.9,81.2,40.1,48626.6,80206.2,10991.4,16911.9,20723.3,156.76,1.7748
Punjab,Bathinda,Maize,Kharif,2019,7866.5,19909.3,2530.9,295.3,19.8,200.8,8.05,0.55,0.49,27.0,790.5,66.3,25.4,32554.9,53651.4,6882.1,11377.8,14295.0,128.37,2.5309
Karnataka,Mysuru,Groundnut,Kharif,2015,43803.9,72946.6,1665.3,208.8,12.1,198.4,6.41,0.56,0.6,29.6,1099.4,76.4,32.0,30803.6,51174.8,7009.6,11447.2,12346.8,100.0,1.6653
Andhra Pradesh,Kurnool,Cotton,Kharif,2019,19349.8,9233.7,477.2,212.3,14.3,208.1,7.15,0.38,0.2,31.8,1078.8,78.3,32.2,49383.1,83177.1,8286.1,19218.7,21878.3,128.37,0.4772
Punjab,Bathinda,Maize,Kharif,2015,5000.8,16711.7,3341.8,249.8,19.0,200.8,8.01,0.39,0.88,26.9,714.7,65.5,24.6,26148.7,44308.2,5032.2,9872.0,11244.5,100.0,3.3418
Uttar Pradesh,Meerut,Jowar,Kharif,2022,24824.4,33244.8,1339.2,242.5,12.4,216.3,7.62,0.32,0.9,28.7,929.1,70.6,29.3,30149.7,51006.6,6224.4,12374.8,11550.5,156.76,1.3392
Tamil Nadu,Salem,Maize,Rabi,2015,35598.8,78146.5,2195.2,201.9,11.7,221.3,7.0,0.61,0.12,23.0,147.8,64.9,11.2,23499.1,39667.7,4835.4,7928.4,10735.3,100.0,2.1952
Tamil Nadu,Coimbatore,Maize,Rabi,2023,8512.9,18938.6,2224.7,180.4,10.7,226.7,6.6,0.6,1.11,22.6,166.9,64.4,11.4,39385.3,64444.1,8806.4,14531.5,16047.4,166.25,2.2247
Punjab,Bathinda,Sugarcane,Whole Year,2020,15843.7,1228395.3,77532.1,277.0,23.5,204.4,7.46,0.36,1.0,24.3,837.0,56.1,16.6,129852.5,208634.7,26465.5,51509.1,51877.9,138.02,77.5321
Andhra Pradesh,Krishna,Maize,Kharif,2018,4660.6,13081.4,2806.8,200.9,11.5,172.5,6.56,0.38,1.0,30.7,1121.5,76.7,31.7,27944.3,47433.0,5703.9,11207.9,11032.5,119.72,2.8068
West Bengal,Nadia,Rice,Kharif,2022,14741.6,46925.5,3183.2,201.7,23.7,179.7,5.93,0.53,0.29,30.2,1421.1,86.1,38.8,54221.6,90974.8,8765.7,17973.8,27482.1,156.76,3.1832
Uttar Pradesh,Bareilly,Jowar,Rabi,2021,26264.0,35440.6,1349.4,237.2,12.7,186.8,7.21,0.32,0.2,21.2,141.6,53.5,12.4,31617.1,52194.0,7051.6,12592.0,11973.5,148.02,1.3494000000000002
Maharashtra,Nagpur,Soyabean,Kharif,2020,11964.5,15854.2,1325.1,222.3,14.9,234.4,7.34,0.39,0.47,29.6,1023.6,74.9,29.5,34646.2,57319.0,7613.8,13465.4,13567.0,138.02,1.3251
Tamil Nadu,Coimbatore,Jowar,Rabi,2017,12200.7,11289.3,925.3,177.8,12.3,181.3,6.58,0.52,0.43,22.9,134.5,65.5,11.5,21573.6,34706.2,5127.6,7672.5,8773.5,113.54,0.9252999999999999
Tamil Nadu,Erode,Wheat,Rabi,2022,28820.6,90563.0,3142.3,171.1,12.0,175.0,6.55,0.53,1.14,23.2,115.1,65.9,10.5,46131.4,78167.0,9167.7,19220.5,17743.2,156.76,3.1423
West Bengal,Bardhaman,Sugarcane,Whole Year,2022,6361.0,436974.6,68695.9,243.8,20.6,174.5,6.22,0.68,1.03,27.0,1808.9,77.3,24.0,144971.8,232336.8,28956.4,57346.8,58668.6,156.76,68.6959
Tamil Nadu,Coimbatore,Cotton,Kharif,2023,14634.0,6569.2,448.9,180.4,10.7,226.7,6.6,0.6,1.11,30.6,933.3,79.3,26.8,61550.0,100171.2,13151.7,18846.7,29551.6,166.25,0.44889999999999997
Punjab,Ludhiana,Maize,Kharif,2015,38006.9,109102.6,2870.6,280.1,18.5,211.9,7.57,0.51,0.99,27.0,577.0,65.4,21.1,26148.7,44308.2,5032.2,9872.0,11244.5,100.0,2.8706
Bihar,Rohtas,Soyabean,Kharif,2017,34690.0,46758.7,1347.9,242.8,18.6,207.5,7.38,0.39,0.8,29.2,1235.5,80.0,34.7,24367.0,41267.2,5269.0,7703.1,11394.9,113.54,1.3479
Tamil Nadu,Salem,Jowar,Rabi,2017,33842.4,32952.3,973.7,217.2,13.4,249.5,7.16,0.5,0.61,23.0,136.8,64.0,12.5,21573.6,34706.2,5127.6,7672.5,8773.5,113.54,0.9737
Bihar,Patna,Jowar,Kharif,2017,42766.9,59360.5,1388.0,216.1,14.2,193.6,7.19,0.51,0.87,29.1,1280.8,76.6,35.2,20755.0,33313.1,4624.4,8408.8,7721.8,113.54,1.388
Madhya Pradesh,Hoshangabad,Bajra,Kharif,2021,21667.6,29301.1,1352.3,283.7,17.0,265.1,7.21,0.46,0.51,28.3,1072.5,69.3,30.3,24502.2,40592.6,3958.1,9960.2,10583.9,148.02,1.3523
Maharashtra,Pune,Jowar,Kharif,2021,16912.9,13592.9,803.7,258.6,17.1,217.4,7.36,0.52,1.1,29.7,1074.8,74.9,31.6,31164.8,50529.7,6456.6,12052.9,12655.3,148.02,0.8037000000000001
Tamil Nadu,Salem,Gram,Rabi,2020,41879.3,27711.5,661.7,187.8,12.6,262.6,6.56,0.47,0.4,22.2,140.9,64.7,12.0,28616.1,46607.6,5266.8,11779.2,11570.1,138.02,0.6617000000000001
Madhya Pradesh,Sehore,Maize,Kharif,2015,33528.3,98191.0,2928.6,286.0,12.1,275.6,7.97,0.45,0.3,29.3,1106.7,68.6,31.3,22680.8,38434.5,4141.4,7635.6,10903.8,100.0,2.9286
Andhra Pradesh,West Godavari,Sugarcane,Whole Year,2022,14321.8,927143.2,64736.5,201.4,16.6,238.7,6.93,0.55,0.19,28.2,1373.5,67.4,21.3,136047.0,230610.7,28524.8,51783.3,55738.9,156.76,64.7365
Tamil Nadu,Coimbatore,Sugarcane,Whole Year,2016,36924.3,2259774.5,61200.2,175.8,11.8,238.6,6.5,0.57,0.96,27.8,1009.3,72.3,20.7,92754.2,153610.4,21854.6,30283.6,40616.0,105.27,61.200199999999995
Uttar Pradesh,Kanpur Dehat,Groundnut,Kharif,2018,27237.3,51573.8,1893.5,232.5,13.6,170.2,7.14,0.36,0.27,28.6,1073.2,70.3,31.1,41321.4,69707.1,9334.4,12895.0,19092.0,119.72,1.8935
Bihar,Gaya,Groundnut,Kharif,2023,17002.1,18661.5,1097.6,220.1,14.0,187.5,7.21,0.51,0.93,29.1,1253.1,80.6,34.8,52305.9,84735.8,11782.7,21155.3,19367.9,166.25,1.0976
Karnataka,Belagavi,Jowar,Rabi,2016,22922.2,18734.3,817.3,231.1,14.3,225.1,6.62,0.61,0.51,21.5,151.9,60.6,13.8,17539.2,28345.9,3114.3,5703.0,8721.9,105.27,0.8172999999999999
Madhya Pradesh,Hoshangabad,Maize,Rabi,2016,7083.6,21901.1,3091.8,321.3,18.9,274.0,7.92,0.42,0.9,20.7,186.0,52.3,13.0,23573.4,38475.1,5488.3,9071.0,9014.1,105.27,3.0918
Tamil Nadu,Erode,Gram,Rabi,2020,41127.7,35382.2,860.3,219.3,10.5,222.3,6.6,0.55,1.15,22.4,166.3,66.0,13.3,28616.1,46607.6,5266.8,11779.2,11570.1,138.02,0.8603
Bihar,Gaya,Gram,Rabi,2021,8160.0,9428.9,1155.5,183.7,14.4,182.5,7.11,0.5,0.38,20.8,183.2,65.4,11.0,30675.4,51992.4,7048.6,10385.1,13241.7,148.02,1.1555
Haryana,Karnal,Groundnut,Rabi,2023,17520.3,35268.4,2013.0,262.7,14.5,192.9,8.25,0.39,0.58,20.3,117.1,47.1,9.3,58181.6,97119.0,10435.5,22953.8,24792.3,166.25,2.013
West Bengal,Murshidabad,Sugarcane,Whole Year,2015,30266.2,2360539.6,77992.6,226.4,18.8,185.1,6.29,0.62,1.14,27.5,1778.9,76.9,23.5,89799.4,151442.2,17451.1,36783.6,35564.7,100.0,77.99260000000001
Uttar Pradesh,Meerut,Groundnut,Rabi,2015,27224.3,50027.4,1837.6,272.3,14.8,162.3,7.4,0.49,0.65,20.9,116.4,54.9,12.2,37557.1,60437.3,7964.6,12870.9,16721.6,100.0,1.8376
Uttar Pradesh,Kanpur Dehat,Groundnut,Rabi,2019,26712.6,48395.2,1811.7,254.3,16.9,170.5,7.19,0.43,0.23,20.7,92.7,56.5,11.3,44873.3,74695.8,9620.5,15386.3,19866.5,128.37,1.8117
Uttar Pradesh,Bareilly,Maize,Rabi,2016,14891.8,43991.9,2954.1,266.3,16.9,206.0,7.87,0.5,0.37,20.9,133.5,55.9,12.8,25622.0,43060.4,4874.8,8452.1,12295.1,105.27,2.9541
Tamil Nadu,Coimbatore,Wheat,Rabi,2022,1647.1,5087.1,3088.5,224.7,13.1,185.2,6.77,0.44,0.47,22.9,164.9,65.9,14.3,46131.4,78167.0,9167.7,19220.5,17743.2,156.76,3.0885
Maharashtra,Nagpur,Jowar,Rabi,2019,22046.5,27800.6,1261.0,294.7,20.3,230.9,7.01,0.57,0.41,22.4,174.2,54.6,13.2,27975.1,45728.7,6084.9,8780.1,13110.1,128.37,1.261
West Bengal,Murshidabad,Cotton,Kharif,2015,28013.9,11001.1,392.7,226.4,18.8,185.1,6.29,0.62,1.14,30.4,1503.5,87.4,37.5,40210.6,66272.9,7540.5,13662.1,19008.0,100.0,0.3927
Andhra Pradesh,Guntur,Maize,Kharif,2022,36504.9,112289.1,3076.0,216.7,14.0,215.6,6.8,0.37,0.65,31.1,989.4,77.0,28.4,39871.1,65185.1,7483.4,14320.8,18066.9,156.76,3.076
Uttar Pradesh,Gorakhpur,Soyabean,Kharif,2020,18822.2,23077.9,1226.1,241.1,14.9,178.2,7.26,0.42,0.43,29.0,1213.7,73.2,33.7,33657.5,56236.9,5571.0,10527.1,17559.4,138.02,1.2261
Madhya Pradesh,Ujjain,Gram,Rabi,2023,28413.8,27186.3,956.8,313.8,15.6,250.8,7.82,0.54,0.45,21.0,173.2,54.8,14.3,34657.5,57110.7,5682.5,12758.0,16217.0,166.25,0.9568
Uttar Pradesh,Meerut,Jowar,Rabi,2015,8233.9,9416.3,1143.6,272.3,14.8,162.3,7.4,0.49,0.65,20.9,116.4,54.9,12.2,20844.3,35245.2,3410.3,6626.7,10807.3,100.0,1.1436
Maharashtra,Nagpur,Gram,Rabi,2023,42562.7,27567.9,647.7,259.2,17.6,226.8,6.86,0.56,0.99,21.3,130.1,58.0,8.8,40310.9,66421.5,8326.0,16182.0,15802.9,166.25,0.6477
Haryana,Kurukshetra,Jowar,Kharif,2017,40210.6,37078.2,922.1,220.4,12.4,190.2,7.96,0.31,0.83,28.1,679.7,60.0,23.1,22524.2,37575.8,3734.0,9339.4,9450.8,113.54,0.9221
Karnataka,Mysuru,Jowar,Kharif,2020,42065.5,35961.8,854.9,221.5,12.3,207.8,6.78,0.58,0.99,29.0,1015.8,75.5,31.6,23812.6,39245.0,4273.9,9885.3,9653.4,138.02,0.8549
Karnataka,Belagavi,Cotton,Kharif,2021,3842.9,2262.7,588.8,247.9,11.7,216.0,6.92,0.49,0.96,28.6,852.3,75.6,27.2,53851.0,87358.1,8976.3,19774.0,25100.7,148.02,0.5888
Karnataka,Belagavi,Maize,Rabi,2018,19535.5,71355.4,3652.6,225.6,11.5,221.3,6.33,0.59,0.18,20.9,136.3,62.4,12.4,25398.1,41502.4,5030.9,8102.4,12264.8,119.72,3.6526
Madhya Pradesh,Indore,Bajra,Kharif,2019,25782.7,34744.8,1347.6,254.0,14.9,254.7,7.88,0.57,0.78,29.1,1232.0,68.1,34.2,21737.9,35169.9,5064.4,6523.1,10150.4,128.37,1.3476
Madhya Pradesh,Hoshangabad,Wheat,Rabi,2019,24524.1,63009.8,2569.3,278.4,15.9,289.7,7.61,0.51,1.17,21.2,189.7,50.4,13.3,33082.3,54508.0,6643.0,13092.2,13347.1,128.37,2.5693
Karnataka,Mysuru,Maize,Rabi,2020,36577.0,97496.0,2665.5,221.5,12.3,207.8,6.78,0.58,0.99,21.4,130.2,63.0,13.3,31711.9,53115.0,7081.9,12372.1,12257.9,138.02,2.6655
Tamil Nadu,Erode,Groundnut,Kharif,2018,21160.1,33995.8,1606.6,182.9,11.7,225.8,6.84,0.57,0.27,31.4,1021.2,82.4,30.4,40210.7,67705.2,8556.7,15470.4,16183.6,119.72,1.6065999999999998
Madhya Pradesh,Sehore,Gram,Rabi,2016,14958.7,17609.4,1177.2,277.9,16.9,235.5,7.82,0.43,0.75,21.2,178.5,53.7,14.5,20019.3,32526.5,4591.0,7901.8,7526.5,105.27,1.1772
Andhra Pradesh,Kurnool,Jowar,Rabi,2023,44347.2,57403.0,1294.4,215.3,14.3,204.9,7.01,0.43,0.8,22.8,116.4,60.0,12.6,32943.3,54064.8,6996.3,10543.2,15403.8,166.25,1.2944
Andhra Pradesh,Kurnool,Jowar,Rabi,2017,12703.7,13027.6,1025.5,180.8,15.7,208.5,6.71,0.54,0.98,22.7,171.6,60.3,13.3,21375.4,35439.8,3653.1,6586.8,11135.5,113.54,1.0255
Karnataka,Mysuru,Jowar,Rabi,2019,23014.4,24853.3,1079.9,235.2,14.7,207.0,6.49,0.62,0.27,20.5,171.2,58.4,14.6,21853.6,36450.8,4312.7,8590.2,8950.7,128.37,1.0799
Haryana,Karnal,Sugarcane,Whole Year,2021,21326.9,1138397.9,53378.5,232.7,14.9,211.0,8.05,0.35,1.15,24.7,726.9,52.6,16.0,122448.4,203926.2,24604.3,39578.0,58266.1,148.02,53.3785
Madhya Pradesh,Hoshangabad,Sugarcane,Whole Year,2016,21683.8,1446747.5,66720.2,321.3,18.9,274.0,7.92,0.42,0.9,25.7,1405.2,59.2,21.2,84151.7,134786.3,18536.0,33884.8,31730.9,105.27,66.72019999999999
Haryana,Karnal,Jowar,Kharif,2020,3212.6,5358.0,1667.8,289.2,17.8,198.7,7.59,0.49,0.87,28.5,718.0,64.3,22.0,25502.8,42561.5,4823.6,7872.1,12807.1,138.02,1.6678
Uttar Pradesh,Meerut,Bajra,Kharif,2021,11650.0,19722.3,1692.9,260.1,14.0,171.4,7.21,0.33,0.87,28.6,1040.4,70.4,31.1,29469.1,47530.6,5578.2,9569.3,14321.6,148.02,1.6929
Karnataka,Davanagere,Soyabean,Kharif,2018,7399.1,6519.3,881.1,225.4,14.9,202.9,6.89,0.55,0.13,29.0,1117.7,75.2,31.3,23639.0,40001.6,4239.1,9571.3,9828.6,119.72,0.8811
Andhra Pradesh,Kurnool,Jowar,Kharif,2018,31853.7,33780.8,1060.5,217.1,14.9,192.2,6.55,0.42,0.9,31.5,1165.5,77.2,32.1,22552.2,37975.7,3661.8,7068.5,11821.9,119.72,1.0605
Tamil Nadu,Salem,Jowar,Rabi,2021,36053.5,38379.0,1064.5,232.3,12.0,199.6,7.05,0.6,0.28,22.7,167.2,64.9,13.2,28668.5,46856.6,6704.3,9469.9,12494.3,148.02,1.0645
Madhya Pradesh,Ujjain,Bajra,Kharif,2016,8062.1,15206.7,1886.2,283.8,17.2,224.4,7.64,0.42,0.98,28.7,1313.4,67.3,34.7,17650.7,28353.6,3541.3,6789.9,7319.5,105.27,1.8862
Bihar,Patna,Maize,Kharif,2022,29897.4,81957.7,2741.3,253.9,13.0,203.2,7.07,0.36,0.55,29.1,1605.9,81.2,40.1,36718.0,58968.0,6283.1,14188.8,16246.1,156.76,2.7413000000000003
Madhya Pradesh,Ujjain,Soyabean,Kharif,2017,4466.8,6492.5,1453.5,304.0,11.6,236.7,7.31,0.53,0.79,28.6,1257.7,67.4,32.1,22494.5,37438.3,5277.5,7028.6,10188.4,113.54,1.4535
Tamil Nadu,Salem,Rice,Kharif,2023,21568.5,67699.2,3138.8,236.3,12.6,189.7,6.94,0.44,0.18,31.1,1025.8,79.0,31.5,50951.1,86296.6,9600.7,21312.8,20037.6,166.25,3.1388000000000003
Tamil Nadu,Erode,Maize,Kharif,2021,27344.6,99971.9,3656.0,202.6,11.0,232.8,7.27,0.58,0.34,31.4,1075.3,81.2,31.9,36821.5,60910.3,7736.8,13804.9,15279.8,148.02,3.656
West Bengal,Murshidabad,Jowar,Rabi,2020,3159.3,4296.6,1360.0,190.2,18.6,149.0,5.97,0.67,0.59,22.0,209.1,68.8,13.1,27467.6,45689.4,6406.3,10944.3,10117.0,138.02,1.36
Haryana,Hisar,Cotton,Kharif,2020,5241.5,1708.2,325.9,269.0,14.7,230.4,8.17,0.49,1.07,27.9,668.0,61.9,25.2,54534.8,91842.6,11719.2,17700.4,25115.2,138.02,0.32589999999999997
Madhya Pradesh,Ujjain,Maize,Rabi,2015,16471.9,47308.9,2872.1,294.9,17.7,286.0,7.93,0.42,0.89,20.6,148.9,52.7,11.4,22680.8,38434.5,4141.4,7635.6,10903.8,100.0,2.8721
Madhya Pradesh,Indore,Groundnut,Rabi,2016,24757.8,39872.4,1610.5,265.7,15.7,279.7,7.31,0.47,1.13,20.9,148.9,53.1,11.6,34648.0,56434.0,5865.8,13490.0,15292.2,105.27,1.6105
Maharashtra,Nagpur,Maize,Kharif,2023,17172.0,47205.8,2749.0,259.2,17.6,226.8,6.86,0.56,0.99,29.9,1241.0,74.0,35.0,42972.4,71330.5,9838.4,17398.9,15735.1,166.25,2.749
Maharashtra,Nagpur,Bajra,Kharif,2015,9872.3,16204.4,1641.4,262.2,17.8,243.1,7.13,0.51,0.45,30.4,1132.5,70.9,33.0,19724.3,32102.4,4226.2,7755.2,7742.9,100.0,1.6414000000000002
Punjab,Ludhiana,Jowar,Kharif,2021,36199.5,56826.0,1569.8,228.2,20.3,194.1,8.02,0.39,1.17,26.7,678.8,65.6,23.6,31689.8,52140.6,6285.6,11704.7,13699.5,148.02,1.5697999999999999
West Bengal,Murshidabad,Maize,Rabi,2019,9533.8,19168.7,2010.6,181.6,18.5,167.7,5.64,0.56,0.67,21.4,214.8,69.3,14.4,31109.7,52323.2,5197.3,10546.9,15365.5,128.37,2.0105999999999997
Madhya Pradesh,Indore,Sugarcane,Whole Year,2023,26798.2,2017824.1,75297.0,246.4,17.4,285.9,7.57,0.54,0.96,26.1,1274.0,58.9,21.5,137688.4,228396.9,25610.5,49727.3,62350.6,166.25,75.297
Karnataka,Davanagere,Groundnut,Kharif,2020,19212.5,23218.3,1208.5,224.5,12.0,198.5,6.97,0.57,0.94,29.1,884.6,75.5,27.2,43951.8,71155.5,8802.9,18117.8,17031.1,138.02,1.2085
Maharashtra,Nagpur,Jowar,Kharif,2015,6944.6,7018.9,1010.7,262.2,17.8,243.1,7.13,0.51,0.45,30.4,1132.5,70.9,33.0,21820.5,35066.7,4650.9,7809.9,9359.7,100.0,1.0107000000000002
Punjab,Patiala,Cotton,Kharif,2020,18962.4,7000.9,369.2,338.9,23.1,209.9,7.48,0.37,0.13,26.5,751.8,66.6,24.6,56984.5,91662.7,10739.0,21748.6,24496.9,138.02,0.3692
Punjab,Patiala,Jowar,Kharif,2015,5564.9,5861.5,1053.3,341.1,21.7,238.2,7.6,0.54,0.68,26.5,567.0,65.1,22.7,20684.5,34908.5,4573.5,8090.0,8021.0,100.0,1.0533
Punjab,Amritsar,Sugarcane,Whole Year,2020,8591.9,553305.5,64398.5,306.7,21.7,213.6,8.19,0.54,0.75,24.2,910.8,56.5,15.8,129852.5,208634.7,26465.5,51509.1,51877.9,138.02,64.3985
Tamil Nadu,Salem,Sugarcane,Whole Year,2017,14129.3,874123.3,61866.0,217.2,13.4,249.5,7.16,0.5,0.61,28.1,1277.6,71.6,20.0,98233.7,165994.2,19108.9,37632.9,41491.9,113.54,61.866
Tamil Nadu,Erode,Jowar,Rabi,2017,14942.3,20233.4,1354.1,222.2,9.0,169.8,6.9,0.42,1.16,23.4,122.5,62.8,8.5,21573.6,34706.2,5127.6,7672.5,8773.5,113.54,1.3540999999999999
Uttar Pradesh,Meerut,Jowar,Rabi,2018,14857.0,13527.3,910.5,226.5,17.2,216.9,7.16,0.38,0.8,20.9,153.9,55.8,13.7,23276.7,39098.0,4784.8,9446.0,9045.9,119.72,0.9105
Punjab,Ludhiana,Soyabean,Kharif,2021,35391.1,41216.5,1164.6,228.2,20.3,194.1,8.02,0.39,1.17,26.7,678.8,65.6,23.6,36154.5,61394.6,7695.0,14554.0,13905.5,148.02,1.1645999999999999
Tamil Nadu,Coimbatore,Wheat,Rabi,2015,26093.6,80955.4,3102.5,203.6,14.3,178.1,7.28,0.61,0.59,23.1,151.5,64.7,12.7,27802.2,46260.6,4865.6,8849.4,14087.2,100.0,3.1025
Uttar Pradesh,Gorakhpur,Groundnut,Rabi,2018,20211.8,30145.9,1491.5,261.5,12.3,174.6,7.19,0.45,0.59,20.9,106.1,51.8,13.4,41321.4,69707.1,9334.4,12895.0,19092.0,119.72,1.4915
Haryana,Kurukshetra,Soyabean,Kharif,2019,19171.9,20239.8,1055.7,219.8,13.8,190.3,8.01,0.45,0.93,28.0,651.5,62.0,22.3,26867.8,45102.8,4636.4,11088.1,11143.3,128.37,1.0557
Uttar Pradesh,Kanpur Dehat,Cotton,Kharif,2022,23379.1,10123.2,433.0,246.7,15.7,156.9,7.34,0.38,1.1,29.0,973.0,69.8,30.0,64267.9,107556.9,13693.3,20823.5,29751.1,156.76,0.433
Bihar,Patna,Maize,Kharif,2016,12497.6,23030.6,1842.8,247.2,13.6,177.0,7.62,0.47,0.4,28.3,1264.7,80.5,33.3,23734.4,39342.6,4117.6,8091.0,11525.8,105.27,1.8428
Maharashtra,Kolhapur,Bajra,Kharif,2020,18395.2,20643.1,1122.2,245.7,19.6,273.7,6.98,0.56,0.8,30.0,1118.5,73.9,33.9,28134.6,46239.4,5276.7,9177.8,13680.1,138.02,1.1222
Haryana,Hisar,Soyabean,Kharif,2017,11287.9,13841.2,1226.2,228.3,17.5,223.1,7.69,0.3,0.7,28.1,611.0,63.0,22.4,25063.8,40537.5,4200.3,8184.8,12678.7,113.54,1.2262
Tamil Nadu,Coimbatore,Wheat,Rabi,2019,37826.2,122617.4,3241.6,187.9,13.8,213.6,6.87,0.46,1.04,22.4,154.6,64.6,11.2,36269.3,58188.1,5993.6,11219.3,19056.4,128.37,3.2416
Punjab,Patiala,Jowar,Kharif,2020,8318.4,9423.1,1132.8,338.9,23.1,209.9,7.48,0.37,0.13,26.5,751.8,66.6,24.6,27152.9,44864.5,5251.6,8278.1,13623.2,138.02,1.1328
Maharashtra,Pune,Sugarcane,Whole Year,2018,16429.5,1032566.1,62848.3,223.6,17.0,213.8,7.59,0.56,0.86,26.8,1397.9,63.8,20.9,112650.5,181193.2,20357.9,41317.2,50975.4,119.72,62.8483
Haryana,Hisar,Gram,Rabi,2020,13375.3,12250.4,915.9,269.0,14.7,230.4,8.17,0.49,1.07,19.7,81.5,45.5,11.0,28865.6,48584.4,6417.6,9759.3,12688.7,138.02,0.9158999999999999
Tamil Nadu,Thanjavur,Soyabean,Kharif,2016,24598.9,24092.2,979.4,213.5,10.4,223.0,6.59,0.48,0.14,31.7,1028.9,78.1,31.3,23131.8,37706.0,4233.8,7916.8,10981.2,105.27,0.9793999999999999
Tamil Nadu,Coimbatore,Wheat,Rabi,2023,33078.0,118455.6,3581.1,180.4,10.7,226.7,6.6,0.6,1.11,22.6,166.9,64.4,11.4,47150.6,78188.3,9009.4,17979.4,20161.8,166.25,3.5810999999999997
Punjab,Amritsar,Wheat,Rabi,2020,12591.3,37748.7,2998.0,306.7,21.7,213.6,8.19,0.54,0.75,18.2,89.8,50.2,12.0,42235.7,69573.5,7346.9,14073.6,20815.2,138.02,2.998
Bihar,Rohtas,Groundnut,Kharif,2020,5815.3,6458.5,1110.6,213.7,16.5,183.0,7.62,0.36,0.11,29.2,1152.5,79.9,30.6,44002.7,71160.4,9100.9,16088.4,18813.4,138.02,1.1105999999999998
Uttar Pradesh,Bareilly,Sugarcane,Whole Year,2015,29398.8,1720991.1,58539.5,267.3,15.0,182.9,7.81,0.49,0.26,25.5,1281.0,61.3,21.0,87336.6,143717.0,15826.0,31362.6,40148.0,100.0,58.5395
Uttar Pradesh,Kanpur Dehat,Bajra,Kharif,2022,18325.0,21801.3,1189.7,246.7,15.7,156.9,7.34,0.38,1.1,29.0,973.0,69.8,30.0,29939.7,48463.9,5817.9,9342.2,14779.6,156.76,1.1897
Maharashtra,Pune,Sugarcane,Whole Year,2022,32442.5,1958910.6,60381.0,260.8,14.8,242.2,6.84,0.53,0.44,26.6,1273.9,63.9,20.9,139907.2,233381.1,32889.5,45978.3,61039.4,156.76,60.381
West Bengal,Bardhaman,Rice,Kharif,2017,19677.1,41445.9,2106.3,233.1,20.8,182.2,6.14,0.52,1.13,29.8,1427.1,85.4,36.6,39075.2,63412.4,6617.7,11966.9,20490.6,113.54,2.1063
Andhra Pradesh,West Godavari,Soyabean,Kharif,2022,13744.5,21485.4,1563.2,201.4,16.6,238.7,6.93,0.55,0.19,31.1,1210.9,78.9,33.9,36207.6,60342.6,5906.6,12272.7,18028.3,156.76,1.5632000000000001
Tamil Nadu,Salem,Wheat,Rabi,2015,2199.6,6019.2,2736.5,201.9,11.7,221.3,7.0,0.61,0.12,23.0,147.8,64.9,11.2,27802.2,46260.6,4865.6,8849.4,14087.2,100.0,2.7365
Andhra Pradesh,Kurnool,Jowar,Kharif,2021,29917.6,46372.3,1550.0,206.2,14.8,227.0,7.07,0.45,0.9,31.6,1070.0,75.2,32.7,27720.2,46574.6,6238.2,8773.7,12708.3,148.02,1.55
Tamil Nadu,Erode,Sugarcane,Whole Year,2020,39010.7,2421187.4,62064.7,219.3,10.5,222.3,6.6,0.55,1.15,27.6,1210.6,72.2,19.0,121695.9,205092.6,25993.1,46275.1,49427.7,138.02,62.064699999999995
Uttar Pradesh,Meerut,Jowar,Rabi,2017,15210.0,18487.8,1215.5,267.8,14.1,175.1,7.73,0.48,1.12,21.5,162.4,55.8,15.2,22066.0,36104.9,4447.0,9227.6,8391.4,113.54,1.2155
Bihar,Patna,Gram,Rabi,2022,35150.6,44922.5,1278.0,253.9,13.0,203.2,7.07,0.36,0.55,21.1,217.6,62.5,13.5,30302.2,50714.9,7235.6,9465.8,13600.8,156.76,1.278
Uttar Pradesh,Gorakhpur,Bajra,Kharif,2018,4567.4,7204.2,1577.3,261.5,12.3,174.6,7.19,0.45,0.59,29.0,986.8,70.3,30.4,24137.7,40263.4,5003.5,10045.4,9088.8,119.72,1.5773
Haryana,Sirsa,Cotton,Kharif,2015,42982.9,18813.6,437.7,240.7,14.1,218.7,8.04,0.34,0.4,28.4,732.2,64.0,25.0,39535.7,66173.5,6964.5,11877.2,20694.0,100.0,0.4377
Haryana,Kurukshetra,Rice,Kharif,2016,44466.3,131286.8,2952.5,216.8,15.0,173.9,7.93,0.46,0.5,28.2,535.2,63.3,21.8,33764.9,56353.7,6075.2,12352.3,15337.4,105.27,2.9525
Uttar Pradesh,Meerut,Cotton,Kharif,2020,6314.2,3472.2,549.9,227.1,14.9,205.3,7.27,0.46,0.47,29.4,1128.0,71.3,31.2,58322.5,96201.5,9685.8,21023.7,27613.0,138.02,0.5498999999999999
Bihar,Gaya,Jowar,Kharif,2020,32925.6,49335.7,1498.4,223.1,17.2,192.5,7.0,0.38,0.61,29.2,1289.4,79.2,36.0,24738.3,40880.8,4121.5,8126.3,12490.5,138.02,1.4984000000000002
Maharashtra,Pune,Maize,Rabi,2017,24420.3,69375.6,2840.9,262.2,17.1,250.7,7.25,0.57,0.41,21.4,177.8,59.1,12.1,30693.9,50842.5,7236.3,10322.3,13135.3,113.54,2.8409
Karnataka,Belagavi,Soyabean,Kharif,2023,12328.1,14545.9,1179.9,226.2,14.6,211.9,6.99,0.61,0.21,28.7,1083.3,78.4,32.4,32887.1,53478.9,6807.5,9917.8,16161.8,166.25,1.1799000000000002
West Bengal,Murshidabad,Groundnut,Kharif,2017,929.2,990.4,1065.9,239.8,24.6,172.0,5.65,0.53,0.15,30.8,1553.3,85.1,37.5,39527.6,67032.3,7478.7,12152.7,19896.2,113.54,1.0659
West Bengal,Murshidabad,Maize,Rabi,2020,16650.8,55778.5,3349.9,190.2,18.6,149.0,5.97,0.67,0.59,22.0,209.1,68.8,13.1,36183.6,61227.5,6413.0,12901.3,16869.3,138.02,3.3499
Madhya Pradesh,Hoshangabad,Groundnut,Rabi,2021,43824.3,43504.4,992.7,283.7,17.0,265.1,7.21,0.46,0.51,20.6,181.6,52.2,14.9,47449.6,75998.2,7636.3,16731.4,23081.9,148.02,0.9927
Karnataka,Belagavi,Cotton,Kharif,2022,19311.1,8446.7,437.4,264.9,16.9,207.6,6.72,0.52,0.96,29.1,1148.6,78.0,33.8,51584.4,84600.8,10384.8,18744.3,22455.3,156.76,0.43739999999999996
Maharashtra,Nashik,Jowar,Kharif,2022,4860.5,7035.6,1447.5,284.4,14.2,242.7,7.54,0.42,0.79,30.2,1171.4,70.6,35.9,32129.8,54085.5,7172.6,10248.9,14708.3,156.76,1.4475
Maharashtra,Nagpur,Wheat,Rabi,2017,41730.1,142520.8,3415.3,273.4,16.4,238.8,7.47,0.48,0.58,21.5,170.7,56.7,12.3,36757.7,59946.1,8056.1,14032.6,14669.0,113.54,3.4153000000000002
West Bengal,Bardhaman,Soyabean,Kharif,2022,15507.8,21608.6,1393.4,243.8,20.6,174.5,6.22,0.68,1.03,30.1,1575.3,87.7,38.8,37445.2,60899.9,8004.6,11803.3,17637.3,156.76,1.3934000000000002
Uttar Pradesh,Meerut,Wheat,Rabi,2020,28548.9,87311.1,3058.3,227.1,14.9,205.3,7.27,0.46,0.47,20.2,145.1,54.2,12.6,40803.9,68163.4,8693.1,12786.6,19324.2,138.02,3.0583
Maharashtra,Kolhapur,Jowar,Kharif,2019,27579.7,33068.1,1199.0,287.6,18.2,238.3,7.53,0.41,0.39,30.1,1124.2,73.9,33.2,27975.1,45728.7,6084.9,8780.1,13110.1,128.37,1.199
Maharashtra,Nagpur,Rice,Kharif,2017,11949.5,28194.8,2359.5,273.4,16.4,238.8,7.47,0.48,0.58,29.9,1068.7,73.3,30.8,39967.1,64981.5,7610.3,12180.9,20175.9,113.54,2.3595
Tamil Nadu,Thanjavur,Jowar,Kharif,2022,33794.4,27451.2,812.3,210.5,14.0,212.9,7.25,0.47,0.66,31.2,1210.3,79.0,34.0,29586.9,48087.9,6301.8,9373.2,13911.9,156.76,0.8122999999999999
Bihar,Muzaffarpur,Jowar,Rabi,2020,38210.7,43124.6,1128.6,196.7,16.2,178.0,6.96,0.48,1.11,21.1,188.3,62.4,13.9,24738.3,40880.8,4121.5,8126.3,12490.5,138.02,1.1285999999999998
Bihar,Patna,Jowar,Kharif,2022,10777.1,11312.7,1049.7,253.9,13.0,203.2,7.07,0.36,0.55,29.1,1605.9,81.2,40.1,28295.0,47432.8,4750.0,9760.7,13784.3,156.76,1.0497
Uttar Pradesh,Kanpur Dehat,Soyabean,Kharif,2015,27387.4,30320.6,1107.1,235.3,13.7,204.9,7.61,0.41,0.67,29.4,764.5,71.5,25.9,24124.1,39252.1,4176.2,8882.2,11065.7,100.0,1.1071
Maharashtra,Nashik,Maize,Kharif,2022,16552.4,50959.9,3078.7,284.4,14.2,242.7,7.54,0.42,0.79,30.2,1171.4,70.6,35.9,41639.7,70701.1,9732.9,16322.1,15584.7,156.76,3.0787
Karnataka,Davanagere,Jowar,Kharif,2020,25607.3,19172.2,748.7,224.5,12.0,198.5,6.97,0.57,0.94,29.1,884.6,75.5,27.2,23812.6,39245.0,4273.9,9885.3,9653.4,138.02,0.7487
West Bengal,Hooghly,Sugarcane,Whole Year,2023,43029.2,2623533.4,60971.0,206.4,16.9,157.0,6.28,0.62,0.23,26.8,1756.8,76.2,24.0,147779.3,246227.4,34346.2,48464.3,64968.8,166.25,60.971
Andhra Pradesh,Krishna,Gram,Rabi,2016,11474.8,14888.6,1297.5,217.6,15.7,180.1,7.18,0.44,0.79,22.7,144.5,60.6,12.4,21972.6,37178.3,4222.8,7131.2,10618.6,105.27,1.2975
Karnataka,Raichur,Cotton,Kharif,2022,40735.6,19740.5,484.6,223.0,10.7,211.3,6.62,0.57,1.12,29.5,976.6,75.2,29.7,51584.4,84600.8,10384.8,18744.3,22455.3,156.76,0.48460000000000003
Punjab,Ludhiana,Bajra,Kharif,2016,12619.5,18762.7,1486.8,266.0,17.5,194.2,7.4,0.42,0.74,26.6,757.2,63.7,26.3,20460.5,33016.9,3778.2,7949.1,8733.2,105.27,1.4868
Maharashtra,Pune,Jowar,Kharif,2022,3050.6,3894.4,1276.6,260.8,14.8,242.2,6.84,0.53,0.44,30.2,1038.8,72.5,30.8,32129.8,54085.5,7172.6,10248.9,14708.3,156.76,1.2766
Karnataka,Raichur,Groundnut,Rabi,2022,2002.3,3016.3,1506.4,223.0,10.7,211.3,6.62,0.57,1.12,21.4,132.2,61.3,13.4,50662.4,84617.6,11691.1,17766.5,21204.8,156.76,1.5064000000000002
West Bengal,Murshidabad,Gram,Rabi,2018,15015.9,13472.3,897.2,238.7,24.6,197.7,6.22,0.59,0.72,22.6,230.5,73.7,15.7,26232.4,43320.5,6247.5,9334.2,10650.7,119.72,0.8972
West Bengal,Bardhaman,Groundnut,Kharif,2023,36111.6,44662.8,1236.8,209.6,21.5,153.7,6.03,0.66,0.31,29.5,1828.9,86.7,39.4,58722.9,99737.0,10870.2,23286.3,24566.4,166.25,1.2368
Andhra Pradesh,Guntur,Soyabean,Kharif,2023,20684.0,31276.3,1512.1,261.1,18.0,218.6,6.96,0.43,0.18,30.4,1017.5,77.3,29.9,38266.6,64054.2,6226.6,12696.4,19343.6,166.25,1.5121
Andhra Pradesh,West Godavari,Bajra,Kharif,2018,38387.3,73661.4,1918.9,237.3,12.0,201.0,6.76,0.37,0.44,30.9,1233.3,76.8,35.4,20588.3,34700.3,3724.0,7499.3,9365.0,119.72,1.9189
Tamil Nadu,Erode,Cotton,Kharif,2018,22375.2,8668.2,387.4,182.9,11.7,225.8,6.84,0.57,0.27,31.4,1021.2,82.4,30.4,46341.3,76791.9,8375.2,19205.2,18760.9,119.72,0.38739999999999997
Punjab,Amritsar,Rice,Kharif,2016,10496.5,18680.6,1779.7,291.9,22.0,220.3,7.79,0.46,0.92,27.2,613.4,66.3,20.9,36201.6,60517.9,7034.4,13181.1,15986.1,105.27,1.7797
Karnataka,Belagavi,Groundnut,Rabi,2018,41844.9,59930.3,1432.2,225.6,11.5,221.3,6.33,0.59,0.18,20.9,136.3,62.4,12.4,36927.2,59436.9,8207.8,13629.9,15089.5,119.72,1.4322000000000001
Tamil Nadu,Thanjavur,Maize,Kharif,2023,43730.2,76768.4,1755.5,210.6,14.2,193.1,6.94,0.51,0.79,31.0,1117.6,81.0,32.3,39385.3,64444.1,8806.4,14531.5,16047.4,166.25,1.7555
Bihar,Gaya,Sugarcane,Whole Year,2017,29351.0,2246393.5,76535.5,185.9,14.4,141.8,7.45,0.38,0.15,25.8,1629.0,71.3,22.5,88744.4,144506.2,20081.0,28688.6,39974.8,113.54,76.5355
Uttar Pradesh,Gorakhpur,Groundnut,Kharif,2015,36492.0,54825.6,1502.4,219.9,17.3,160.0,7.87,0.48,0.89,29.1,971.4,68.9,27.4,37557.1,60437.3,7964.6,12870.9,16721.6,100.0,1.5024000000000002
Tamil Nadu,Salem,Jowar,Rabi,2016,17495.1,24104.7,1377.8,191.9,14.6,188.0,7.21,0.46,1.17,23.7,140.9,65.4,10.9,19483.5,32423.3,4340.8,6758.4,8384.3,105.27,1.3778
Haryana,Hisar,Bajra,Kharif,2019,8819.7,10150.6,1150.9,288.1,19.1,210.9,7.54,0.34,0.54,28.4,683.5,63.5,23.8,21912.7,37184.5,3706.8,8547.3,9658.6,128.37,1.1509
Bihar,Patna,Groundnut,Kharif,2017,1925.5,3624.4,1882.3,216.1,14.2,193.6,7.19,0.51,0.87,29.1,1280.8,76.6,35.2,37883.1,61367.7,6686.7,14053.2,17143.2,113.54,1.8822999999999999
Andhra Pradesh,Krishna,Groundnut,Rabi,2017,7021.2,11845.5,1687.1,221.1,11.4,158.1,6.96,0.41,0.34,22.8,119.6,62.7,13.7,39347.9,64988.6,8044.8,13759.5,17543.6,113.54,1.6870999999999998
Haryana,Kurukshetra,Rice,Kharif,2015,42666.4,109447.8,2565.2,284.8,16.0,213.8,8.09,0.48,0.5,27.7,765.5,64.1,23.1,32303.0,53276.1,5252.1,10815.1,16235.8,100.0,2.5652
West Bengal,Hooghly,Rice,Kharif,2019,36362.4,115352.4,3172.3,170.9,18.4,183.9,5.81,0.62,0.32,30.3,1636.8,84.3,36.9,42959.7,69357.6,9382.3,14140.4,19437.0,128.37,3.1723000000000003
Maharashtra,Pune,Groundnut,Kharif,2021,1629.1,3098.1,1901.7,258.6,17.1,217.4,7.36,0.52,1.1,29.7,1074.8,74.9,31.6,57326.1,91835.0,10436.6,17535.9,29353.6,148.02,1.9017
Tamil Nadu,Thanjavur,Jowar,Rabi,2020,13266.4,12136.1,914.8,193.4,14.7,230.0,6.95,0.53,0.75,22.7,125.2,64.9,12.6,27568.5,46532.1,5318.7,8734.2,13515.6,138.02,0.9148
Madhya Pradesh,Indore,Maize,Rabi,2023,3670.3,10017.0,2729.2,246.4,17.4,285.9,7.57,0.54,0.96,21.4,142.9,52.0,14.3,36676.9,60334.4,8126.7,15324.9,13225.3,166.25,2.7291999999999996
Tamil Nadu,Salem,Cotton,Kharif,2020,11990.5,5043.2,420.6,187.8,12.6,262.6,6.56,0.47,0.4,31.1,1042.3,80.3,30.5,54081.3,91070.2,12919.3,17246.3,23915.7,138.02,0.42060000000000003
Karnataka,Davanagere,Groundnut,Kharif,2018,19941.7,21808.2,1093.6,225.4,14.9,202.9,6.89,0.55,0.13,29.0,1117.7,75.2,31.3,36927.2,59436.9,8207.8,13629.9,15089.5,119.72,1.0936
Bihar,Muzaffarpur,Maize,Kharif,2020,35863.7,91176.3,2542.3,196.7,16.2,178.0,6.96,0.48,1.11,29.7,1189.6,80.2,33.0,31941.1,53242.0,6395.7,10348.1,15197.3,138.02,2.5423
West Bengal,Hooghly,Soyabean,Kharif,2020,16032.9,16119.5,1005.4,207.6,21.5,180.3,6.07,0.52,0.98,30.2,1370.5,85.5,34.9,32732.6,52449.3,5837.5,12158.4,14736.7,138.02,1.0054
Uttar Pradesh,Meerut,Jowar,Rabi,2016,25268.6,22751.8,900.4,246.1,14.2,199.8,7.58,0.46,1.05,20.2,184.0,56.4,12.4,20298.8,33656.1,3251.9,6471.9,10575.0,105.27,0.9004
Bihar,Rohtas,Maize,Kharif,2017,40844.4,119122.7,2916.5,242.8,18.6,207.5,7.38,0.39,0.8,29.2,1235.5,80.0,34.7,25637.0,42293.3,5198.3,10674.6,9764.1,113.54,2.9165
Madhya Pradesh,Ujjain,Jowar,Rabi,2022,42292.1,58261.6,1377.6,246.6,11.9,227.4,7.39,0.47,0.42,21.1,203.7,53.3,14.2,29520.6,47464.8,5888.8,9234.3,14397.5,156.76,1.3776
Karnataka,Mysuru,Rice,Kharif,2018,34003.9,62298.5,1832.1,232.0,12.8,158.8,6.89,0.51,0.63,28.7,1033.3,76.3,29.6,34506.0,55349.4,6932.9,10983.5,16589.6,119.72,1.8320999999999998
Haryana,Hisar,Groundnut,Rabi,2018,20762.3,24323.0,1171.5,232.7,15.3,205.6,8.22,0.37,0.25,19.4,97.8,44.8,10.3,40477.1,67274.8,9277.9,12557.4,18641.8,119.72,1.1715
Tamil Nadu,Salem,Jowar,Kharif,2018,1279.6,1368.1,1069.2,238.1,11.5,209.6,7.2,0.6,1.01,30.7,892.7,82.5,29.6,23797.7,40109.5,4450.1,8878.7,10468.9,119.72,1.0692000000000002
Madhya Pradesh,Indore,Gram,Rabi,2021,38696.8,31963.6,826.0,257.6,13.8,275.0,7.88,0.55,0.9,21.5,159.3,52.9,14.2,30279.7,49726.5,5795.3,12233.1,12251.3,148.02,0.826
Karnataka,Raichur,Soyabean,Kharif,2016,5102.2,6225.2,1220.1,213.5,13.0,162.3,6.45,0.54,0.94,29.3,846.5,77.5,27.3,21677.2,36789.9,3803.0,6609.9,11264.3,105.27,1.2201
Madhya Pradesh,Ujjain,Jowar,Rabi,2017,2939.1,4659.4,1585.3,304.0,11.6,236.7,7.31,0.53,0.79,20.6,134.1,53.4,11.2,19420.5,32873.3,3413.8,6597.2,9409.5,113.54,1.5853
Andhra Pradesh,Krishna,Maize,Rabi,2019,44930.7,107007.0,2381.6,222.1,14.8,183.3,7.14,0.47,0.71,23.2,138.3,59.9,13.3,30980.1,49640.5,6270.8,9750.5,14958.8,128.37,2.3815999999999997
Tamil Nadu,Thanjavur,Jowar,Rabi,2018,35051.9,39321.2,1121.8,191.5,15.3,185.8,7.07,0.51,0.75,23.3,153.4,63.0,15.0,23797.7,40109.5,4450.1,8878.7,10468.9,119.72,1.1218
Punjab,Amritsar,Rice,Kharif,2023,44461.2,127341.3,2864.1,254.1,16.4,214.6,7.54,0.36,0.47,27.0,808.3,67.3,24.8,58109.8,95537.3,10700.3,18340.8,29068.7,166.25,2.8641
Madhya Pradesh,Ujjain,Maize,Kharif,2021,22335.2,62895.9,2816.0,269.0,13.1,240.4,7.63,0.42,0.69,28.8,1285.5,70.6,34.5,34524.7,56934.0,7885.2,11831.2,14808.3,148.02,2.816
West Bengal,Bardhaman,Jowar,Rabi,2023,38424.4,47431.1,1234.4,209.6,21.5,153.7,6.03,0.66,0.31,22.3,274.2,70.7,16.8,33957.2,55993.4,7526.2,10884.8,15546.2,166.25,1.2344000000000002
Maharashtra,Nagpur,Maize,Kharif,2016,37423.9,82414.9,2202.2,233.0,13.2,245.4,7.26,0.54,0.27,30.1,1187.4,72.3,32.4,29444.5,48555.9,6939.6,10408.6,12096.3,105.27,2.2022
Punjab,Patiala,Groundnut,Rabi,2019,29724.8,31915.5,1073.7,306.3,20.9,268.7,7.87,0.4,0.55,18.7,87.2,50.9,11.0,47252.2,80276.4,8801.8,14560.5,23889.9,128.37,1.0737
Karnataka,Raichur,Jowar,Kharif,2021,2240.9,2557.5,1141.3,239.0,10.6,158.5,7.0,0.52,0.15,28.9,848.0,76.6,27.6,24828.3,40014.9,4635.9,10044.0,10148.4,148.02,1.1413
Tamil Nadu,Salem,Rice,Kharif,2015,8465.7,20548.8,2427.3,201.9,11.7,221.3,7.0,0.61,0.12,31.6,962.6,82.1,29.2,30450.4,49733.7,5638.2,10821.0,13991.2,100.0,2.4273000000000002
Karnataka,Davanagere,Maize,Rabi,2023,7945.1,15405.5,1939.0,237.4,16.4,174.4,6.4,0.63,0.4,20.8,85.4,58.4,11.8,37273.3,61225.7,8252.2,14601.4,14419.7,166.25,1.939
Bihar,Rohtas,Jowar,Kharif,2023,4503.8,6027.0,1338.2,204.6,14.9,167.6,7.33,0.35,0.69,29.0,1195.7,79.1,34.5,31572.2,51669.7,7293.7,11147.1,13131.4,166.25,1.3382
West Bengal,Bardhaman,Bajra,Kharif,2017,37627.6,39546.6,1051.0,233.1,20.8,182.2,6.14,0.52,1.13,29.8,1427.1,85.4,36.6,20097.5,33831.4,3850.9,6778.8,9467.8,113.54,1.051
Haryana,Kurukshetra,Maize,Kharif,2022,17352.7,42821.3,2467.7,265.4,17.2,228.3,7.8,0.38,0.1,28.1,647.8,64.4,20.5,37669.8,62957.5,6628.1,12778.3,18263.4,156.76,2.4677
Madhya Pradesh,Ujjain,Jowar,Kharif,2020,34846.7,49705.3,1426.4,307.5,12.8,215.9,7.93,0.43,0.55,28.9,1017.6,68.6,31.0,24919.8,41318.9,5162.8,10255.5,9501.5,138.02,1.4264000000000001
Karnataka,Mysuru,Groundnut,Rabi,2021,32793.1,66389.6,2024.5,208.1,12.3,159.6,6.48,0.49,0.9,20.5,143.8,59.1,13.1,46545.1,75934.0,7737.2,14792.1,24015.8,148.02,2.0245
West Bengal,Bardhaman,Maize,Rabi,2018,3222.6,11011.3,3416.9,210.7,22.1,197.1,5.62,0.55,0.13,21.9,261.6,69.3,15.3,28440.4,46356.4,5013.7,8739.0,14687.7,119.72,3.4169
Andhra Pradesh,Kurnool,Cotton,Kharif,2015,17189.5,10963.5,637.8,213.0,12.7,197.7,7.14,0.43,0.37,31.4,1229.7,74.7,34.7,39766.4,64260.1,8105.6,14423.4,17237.4,100.0,0.6377999999999999
Punjab,Bathinda,Gram,Rabi,2020,14230.1,11035.4,775.5,277.0,23.5,204.4,7.46,0.36,1.0,19.0,106.8,46.5,12.3,30603.1,50874.5,6242.5,9917.5,14443.1,138.02,0.7755
West Bengal,Murshidabad,Groundnut,Rabi,2022,9298.6,10482.3,1127.3,190.7,19.6,163.9,6.08,0.6,0.42,22.5,243.8,72.6,13.3,53539.1,87555.1,12262.6,19191.3,22085.2,156.76,1.1273
Haryana,Karnal,Maize,Kharif,2022,8206.6,25860.6,3151.2,241.6,14.4,225.0,7.62,0.44,0.32,28.3,693.0,64.1,22.9,37669.8,62957.5,6628.1,12778.3,18263.4,156.76,3.1512
Haryana,Karnal,Maize,Rabi,2020,17396.4,63665.6,3659.7,289.2,17.8,198.7,7.59,0.49,0.87,20.0,106.9,46.3,12.4,33832.9,57309.5,7439.6,13009.8,13383.5,138.02,3.6597
Uttar Pradesh,Bareilly,Groundnut,Rabi,2021,20596.6,32384.0,1572.3,237.2,12.7,186.8,7.21,0.32,0.2,21.2,141.6,53.5,12.4,55190.1,92238.4,10395.1,19454.7,25340.3,148.02,1.5723
Tamil Nadu,Thanjavur,Bajra,Kharif,2019,28175.3,25338.0,899.3,203.0,15.3,244.2,6.82,0.51,1.11,31.6,1089.8,79.8,32.6,22299.1,36474.5,3845.6,9358.9,9094.6,128.37,0.8993
Bihar,Rohtas,Jowar,Kharif,2017,31542.4,38478.6,1219.9,242.8,18.6,207.5,7.38,0.39,0.8,29.2,1235.5,80.0,34.7,20755.0,33313.1,4624.4,8408.8,7721.8,113.54,1.2199
Punjab,Ludhiana,Groundnut,Kharif,2016,38446.0,48511.2,1261.8,266.0,17.5,194.2,7.4,0.42,0.74,26.6,757.2,63.7,26.3,40714.8,68313.5,8200.5,15463.9,17050.4,105.27,1.2618
Haryana,Karnal,Rice,Kharif,2018,34516.0,83004.1,2404.8,264.0,18.4,233.1,8.29,0.3,0.44,28.0,532.6,63.5,22.2,36691.0,62301.8,6386.2,13501.7,16803.1,119.72,2.4048000000000003
Haryana,Sirsa,Maize,Kharif,2015,548.3,1314.8,2398.0,240.7,14.1,218.7,8.04,0.34,0.4,28.4,732.2,64.0,25.0,24099.3,39118.2,5171.6,8635.9,10291.8,100.0,2.398
Uttar Pradesh,Gorakhpur,Maize,Rabi,2021,28611.2,56581.5,1977.6,230.7,12.5,213.2,7.44,0.36,0.13,21.0,209.3,56.0,12.6,36739.1,59797.0,6499.5,12775.1,17464.5,148.02,1.9775999999999998
West Bengal,Hooghly,Maize,Rabi,2016,29201.0,90631.1,3103.7,176.6,19.4,170.1,5.66,0.61,0.79,21.8,207.3,70.0,14.6,25328.1,41661.2,5035.2,8646.1,11646.8,105.27,3.1037
Haryana,Karnal,Wheat,Rabi,2019,35955.6,137177.8,3815.2,240.8,15.3,176.9,7.94,0.32,0.43,20.2,102.8,46.9,11.0,36680.0,59436.1,8341.4,11397.9,16940.7,128.37,3.8152
Tamil Nadu,Coimbatore,Rice,Kharif,2018,20017.1,50134.8,2504.6,210.6,11.9,187.0,7.24,0.42,0.98,30.8,1068.3,82.9,30.5,39477.5,66129.5,7206.2,15091.5,17179.8,119.72,2.5046
Punjab,Bathinda,Maize,Rabi,2019,7057.0,20367.9,2886.2,295.3,19.8,200.8,8.05,0.55,0.49,18.8,120.3,50.1,13.2,32554.9,53651.4,6882.1,11377.8,14295.0,128.37,2.8861999999999997
Uttar Pradesh,Kanpur Dehat,Sugarcane,Whole Year,2022,23491.5,1676860.9,71381.6,246.7,15.7,156.9,7.34,0.38,1.1,26.1,1176.4,61.4,20.0,140143.4,231487.1,27829.7,46691.2,65622.5,156.76,71.3816
Tamil Nadu,Coimbatore,Gram,Rabi,2023,25410.8,35801.3,1408.9,180.4,10.7,226.7,6.6,0.6,1.11,22.6,166.9,64.4,11.4,35052.0,57698.3,8126.9,12086.8,14838.3,166.25,1.4089
Bihar,Patna,Soyabean,Kharif,2021,27839.2,36875.8,1324.6,245.0,15.4,181.8,7.2,0.49,1.02,29.4,1273.8,79.3,33.3,31816.5,53093.4,6970.4,11403.1,13443.0,148.02,1.3246
Bihar,Rohtas,Groundnut,Kharif,2019,44185.5,68310.8,1546.0,205.5,19.8,198.1,7.49,0.36,0.85,29.6,1430.1,78.3,36.9,41097.5,67137.2,9263.4,15786.0,16048.1,128.37,1.546
Andhra Pradesh,Krishna,Maize,Rabi,2015,38314.5,99150.3,2587.8,185.1,15.3,163.9,7.01,0.38,1.0,22.6,98.1,61.0,12.7,24546.7,39463.2,5380.9,8778.8,10387.0,100.0,2.5878
Uttar Pradesh,Bareilly,Maize,Rabi,2018,1577.2,4251.2,2695.4,262.3,13.6,178.8,7.74,0.44,0.92,20.9,107.9,55.4,12.9,29155.5,49253.9,6700.8,9912.8,12541.9,119.72,2.6954000000000002
Maharashtra,Pune,Maize,Kharif,2023,11461.1,33961.5,2963.2,271.4,13.8,239.8,6.94,0.39,0.39,30.5,998.9,73.0,31.2,42972.4,71330.5,9838.4,17398.9,15735.1,166.25,2.9631999999999996
Karnataka,Davanagere,Groundnut,Rabi,2023,44517.6,43516.0,977.5,237.4,16.4,174.4,6.4,0.63,0.4,20.8,85.4,58.4,11.8,50304.3,83857.8,11212.9,15258.7,23832.7,166.25,0.9775
West Bengal,Bardhaman,Cotton,Kharif,2020,24384.4,9524.5,390.6,209.0,24.8,172.6,5.74,0.63,0.97,30.6,1411.4,85.8,35.1,53364.9,87879.9,11217.1,16108.0,26039.8,138.02,0.3906
Punjab,Patiala,Maize,Rabi,2023,1613.6,5315.7,3294.3,316.6,20.1,202.7,7.97,0.52,0.95,18.9,115.4,47.1,12.5,42674.4,69454.1,8283.1,14989.4,19401.9,166.25,3.2943000000000002
Madhya Pradesh,Indore,Jowar,Kharif,2015,3974.6,5452.0,1371.7,268.8,15.7,278.7,7.98,0.45,0.79,29.3,968.6,67.8,32.2,18119.6,29334.6,3546.0,6435.9,8137.7,100.0,1.3717000000000001
West Bengal,Hooghly,Cotton,Kharif,2016,6918.4,3613.5,522.3,176.6,19.4,170.1,5.66,0.61,0.79,29.6,1549.5,85.7,35.1,39777.5,66280.3,6506.6,13166.6,20104.3,105.27,0.5223
Madhya Pradesh,Hoshangabad,Jowar,Kharif,2019,32771.4,34469.0,1051.8,278.4,15.9,289.7,7.61,0.51,1.17,29.4,1116.1,69.3,31.2,23662.1,39156.3,5496.1,7220.8,10945.2,128.37,1.0517999999999998
Punjab,Amritsar,Groundnut,Rabi,2023,37285.1,35611.0,955.1,254.1,16.4,214.6,7.54,0.36,0.47,18.7,99.0,50.3,10.5,61954.5,103063.0,10621.5,24819.6,26513.4,166.25,0.9551000000000001
Bihar,Patna,Wheat,Rabi,2015,33840.5,112854.7,3334.9,227.6,16.4,162.6,7.21,0.49,0.41,20.1,172.1,61.5,13.5,26215.7,42461.6,5632.3,8240.1,12343.3,100.0,3.3349
Uttar Pradesh,Bareilly,Rice,Kharif,2022,12780.1,32550.9,2547.0,249.3,16.9,164.3,7.61,0.34,0.66,28.7,973.2,70.7,28.9,53539.8,87448.5,11015.8,17952.1,24571.9,156.76,2.547
Karnataka,Belagavi,Soyabean,Kharif,2016,29720.2,29842.1,1004.1,231.1,14.3,225.1,6.62,0.61,0.51,28.2,914.4,74.9,30.1,21677.2,36789.9,3803.0,6609.9,11264.3,105.27,1.0041
Madhya Pradesh,Sehore,Maize,Rabi,2022,32728.4,63529.1,1941.1,296.7,16.9,257.7,7.27,0.55,0.54,21.4,167.0,52.4,14.3,37535.4,61369.5,7352.5,15549.1,14633.8,156.76,1.9410999999999998
Andhra Pradesh,West Godavari,Jowar,Kharif,2019,27195.6,33322.8,1225.3,211.2,12.6,187.9,6.7,0.49,1.04,30.9,1264.8,77.4,33.1,25506.8,42083.6,5464.4,8261.5,11780.9,128.37,1.2253
Andhra Pradesh,Guntur,Jowar,Rabi,2018,26910.1,25691.1,954.7,262.5,12.8,205.2,6.51,0.5,0.6,23.4,125.3,58.8,11.4,22552.2,37975.7,3661.8,7068.5,11821.9,119.72,0.9547
West Bengal,Hooghly,Rice,Kharif,2022,18209.7,45442.3,2495.5,205.7,21.1,178.8,6.03,0.54,1.04,30.1,1615.1,84.7,36.9,54221.6,90974.8,8765.7,17973.8,27482.1,156.76,2.4955
Madhya Pradesh,Hoshangabad,Wheat,Rabi,2015,43807.7,176019.3,4018.0,328.1,15.9,294.8,7.71,0.59,0.39,21.1,207.6,51.7,16.0,27600.1,44596.9,5746.4,9926.7,11927.0,100.0,4.018
Uttar Pradesh,Meerut,Cotton,Kharif,2018,30688.5,11726.1,382.1,226.5,17.2,216.9,7.16,0.38,0.8,29.1,1043.3,70.5,32.1,46389.1,77200.4,9427.5,17943.6,19018.0,119.72,0.3821
West Bengal,Murshidabad,Rice,Kharif,2015,25540.7,78233.7,3063.1,226.4,18.8,185.1,6.29,0.62,1.14,30.4,1503.5,87.4,37.5,34210.1,56518.8,6696.7,12251.7,15261.7,100.0,3.0631
Haryana,Kurukshetra,Sugarcane,Whole Year,2017,36919.0,2453998.5,66469.8,220.4,12.4,190.2,7.96,0.31,0.83,25.3,801.2,52.7,16.9,99231.3,165514.9,21592.2,32185.7,45453.4,113.54,66.4698
Madhya Pradesh,Sehore,Gram,Rabi,2017,25827.6,18412.5,712.9,311.8,16.1,222.9,7.97,0.57,0.63,20.8,191.4,52.8,15.1,22043.7,35926.8,3762.3,8522.3,9759.1,113.54,0.7129
Karnataka,Mysuru,Maize,Rabi,2015,16400.2,42173.1,2571.5,208.8,12.1,198.4,6.41,0.56,0.6,20.9,151.4,61.6,14.6,22607.7,37155.5,4035.1,9444.0,9128.6,100.0,2.5715
Punjab,Bathinda,Jowar,Rabi,2022,32467.1,47979.9,1477.8,294.6,18.4,228.1,7.58,0.36,0.58,18.6,100.0,47.3,14.3,32771.7,52850.4,5764.8,10217.0,16789.9,156.76,1.4778
Uttar Pradesh,Gorakhpur,Rice,Kharif,2018,40297.1,95326.8,2365.6,261.5,12.3,174.6,7.19,0.45,0.59,29.0,986.8,70.3,30.4,41618.3,67016.4,9342.8,14885.2,17390.3,119.72,2.3655999999999997
Punjab,Patiala,Jowar,Kharif,2022,2382.5,2097.6,880.4,282.2,19.6,216.9,7.53,0.39,0.52,27.0,740.1,67.0,24.0,32771.7,52850.4,5764.8,10217.0,16789.9,156.76,0.8804
Andhra Pradesh,Kurnool,Gram,Rabi,2018,1163.2,1045.3,898.6,217.1,14.9,192.2,6.55,0.42,0.9,23.4,125.6,61.4,12.0,25366.9,43068.3,5040.3,8899.6,11427.0,119.72,0.8986000000000001
Karnataka,Davanagere,Soyabean,Kharif,2016,29881.3,24562.4,822.0,257.5,12.1,200.0,6.57,0.64,0.59,29.2,1018.4,77.1,29.4,21677.2,36789.9,3803.0,6609.9,11264.3,105.27,0.822
Tamil Nadu,Salem,Sugarcane,Whole Year,2020,37617.3,2220522.9,59029.3,187.8,12.6,262.6,6.56,0.47,0.4,27.8,1211.6,71.4,19.6,121695.9,205092.6,25993.1,46275.1,49427.7,138.02,59.029300000000006
Karnataka,Raichur,Maize,Kharif,2023,31140.5,76166.5,2445.9,200.0,11.4,209.5,6.69,0.54,0.49,28.9,921.8,76.6,28.8,37273.3,61225.7,8252.2,14601.4,14419.7,166.25,2.4459
Bihar,Patna,Rice,Kharif,2020,9706.7,24133.8,2486.3,220.7,16.3,171.5,7.35,0.39,1.04,28.3,1208.6,79.0,34.8,41319.0,68279.1,9251.0,15296.8,16771.2,138.02,2.4863000000000004
Andhra Pradesh,West Godavari,Bajra,Kharif,2016,43332.1,66449.8,1533.5,242.0,16.3,239.6,6.43,0.52,0.14,30.9,905.8,77.9,27.3,18671.5,30783.3,4309.7,6898.2,7463.6,105.27,1.5335
Karnataka,Raichur,Gram,Rabi,2016,5430.8,5983.7,1101.8,213.5,13.0,162.3,6.45,0.54,0.94,21.0,139.2,58.1,10.2,21267.3,34583.2,3816.3,7926.1,9524.9,105.27,1.1018
Bihar,Rohtas,Rice,Kharif,2015,11241.3,30668.5,2728.2,236.1,15.4,186.2,7.1,0.38,0.89,28.9,1431.3,77.7,37.7,31535.1,53425.9,6255.3,11704.8,13575.0,100.0,2.7281999999999997
Haryana,Karnal,Maize,Kharif,2023,34853.5,108558.2,3114.7,262.7,14.5,192.9,8.25,0.39,0.58,27.8,725.8,64.8,24.5,38546.1,65013.7,7114.0,12047.0,19385.1,166.25,3.1147
Punjab,Ludhiana,Maize,Rabi,2017,44827.4,136849.1,3052.8,230.7,19.7,193.9,7.59,0.36,1.2,18.6,75.7,49.6,11.3,30174.8,50383.1,5903.3,11395.6,12875.9,113.54,3.0528000000000004
Maharashtra,Kolhapur,Jowar,Kharif,2016,44173.0,61113.3,1383.5,309.2,20.8,246.1,7.18,0.54,0.38,30.1,1043.1,72.8,30.7,21603.5,35767.1,4700.7,7849.7,9053.1,105.27,1.3835
Punjab,Bathinda,Maize,Rabi,2015,23972.0,87171.8,3636.4,249.8,19.0,200.8,8.01,0.39,0.88,19.2,88.2,49.3,11.3,26148.7,44308.2,5032.2,9872.0,11244.5,100.0,3.6364
Tamil Nadu,Thanjavur,Cotton,Kharif,2020,41222.0,17638.9,427.9,193.4,14.7,230.0,6.95,0.53,0.75,31.0,1109.3,80.0,31.0,54081.3,91070.2,12919.3,17246.3,23915.7,138.02,0.4279
Maharashtra,Pune,Soyabean,Kharif,2021,25860.7,26874.4,1039.2,258.6,17.1,217.4,7.36,0.52,1.1,29.7,1074.8,74.9,31.6,37481.1,60519.6,7726.6,13462.8,16291.7,148.02,1.0392000000000001
Haryana,Karnal,Groundnut,Rabi,2021,1912.2,2807.9,1468.4,232.7,14.9,211.0,8.05,0.35,1.15,19.5,68.9,46.0,10.4,48481.8,79445.5,10952.0,15579.6,21950.2,148.02,1.4684000000000001
Punjab,Patiala,Bajra,Kharif,2023,22111.9,26353.0,1191.8,316.6,20.1,202.7,7.97,0.52,0.95,26.9,708.1,66.9,24.1,33360.6,54168.5,7366.4,11414.5,14579.7,166.25,1.1918
Punjab,Patiala,Groundnut,Rabi,2017,33887.6,65220.1,1924.6,306.9,19.0,246.5,8.08,0.41,0.69,19.2,81.0,50.7,12.9,39876.9,65300.9,7682.4,15487.5,16707.0,113.54,1.9245999999999999
Maharashtra,Nashik,Soyabean,Kharif,2021,35306.0,58276.1,1650.6,259.8,19.1,277.4,7.06,0.43,0.39,30.2,1263.8,71.0,32.6,37481.1,60519.6,7726.6,13462.8,16291.7,148.02,1.6505999999999998
Punjab,Amritsar,Rice,Kharif,2022,38251.0,97995.2,2561.9,238.6,20.5,241.3,7.79,0.52,0.16,27.1,674.4,68.2,23.7,52700.4,86788.6,11983.1,17208.2,23509.1,156.76,2.5619
Tamil Nadu,Coimbatore,Gram,Rabi,2016,5719.7,5596.2,978.4,175.8,11.8,238.6,6.5,0.57,0.96,22.1,169.4,66.4,15.2,22381.9,37946.7,4451.4,9102.1,8828.4,105.27,0.9783999999999999
Andhra Pradesh,West Godavari,Jowar,Rabi,2017,31246.4,36352.1,1163.4,213.7,14.1,231.8,7.11,0.47,0.71,22.2,119.0,60.3,13.7,21375.4,35439.8,3653.1,6586.8,11135.5,113.54,1.1634
Haryana,Karnal,Cotton,Kharif,2018,32422.4,12852.2,396.4,264.0,18.4,233.1,8.29,0.3,0.44,28.0,532.6,63.5,22.2,43869.5,71599.3,8333.3,13265.5,22270.7,119.72,0.3964
Andhra Pradesh,Kurnool,Jowar,Rabi,2021,7741.7,7590.7,980.5,206.2,14.8,227.0,7.07,0.45,0.9,23.0,183.6,59.8,15.6,27720.2,46574.6,6238.2,8773.7,12708.3,148.02,0.9805
Haryana,Karnal,Maize,Rabi,2023,9492.0,28870.9,3041.6,262.7,14.5,192.9,8.25,0.39,0.58,20.3,117.1,47.1,9.3,38546.1,65013.7,7114.0,12047.0,19385.1,166.25,3.0416
Tamil Nadu,Coimbatore,Groundnut,Rabi,2023,32044.6,51668.7,1612.4,180.4,10.7,226.7,6.6,0.6,1.11,22.6,166.9,64.4,11.4,58645.5,98731.0,11022.3,22592.5,25030.7,166.25,1.6124
Haryana,Kurukshetra,Bajra,Kharif,2018,14093.0,25215.2,1789.2,226.3,12.9,223.9,7.92,0.48,0.67,27.8,595.6,64.2,22.4,20845.6,34681.4,4818.1,6897.4,9130.1,119.72,1.7892000000000001
Bihar,Muzaffarpur,Cotton,Kharif,2017,2590.9,949.8,366.6,189.6,15.5,152.5,7.3,0.44,0.95,28.1,1165.0,78.0,33.5,42982.8,70506.6,9975.1,17212.1,15795.6,113.54,0.36660000000000004
Punjab,Ludhiana,Wheat,Rabi,2015,17344.8,63060.5,3635.7,280.1,18.5,211.9,7.57,0.51,0.99,18.3,83.8,49.2,11.2,31062.8,50992.6,6137.2,11565.3,13360.3,100.0,3.6357
Maharashtra,Nashik,Sugarcane,Whole Year,2021,14012.5,740019.7,52811.4,259.8,19.1,277.4,7.06,0.43,0.39,27.1,1426.4,61.0,21.0,139071.4,231644.5,26630.8,48708.4,63732.2,148.02,52.8114
Haryana,Kurukshetra,Jowar,Rabi,2019,15435.6,12627.9,818.1,219.8,13.8,190.3,8.01,0.45,0.93,20.5,107.7,46.6,10.1,23406.4,37831.8,4909.0,8636.9,9860.5,128.37,0.8181
Uttar Pradesh,Gorakhpur,Maize,Rabi,2020,33275.4,104880.7,3151.9,241.1,14.9,178.2,7.26,0.42,0.43,20.7,156.0,52.1,10.3,35956.7,60204.2,6446.2,11045.6,18464.9,138.02,3.1519
Uttar Pradesh,Bareilly,Groundnut,Kharif,2018,5251.3,6474.3,1232.9,262.3,13.6,178.8,7.74,0.44,0.92,29.8,1188.5,71.6,32.3,41321.4,69707.1,9334.4,12895.0,19092.0,119.72,1.2329
Andhra Pradesh,Guntur,Jowar,Kharif,2017,12876.8,14495.4,1125.7,251.4,16.8,224.9,6.79,0.54,0.72,31.3,1157.0,77.6,33.2,21375.4,35439.8,3653.1,6586.8,11135.5,113.54,1.1257000000000001
Tamil Nadu,Coimbatore,Sugarcane,Whole Year,2021,34624.5,2512696.5,72569.9,191.3,12.3,195.0,7.15,0.53,1.05,28.0,1285.4,71.8,20.9,132733.8,224344.9,24280.1,49944.4,58509.3,148.02,72.56989999999999
Madhya Pradesh,Indore,Maize,Rabi,2021,23375.7,50624.8,2165.7,257.6,13.8,275.0,7.88,0.55,0.9,21.5,159.3,52.9,14.2,34524.7,56934.0,7885.2,11831.2,14808.3,148.02,2.1656999999999997
Haryana,Sirsa,Jowar,Rabi,2021,28568.6,43195.7,1512.0,309.6,17.7,248.2,8.28,0.38,1.14,19.0,77.1,46.4,13.3,28293.2,47320.3,5358.4,9103.9,13830.9,148.02,1.512
Karnataka,Davanagere,Gram,Rabi,2022,27490.7,35787.4,1301.8,208.3,14.5,231.0,6.43,0.5,0.46,21.0,130.5,60.6,14.5,28544.5,48260.1,6620.4,11658.9,10265.2,156.76,1.3017999999999998
Maharashtra,Nagpur,Wheat,Rabi,2015,11859.0,49524.4,4176.1,262.2,17.8,243.1,7.13,0.51,0.45,22.6,171.5,58.5,15.4,32562.7,53550.6,5461.2,9920.8,17180.7,100.0,4.1761
Haryana,Sirsa,Gram,Rabi,2018,12360.5,15872.1,1284.1,278.3,14.2,242.1,7.67,0.31,0.49,19.8,107.9,46.6,9.7,25412.2,42308.6,5413.5,8214.5,11784.2,119.72,1.2841
Haryana,Sirsa,Sugarcane,Whole Year,2018,20675.0,1404665.7,67940.3,278.3,14.2,242.1,7.67,0.31,0.49,24.9,740.1,53.9,15.0,106243.7,172715.9,24507.8,42444.3,39291.6,119.72,67.94030000000001
Bihar,Patna,Jowar,Rabi,2015,40744.9,37460.9,919.4,227.6,16.4,162.6,7.21,0.49,0.41,20.1,172.1,61.5,13.5,17953.2,29710.2,3848.8,5471.7,8632.7,100.0,0.9194
Uttar Pradesh,Meerut,Groundnut,Rabi,2019,31650.6,51172.7,1616.8,222.6,17.1,176.0,7.65,0.38,0.34,20.4,135.7,54.0,12.6,44873.3,74695.8,9620.5,15386.3,19866.5,128.37,1.6168
Punjab,Patiala,Rice,Kharif,2023,25683.8,66693.1,2596.7,316.6,20.1,202.7,7.97,0.52,0.95,26.9,708.1,66.9,24.1,58109.8,95537.3,10700.3,18340.8,29068.7,166.25,2.5967
Tamil Nadu,Coimbatore,Groundnut,Rabi,2020,7202.2,9434.9,1310.0,222.6,14.2,212.4,7.24,0.6,0.83,23.2,126.7,68.4,12.1,45395.0,74386.2,7440.0,14791.0,23164.0,138.02,1.31
Haryana,Sirsa,Sugarcane,Whole Year,2016,30807.0,1798796.1,58389.2,239.7,13.9,217.4,8.04,0.43,0.27,24.8,639.8,53.6,15.9,87506.6,140513.0,20639.4,32280.7,34586.5,105.27,58.389199999999995
Karnataka,Raichur,Maize,Rabi,2022,18875.6,62563.2,3314.5,223.0,10.7,211.3,6.62,0.57,1.12,21.4,132.2,61.3,13.4,34686.4,57187.8,6997.8,13940.5,13748.1,156.76,3.3145
Madhya Pradesh,Ujjain,Maize,Kharif,2023,36900.0,99659.5,2700.8,313.8,15.6,250.8,7.82,0.54,0.45,29.3,1276.2,68.4,34.1,36676.9,60334.4,8126.7,15324.9,13225.3,166.25,2.7008
Andhra Pradesh,Krishna,Groundnut,Kharif,2015,40294.8,67667.1,1679.3,185.1,15.3,163.9,7.01,0.38,1.0,31.1,1237.4,74.7,34.4,35576.3,57237.4,5815.1,13204.7,16556.5,100.0,1.6793
Madhya Pradesh,Indore,Maize,Kharif,2022,20941.9,63054.0,3010.9,259.9,13.3,233.4,7.55,0.57,1.2,28.8,1190.5,68.5,33.9,37535.4,61369.5,7352.5,15549.1,14633.8,156.76,3.0109
West Bengal,Murshidabad,Sugarcane,Whole Year,2021,14145.3,928051.9,65608.5,224.7,23.8,191.6,6.24,0.6,0.15,26.9,2033.2,77.1,25.6,130376.1,215759.0,21334.8,44953.0,64088.3,148.02,65.6085
Karnataka,Mysuru,Cotton,Kharif,2018,31357.2,15587.7,497.1,232.0,12.8,158.8,6.89,0.51,0.63,28.7,1033.3,76.3,29.6,43452.7,71746.4,9908.5,16388.4,17155.8,119.72,0.49710000000000004
Maharashtra,Kolhapur,Bajra,Kharif,2023,44248.1,43177.3,975.8,312.4,15.8,290.5,7.07,0.49,1.06,29.7,1123.3,74.3,30.2,34435.6,56067.8,6618.3,11340.9,16476.4,166.25,0.9758
Karnataka,Raichur,Maize,Kharif,2015,24800.8,52679.4,2124.1,210.2,15.1,162.9,6.49,0.57,0.63,29.5,1065.0,79.2,31.5,22607.7,37155.5,4035.1,9444.0,9128.6,100.0,2.1241
Haryana,Kurukshetra,Cotton,Kharif,2021,4555.6,2095.6,460.0,250.6,15.3,164.4,8.16,0.42,0.98,27.8,574.9,60.2,23.1,54484.2,90088.4,11840.6,19720.9,22922.7,148.02,0.46
Andhra Pradesh,West Godavari,Gram,Rabi,2022,21838.8,29347.0,1343.8,201.4,16.6,238.7,6.93,0.55,0.19,23.2,122.9,58.1,11.9,32301.0,52820.8,6540.0,10600.3,15160.7,156.76,1.3437999999999999
Punjab,Amritsar,Jowar,Kharif,2019,29765.9,35019.6,1176.5,238.3,20.5,241.5,7.7,0.49,0.84,27.2,686.2,66.1,25.5,25874.6,43500.1,5395.3,10067.7,10411.6,128.37,1.1765
Andhra Pradesh,West Godavari,Soyabean,Kharif,2015,6032.4,5552.2,920.4,228.8,15.8,218.3,7.18,0.42,0.73,31.3,1105.5,75.8,34.2,21284.3,34858.5,4507.9,7248.1,9528.3,100.0,0.9204
Karnataka,Belagavi,Jowar,Kharif,2020,15759.0,23870.2,1514.7,248.6,11.3,169.6,6.26,0.63,0.64,28.9,1113.1,72.9,32.3,23812.6,39245.0,4273.9,9885.3,9653.4,138.02,1.5147
Madhya Pradesh,Sehore,Cotton,Kharif,2021,43367.5,28861.1,665.5,264.3,12.4,245.2,7.29,0.48,0.82,28.9,1242.0,69.9,35.3,54508.0,87768.6,11881.9,18972.4,23653.7,148.02,0.6655
Andhra Pradesh,Krishna,Maize,Rabi,2018,23368.5,72991.5,3123.5,200.9,11.5,172.5,6.56,0.38,1.0,21.8,103.6,59.4,12.1,27944.3,47433.0,5703.9,11207.9,11032.5,119.72,3.1235
Uttar Pradesh,Meerut,Soyabean,Kharif,2019,29743.9,36611.8,1230.9,222.6,17.1,176.0,7.65,0.38,0.34,28.7,1035.2,71.9,31.3,30959.3,51500.6,6354.3,10937.8,13667.2,128.37,1.2309
Madhya Pradesh,Hoshangabad,Groundnut,Kharif,2023,34077.5,65599.2,1925.0,304.8,16.3,307.9,7.25,0.47,0.51,29.7,1069.9,69.8,30.9,53348.2,86574.1,12775.8,19731.2,20841.2,166.25,1.925
Maharashtra,Nagpur,Groundnut,Kharif,2017,29073.5,48317.2,1661.9,273.4,16.4,238.8,7.47,0.48,0.58,29.9,1068.7,73.3,30.8,40670.9,67922.2,9758.8,13020.1,17892.0,113.54,1.6619000000000002
West Bengal,Hooghly,Soyabean,Kharif,2016,27187.5,37970.1,1396.6,176.6,19.4,170.1,5.66,0.61,0.79,29.6,1549.5,85.7,35.1,24712.3,41392.3,4132.7,7766.9,12812.7,105.27,1.3965999999999998
Punjab,Amritsar,Groundnut,Rabi,2017,9746.6,11981.5,1229.3,251.1,18.9,224.9,7.9,0.39,0.29,18.4,112.4,52.4,11.0,39876.9,65300.9,7682.4,15487.5,16707.0,113.54,1.2293
Tamil Nadu,Thanjavur,Gram,Rabi,2023,18694.9,19195.9,1026.8,210.6,14.2,193.1,6.94,0.51,0.79,22.0,91.7,64.0,10.2,35052.0,57698.3,8126.9,12086.8,14838.3,166.25,1.0268
Bihar,Rohtas,Soyabean,Kharif,2018,13628.2,17697.6,1298.6,218.5,14.5,175.1,7.01,0.36,1.18,28.5,1298.3,78.7,35.5,24471.9,39536.9,5666.9,10145.4,8659.6,119.72,1.2986
Tamil Nadu,Coimbatore,Jowar,Rabi,2022,39420.3,44820.9,1137.0,224.7,13.1,185.2,6.77,0.44,0.47,22.9,164.9,65.9,14.3,29586.9,48087.9,6301.8,9373.2,13911.9,156.76,1.137
Haryana,Karnal,Gram,Rabi,2021,18919.9,17771.5,939.3,232.7,14.9,211.0,8.05,0.35,1.15,19.5,68.9,46.0,10.4,30594.7,51396.3,7239.9,12479.1,10875.7,148.02,0.9392999999999999
Tamil Nadu,Thanjavur,Soyabean,Kharif,2015,8707.0,9030.9,1037.2,229.9,9.9,185.3,7.11,0.6,0.86,30.9,1049.7,81.4,32.4,22725.8,36771.8,3839.7,7951.0,10935.1,100.0,1.0372000000000001
Haryana,Sirsa,Gram,Rabi,2015,14690.1,13116.8,892.9,240.7,14.1,218.7,8.04,0.34,0.4,19.8,87.0,48.8,10.9,21636.2,35266.0,4394.5,7846.7,9395.0,100.0,0.8929
West Bengal,Hooghly,Sugarcane,Whole Year,2017,18363.5,1244259.3,67757.2,166.6,17.3,174.6,5.73,0.63,0.56,27.3,1863.4,74.8,23.6,97980.1,160514.0,21205.9,30132.0,46642.2,113.54,67.7572
Maharashtra,Nagpur,Jowar,Kharif,2016,906.4,1243.9,1372.4,233.0,13.2,245.4,7.26,0.54,0.27,30.1,1187.4,72.3,32.4,21603.5,35767.1,4700.7,7849.7,9053.1,105.27,1.3724
Bihar,Patna,Maize,Rabi,2021,40523.5,129784.6,3202.7,245.0,15.4,181.8,7.2,0.49,1.02,21.1,195.9,62.2,13.8,35910.5,60323.0,8589.8,12376.1,14944.6,148.02,3.2026999999999997
Maharashtra,Nashik,Maize,Rabi,2018,19892.6,61243.3,3078.7,295.5,19.0,229.1,7.07,0.57,1.09,22.0,140.7,55.4,13.2,32540.7,53327.3,7534.6,11864.4,13141.7,119.72,3.0787
Tamil Nadu,Salem,Maize,Rabi,2021,8876.9,26398.1,2973.8,232.3,12.0,199.6,7.05,0.6,0.28,22.7,167.2,64.9,13.2,36821.5,60910.3,7736.8,13804.9,15279.8,148.02,2.9738
Uttar Pradesh,Meerut,Sugarcane,Whole Year,2019,3831.5,243252.4,63487.5,222.6,17.1,176.0,7.65,0.38,0.34,25.8,1212.2,61.7,20.8,118290.4,201031.7,28156.6,36419.0,53714.8,128.37,63.4875
Madhya Pradesh,Sehore,Maize,Kharif,2016,27841.8,84154.6,3022.6,277.9,16.9,235.5,7.82,0.43,0.75,28.7,1160.9,68.8,30.9,23573.4,38475.1,5488.3,9071.0,9014.1,105.27,3.0225999999999997
Maharashtra,Pune,Sugarcane,Whole Year,2015,34429.7,2564165.7,74475.4,277.9,15.7,269.2,7.57,0.48,0.56,27.0,1162.7,63.2,19.8,98755.0,165570.7,18510.4,37733.2,42511.4,100.0,74.4754
Tamil Nadu,Coimbatore,Bajra,Kharif,2020,13593.0,23963.1,1762.9,222.6,14.2,212.4,7.24,0.6,0.83,31.5,1277.8,78.8,36.7,24714.7,40068.5,4231.5,7760.8,12722.4,138.02,1.7629000000000001
Maharashtra,Nagpur,Groundnut,Kharif,2020,42205.9,64727.0,1533.6,222.3,14.9,234.4,7.34,0.39,0.47,29.6,1023.6,74.9,29.5,49589.2,83246.1,9113.8,15866.7,24608.7,138.02,1.5335999999999999
Madhya Pradesh,Sehore,Jowar,Kharif,2022,44786.5,59395.9,1326.2,296.7,16.9,257.7,7.27,0.55,0.54,29.3,1068.0,68.0,33.3,29520.6,47464.8,5888.8,9234.3,14397.5,156.76,1.3262
West Bengal,Nadia,Wheat,Rabi,2020,34425.6,87609.7,2544.9,196.1,18.8,179.9,6.39,0.65,1.15,21.8,182.8,69.9,14.4,37986.5,62497.8,6555.2,14288.1,17143.2,138.02,2.5449
Tamil Nadu,Erode,Groundnut,Rabi,2022,14056.5,26001.7,1849.8,171.1,12.0,175.0,6.55,0.53,1.14,23.2,115.1,65.9,10.5,53123.4,87693.8,8515.0,16777.7,27830.7,156.76,1.8497999999999999
Madhya Pradesh,Hoshangabad,Rice,Kharif,2016,13472.5,27165.9,2016.4,321.3,18.9,274.0,7.92,0.42,0.9,28.0,1187.0,68.7,34.3,32690.6,54924.0,5750.8,12183.0,14756.8,105.27,2.0164
Madhya Pradesh,Sehore,Maize,Kharif,2020,37444.5,70725.2,1888.8,283.9,18.0,245.8,7.74,0.44,0.67,28.5,1420.7,69.6,35.8,32812.1,54433.0,6583.3,12591.1,13637.7,138.02,1.8888
Madhya Pradesh,Ujjain,Groundnut,Rabi,2015,30619.9,42408.6,1385.0,294.9,17.7,286.0,7.93,0.42,0.89,20.6,148.9,52.7,11.4,31480.4,52828.4,5352.1,12689.9,13438.4,100.0,1.385
Maharashtra,Kolhapur,Maize,Rabi,2022,17174.2,43421.5,2528.3,272.0,17.7,300.1,7.04,0.46,0.33,21.6,158.2,56.9,13.1,41639.7,70701.1,9732.9,16322.1,15584.7,156.76,2.5283
Madhya Pradesh,Hoshangabad,Gram,Rabi,2020,23047.5,20977.8,910.2,331.4,13.9,265.0,7.54,0.54,0.84,20.9,167.4,52.3,13.6,27438.7,44200.3,5075.7,11110.5,11252.5,138.02,0.9102
Madhya Pradesh,Ujjain,Cotton,Kharif,2020,41654.3,13316.9,319.7,307.5,12.8,215.9,7.93,0.43,0.55,28.9,1017.6,68.6,31.0,51682.1,85817.6,9824.0,16846.8,25011.3,138.02,0.3197
Madhya Pradesh,Ujjain,Jowar,Kharif,2021,16983.7,20061.1,1181.2,269.0,13.1,240.4,7.63,0.42,0.69,28.8,1285.5,70.6,34.5,26638.1,44446.0,5325.5,9508.2,11804.4,148.02,1.1812
Andhra Pradesh,Kurnool,Jowar,Rabi,2020,40752.9,60444.7,1483.2,229.8,12.4,202.3,6.81,0.49,0.8,22.2,152.7,61.4,14.5,27061.5,44640.1,5450.2,9550.8,12060.5,138.02,1.4832
Maharashtra,Pune,Jowar,Kharif,2016,9115.8,11579.8,1270.3,233.8,14.8,208.7,6.93,0.53,0.16,30.2,974.8,74.5,29.3,21603.5,35767.1,4700.7,7849.7,9053.1,105.27,1.2703
Karnataka,Raichur,Rice,Kharif,2018,13776.0,41146.2,2986.8,233.2,13.3,200.8,6.9,0.61,1.19,28.7,1019.1,75.9,29.4,34506.0,55349.4,6932.9,10983.5,16589.6,119.72,2.9868
Andhra Pradesh,Krishna,Groundnut,Kharif,2022,33887.1,56828.7,1677.0,216.7,16.3,186.0,6.93,0.44,0.93,31.6,1063.0,76.9,32.8,53353.4,89870.0,8895.1,19190.9,25267.4,156.76,1.677
Punjab,Ludhiana,Gram,Rabi,2019,30640.6,38193.5,1246.5,234.4,20.9,203.8,7.52,0.51,0.24,18.4,107.9,51.5,13.7,30216.7,51214.4,6242.8,11694.3,12279.6,128.37,1.2465
Uttar Pradesh,Kanpur Dehat,Sugarcane,Whole Year,2017,2405.0,158517.6,65911.7,251.6,15.2,161.9,7.49,0.35,0.98,25.5,1328.9,61.5,21.6,107147.4,181464.1,20008.2,35813.6,51325.6,113.54,65.9117
Madhya Pradesh,Hoshangabad,Groundnut,Kharif,2021,3137.3,3206.0,1021.9,283.7,17.0,265.1,7.21,0.46,0.51,28.3,1072.5,69.3,30.3,47449.6,75998.2,7636.3,16731.4,23081.9,148.02,1.0219
West Bengal,Nadia,Sugarcane,Whole Year,2015,1782.4,131969.8,74040.5,212.0,22.7,193.1,5.98,0.64,0.29,26.9,1949.4,76.5,23.9,89799.4,151442.2,17451.1,36783.6,35564.7,100.0,74.0405
Uttar Pradesh,Kanpur Dehat,Groundnut,Kharif,2020,20679.4,29848.6,1443.4,238.2,16.3,169.4,7.66,0.43,0.19,29.8,970.6,69.3,29.5,49076.2,78948.4,8852.8,15937.8,24285.6,138.02,1.4434
Maharashtra,Nagpur,Groundnut,Rabi,2022,21783.6,38790.1,1780.7,258.7,19.1,237.8,7.58,0.54,0.89,21.7,179.8,55.6,12.4,60707.7,100593.0,10148.2,20096.1,30463.4,156.76,1.7807
Andhra Pradesh,Guntur,Bajra,Kharif,2022,25817.0,28300.6,1096.2,216.7,14.0,215.6,6.8,0.37,0.65,31.1,989.4,77.0,28.4,27610.8,44827.3,6278.7,8670.6,12661.5,156.76,1.0962
West Bengal,Bardhaman,Soyabean,Kharif,2023,22187.3,28943.3,1304.5,209.6,21.5,153.7,6.03,0.66,0.31,29.5,1828.9,86.7,39.4,39901.6,66788.4,6457.7,16138.6,17305.3,166.25,1.3045
Bihar,Rohtas,Maize,Rabi,2023,38822.8,79839.1,2056.5,204.6,14.9,167.6,7.33,0.35,0.69,20.4,171.4,61.2,14.0,37976.5,63547.3,6216.5,12648.0,19112.0,166.25,2.0565
Madhya Pradesh,Hoshangabad,Bajra,Kharif,2023,4282.8,4187.3,977.7,304.8,16.3,307.9,7.25,0.47,0.51,29.7,1069.9,69.8,30.9,29775.3,48409.2,6892.6,12450.0,10432.7,166.25,0.9777
Tamil Nadu,Erode,Gram,Rabi,2015,20339.9,22430.8,1102.8,220.7,9.4,198.3,7.16,0.46,0.53,23.0,143.8,61.8,15.1,20224.7,34175.5,3542.6,7773.9,8908.2,100.0,1.1028
Tamil Nadu,Salem,Groundnut,Rabi,2016,34669.1,44379.9,1280.1,191.9,14.6,188.0,7.21,0.46,1.17,23.7,140.9,65.4,10.9,37518.3,60993.1,7213.1,12125.4,18179.8,105.27,1.2801
Haryana,Sirsa,Cotton,Kharif,2023,14290.9,6480.9,453.5,297.4,18.5,192.6,8.24,0.41,1.07,28.2,703.1,62.0,23.2,63100.8,104675.2,12870.0,24219.2,26011.6,166.25,0.4535
Karnataka,Raichur,Jowar,Kharif,2020,37953.1,45741.1,1205.2,256.0,14.8,177.8,6.3,0.49,0.84,29.0,1100.7,74.5,30.3,23812.6,39245.0,4273.9,9885.3,9653.4,138.02,1.2052
Andhra Pradesh,Krishna,Rice,Kharif,2019,34867.3,105267.9,3019.1,222.1,14.8,183.3,7.14,0.47,0.71,30.6,1138.9,76.4,30.9,42878.8,70893.3,7459.4,17597.9,17821.5,128.37,3.0191
Uttar Pradesh,Gorakhpur,Cotton,Kharif,2021,5083.9,2007.6,394.9,230.7,12.5,213.2,7.44,0.36,0.13,29.4,1181.1,71.6,34.6,59945.9,97594.1,11651.9,22733.7,25560.3,148.02,0.3949
Uttar Pradesh,Bareilly,Soyabean,Kharif,2020,36104.7,50344.4,1394.4,268.0,15.2,225.4,7.62,0.41,0.83,28.8,1213.2,71.5,34.8,33657.5,56236.9,5571.0,10527.1,17559.4,138.02,1.3944
West Bengal,Hooghly,Rice,Kharif,2020,14862.8,28940.8,1947.2,207.6,21.5,180.3,6.07,0.52,0.98,30.2,1370.5,85.5,34.9,46347.1,77438.3,10890.4,18350.4,17106.3,138.02,1.9472
Bihar,Rohtas,Wheat,Rabi,2015,36402.7,153375.5,4213.3,236.1,15.4,186.2,7.1,0.38,0.89,20.1,187.8,63.7,13.9,26215.7,42461.6,5632.3,8240.1,12343.3,100.0,4.2133
Tamil Nadu,Coimbatore,Bajra,Kharif,2016,34181.5,37073.3,1084.6,175.8,11.8,238.6,6.5,0.57,0.96,31.1,814.8,82.1,28.8,18553.7,31049.3,3745.0,5808.2,9000.5,105.27,1.0846
Tamil Nadu,Thanjavur,Soyabean,Kharif,2021,30669.6,49924.0,1627.8,189.1,11.2,210.0,6.68,0.44,0.88,30.7,1033.0,81.2,31.8,32184.4,52627.1,6154.0,12708.9,13321.5,148.02,1.6278
Madhya Pradesh,Ujjain,Bajra,Kharif,2015,27361.8,44487.6,1625.9,294.9,17.7,286.0,7.93,0.42,0.89,29.0,1264.6,68.2,36.2,16268.2,27627.8,3400.3,4998.3,7869.6,100.0,1.6259000000000001
Punjab,Patiala,Wheat,Rabi,2016,28077.1,88075.1,3136.9,318.3,15.6,216.3,8.07,0.51,1.07,18.4,104.8,48.5,13.8,30629.7,51502.4,7083.6,10123.6,13422.5,105.27,3.1369000000000002
Tamil Nadu,Erode,Soyabean,Kharif,2016,38135.7,54179.4,1420.7,212.3,11.8,179.1,6.93,0.62,1.0,31.0,1006.2,79.9,30.7,23131.8,37706.0,4233.8,7916.8,10981.2,105.27,1.4207
Tamil Nadu,Coimbatore,Cotton,Kharif,2022,35335.8,13572.5,384.1,224.7,13.1,185.2,6.77,0.44,0.47,31.3,1111.2,79.8,33.1,60711.4,98785.5,14099.3,20559.0,26053.1,156.76,0.3841
Punjab,Bathinda,Soyabean,Kharif,2020,6039.1,7496.9,1241.4,277.0,23.5,204.4,7.46,0.36,1.0,27.7,707.8,66.5,22.6,33543.7,55202.1,6083.9,14024.6,13435.2,138.02,1.2414
Uttar Pradesh,Bareilly,Maize,Rabi,2019,44562.1,105206.7,2360.9,274.7,17.6,220.4,7.76,0.52,0.65,20.6,122.1,55.3,12.3,31105.5,51254.1,5750.1,10843.3,14512.1,128.37,2.3609
Bihar,Gaya,Rice,Kharif,2023,8961.4,25174.4,2809.2,220.1,14.0,187.5,7.21,0.51,0.93,29.1,1253.1,80.6,34.8,50273.2,81355.0,11250.4,16184.6,22838.2,166.25,2.8091999999999997
Tamil Nadu,Coimbatore,Jowar,Kharif,2022,28482.6,40354.1,1416.8,224.7,13.1,185.2,6.77,0.44,0.47,31.3,1111.2,79.8,33.1,29586.9,48087.9,6301.8,9373.2,13911.9,156.76,1.4168
Andhra Pradesh,West Godavari,Groundnut,Kharif,2015,29337.2,35081.4,1195.8,228.8,15.8,218.3,7.18,0.42,0.73,31.3,1105.5,75.8,34.2,35576.3,57237.4,5815.1,13204.7,16556.5,100.0,1.1958
Madhya Pradesh,Indore,Jowar,Kharif,2022,8024.0,7409.4,923.4,259.9,13.3,233.4,7.55,0.57,1.2,28.8,1190.5,68.5,33.9,29520.6,47464.8,5888.8,9234.3,14397.5,156.76,0.9234
Andhra Pradesh,Kurnool,Jowar,Kharif,2019,34126.5,50009.0,1465.4,212.3,14.3,208.1,7.15,0.38,0.2,31.8,1078.8,78.3,32.2,25506.8,42083.6,5464.4,8261.5,11780.9,128.37,1.4654
Andhra Pradesh,Kurnool,Bajra,Kharif,2016,28772.7,26813.3,931.9,239.2,15.5,217.4,7.13,0.56,0.43,30.7,1138.7,76.1,32.0,18671.5,30783.3,4309.7,6898.2,7463.6,105.27,0.9319
West Bengal,Nadia,Groundnut,Rabi,2022,24734.3,36530.1,1476.9,201.7,23.7,179.7,5.93,0.53,0.29,21.8,244.0,68.4,13.7,53539.1,87555.1,12262.6,19191.3,22085.2,156.76,1.4769
Karnataka,Davanagere,Rice,Kharif,2021,41178.6,81607.7,1981.8,211.8,12.8,203.9,6.51,0.45,1.05,28.7,1102.5,76.1,32.4,41993.5,70008.3,8335.5,15348.0,18310.0,148.02,1.9818
Madhya Pradesh,Sehore,Wheat,Rabi,2018,4715.6,12559.5,2663.4,323.9,15.6,230.3,7.52,0.56,0.61,20.9,157.2,50.8,13.2,32559.9,54570.6,6550.9,12929.9,13079.1,119.72,2.6634
Haryana,Kurukshetra,Jowar,Kharif,2023,40840.4,53358.0,1306.5,260.0,16.2,200.5,8.3,0.34,0.35,28.4,612.7,64.1,23.7,32532.6,54313.7,7659.5,11783.1,13090.0,166.25,1.3065
Tamil Nadu,Salem,Bajra,Kharif,2020,16736.3,29454.2,1759.9,187.8,12.6,262.6,6.56,0.47,0.4,31.1,1042.3,80.3,30.5,24714.7,40068.5,4231.5,7760.8,12722.4,138.02,1.7599
Haryana,Kurukshetra,Maize,Rabi,2020,7842.4,23255.9,2965.4,259.0,13.9,190.7,7.8,0.4,0.39,19.8,102.6,48.7,10.9,33832.9,57309.5,7439.6,13009.8,13383.5,138.02,2.9654000000000003
Bihar,Gaya,Wheat,Rabi,2020,38859.3,109023.7,2805.6,223.1,17.2,192.5,7.0,0.38,0.61,20.5,214.0,62.6,15.5,38533.9,62064.3,6193.1,15291.0,17049.8,138.02,2.8056
Bihar,Rohtas,Soyabean,Kharif,2021,35652.6,47307.4,1326.9,240.7,16.6,195.4,6.97,0.41,0.88,28.7,1422.2,76.3,36.6,31816.5,53093.4,6970.4,11403.1,13443.0,148.02,1.3269000000000002
Maharashtra,Kolhapur,Groundnut,Kharif,2022,37949.5,37960.9,1000.3,272.0,17.7,300.1,7.04,0.46,0.33,29.7,1176.8,72.9,33.0,60707.7,100593.0,10148.2,20096.1,30463.4,156.76,1.0003
Madhya Pradesh,Indore,Wheat,Rabi,2019,31004.5,128268.7,4137.1,254.0,14.9,254.7,7.88,0.57,0.78,20.4,142.8,51.2,12.5,33082.3,54508.0,6643.0,13092.2,13347.1,128.37,4.1371
Karnataka,Mysuru,Maize,Rabi,2019,5124.6,17558.9,3426.4,235.2,14.7,207.0,6.49,0.62,0.27,20.5,171.2,58.4,14.6,29197.7,48704.7,4896.6,11345.2,12955.9,128.37,3.4264
Uttar Pradesh,Gorakhpur,Gram,Rabi,2023,7538.9,9409.3,1248.1,239.4,16.0,188.7,7.4,0.38,0.75,20.8,166.3,54.8,13.6,37642.2,60717.5,7478.7,14229.3,15934.2,166.25,1.2481
Maharashtra,Pune,Soyabean,Kharif,2023,24215.9,25821.4,1066.3,271.4,13.8,239.8,6.94,0.39,0.39,30.5,998.9,73.0,31.2,39539.6,65542.3,8813.5,12799.9,17926.2,166.25,1.0663
Karnataka,Mysuru,Maize,Rabi,2018,30193.7,78071.9,2585.7,232.0,12.8,158.8,6.89,0.51,0.63,20.6,160.2,61.2,13.2,25398.1,41502.4,5030.9,8102.4,12264.8,119.72,2.5856999999999997
Punjab,Patiala,Soyabean,Kharif,2015,11088.0,11162.3,1006.7,341.1,21.7,238.2,7.6,0.54,0.68,26.5,567.0,65.1,22.7,24590.2,41647.1,5624.4,9219.3,9746.5,100.0,1.0067000000000002
Haryana,Sirsa,Bajra,Kharif,2019,12292.9,11019.4,896.4,278.9,18.4,193.6,8.07,0.4,0.28,28.3,479.2,64.1,19.6,21912.7,37184.5,3706.8,8547.3,9658.6,128.37,0.8964
Punjab,Bathinda,Groundnut,Kharif,2017,16143.8,17963.2,1112.7,328.3,17.6,236.2,7.84,0.54,0.21,27.4,768.8,66.0,24.6,39876.9,65300.9,7682.4,15487.5,16707.0,113.54,1.1127
Maharashtra,Nashik,Sugarcane,Whole Year,2018,13069.3,1029553.7,78776.5,295.5,19.0,229.1,7.07,0.57,1.09,27.0,1335.1,64.2,21.2,112650.5,181193.2,20357.9,41317.2,50975.4,119.72,78.7765
Bihar,Muzaffarpur,Groundnut,Kharif,2021,27487.3,32891.3,1196.6,247.5,12.0,181.7,7.16,0.42,0.61,29.4,1462.8,78.5,37.6,46235.1,76477.0,7855.0,16392.1,21988.0,148.02,1.1965999999999999
West Bengal,Nadia,Soyabean,Kharif,2015,27054.9,40065.6,1480.9,212.0,22.7,193.1,5.98,0.64,0.29,30.1,1682.6,86.1,37.2,22050.1,37060.8,4205.1,7704.1,10140.9,100.0,1.4809
West Bengal,Nadia,Maize,Rabi,2023,7292.1,23506.8,3223.6,215.9,21.4,174.4,6.19,0.61,1.05,22.5,227.3,71.8,13.7,41129.3,67295.6,8559.4,13284.5,19285.4,166.25,3.2236
Haryana,Hisar,Jowar,Rabi,2020,16825.3,21107.3,1254.5,269.0,14.7,230.4,8.17,0.49,1.07,19.7,81.5,45.5,11.0,25502.8,42561.5,4823.6,7872.1,12807.1,138.02,1.2545
Bihar,Rohtas,Maize,Kharif,2020,8755.2,22706.6,2593.5,213.7,16.5,183.0,7.62,0.36,0.11,29.2,1152.5,79.9,30.6,31941.1,53242.0,6395.7,10348.1,15197.3,138.02,2.5935
Andhra Pradesh,West Godavari,Jowar,Kharif,2016,37974.3,36535.1,962.1,242.0,16.3,239.6,6.43,0.52,0.14,30.9,905.8,77.9,27.3,21166.7,35073.0,4315.4,8215.8,8635.5,105.27,0.9621000000000001
Punjab,Patiala,Soyabean,Kharif,2021,18372.0,24662.6,1342.4,293.1,16.5,270.0,7.92,0.38,0.69,26.6,664.4,64.0,24.2,36154.5,61394.6,7695.0,14554.0,13905.5,148.02,1.3424
Punjab,Ludhiana,Wheat,Rabi,2018,13377.8,32022.4,2393.7,284.0,20.3,221.9,7.43,0.42,0.65,19.0,105.9,50.2,10.4,34742.3,57029.5,6812.8,12452.4,15477.1,119.72,2.3937
Madhya Pradesh,Indore,Rice,Kharif,2023,15207.9,35195.6,2314.3,246.4,17.4,285.9,7.57,0.54,0.96,28.8,1111.9,69.4,32.1,49566.7,80955.6,10953.1,17646.1,20967.5,166.25,2.3143000000000002
Karnataka,Mysuru,Jowar,Kharif,2022,21560.1,23162.0,1074.3,193.9,14.9,191.0,6.56,0.47,0.59,29.4,928.1,77.1,29.3,27243.5,45227.2,4931.2,10614.4,11697.9,156.76,1.0743
Karnataka,Davanagere,Jowar,Kharif,2015,29757.2,28858.5,969.8,265.7,16.3,226.8,6.98,0.48,0.13,29.0,1164.4,77.0,33.6,17951.2,28772.3,4246.4,7363.8,6341.0,100.0,0.9698
Uttar Pradesh,Meerut,Groundnut,Kharif,2016,8845.7,16190.3,1830.3,246.1,14.2,199.8,7.58,0.46,1.05,29.2,1183.8,72.2,34.5,39000.1,64361.3,7461.5,11975.3,19563.3,105.27,1.8303
Tamil Nadu,Salem,Groundnut,Rabi,2017,27670.2,52280.1,1889.4,217.2,13.4,249.5,7.16,0.5,0.61,23.0,136.8,64.0,12.5,39262.5,65156.4,9030.7,13313.3,16918.5,113.54,1.8894000000000002
Punjab,Amritsar,Maize,Rabi,2018,44995.9,115036.5,2556.6,261.5,21.4,209.1,7.88,0.41,0.21,19.2,116.3,51.2,10.9,29527.5,50138.8,6043.3,10966.9,12517.3,119.72,2.5566
Andhra Pradesh,West Godavari,Groundnut,Rabi,2016,23442.9,42028.4,1792.8,242.0,16.3,239.6,6.43,0.52,0.14,22.5,172.1,62.0,13.0,35671.0,57715.7,8249.4,12287.4,15134.2,105.27,1.7928
Karnataka,Davanagere,Sugarcane,Whole Year,2018,14264.9,786130.1,55109.4,225.4,14.9,202.9,6.89,0.55,0.13,25.9,1275.8,66.2,20.1,91912.9,154063.2,17372.7,36820.8,37719.4,119.72,55.1094
West Bengal,Bardhaman,Sugarcane,Whole Year,2016,6276.4,473703.1,75473.7,192.7,22.7,168.2,6.27,0.53,1.09,27.0,1840.9,76.6,24.9,90358.1,151615.0,15574.8,27868.7,46914.6,105.27,75.4737
West Bengal,Nadia,Jowar,Rabi,2017,11261.6,13381.0,1188.2,197.8,23.5,200.9,6.37,0.56,0.63,21.4,201.6,70.0,12.9,23223.5,39332.8,5202.6,9503.9,8517.0,113.54,1.1882000000000001
Karnataka,Belagavi,Maize,Kharif,2017,8320.0,23841.8,2865.6,252.6,15.7,210.0,6.22,0.58,0.1,28.2,855.3,76.0,29.2,23629.6,40055.8,3790.4,8906.5,10932.7,113.54,2.8655999999999997
Uttar Pradesh,Gorakhpur,Groundnut,Rabi,2019,34809.3,58009.7,1666.5,223.5,13.7,210.2,7.44,0.46,0.79,21.1,161.1,54.0,13.2,44873.3,74695.8,9620.5,15386.3,19866.5,128.37,1.6665
Andhra Pradesh,Krishna,Maize,Kharif,2019,28550.7,87385.1,3060.7,222.1,14.8,183.3,7.14,0.47,0.71,30.6,1138.9,76.4,30.9,30980.1,49640.5,6270.8,9750.5,14958.8,128.37,3.0606999999999998
Maharashtra,Pune,Rice,Kharif,2020,33248.1,95890.8,2884.1,253.0,17.5,194.4,7.23,0.41,1.17,29.3,1222.8,74.2,36.0,49924.1,84667.4,9332.7,19284.5,21306.9,138.02,2.8841
Tamil Nadu,Thanjavur,Rice,Kharif,2017,9057.2,23856.7,2634.0,216.6,12.4,204.7,6.68,0.43,0.13,31.4,1009.6,81.5,30.7,37066.5,60456.2,8180.7,12558.1,16327.7,113.54,2.634
Madhya Pradesh,Sehore,Soyabean,Kharif,2020,43650.1,67304.1,1541.9,283.9,18.0,245.8,7.74,0.44,0.67,28.5,1420.7,69.6,35.8,28223.4,46252.1,6052.3,10348.4,11822.7,138.02,1.5419
Maharashtra,Nagpur,Jowar,Rabi,2016,5840.0,4917.9,842.1,233.0,13.2,245.4,7.26,0.54,0.27,21.5,170.1,56.3,13.7,21603.5,35767.1,4700.7,7849.7,9053.1,105.27,0.8421000000000001
Haryana,Kurukshetra,Wheat,Rabi,2015,6572.1,19775.4,3009.0,284.8,16.0,213.8,8.09,0.48,0.5,20.0,98.7,47.1,12.2,26942.2,43369.1,4524.2,9217.8,13200.2,100.0,3.009
Bihar,Rohtas,Rice,Kharif,2023,9361.0,19772.3,2112.2,204.6,14.9,167.6,7.33,0.35,0.69,29.0,1195.7,79.1,34.5,50273.2,81355.0,11250.4,16184.6,22838.2,166.25,2.1121999999999996
Andhra Pradesh,West Godavari,Rice,Kharif,2019,31677.8,80021.3,2526.1,211.2,12.6,187.9,6.7,0.49,1.04,30.9,1264.8,77.4,33.1,42878.8,70893.3,7459.4,17597.9,17821.5,128.37,2.5261
Andhra Pradesh,Kurnool,Cotton,Kharif,2018,12164.8,4515.6,371.2,217.1,14.9,192.2,6.55,0.42,0.9,31.5,1165.5,77.2,32.1,45537.9,75871.3,8176.7,17631.1,19730.1,119.72,0.3712
Madhya Pradesh,Ujjain,Wheat,Rabi,2023,29128.5,121416.3,4168.3,313.8,15.6,250.8,7.82,0.54,0.45,21.0,173.2,54.8,14.3,44488.6,72422.0,8899.0,13830.4,21759.2,166.25,4.1683
Karnataka,Belagavi,Maize,Kharif,2020,42619.7,103126.9,2419.7,248.6,11.3,169.6,6.26,0.63,0.64,28.9,1113.1,72.9,32.3,31711.9,53115.0,7081.9,12372.1,12257.9,138.02,2.4196999999999997
Karnataka,Belagavi,Gram,Rabi,2016,2239.5,1891.9,844.8,231.1,14.3,225.1,6.62,0.61,0.51,21.5,151.9,60.6,13.8,21267.3,34583.2,3816.3,7926.1,9524.9,105.27,0.8448
Bihar,Patna,Rice,Kharif,2019,18641.7,45515.6,2441.6,221.8,13.6,152.4,7.11,0.53,0.84,29.0,993.9,76.7,29.1,40757.2,66439.6,7459.3,12300.3,20997.6,128.37,2.4415999999999998
Haryana,Kurukshetra,Sugarcane,Whole Year,2020,32286.6,2432010.7,75325.7,259.0,13.9,190.7,7.8,0.4,0.39,25.0,816.9,54.5,16.3,113339.5,187805.0,25310.9,40186.6,47842.0,138.02,75.3257
Haryana,Hisar,Bajra,Kharif,2020,38887.3,53991.1,1388.4,269.0,14.7,230.4,8.17,0.49,1.07,27.9,668.0,61.9,25.2,25902.7,42509.9,5540.9,9101.8,11260.0,138.02,1.3884
Maharashtra,Kolhapur,Rice,Kharif,2016,9029.8,19847.5,2198.0,309.2,20.8,246.1,7.18,0.54,0.38,30.1,1043.1,72.8,30.7,39251.1,63776.8,6679.6,14266.8,18304.7,105.27,2.198
Maharashtra,Pune,Maize,Kharif,2022,39933.9,104714.7,2622.2,260.8,14.8,242.2,6.84,0.53,0.44,30.2,1038.8,72.5,30.8,41639.7,70701.1,9732.9,16322.1,15584.7,156.76,2.6222
Haryana,Kurukshetra,Jowar,Rabi,2020,14165.3,18902.2,1334.4,259.0,13.9,190.7,7.8,0.4,0.39,19.8,102.6,48.7,10.9,25502.8,42561.5,4823.6,7872.1,12807.1,138.02,1.3344
Uttar Pradesh,Gorakhpur,Wheat,Rabi,2016,22340.8,100605.1,4503.2,245.3,12.4,176.7,7.63,0.45,0.53,20.0,122.5,56.1,12.2,29742.1,49534.7,6229.2,12040.4,11472.5,105.27,4.5032
Uttar Pradesh,Gorakhpur,Maize,Rabi,2022,15513.8,45393.4,2926.0,222.2,16.9,176.4,7.63,0.37,0.82,20.4,130.6,52.7,10.8,39335.2,63180.2,6725.6,16199.9,16409.7,156.76,2.926
Haryana,Karnal,Jowar,Kharif,2019,6875.1,8265.9,1202.3,240.8,15.3,176.9,7.94,0.32,0.43,28.0,649.4,62.7,20.7,23406.4,37831.8,4909.0,8636.9,9860.5,128.37,1.2023
Tamil Nadu,Erode,Jowar,Kharif,2022,40945.5,44814.8,1094.5,171.1,12.0,175.0,6.55,0.53,1.14,31.2,952.2,81.1,28.4,29586.9,48087.9,6301.8,9373.2,13911.9,156.76,1.0945
Bihar,Patna,Rice,Kharif,2023,28911.2,61841.1,2139.0,235.1,13.1,187.1,7.67,0.5,1.01,28.9,1522.8,78.4,37.6,50273.2,81355.0,11250.4,16184.6,22838.2,166.25,2.139
Tamil Nadu,Thanjavur,Groundnut,Kharif,2018,15520.2,21728.3,1400.0,191.5,15.3,185.8,7.07,0.51,0.75,31.1,1134.4,82.3,32.7,40210.7,67705.2,8556.7,15470.4,16183.6,119.72,1.4
Andhra Pradesh,Guntur,Cotton,Kharif,2020,2003.6,830.7,414.6,198.6,13.6,217.5,6.93,0.48,0.91,30.5,1027.0,78.5,31.3,50960.3,82648.3,8410.3,19098.8,23451.2,138.02,0.4146
Haryana,Hisar,Jowar,Rabi,2019,5537.9,5152.5,930.4,288.1,19.1,210.9,7.54,0.34,0.54,19.7,95.6,47.8,8.9,23406.4,37831.8,4909.0,8636.9,9860.5,128.37,0.9304
Haryana,Sirsa,Bajra,Kharif,2020,37274.2,48959.7,1313.5,305.3,19.8,248.0,8.04,0.34,0.96,28.1,541.9,64.8,21.4,25902.7,42509.9,5540.9,9101.8,11260.0,138.02,1.3135
Haryana,Sirsa,Cotton,Kharif,2020,2272.3,876.2,385.6,305.3,19.8,248.0,8.04,0.34,0.96,28.1,541.9,64.8,21.4,54534.8,91842.6,11719.2,17700.4,25115.2,138.02,0.3856
West Bengal,Nadia,Groundnut,Kharif,2019,8268.9,9486.9,1147.3,213.1,26.1,154.4,5.75,0.51,0.88,30.2,1849.3,86.2,39.7,47221.8,75945.6,9173.4,19236.7,18811.7,128.37,1.1473
Maharashtra,Nashik,Jowar,Kharif,2020,30423.3,40885.9,1343.9,298.5,13.9,220.5,7.33,0.56,1.14,30.2,997.2,76.4,29.0,28042.3,46663.2,6656.3,8774.0,12612.0,138.02,1.3439
Uttar Pradesh,Gorakhpur,Bajra,Kharif,2021,35591.0,59162.9,1662.3,230.7,12.5,213.2,7.44,0.36,0.13,29.4,1181.1,71.6,34.6,29469.1,47530.6,5578.2,9569.3,14321.6,148.02,1.6622999999999999
Maharashtra,Nashik,Soyabean,Kharif,2015,1922.7,1739.3,904.6,230.8,16.2,251.6,7.45,0.53,1.07,29.3,1216.3,71.8,35.0,24473.1,40170.2,5007.8,9249.1,10216.2,100.0,0.9046000000000001
Karnataka,Mysuru,Rice,Kharif,2022,8409.2,19816.3,2356.5,193.9,14.9,191.0,6.56,0.47,0.59,29.4,928.1,77.1,29.3,45541.5,74415.9,8505.9,15264.0,21771.6,156.76,2.3565
Punjab,Ludhiana,Jowar,Rabi,2016,15107.7,24599.9,1628.3,266.0,17.5,194.2,7.4,0.42,0.74,18.6,109.6,50.4,12.1,22708.3,37267.4,4088.9,9069.9,9549.5,105.27,1.6282999999999999
Andhra Pradesh,West Godavari,Soyabean,Kharif,2021,2382.2,3084.5,1294.8,201.7,15.9,216.2,7.05,0.52,1.0,30.8,1094.7,75.6,30.3,31977.8,51834.9,6799.5,10202.4,14975.9,148.02,1.2948
Haryana,Hisar,Rice,Kharif,2019,41302.0,106794.6,2585.7,288.1,19.1,210.9,7.54,0.34,0.54,28.4,683.5,63.5,23.8,39433.0,64192.6,6894.6,15948.6,16589.8,128.37,2.5856999999999997
Maharashtra,Kolhapur,Bajra,Kharif,2021,3437.7,5686.0,1654.0,259.5,22.0,291.0,7.05,0.55,0.24,29.7,1205.1,72.6,32.4,28778.0,47754.8,4908.1,11894.1,11975.8,148.02,1.654
Bihar,Gaya,Jowar,Kharif,2022,10705.2,11470.6,1071.5,227.7,11.8,143.3,6.94,0.46,0.12,28.7,1252.4,80.8,34.9,28295.0,47432.8,4750.0,9760.7,13784.3,156.76,1.0715
Tamil Nadu,Thanjavur,Jowar,Kharif,2015,17458.5,24265.6,1389.9,229.9,9.9,185.3,7.11,0.6,0.86,30.9,1049.7,81.4,32.4,18763.7,30428.0,3438.4,7357.7,7967.6,100.0,1.3899000000000001
Uttar Pradesh,Kanpur Dehat,Jowar,Kharif,2021,44307.9,56080.5,1265.7,226.3,15.3,162.5,7.26,0.44,1.0,28.4,1172.4,70.1,31.2,31617.1,52194.0,7051.6,12592.0,11973.5,148.02,1.2657
Madhya Pradesh,Hoshangabad,Soyabean,Kharif,2023,41591.7,47689.0,1146.6,304.8,16.3,307.9,7.25,0.47,0.51,29.7,1069.9,69.8,30.9,36322.0,59215.9,7138.6,13598.9,15584.5,166.25,1.1465999999999998
West Bengal,Nadia,Gram,Rabi,2018,38822.3,35565.1,916.1,201.8,18.1,174.6,5.83,0.6,1.01,21.4,260.0,69.2,14.6,26232.4,43320.5,6247.5,9334.2,10650.7,119.72,0.9161
Madhya Pradesh,Hoshangabad,Jowar,Kharif,2022,12910.6,16014.3,1240.4,277.8,16.8,317.1,7.95,0.53,1.04,28.9,1004.8,70.4,30.4,29520.6,47464.8,5888.8,9234.3,14397.5,156.76,1.2404000000000002
West Bengal,Nadia,Bajra,Kharif,2017,18648.2,28692.1,1538.6,197.8,23.5,200.9,6.37,0.56,0.63,29.3,1596.1,87.6,37.5,20097.5,33831.4,3850.9,6778.8,9467.8,113.54,1.5386
Andhra Pradesh,Krishna,Maize,Kharif,2022,41610.3,96240.5,2312.9,216.7,16.3,186.0,6.93,0.44,0.93,31.6,1063.0,76.9,32.8,39871.1,65185.1,7483.4,14320.8,18066.9,156.76,2.3129
Maharashtra,Kolhapur,Bajra,Kharif,2018,8934.9,9565.7,1070.6,255.7,18.2,272.8,7.31,0.57,0.28,29.8,1113.1,71.1,32.4,23910.7,38775.5,5065.1,8905.0,9940.6,119.72,1.0706
Maharashtra,Nashik,Groundnut,Kharif,2019,19000.9,30633.3,1612.2,237.8,15.9,262.4,7.41,0.44,0.59,30.0,1383.2,72.6,36.0,48750.2,78380.3,8356.7,15798.5,24595.0,128.37,1.6122
Punjab,Ludhiana,Cotton,Kharif,2016,39603.1,22007.4,555.7,266.0,17.5,194.2,7.4,0.42,0.74,26.6,757.2,63.7,26.3,44626.8,73345.1,7229.8,17429.3,19967.7,105.27,0.5557000000000001
Bihar,Gaya,Gram,Rabi,2022,27479.5,36218.0,1318.0,227.7,11.8,143.3,6.94,0.46,0.12,20.5,153.7,62.6,12.6,30302.2,50714.9,7235.6,9465.8,13600.8,156.76,1.318
Andhra Pradesh,Guntur,Wheat,Rabi,2021,38394.4,107876.7,2809.7,227.4,18.3,235.4,6.8,0.47,0.99,23.8,148.4,60.6,14.7,41944.4,70445.8,7719.5,14087.7,20137.2,148.02,2.8097
Andhra Pradesh,Guntur,Maize,Kharif,2019,12589.9,29320.6,2328.9,219.5,14.4,214.5,6.65,0.46,0.79,30.4,1039.8,78.8,28.6,30980.1,49640.5,6270.8,9750.5,14958.8,128.37,2.3289
Andhra Pradesh,West Godavari,Jowar,Rabi,2016,29083.5,25224.1,867.3,242.0,16.3,239.6,6.43,0.52,0.14,22.5,172.1,62.0,13.0,21166.7,35073.0,4315.4,8215.8,8635.5,105.27,0.8673
Punjab,Amritsar,Wheat,Rabi,2016,24880.3,103745.9,4169.8,291.9,22.0,220.3,7.79,0.46,0.92,18.8,126.2,50.2,10.9,30629.7,51502.4,7083.6,10123.6,13422.5,105.27,4.1698
Uttar Pradesh,Bareilly,Jowar,Kharif,2021,24685.8,21266.8,861.5,237.2,12.7,186.8,7.21,0.32,0.2,29.1,1017.4,73.3,30.7,31617.1,52194.0,7051.6,12592.0,11973.5,148.02,0.8615
Maharashtra,Pune,Maize,Rabi,2018,544.5,1552.7,2851.6,223.6,17.0,213.8,7.59,0.56,0.86,21.6,118.3,57.5,10.8,32540.7,53327.3,7534.6,11864.4,13141.7,119.72,2.8516
West Bengal,Hooghly,Cotton,Kharif,2018,5825.9,3760.0,645.4,187.7,23.2,153.5,6.3,0.66,0.71,30.1,1938.1,86.1,39.9,46928.6,77651.2,9052.1,16856.0,21020.5,119.72,0.6454
West Bengal,Nadia,Groundnut,Rabi,2018,8869.1,15773.7,1778.5,201.8,18.1,174.6,5.83,0.6,1.01,21.4,260.0,69.2,14.6,42121.8,67556.9,6844.5,17137.7,18139.6,119.72,1.7785
Uttar Pradesh,Gorakhpur,Sugarcane,Whole Year,2019,21688.9,1800135.3,82998.0,223.5,13.7,210.2,7.44,0.46,0.79,26.6,1192.0,62.0,20.8,118290.4,201031.7,28156.6,36419.0,53714.8,128.37,82.998
Bihar,Rohtas,Jowar,Rabi,2021,9194.6,10919.5,1187.6,240.7,16.6,195.4,6.97,0.41,0.88,21.7,204.7,63.5,15.6,28181.8,45553.8,6062.3,8480.5,13639.0,148.02,1.1876
Punjab,Patiala,Wheat,Rabi,2018,11802.0,29514.4,2500.8,277.9,21.9,199.8,7.95,0.54,0.13,19.3,99.2,51.6,10.1,34742.3,57029.5,6812.8,12452.4,15477.1,119.72,2.5008000000000004
Punjab,Patiala,Bajra,Kharif,2015,15622.2,15100.4,966.6,341.1,21.7,238.2,7.6,0.54,0.68,26.5,567.0,65.1,22.7,19213.1,31354.4,3189.4,5813.0,10210.7,100.0,0.9666
Andhra Pradesh,Guntur,Cotton,Kharif,2021,8605.6,3028.3,351.9,227.4,18.3,235.4,6.8,0.47,0.99,30.5,1019.9,78.7,32.2,56912.9,92701.1,11959.0,18244.5,26709.4,148.02,0.3519
Madhya Pradesh,Ujjain,Maize,Rabi,2017,4080.3,11430.6,2801.4,304.0,11.6,236.7,7.31,0.53,0.79,20.6,134.1,53.4,11.2,24678.6,41493.4,5222.3,7647.1,11809.2,113.54,2.8014
Uttar Pradesh,Meerut,Soyabean,Kharif,2017,42790.8,42658.1,996.9,267.8,14.1,175.1,7.73,0.48,1.12,29.4,929.7,69.9,27.0,26938.1,43286.7,4750.4,10568.6,11619.1,113.54,0.9969
Haryana,Kurukshetra,Groundnut,Kharif,2021,9906.9,18706.2,1888.2,250.6,15.3,164.4,8.16,0.42,0.98,27.8,574.9,60.2,23.1,48481.8,79445.5,10952.0,15579.6,21950.2,148.02,1.8882
Tamil Nadu,Salem,Maize,Kharif,2019,33733.9,93473.3,2770.9,208.9,11.9,194.2,7.17,0.43,0.3,30.8,869.2,80.5,28.3,31655.2,53767.2,5584.7,9841.9,16228.6,128.37,2.7709
Andhra Pradesh,Krishna,Jowar,Kharif,2021,35221.0,47904.1,1360.1,190.4,15.4,160.3,7.04,0.37,1.16,30.4,1257.5,77.8,35.1,27720.2,46574.6,6238.2,8773.7,12708.3,148.02,1.3600999999999999
Haryana,Kurukshetra,Jowar,Rabi,2018,36471.3,46074.2,1263.3,226.3,12.9,223.9,7.92,0.48,0.67,19.1,104.7,46.5,11.2,23419.1,39763.2,4191.3,7900.7,11327.1,119.72,1.2632999999999999
Andhra Pradesh,Kurnool,Sugarcane,Whole Year,2015,8702.5,602745.6,69261.2,213.0,12.7,197.7,7.14,0.43,0.37,28.2,1389.5,66.7,21.2,85654.0,139475.0,15498.2,29931.5,40224.3,100.0,69.2612
West Bengal,Nadia,Jowar,Kharif,2015,23620.8,27201.7,1151.6,212.0,22.7,193.1,5.98,0.64,0.29,30.1,1682.6,86.1,37.2,19266.5,31440.9,3639.0,7445.1,8182.4,100.0,1.1516
Punjab,Ludhiana,Jowar,Rabi,2018,42296.1,41234.5,974.9,284.0,20.3,221.9,7.43,0.42,0.65,19.0,105.9,50.2,10.4,25510.8,41994.2,5723.1,8872.4,10915.3,119.72,0.9749
Maharashtra,Nagpur,Maize,Kharif,2017,29802.6,71117.9,2386.3,273.4,16.4,238.8,7.47,0.48,0.58,29.9,1068.7,73.3,30.8,30693.9,50842.5,7236.3,10322.3,13135.3,113.54,2.3863000000000003
Karnataka,Mysuru,Rice,Kharif,2021,32961.9,76300.2,2314.8,208.1,12.3,159.6,6.48,0.49,0.9,28.5,1147.0,76.7,34.7,41993.5,70008.3,8335.5,15348.0,18310.0,148.02,2.3148
Haryana,Sirsa,Groundnut,Kharif,2018,13062.7,22456.1,1719.1,278.3,14.2,242.1,7.67,0.31,0.49,27.7,618.4,63.1,21.0,40477.1,67274.8,9277.9,12557.4,18641.8,119.72,1.7190999999999999
Uttar Pradesh,Bareilly,Maize,Rabi,2015,33237.2,68349.0,2056.4,267.3,15.0,182.9,7.81,0.49,0.26,20.3,181.6,55.4,14.5,25565.9,41160.6,5722.0,10074.6,9769.3,100.0,2.0564
Karnataka,Raichur,Maize,Kharif,2018,1220.5,3982.6,3263.1,233.2,13.3,200.8,6.9,0.61,1.19,28.7,1019.1,75.9,29.4,25398.1,41502.4,5030.9,8102.4,12264.8,119.72,3.2631
Tamil Nadu,Salem,Gram,Rabi,2019,26662.2,26864.8,1007.6,208.9,11.9,194.2,7.17,0.43,0.3,21.8,85.9,64.3,10.7,25960.8,43935.0,5257.7,10890.3,9812.8,128.37,1.0076
Maharashtra,Pune,Soyabean,Kharif,2017,25674.0,35063.0,1365.7,262.2,17.1,250.7,7.25,0.57,0.41,29.8,1265.4,75.3,35.1,28579.2,46038.1,5240.7,10770.4,12568.1,113.54,1.3657000000000001
Punjab,Amritsar,Sugarcane,Whole Year,2018,21179.5,1466879.5,69259.4,261.5,21.4,209.1,7.88,0.41,0.21,24.1,704.6,57.2,15.1,115515.5,194786.5,27632.7,35937.8,51945.0,119.72,69.2594
Punjab,Ludhiana,Jowar,Kharif,2019,38975.0,64866.1,1664.3,234.4,20.9,203.8,7.52,0.51,0.24,26.7,773.7,67.5,25.6,25874.6,43500.1,5395.3,10067.7,10411.6,128.37,1.6643
Maharashtra,Nagpur,Maize,Rabi,2023,823.2,2622.2,3185.4,259.2,17.6,226.8,6.86,0.56,0.99,21.3,130.1,58.0,8.8,42972.4,71330.5,9838.4,17398.9,15735.1,166.25,3.1854
Haryana,Sirsa,Jowar,Kharif,2019,28548.2,37395.3,1309.9,278.9,18.4,193.6,8.07,0.4,0.28,28.3,479.2,64.1,19.6,23406.4,37831.8,4909.0,8636.9,9860.5,128.37,1.3099
Uttar Pradesh,Kanpur Dehat,Sugarcane,Whole Year,2023,16204.0,1275896.5,78739.6,234.7,16.5,158.5,7.5,0.5,0.95,26.4,1192.9,60.7,20.1,156127.0,250748.8,31682.8,49812.8,74631.4,166.25,78.73960000000001
Maharashtra,Pune,Rice,Kharif,2018,36091.6,93852.6,2600.4,223.6,17.0,213.8,7.59,0.56,0.86,29.7,1246.4,73.0,34.3,43749.0,70202.7,9508.0,16179.3,18061.7,119.72,2.6004
West Bengal,Bardhaman,Maize,Kharif,2022,37725.8,106217.0,2815.5,243.8,20.6,174.5,6.22,0.68,1.03,30.1,1575.3,87.7,38.8,40399.5,64735.8,8477.8,16516.9,15404.8,156.76,2.8155
Andhra Pradesh,Guntur,Rice,Kharif,2017,16930.8,31440.5,1857.0,251.4,16.8,224.9,6.79,0.54,0.72,31.3,1157.0,77.6,33.2,36308.4,58480.9,6835.2,13556.9,15916.3,113.54,1.857
Bihar,Muzaffarpur,Sugarcane,Whole Year,2016,33009.6,1974317.4,59810.4,216.8,14.6,198.9,7.04,0.52,0.71,25.7,1633.9,71.6,23.6,86411.0,144849.3,18549.5,32792.8,35068.7,105.27,59.8104
Haryana,Hisar,Gram,Rabi,2022,41385.2,57194.3,1382.0,240.1,13.5,231.3,7.99,0.42,0.62,20.2,87.9,49.4,12.6,34137.8,54958.5,7272.6,12302.1,14563.1,156.76,1.382
Karnataka,Raichur,Soyabean,Kharif,2018,40309.9,37867.1,939.4,233.2,13.3,200.8,6.9,0.61,1.19,28.7,1019.1,75.9,29.4,23639.0,40001.6,4239.1,9571.3,9828.6,119.72,0.9394
Tamil Nadu,Coimbatore,Maize,Rabi,2022,26483.5,76034.1,2871.0,224.7,13.1,185.2,6.77,0.44,0.47,22.9,164.9,65.9,14.3,36019.2,60811.3,7980.1,13101.9,14937.2,156.76,2.871
Maharashtra,Pune,Jowar,Rabi,2022,16645.4,12261.0,736.6,260.8,14.8,242.2,6.84,0.53,0.44,20.9,196.8,58.5,13.4,32129.8,54085.5,7172.6,10248.9,14708.3,156.76,0.7366
Maharashtra,Nashik,Cotton,Kharif,2022,9053.0,3725.3,411.5,284.4,14.2,242.7,7.54,0.42,0.79,30.2,1171.4,70.6,35.9,64774.8,104925.0,12235.0,20013.4,32526.4,156.76,0.4115
Punjab,Amritsar,Jowar,Kharif,2021,9558.3,12816.7,1340.9,305.5,18.0,211.3,7.6,0.53,0.28,26.8,637.5,66.6,22.2,31689.8,52140.6,6285.6,11704.7,13699.5,148.02,1.3409
Punjab,Ludhiana,Soyabean,Kharif,2023,13703.5,21513.1,1569.9,263.1,20.0,191.6,8.14,0.53,0.55,26.6,719.0,64.3,26.3,39491.6,65252.3,9457.3,14832.9,15201.4,166.25,1.5699
Uttar Pradesh,Meerut,Groundnut,Rabi,2022,30420.6,61026.8,2006.1,242.5,12.4,216.3,7.62,0.32,0.9,21.1,143.2,55.4,13.2,58451.9,95115.4,11239.7,23964.4,23247.8,156.76,2.0061
Punjab,Amritsar,Maize,Kharif,2015,40765.3,120045.7,2944.8,270.0,17.1,257.9,7.71,0.36,0.2,26.8,790.8,65.6,26.9,26148.7,44308.2,5032.2,9872.0,11244.5,100.0,2.9448000000000003
Bihar,Rohtas,Maize,Rabi,2018,8895.7,23394.8,2629.9,218.5,14.5,175.1,7.01,0.36,1.18,20.7,199.4,63.5,13.6,26624.7,45178.6,4960.1,8125.1,13539.5,119.72,2.6299
Tamil Nadu,Erode,Soyabean,Kharif,2021,11534.8,12883.2,1116.9,202.6,11.0,232.8,7.27,0.58,0.34,31.4,1075.3,81.2,31.9,32184.4,52627.1,6154.0,12708.9,13321.5,148.02,1.1169
Karnataka,Davanagere,Maize,Kharif,2018,3430.2,6690.9,1950.6,225.4,14.9,202.9,6.89,0.55,0.13,29.0,1117.7,75.2,31.3,25398.1,41502.4,5030.9,8102.4,12264.8,119.72,1.9506
West Bengal,Nadia,Gram,Rabi,2015,26741.2,26492.5,990.7,212.0,22.7,193.1,5.98,0.64,0.29,21.1,205.3,70.3,14.2,22695.8,37620.5,4505.0,7901.7,10289.1,100.0,0.9907
Madhya Pradesh,Sehore,Gram,Rabi,2023,14299.5,14024.9,980.8,314.4,18.1,261.9,7.4,0.47,0.65,21.0,164.5,52.9,11.8,34657.5,57110.7,5682.5,12758.0,16217.0,166.25,0.9808
Tamil Nadu,Coimbatore,Maize,Rabi,2021,8426.1,20272.4,2405.9,191.3,12.3,195.0,7.15,0.53,1.05,23.3,136.2,64.0,14.5,36821.5,60910.3,7736.8,13804.9,15279.8,148.02,2.4059
Maharashtra,Nagpur,Wheat,Rabi,2021,27295.6,119191.7,4366.7,277.7,15.6,210.6,7.37,0.47,0.86,21.8,176.4,54.5,14.5,48399.2,80139.4,10132.2,19022.9,19244.1,148.02,4.3667
Bihar,Muzaffarpur,Sugarcane,Whole Year,2017,19181.1,1382518.1,72077.1,189.6,15.5,152.5,7.3,0.44,0.95,25.7,1358.0,69.7,20.9,88744.4,144506.2,20081.0,28688.6,39974.8,113.54,72.0771
Karnataka,Belagavi,Groundnut,Rabi,2023,12481.5,14987.8,1200.8,226.2,14.6,211.9,6.99,0.61,0.21,21.4,140.7,62.1,11.4,50304.3,83857.8,11212.9,15258.7,23832.7,166.25,1.2007999999999999
Punjab,Bathinda,Cotton,Kharif,2022,35828.5,15320.3,427.6,294.6,18.4,228.1,7.58,0.36,0.58,27.4,823.4,65.4,27.2,62987.8,101659.0,12957.6,23546.0,26484.2,156.76,0.42760000000000004
Haryana,Hisar,Rice,Kharif,2018,35876.4,75275.9,2098.2,232.7,15.3,205.6,8.22,0.37,0.25,28.3,613.8,62.6,24.2,36691.0,62301.8,6386.2,13501.7,16803.1,119.72,2.0982
Tamil Nadu,Erode,Groundnut,Rabi,2018,12750.3,18457.3,1447.6,182.9,11.7,225.8,6.84,0.57,0.27,23.2,125.9,65.8,13.4,40210.7,67705.2,8556.7,15470.4,16183.6,119.72,1.4476
Karnataka,Belagavi,Maize,Rabi,2021,42546.6,82659.5,1942.8,247.9,11.7,216.0,6.92,0.49,0.96,21.3,141.3,59.9,12.6,31427.6,52115.7,6003.3,12534.9,12889.4,148.02,1.9427999999999999
Madhya Pradesh,Sehore,Groundnut,Kharif,2019,4463.2,6635.4,1486.7,252.2,12.8,231.9,7.67,0.53,0.59,29.6,1155.8,69.5,30.6,42995.9,71682.4,8727.9,15056.3,19211.7,128.37,1.4867000000000001
Tamil Nadu,Erode,Wheat,Rabi,2015,19109.0,62522.7,3271.9,220.7,9.4,198.3,7.16,0.46,0.53,23.0,143.8,61.8,15.1,27802.2,46260.6,4865.6,8849.4,14087.2,100.0,3.2719
Punjab,Bathinda,Jowar,Kharif,2015,43498.8,53725.4,1235.1,249.8,19.0,200.8,8.01,0.39,0.88,26.9,714.7,65.5,24.6,20684.5,34908.5,4573.5,8090.0,8021.0,100.0,1.2350999999999999
West Bengal,Murshidabad,Maize,Kharif,2022,35292.7,77234.5,2188.4,190.7,19.6,163.9,6.08,0.6,0.42,29.9,1830.1,87.6,39.3,40399.5,64735.8,8477.8,16516.9,15404.8,156.76,2.1884
Haryana,Karnal,Bajra,Kharif,2016,15975.8,16678.7,1044.0,271.9,18.9,220.4,8.0,0.45,0.83,27.8,672.6,62.3,23.2,19152.2,31721.5,3853.4,7492.8,7806.0,105.27,1.044
Andhra Pradesh,Krishna,Rice,Kharif,2017,6960.6,20059.8,2881.9,221.1,11.4,158.1,6.96,0.41,0.34,30.8,1034.4,75.4,31.3,36308.4,58480.9,6835.2,13556.9,15916.3,113.54,2.8819
Andhra Pradesh,Kurnool,Soyabean,Kharif,2015,32056.8,29325.6,914.8,213.0,12.7,197.7,7.14,0.43,0.37,31.4,1229.7,74.7,34.7,21284.3,34858.5,4507.9,7248.1,9528.3,100.0,0.9148
Madhya Pradesh,Sehore,Gram,Rabi,2021,35187.4,31816.4,904.2,264.3,12.4,245.2,7.29,0.48,0.82,21.1,170.0,55.2,14.8,30279.7,49726.5,5795.3,12233.1,12251.3,148.02,0.9042
Maharashtra,Pune,Sugarcane,Whole Year,2023,12993.7,1095780.8,84331.7,271.4,13.8,239.8,6.94,0.39,0.39,27.4,1210.4,64.0,20.1,156412.6,253386.7,35577.6,61506.6,59328.4,166.25,84.3317
Haryana,Sirsa,Cotton,Kharif,2022,4168.0,2138.2,513.0,312.4,19.7,181.4,7.78,0.42,0.77,27.2,730.9,63.2,24.4,61447.9,103910.2,10134.3,25331.8,25981.8,156.76,0.513
West Bengal,Nadia,Wheat,Rabi,2016,36048.8,112555.2,3122.3,230.7,22.2,153.7,6.1,0.66,0.59,21.7,213.2,69.9,14.9,31951.2,54229.7,6719.4,11637.5,13594.3,105.27,3.1223
Uttar Pradesh,Gorakhpur,Jowar,Kharif,2019,16836.5,13607.3,808.2,223.5,13.7,210.2,7.44,0.46,0.79,30.0,981.8,73.4,30.6,26095.9,43638.0,5081.5,8967.4,12047.0,128.37,0.8082
West Bengal,Hooghly,Cotton,Kharif,2021,22526.4,7582.4,336.6,198.5,23.8,160.2,5.86,0.59,0.72,29.9,1813.5,86.5,39.2,57210.6,91581.7,12273.8,23000.6,21936.2,148.02,0.3366
Haryana,Hisar,Maize,Rabi,2023,18153.3,49190.0,2709.7,288.7,15.5,192.4,7.78,0.36,0.79,20.0,72.9,47.9,12.0,38546.1,65013.7,7114.0,12047.0,19385.1,166.25,2.7096999999999998
Haryana,Kurukshetra,Groundnut,Kharif,2018,22377.1,33194.2,1483.4,226.3,12.9,223.9,7.92,0.48,0.67,27.8,595.6,64.2,22.4,40477.1,67274.8,9277.9,12557.4,18641.8,119.72,1.4834
Andhra Pradesh,West Godavari,Jowar,Kharif,2021,38233.0,43914.4,1148.6,201.7,15.9,216.2,7.05,0.52,1.0,30.8,1094.7,75.6,30.3,27720.2,46574.6,6238.2,8773.7,12708.3,148.02,1.1485999999999998
Maharashtra,Pune,Cotton,Kharif,2019,33994.9,15052.9,442.8,280.2,14.6,230.8,7.11,0.45,0.51,30.0,1276.6,72.8,35.0,55279.2,92885.8,10898.9,23076.5,21303.8,128.37,0.4428
Maharashtra,Kolhapur,Cotton,Kharif,2018,28527.8,15173.9,531.9,255.7,18.2,272.8,7.31,0.57,0.28,29.8,1113.1,71.1,32.4,52478.3,85864.7,11974.4,18689.0,21814.9,119.72,0.5318999999999999
Tamil Nadu,Thanjavur,Maize,Rabi,2021,10607.1,35493.5,3346.2,189.1,11.2,210.0,6.68,0.44,0.88,23.0,183.1,64.2,12.1,36821.5,60910.3,7736.8,13804.9,15279.8,148.02,3.3461999999999996
Bihar,Gaya,Maize,Kharif,2020,3842.5,8752.4,2277.8,223.1,17.2,192.5,7.0,0.38,0.61,29.2,1289.4,79.2,36.0,31941.1,53242.0,6395.7,10348.1,15197.3,138.02,2.2778
Karnataka,Davanagere,Gram,Rabi,2019,40215.0,44300.8,1101.6,238.4,15.7,192.4,6.86,0.54,0.49,20.3,139.6,59.0,12.3,23849.6,38488.6,4358.7,8478.2,11012.7,128.37,1.1016
Tamil Nadu,Thanjavur,Rice,Kharif,2018,9557.5,30097.5,3149.1,191.5,15.3,185.8,7.07,0.51,0.75,31.1,1134.4,82.3,32.7,39477.5,66129.5,7206.2,15091.5,17179.8,119.72,3.1491
Andhra Pradesh,Krishna,Groundnut,Rabi,2021,29850.2,28286.0,947.6,190.4,15.4,160.3,7.04,0.37,1.16,22.9,156.4,60.1,11.2,49213.0,82909.2,8573.0,20144.5,20495.5,148.02,0.9476
Uttar Pradesh,Gorakhpur,Jowar,Rabi,2017,9492.5,9866.5,1039.4,265.0,11.7,173.3,7.17,0.38,0.97,20.5,105.7,53.5,12.1,22066.0,36104.9,4447.0,9227.6,8391.4,113.54,1.0394
Bihar,Rohtas,Sugarcane,Whole Year,2021,15737.2,1118329.5,71062.8,240.7,16.6,195.4,6.97,0.41,0.88,26.3,1663.8,69.2,22.9,125889.4,209582.7,23562.1,38268.0,64059.3,148.02,71.06280000000001
Tamil Nadu,Thanjavur,Maize,Rabi,2020,19925.4,37756.6,1894.9,193.4,14.7,230.0,6.95,0.53,0.75,22.7,125.2,64.9,12.6,32065.5,52961.7,5829.8,12449.1,13786.6,138.02,1.8949
Maharashtra,Pune,Gram,Rabi,2015,9151.0,10019.4,1094.9,277.9,15.7,269.2,7.57,0.48,0.56,22.1,150.7,58.3,14.6,24520.5,40432.2,5334.8,7715.1,11470.6,100.0,1.0949
Andhra Pradesh,Krishna,Cotton,Kharif,2016,8384.9,4061.6,484.4,217.6,15.7,180.1,7.18,0.44,0.79,31.3,1175.8,78.2,30.9,42102.2,68533.1,9308.7,14351.9,18441.6,105.27,0.4844
Madhya Pradesh,Ujjain,Wheat,Rabi,2022,22396.5,64060.7,2860.3,246.6,11.9,227.4,7.39,0.47,0.42,21.1,203.7,53.3,14.2,41130.4,67494.7,8458.8,16873.0,15798.6,156.76,2.8603
Uttar Pradesh,Bareilly,Maize,Kharif,2021,2694.3,6100.4,2264.2,237.2,12.7,186.8,7.21,0.32,0.2,29.1,1017.4,73.3,30.7,36739.1,59797.0,6499.5,12775.1,17464.5,148.02,2.2641999999999998
Karnataka,Mysuru,Gram,Rabi,2017,15128.1,14804.4,978.6,227.1,12.4,158.1,6.72,0.61,0.48,20.7,145.0,60.3,10.4,20627.9,33804.8,4474.5,7347.6,8805.8,113.54,0.9786
Uttar Pradesh,Meerut,Groundnut,Rabi,2021,9439.6,14145.2,1498.5,260.1,14.0,171.4,7.21,0.33,0.87,20.5,169.6,55.5,14.0,55190.1,92238.4,10395.1,19454.7,25340.3,148.02,1.4985
Tamil Nadu,Erode,Maize,Rabi,2016,44801.3,128006.3,2857.2,212.3,11.8,179.1,6.93,0.62,1.0,22.6,164.4,65.2,13.2,24529.8,39389.0,4360.9,9112.1,11056.8,105.27,2.8571999999999997
Andhra Pradesh,Guntur,Sugarcane,Whole Year,2015,10382.8,717544.9,69109.0,220.7,14.6,219.2,6.63,0.45,0.4,28.2,1426.5,66.4,22.0,85654.0,139475.0,15498.2,29931.5,40224.3,100.0,69.109
Karnataka,Davanagere,Gram,Rabi,2021,5594.1,5867.7,1048.9,211.8,12.8,203.9,6.51,0.45,1.05,20.8,105.6,59.1,12.5,29835.2,49536.5,6699.2,9792.8,13343.2,148.02,1.0489000000000002
Haryana,Hisar,Soyabean,Kharif,2015,9437.9,11533.1,1222.0,247.4,14.3,200.6,7.72,0.34,1.16,27.9,736.6,62.5,23.1,22650.9,37815.0,5047.1,7157.3,10446.5,100.0,1.222
Bihar,Muzaffarpur,Soyabean,Kharif,2022,2170.6,2590.6,1193.5,186.4,15.9,149.2,7.58,0.36,0.78,29.6,1404.8,79.1,36.7,32598.2,54734.2,7716.0,12202.3,12679.9,156.76,1.1935
Maharashtra,Pune,Wheat,Rabi,2020,14623.5,37740.3,2580.8,253.0,17.5,194.4,7.23,0.41,1.17,21.7,140.9,56.3,13.5,42515.8,68833.5,10128.0,15818.6,16569.2,138.02,2.5808
Maharashtra,Kolhapur,Groundnut,Kharif,2021,11282.1,19471.8,1725.9,259.5,22.0,291.0,7.05,0.55,0.24,29.7,1205.1,72.6,32.4,57326.1,91835.0,10436.6,17535.9,29353.6,148.02,1.7259
Uttar Pradesh,Kanpur Dehat,Maize,Kharif,2023,22180.0,48838.1,2201.9,234.7,16.5,158.5,7.5,0.5,0.95,29.6,1025.5,70.1,31.7,44402.5,71838.9,7836.2,17083.4,19482.9,166.25,2.2019
Uttar Pradesh,Gorakhpur,Maize,Rabi,2023,3674.8,7476.4,2034.5,239.4,16.0,188.7,7.4,0.38,0.75,20.8,166.3,54.8,13.6,44402.5,71838.9,7836.2,17083.4,19482.9,166.25,2.0345
Haryana,Hisar,Groundnut,Rabi,2022,8263.2,9490.3,1148.5,240.1,13.5,231.3,7.99,0.42,0.62,20.2,87.9,49.4,12.6,52655.8,84630.9,10258.9,17029.5,25367.4,156.76,1.1485
Haryana,Sirsa,Wheat,Rabi,2019,530.1,1971.0,3718.2,278.9,18.4,193.6,8.07,0.4,0.28,20.2,83.8,48.8,11.3,36680.0,59436.1,8341.4,11397.9,16940.7,128.37,3.7182
West Bengal,Nadia,Maize,Rabi,2018,18121.6,42710.8,2356.9,201.8,18.1,174.6,5.83,0.6,1.01,21.4,260.0,69.2,14.6,28440.4,46356.4,5013.7,8739.0,14687.7,119.72,2.3569
Bihar,Patna,Rice,Kharif,2017,43313.7,126848.5,2928.6,216.1,14.2,193.6,7.19,0.51,0.87,29.1,1280.8,76.6,35.2,35930.9,60591.6,7855.7,12912.7,15162.5,113.54,2.9286
Tamil Nadu,Erode,Bajra,Kharif,2023,19062.0,28751.2,1508.3,181.7,13.0,231.4,7.25,0.44,0.25,31.2,967.7,79.9,27.7,28389.4,47302.6,6632.1,8767.6,12989.7,166.25,1.5083
Karnataka,Davanagere,Wheat,Rabi,2016,11205.0,40392.9,3604.9,257.5,12.1,200.0,6.57,0.64,0.59,21.7,141.3,58.3,13.5,26191.7,44503.3,4332.1,9035.2,12824.4,105.27,3.6049
Tamil Nadu,Erode,Bajra,Kharif,2021,14011.0,13477.2,961.9,202.6,11.0,232.8,7.27,0.58,0.34,31.4,1075.3,81.2,31.9,26594.8,42713.4,5833.4,9942.0,10819.4,148.02,0.9619
Uttar Pradesh,Bareilly,Groundnut,Rabi,2015,18880.5,36090.1,1911.5,267.3,15.0,182.9,7.81,0.49,0.26,20.3,181.6,55.4,14.5,37557.1,60437.3,7964.6,12870.9,16721.6,100.0,1.9115
Uttar Pradesh,Meerut,Wheat,Rabi,2019,24854.1,72999.0,2937.1,222.6,17.1,176.0,7.65,0.38,0.34,20.4,135.7,54.0,12.6,39937.8,64769.9,9434.3,13011.9,17491.6,128.37,2.9371
Bihar,Muzaffarpur,Sugarcane,Whole Year,2019,4156.5,356257.4,85710.9,213.3,12.0,148.9,7.31,0.38,0.76,25.9,1460.5,69.6,22.7,110517.6,179557.0,19694.7,36984.2,53838.7,128.37,85.7109
Bihar,Muzaffarpur,Maize,Kharif,2019,32505.5,105077.3,3232.6,213.3,12.0,148.9,7.31,0.38,0.76,29.3,1296.5,78.9,35.8,28524.0,45896.2,6074.1,9059.2,13390.7,128.37,3.2325999999999997
Uttar Pradesh,Meerut,Groundnut,Kharif,2018,41734.9,76470.9,1832.3,226.5,17.2,216.9,7.16,0.38,0.8,29.1,1043.3,70.5,32.1,41321.4,69707.1,9334.4,12895.0,19092.0,119.72,1.8323
Tamil Nadu,Salem,Jowar,Rabi,2020,13992.5,18025.1,1288.2,187.8,12.6,262.6,6.56,0.47,0.4,22.2,140.9,64.7,12.0,27568.5,46532.1,5318.7,8734.2,13515.6,138.02,1.2882
Uttar Pradesh,Gorakhpur,Wheat,Rabi,2020,20973.1,65683.6,3131.8,241.1,14.9,178.2,7.26,0.42,0.43,20.7,156.0,52.1,10.3,40803.9,68163.4,8693.1,12786.6,19324.2,138.02,3.1318
Bihar,Rohtas,Maize,Kharif,2021,7058.7,15921.6,2255.6,240.7,16.6,195.4,6.97,0.41,0.88,28.7,1422.2,76.3,36.6,35910.5,60323.0,8589.8,12376.1,14944.6,148.02,2.2556
Punjab,Patiala,Groundnut,Rabi,2020,16856.5,29519.1,1751.2,338.9,23.1,209.9,7.48,0.37,0.13,18.2,103.3,50.6,11.4,48265.2,80811.4,9243.6,20196.3,18825.3,138.02,1.7512
Haryana,Karnal,Sugarcane,Whole Year,2019,5274.9,410529.6,77827.0,240.8,15.3,176.9,7.94,0.32,0.43,25.2,773.4,52.7,14.8,114180.5,193740.5,24427.7,46659.4,43093.4,128.37,77.827
Uttar Pradesh,Bareilly,Gram,Rabi,2015,12711.6,12674.7,997.1,267.3,15.0,182.9,7.81,0.49,0.26,20.3,181.6,55.4,14.5,22518.8,36500.6,5020.1,9188.9,8309.8,100.0,0.9971
West Bengal,Bardhaman,Maize,Rabi,2022,22641.2,56030.2,2474.7,243.8,20.6,174.5,6.22,0.68,1.03,21.6,177.6,69.3,14.1,40399.5,64735.8,8477.8,16516.9,15404.8,156.76,2.4747
Karnataka,Belagavi,Soyabean,Kharif,2021,2291.4,2792.1,1218.5,247.9,11.7,216.0,6.92,0.49,0.96,28.6,852.3,75.6,27.2,30724.0,50985.8,5870.3,9712.6,15141.1,148.02,1.2185
Bihar,Rohtas,Jowar,Kharif,2022,38142.7,56836.4,1490.1,241.3,15.1,154.7,6.94,0.52,0.4,28.9,1140.5,79.3,34.3,28295.0,47432.8,4750.0,9760.7,13784.3,156.76,1.4901
Haryana,Hisar,Jowar,Rabi,2022,33934.9,38746.9,1141.8,240.1,13.5,231.3,7.99,0.42,0.62,20.2,87.9,49.4,12.6,30963.3,51001.0,6569.5,11416.6,12977.2,156.76,1.1418
Tamil Nadu,Salem,Jowar,Kharif,2019,16397.4,14069.0,858.0,208.9,11.9,194.2,7.17,0.43,0.3,30.8,869.2,80.5,28.3,24471.7,40550.9,5655.3,8191.5,10624.9,128.37,0.858
West Bengal,Murshidabad,Cotton,Kharif,2018,6534.1,2866.5,438.7,238.7,24.6,197.7,6.22,0.59,0.72,29.5,1648.7,85.2,39.0,46928.6,77651.2,9052.1,16856.0,21020.5,119.72,0.4387
West Bengal,Bardhaman,Soyabean,Kharif,2019,15803.6,22327.3,1412.8,229.8,19.3,189.0,6.17,0.7,0.3,30.6,1669.8,85.6,39.1,30113.4,50772.6,5902.2,9269.2,14942.0,128.37,1.4128
West Bengal,Murshidabad,Bajra,Kharif,2023,41276.8,51604.3,1250.2,190.6,24.0,203.0,6.16,0.53,0.86,29.7,1884.8,84.4,40.3,30555.0,48990.8,5676.2,12578.6,12300.2,166.25,1.2502
Uttar Pradesh,Meerut,Sugarcane,Whole Year,2015,31675.8,1860950.1,58749.9,272.3,14.8,162.3,7.4,0.49,0.65,25.8,1230.5,61.8,21.0,87336.6,143717.0,15826.0,31362.6,40148.0,100.0,58.749900000000004
Tamil Nadu,Erode,Sugarcane,Whole Year,2016,1746.2,99173.7,56794.0,212.3,11.8,179.1,6.93,0.62,1.0,27.8,1220.6,71.1,20.4,92754.2,153610.4,21854.6,30283.6,40616.0,105.27,56.794
West Bengal,Hooghly,Soyabean,Kharif,2018,1850.2,1688.7,912.7,187.7,23.2,153.5,6.3,0.66,0.71,30.1,1938.1,86.1,39.9,26203.1,43334.3,5210.2,8159.6,12833.3,119.72,0.9127000000000001
Madhya Pradesh,Ujjain,Groundnut,Rabi,2023,20906.8,22915.9,1096.1,313.8,15.6,250.8,7.82,0.54,0.45,21.0,173.2,54.8,14.3,53348.2,86574.1,12775.8,19731.2,20841.2,166.25,1.0960999999999999
Punjab,Ludhiana,Bajra,Kharif,2017,28723.6,31765.4,1105.9,230.7,19.7,193.9,7.59,0.36,1.2,26.6,630.8,63.4,22.9,22810.1,37513.3,4059.3,8560.3,10190.5,113.54,1.1059
West Bengal,Hooghly,Jowar,Kharif,2016,33280.2,34648.0,1041.1,176.6,19.4,170.1,5.66,0.61,0.79,29.6,1549.5,85.7,35.1,20027.0,32729.9,4445.3,7511.6,8070.1,105.27,1.0411
Madhya Pradesh,Hoshangabad,Groundnut,Kharif,2018,6077.8,5973.9,982.9,339.1,16.6,283.4,7.29,0.46,1.16,28.7,1259.8,68.8,33.9,39706.7,66205.3,6813.1,12671.0,20222.6,119.72,0.9829
Tamil Nadu,Erode,Groundnut,Rabi,2020,43858.8,57450.6,1309.9,219.3,10.5,222.3,6.6,0.55,1.15,22.4,166.3,66.0,13.3,45395.0,74386.2,7440.0,14791.0,23164.0,138.02,1.3099
Madhya Pradesh,Sehore,Rice,Kharif,2022,15450.6,40281.3,2607.1,296.7,16.9,257.7,7.27,0.55,0.54,29.3,1068.0,68.0,33.3,47807.5,77396.6,9206.1,19059.3,19542.1,156.76,2.6071
West Bengal,Nadia,Rice,Kharif,2020,3126.4,6762.4,2163.0,196.1,18.8,179.9,6.39,0.65,1.15,29.5,1592.7,87.7,39.0,46347.1,77438.3,10890.4,18350.4,17106.3,138.02,2.163
Punjab,Bathinda,Jowar,Rabi,2018,28935.1,34913.1,1206.6,301.9,19.4,254.9,8.17,0.41,0.87,19.3,101.4,48.1,11.7,25510.8,41994.2,5723.1,8872.4,10915.3,119.72,1.2066
Haryana,Kurukshetra,Groundnut,Rabi,2016,37745.5,45468.2,1204.6,216.8,15.0,173.9,7.93,0.46,0.5,20.0,82.4,47.9,9.0,34080.0,56519.0,6999.4,13420.9,13659.7,105.27,1.2046
Uttar Pradesh,Bareilly,Jowar,Kharif,2018,19171.4,20931.3,1091.8,262.3,13.6,178.8,7.74,0.44,0.92,29.8,1188.5,71.6,32.3,23276.7,39098.0,4784.8,9446.0,9045.9,119.72,1.0917999999999999
Haryana,Karnal,Jowar,Rabi,2022,25368.8,32045.9,1263.2,241.6,14.4,225.0,7.62,0.44,0.32,19.4,103.1,47.5,13.0,30963.3,51001.0,6569.5,11416.6,12977.2,156.76,1.2632
West Bengal,Nadia,Jowar,Kharif,2019,16125.5,18852.3,1169.1,213.1,26.1,154.4,5.75,0.51,0.88,30.2,1849.3,86.2,39.7,24758.2,40859.3,4639.7,7729.3,12389.2,128.37,1.1690999999999998
Maharashtra,Nagpur,Sugarcane,Whole Year,2018,27760.4,1525986.4,54969.9,271.3,14.2,267.0,7.21,0.39,0.63,27.0,1493.7,64.2,21.7,112650.5,181193.2,20357.9,41317.2,50975.4,119.72,54.9699
Haryana,Hisar,Wheat,Rabi,2018,1027.4,3209.1,3123.5,232.7,15.3,205.6,8.22,0.37,0.25,19.4,97.8,44.8,10.3,31805.3,53953.8,7600.6,11959.1,12245.6,119.72,3.1235
West Bengal,Nadia,Bajra,Kharif,2015,26319.4,35618.0,1353.3,212.0,22.7,193.1,5.98,0.64,0.29,30.1,1682.6,86.1,37.2,17818.9,29541.7,4094.6,5852.8,7871.5,100.0,1.3533
Uttar Pradesh,Bareilly,Gram,Rabi,2018,44389.4,38805.2,874.2,262.3,13.6,178.8,7.74,0.44,0.92,20.9,107.9,55.4,12.9,27323.2,45564.3,6306.1,8220.6,12796.5,119.72,0.8742000000000001
Punjab,Patiala,Gram,Rabi,2021,3914.5,5074.4,1296.3,293.1,16.5,270.0,7.92,0.38,0.69,19.4,102.1,48.4,13.4,34259.7,56996.2,5979.7,13492.3,14787.7,148.02,1.2963
West Bengal,Nadia,Jowar,Kharif,2016,42431.9,60295.7,1421.0,230.7,22.2,153.7,6.1,0.66,0.59,30.4,1433.6,85.0,36.0,20027.0,32729.9,4445.3,7511.6,8070.1,105.27,1.421
Haryana,Karnal,Jowar,Rabi,2021,39376.1,38943.0,989.0,232.7,14.9,211.0,8.05,0.35,1.15,19.5,68.9,46.0,10.4,28293.2,47320.3,5358.4,9103.9,13830.9,148.02,0.989
Tamil Nadu,Salem,Wheat,Rabi,2022,38246.2,119366.4,3121.0,190.4,12.3,257.9,6.55,0.45,0.81,23.1,107.7,64.5,12.1,46131.4,78167.0,9167.7,19220.5,17743.2,156.76,3.121
Tamil Nadu,Erode,Maize,Kharif,2020,40302.8,89887.3,2230.3,219.3,10.5,222.3,6.6,0.55,1.15,30.7,1013.1,80.3,28.3,32065.5,52961.7,5829.8,12449.1,13786.6,138.02,2.2303
Andhra Pradesh,West Godavari,Rice,Kharif,2021,36338.6,77604.7,2135.6,201.7,15.9,216.2,7.05,0.52,1.0,30.8,1094.7,75.6,30.3,45255.6,76284.8,10711.0,17172.4,17372.2,148.02,2.1355999999999997
Tamil Nadu,Coimbatore,Groundnut,Kharif,2023,43896.0,55695.2,1268.8,180.4,10.7,226.7,6.6,0.6,1.11,30.6,933.3,79.3,26.8,58645.5,98731.0,11022.3,22592.5,25030.7,166.25,1.2688
Bihar,Muzaffarpur,Soyabean,Kharif,2018,36755.1,49740.7,1353.3,242.1,12.2,192.7,7.65,0.37,0.19,29.8,1042.9,78.4,29.1,24471.9,39536.9,5666.9,10145.4,8659.6,119.72,1.3533
Bihar,Muzaffarpur,Maize,Rabi,2018,23457.1,62370.1,2658.9,242.1,12.2,192.7,7.65,0.37,0.19,20.9,164.1,64.1,11.8,26624.7,45178.6,4960.1,8125.1,13539.5,119.72,2.6589
Andhra Pradesh,West Godavari,Groundnut,Kharif,2021,26437.4,55547.6,2101.1,201.7,15.9,216.2,7.05,0.52,1.0,30.8,1094.7,75.6,30.3,49213.0,82909.2,8573.0,20144.5,20495.5,148.02,2.1010999999999997
Punjab,Ludhiana,Soyabean,Kharif,2022,44796.3,59453.6,1327.2,296.3,19.4,232.6,7.86,0.5,0.23,26.5,583.2,65.5,20.0,36344.3,60765.7,6094.8,12329.5,17920.0,156.76,1.3272
Tamil Nadu,Coimbatore,Jowar,Rabi,2021,4564.6,5838.6,1279.1,191.3,12.3,195.0,7.15,0.53,1.05,23.3,136.2,64.0,14.5,28668.5,46856.6,6704.3,9469.9,12494.3,148.02,1.2791
West Bengal,Hooghly,Groundnut,Kharif,2022,4166.3,3737.2,897.0,205.7,21.1,178.8,6.03,0.54,1.04,30.1,1615.1,84.7,36.9,53539.1,87555.1,12262.6,19191.3,22085.2,156.76,0.897
Uttar Pradesh,Kanpur Dehat,Groundnut,Rabi,2022,8911.4,15952.3,1790.1,246.7,15.7,156.9,7.34,0.38,1.1,20.8,167.8,55.6,13.0,58451.9,95115.4,11239.7,23964.4,23247.8,156.76,1.7900999999999998
Andhra Pradesh,West Godavari,Sugarcane,Whole Year,2023,35882.1,2022135.7,56355.0,223.8,18.2,196.0,6.68,0.42,0.51,28.0,1494.3,67.2,22.3,143135.6,238279.9,30285.5,47148.0,65702.1,166.25,56.355
Tamil Nadu,Coimbatore,Wheat,Rabi,2020,43213.6,155037.4,3587.7,222.6,14.2,212.4,7.24,0.6,0.83,23.2,126.7,68.4,12.1,39008.8,64410.6,8349.2,13485.8,17173.8,138.02,3.5877
Uttar Pradesh,Bareilly,Maize,Rabi,2017,19347.6,45397.2,2346.4,290.4,14.0,186.3,7.88,0.35,0.53,21.5,173.5,51.8,14.4,30597.6,51445.5,6466.9,11081.4,13049.3,113.54,2.3464
Andhra Pradesh,Kurnool,Gram,Rabi,2021,23102.6,25369.0,1098.1,206.2,14.8,227.0,7.07,0.45,0.9,23.0,183.6,59.8,15.6,31517.8,52937.8,6832.7,11587.0,13098.1,148.02,1.0980999999999999
Bihar,Gaya,Jowar,Rabi,2016,9068.2,12010.8,1324.5,211.8,15.2,191.3,7.26,0.36,0.21,20.8,176.3,62.5,14.6,19051.6,31815.5,3379.2,7775.7,7896.7,105.27,1.3245
Uttar Pradesh,Bareilly,Groundnut,Rabi,2020,23872.8,46871.9,1963.4,268.0,15.2,225.4,7.62,0.41,0.83,21.2,148.7,56.8,14.1,49076.2,78948.4,8852.8,15937.8,24285.6,138.02,1.9634
Karnataka,Belagavi,Rice,Kharif,2017,16169.2,37260.3,2304.4,252.6,15.7,210.0,6.22,0.58,0.1,28.2,855.3,76.0,29.2,32065.2,51333.0,7005.6,12735.8,12323.8,113.54,2.3044000000000002
Uttar Pradesh,Bareilly,Groundnut,Rabi,2017,22302.5,28495.9,1277.7,290.4,14.0,186.3,7.88,0.35,0.53,21.5,173.5,51.8,14.4,39065.1,62844.0,9361.3,14859.3,14844.5,113.54,1.2777
Tamil Nadu,Erode,Cotton,Kharif,2019,20287.9,12189.0,600.8,191.9,12.6,197.8,6.65,0.59,0.49,30.9,1110.6,81.9,31.9,47345.7,79009.1,8138.5,18688.4,20518.8,128.37,0.6008
Maharashtra,Kolhapur,Maize,Rabi,2023,930.8,3168.4,3404.0,312.4,15.8,290.5,7.07,0.49,1.06,22.6,160.3,57.8,12.2,42972.4,71330.5,9838.4,17398.9,15735.1,166.25,3.404
Karnataka,Belagavi,Wheat,Rabi,2019,7330.4,29416.9,4013.0,218.7,15.1,232.5,6.26,0.57,0.54,21.1,164.8,59.1,15.5,31205.9,52329.1,6756.5,12626.3,11823.1,128.37,4.013
Haryana,Kurukshetra,Wheat,Rabi,2018,26708.3,69254.6,2593.0,226.3,12.9,223.9,7.92,0.48,0.67,19.1,104.7,46.5,11.2,31805.3,53953.8,7600.6,11959.1,12245.6,119.72,2.593
Haryana,Karnal,Groundnut,Kharif,2018,11512.2,21580.8,1874.6,264.0,18.4,233.1,8.29,0.3,0.44,28.0,532.6,63.5,22.2,40477.1,67274.8,9277.9,12557.4,18641.8,119.72,1.8745999999999998
Madhya Pradesh,Ujjain,Cotton,Kharif,2021,21469.3,11567.7,538.8,269.0,13.1,240.4,7.63,0.42,0.69,28.8,1285.5,70.6,34.5,54508.0,87768.6,11881.9,18972.4,23653.7,148.02,0.5388
Bihar,Muzaffarpur,Maize,Kharif,2017,42912.4,96381.3,2246.0,189.6,15.5,152.5,7.3,0.44,0.95,28.1,1165.0,78.0,33.5,25637.0,42293.3,5198.3,10674.6,9764.1,113.54,2.246
West Bengal,Hooghly,Wheat,Rabi,2019,4158.4,16773.7,4033.7,170.9,18.4,183.9,5.81,0.62,0.32,21.6,180.9,72.9,15.7,37299.9,60254.3,6791.0,11836.4,18672.5,128.37,4.0337
Uttar Pradesh,Bareilly,Gram,Rabi,2022,27618.6,34020.6,1231.8,249.3,16.9,164.3,7.61,0.34,0.66,20.5,116.3,53.9,11.5,33479.1,54506.7,5647.7,11392.6,16438.8,156.76,1.2318
West Bengal,Murshidabad,Bajra,Kharif,2017,19480.3,33069.8,1697.6,239.8,24.6,172.0,5.65,0.53,0.15,30.8,1553.3,85.1,37.5,20097.5,33831.4,3850.9,6778.8,9467.8,113.54,1.6976
Andhra Pradesh,Guntur,Maize,Rabi,2019,35948.8,91514.9,2545.7,219.5,14.4,214.5,6.65,0.46,0.79,23.5,117.9,61.4,10.8,30980.1,49640.5,6270.8,9750.5,14958.8,128.37,2.5456999999999996
Andhra Pradesh,Kurnool,Maize,Kharif,2021,14453.2,37926.6,2624.1,206.2,14.8,227.0,7.07,0.45,0.9,31.6,1070.0,75.2,32.7,35769.0,59574.3,5994.4,10914.6,18860.0,148.02,2.6241
West Bengal,Hooghly,Soyabean,Kharif,2017,39645.4,36025.8,908.7,166.6,17.3,174.6,5.73,0.63,0.56,30.2,1582.5,84.9,36.1,25348.8,40740.5,5147.6,8729.5,11471.7,113.54,0.9087000000000001
Madhya Pradesh,Hoshangabad,Groundnut,Rabi,2020,9023.9,12439.4,1378.5,331.4,13.9,265.0,7.54,0.54,0.84,20.9,167.4,52.3,13.6,44826.9,72685.8,8541.2,17728.4,18557.3,138.02,1.3785
Karnataka,Raichur,Gram,Rabi,2018,6630.5,5707.5,860.8,233.2,13.3,200.8,6.9,0.61,1.19,20.8,134.0,59.3,11.4,23047.4,38477.5,4576.5,7647.2,10823.7,119.72,0.8608
West Bengal,Murshidabad,Maize,Rabi,2023,40586.4,86250.2,2125.1,190.6,24.0,203.0,6.16,0.53,0.86,21.1,232.7,68.6,14.8,41129.3,67295.6,8559.4,13284.5,19285.4,166.25,2.1250999999999998
Karnataka,Mysuru,Wheat,Rabi,2019,2446.4,6225.8,2544.9,235.2,14.7,207.0,6.49,0.62,0.27,20.5,171.2,58.4,14.6,31205.9,52329.1,6756.5,12626.3,11823.1,128.37,2.5449
Tamil Nadu,Thanjavur,Soyabean,Kharif,2022,25980.8,33034.6,1271.5,210.5,14.0,212.9,7.25,0.47,0.66,31.2,1210.3,79.0,34.0,34335.3,57188.6,8075.3,13516.3,12743.7,156.76,1.2715
Tamil Nadu,Salem,Gram,Rabi,2016,6274.6,5396.2,860.0,191.9,14.6,188.0,7.21,0.46,1.17,23.7,140.9,65.4,10.9,22381.9,37946.7,4451.4,9102.1,8828.4,105.27,0.86
Karnataka,Davanagere,Groundnut,Rabi,2016,18430.9,19501.7,1058.1,257.5,12.1,200.0,6.57,0.64,0.59,21.7,141.3,58.3,13.5,34256.0,56559.2,6542.0,10857.1,16856.9,105.27,1.0580999999999998
Tamil Nadu,Coimbatore,Jowar,Kharif,2023,39130.1,45950.5,1174.3,180.4,10.7,226.7,6.6,0.6,1.11,30.6,933.3,79.3,26.8,31997.7,51818.9,5832.4,11169.2,14996.1,166.25,1.1743
Andhra Pradesh,Krishna,Rice,Kharif,2016,34368.3,89825.0,2613.6,217.6,15.7,180.1,7.18,0.44,0.79,31.3,1175.8,78.2,30.9,34713.5,58102.0,6548.7,12922.8,15242.0,105.27,2.6136
Maharashtra,Nashik,Jowar,Kharif,2018,40298.1,51601.7,1280.5,295.5,19.0,229.1,7.07,0.57,1.09,30.0,1154.5,74.7,32.2,25475.6,42447.3,5180.9,9502.5,10792.2,119.72,1.2805
Punjab,Bathinda,Groundnut,Kharif,2021,35268.4,31635.8,897.0,315.9,18.9,245.8,7.42,0.48,0.59,26.9,725.0,65.1,25.3,53146.6,90183.0,9831.6,22178.2,21136.8,148.02,0.897
Karnataka,Davanagere,Jowar,Rabi,2019,18029.8,27949.8,1550.2,238.4,15.7,192.4,6.86,0.54,0.49,20.3,139.6,59.0,12.3,21853.6,36450.8,4312.7,8590.2,8950.7,128.37,1.5502
Andhra Pradesh,Guntur,Bajra,Kharif,2020,39810.0,44814.1,1125.7,198.6,13.6,217.5,6.93,0.48,0.91,30.5,1027.0,78.5,31.3,25600.9,41186.0,5495.5,7852.5,12252.9,138.02,1.1257000000000001
Madhya Pradesh,Ujjain,Soyabean,Kharif,2015,35105.9,31075.7,885.2,294.9,17.7,286.0,7.93,0.42,0.89,29.0,1264.6,68.2,36.2,20762.1,35059.0,3922.9,8539.7,8299.5,100.0,0.8852000000000001
Bihar,Patna,Cotton,Kharif,2016,36375.4,19340.8,531.7,247.2,13.6,177.0,7.62,0.47,0.4,28.3,1264.7,80.5,33.3,38280.7,61504.8,7210.5,11819.6,19250.6,105.27,0.5317000000000001
Madhya Pradesh,Indore,Bajra,Kharif,2018,18782.3,24614.2,1310.5,268.1,12.3,237.0,7.37,0.41,0.98,28.3,1313.7,67.7,36.8,21059.6,34274.1,4253.4,7324.6,9481.6,119.72,1.3105
West Bengal,Hooghly,Cotton,Kharif,2017,801.5,439.1,547.8,166.6,17.3,174.6,5.73,0.63,0.56,30.2,1582.5,84.9,36.1,43272.1,70458.4,8701.9,16370.7,18199.5,113.54,0.5478
Bihar,Rohtas,Maize,Kharif,2018,25883.7,74589.1,2881.7,218.5,14.5,175.1,7.01,0.36,1.18,28.5,1298.3,78.7,35.5,26624.7,45178.6,4960.1,8125.1,13539.5,119.72,2.8817
Maharashtra,Pune,Wheat,Rabi,2022,6909.5,17688.3,2560.0,260.8,14.8,242.2,6.84,0.53,0.44,20.9,196.8,58.5,13.4,49615.1,81486.7,9665.6,19972.7,19976.8,156.76,2.56
Karnataka,Mysuru,Bajra,Kharif,2021,38589.9,53308.1,1381.4,208.1,12.3,159.6,6.48,0.49,0.9,28.5,1147.0,76.7,34.7,24563.5,41682.2,5566.0,8717.5,10280.0,148.02,1.3814000000000002
Punjab,Ludhiana,Sugarcane,Whole Year,2017,10687.9,935145.3,87495.7,230.7,19.7,193.9,7.59,0.36,1.2,23.7,732.3,55.9,15.9,99523.0,167379.8,21487.8,30716.1,47319.1,113.54,87.4957
Haryana,Karnal,Sugarcane,Whole Year,2015,8290.4,603769.1,72827.5,254.2,17.0,233.1,7.57,0.4,0.64,25.2,770.0,53.4,16.5,85032.2,140496.4,18323.6,28824.8,37883.8,100.0,72.8275
Maharashtra,Nagpur,Maize,Kharif,2015,40594.3,101173.2,2492.3,262.2,17.8,243.1,7.13,0.51,0.45,30.4,1132.5,70.9,33.0,27084.4,45389.9,5989.9,8641.6,12452.9,100.0,2.4923
Haryana,Sirsa,Maize,Kharif,2016,30759.2,63428.5,2062.1,239.7,13.9,217.4,8.04,0.43,0.27,28.1,546.9,62.5,22.6,24413.7,39624.8,4416.8,7624.8,12372.1,105.27,2.0621
Maharashtra,Pune,Sugarcane,Whole Year,2016,3949.8,233723.1,59173.4,233.8,14.8,208.7,6.93,0.53,0.16,26.8,1222.1,64.2,19.9,100945.4,166848.8,17629.7,37193.2,46122.5,105.27,59.1734
Karnataka,Raichur,Maize,Rabi,2021,21396.1,51085.3,2387.6,239.0,10.6,158.5,7.0,0.52,0.15,20.9,151.9,61.3,10.7,31427.6,52115.7,6003.3,12534.9,12889.4,148.02,2.3876
Karnataka,Raichur,Maize,Rabi,2017,22590.0,76431.0,3383.4,220.6,12.6,200.8,6.42,0.56,0.31,20.7,171.9,59.7,12.6,23629.6,40055.8,3790.4,8906.5,10932.7,113.54,3.3834
Punjab,Patiala,Sugarcane,Whole Year,2020,9718.5,637763.9,65623.7,338.9,23.1,209.9,7.48,0.37,0.13,23.5,874.3,57.0,16.8,129852.5,208634.7,26465.5,51509.1,51877.9,138.02,65.6237
Madhya Pradesh,Ujjain,Maize,Rabi,2022,32528.4,91385.3,2809.4,246.6,11.9,227.4,7.39,0.47,0.42,21.1,203.7,53.3,14.2,37535.4,61369.5,7352.5,15549.1,14633.8,156.76,2.8094
Karnataka,Raichur,Bajra,Kharif,2019,21209.3,36827.8,1736.4,207.3,15.7,187.2,6.49,0.54,1.11,29.3,912.8,77.7,27.6,21778.6,35174.7,3623.5,7687.0,10468.1,128.37,1.7364000000000002
Karnataka,Mysuru,Jowar,Rabi,2018,38095.2,56125.7,1473.3,232.0,12.8,158.8,6.89,0.51,0.63,20.6,160.2,61.2,13.2,20775.2,34139.0,4290.8,6467.3,10017.1,119.72,1.4733
Uttar Pradesh,Meerut,Wheat,Rabi,2016,2162.7,7886.9,3646.8,246.1,14.2,199.8,7.58,0.46,1.05,20.2,184.0,56.4,12.4,29742.1,49534.7,6229.2,12040.4,11472.5,105.27,3.6468000000000003
Tamil Nadu,Salem,Gram,Rabi,2021,20275.0,20518.3,1012.0,232.3,12.0,199.6,7.05,0.6,0.28,22.7,167.2,64.9,13.2,30184.8,50237.5,7144.1,9229.5,13811.2,148.02,1.012
Karnataka,Mysuru,Maize,Kharif,2021,37113.9,71822.8,1935.2,208.1,12.3,159.6,6.48,0.49,0.9,28.5,1147.0,76.7,34.7,31427.6,52115.7,6003.3,12534.9,12889.4,148.02,1.9352
Karnataka,Davanagere,Soyabean,Kharif,2021,19304.1,26620.4,1379.0,211.8,12.8,203.9,6.51,0.45,1.05,28.7,1102.5,76.1,32.4,30724.0,50985.8,5870.3,9712.6,15141.1,148.02,1.379
Madhya Pradesh,Ujjain,Bajra,Kharif,2019,12923.1,20806.2,1610.0,294.0,14.0,248.0,7.8,0.44,0.43,29.9,1281.0,70.9,36.2,21737.9,35169.9,5064.4,6523.1,10150.4,128.37,1.61
Haryana,Hisar,Sugarcane,Whole Year,2022,15164.6,1039469.6,68545.8,240.1,13.5,231.3,7.99,0.42,0.62,25.2,779.4,54.5,15.8,130000.2,212394.1,30791.2,42020.4,57188.6,156.76,68.5458
Madhya Pradesh,Hoshangabad,Wheat,Rabi,2017,6128.1,16159.8,2637.0,284.1,17.4,264.3,7.63,0.45,0.38,21.2,156.8,56.7,14.3,30647.5,50641.8,7185.0,9429.4,14033.1,113.54,2.637
Tamil Nadu,Salem,Cotton,Kharif,2023,17317.0,7827.3,452.0,236.3,12.6,189.7,6.94,0.44,0.18,31.1,1025.8,79.0,31.5,61550.0,100171.2,13151.7,18846.7,29551.6,166.25,0.452
Tamil Nadu,Coimbatore,Rice,Kharif,2015,21731.2,38712.0,1781.4,203.6,14.3,178.1,7.28,0.61,0.59,30.4,1050.7,80.1,31.8,30450.4,49733.7,5638.2,10821.0,13991.2,100.0,1.7814
Punjab,Ludhiana,Cotton,Kharif,2018,42639.3,15563.3,365.0,284.0,20.3,221.9,7.43,0.42,0.65,26.5,744.0,66.6,26.3,51240.9,83856.5,11719.9,21512.3,18008.7,119.72,0.365
Haryana,Hisar,Soyabean,Kharif,2018,5568.0,7195.0,1292.2,232.7,15.3,205.6,8.22,0.37,0.25,28.3,613.8,62.6,24.2,27594.3,44748.0,4913.0,9517.2,13164.1,119.72,1.2922
Bihar,Gaya,Groundnut,Rabi,2020,650.0,1186.3,1825.1,223.1,17.2,192.5,7.0,0.38,0.61,20.5,214.0,62.6,15.5,44002.7,71160.4,9100.9,16088.4,18813.4,138.02,1.8251
Uttar Pradesh,Gorakhpur,Maize,Kharif,2022,35447.3,86027.1,2426.9,222.2,16.9,176.4,7.63,0.37,0.82,28.8,940.1,71.8,30.1,39335.2,63180.2,6725.6,16199.9,16409.7,156.76,2.4269000000000003
Punjab,Patiala,Cotton,Kharif,2018,6537.1,3233.9,494.7,277.9,21.9,199.8,7.95,0.54,0.13,26.6,749.6,65.4,26.7,51240.9,83856.5,11719.9,21512.3,18008.7,119.72,0.4947
Madhya Pradesh,Indore,Groundnut,Kharif,2021,6176.2,7531.9,1219.5,257.6,13.8,275.0,7.88,0.55,0.9,29.3,1289.6,70.3,34.2,47449.6,75998.2,7636.3,16731.4,23081.9,148.02,1.2195
Madhya Pradesh,Indore,Maize,Kharif,2019,23801.4,66693.9,2802.1,254.0,14.9,254.7,7.88,0.57,0.78,29.1,1232.0,68.1,34.2,30069.1,49872.4,7044.5,9115.2,13909.4,128.37,2.8021
Madhya Pradesh,Hoshangabad,Groundnut,Kharif,2020,2392.0,2777.8,1161.3,331.4,13.9,265.0,7.54,0.54,0.84,29.0,1287.1,70.2,32.9,44826.9,72685.8,8541.2,17728.4,18557.3,138.02,1.1613
Andhra Pradesh,West Godavari,Maize,Rabi,2019,35767.6,88603.5,2477.2,211.2,12.6,187.9,6.7,0.49,1.04,22.2,179.5,60.8,14.4,30980.1,49640.5,6270.8,9750.5,14958.8,128.37,2.4772
Uttar Pradesh,Kanpur Dehat,Maize,Rabi,2020,39565.9,100172.9,2531.8,238.2,16.3,169.4,7.66,0.43,0.19,20.8,169.3,53.2,11.6,35956.7,60204.2,6446.2,11045.6,18464.9,138.02,2.5318
Uttar Pradesh,Meerut,Bajra,Kharif,2018,36469.6,42797.1,1173.5,226.5,17.2,216.9,7.16,0.38,0.8,29.1,1043.3,70.5,32.1,24137.7,40263.4,5003.5,10045.4,9088.8,119.72,1.1735
West Bengal,Nadia,Cotton,Kharif,2015,34140.4,16083.5,471.1,212.0,22.7,193.1,5.98,0.64,0.29,30.1,1682.6,86.1,37.2,40210.6,66272.9,7540.5,13662.1,19008.0,100.0,0.4711
Karnataka,Raichur,Soyabean,Kharif,2015,42106.4,56932.1,1352.1,210.2,15.1,162.9,6.49,0.57,0.63,29.5,1065.0,79.2,31.5,20523.0,34284.7,3504.4,7713.0,9305.6,100.0,1.3520999999999999
Maharashtra,Kolhapur,Gram,Rabi,2017,37489.3,42910.3,1144.6,283.8,19.5,290.9,7.0,0.51,0.34,22.3,158.3,57.0,13.0,27631.5,46446.0,5657.5,11403.3,10570.7,113.54,1.1445999999999998
Maharashtra,Nagpur,Jowar,Rabi,2023,26520.1,38085.5,1436.1,259.2,17.6,226.8,6.86,0.56,0.99,21.3,130.1,58.0,8.8,36822.8,61320.1,6435.5,13718.1,16669.2,166.25,1.4361
Andhra Pradesh,Guntur,Rice,Kharif,2022,23297.8,65711.4,2820.5,216.7,14.0,215.6,6.8,0.37,0.65,31.1,989.4,77.0,28.4,50738.2,85377.5,11265.2,21125.6,18347.4,156.76,2.8205
Karnataka,Belagavi,Groundnut,Rabi,2015,22853.9,29643.8,1297.1,265.7,14.2,237.4,6.58,0.65,0.19,21.3,166.0,60.7,13.6,30803.6,51174.8,7009.6,11447.2,12346.8,100.0,1.2971
Haryana,Kurukshetra,Maize,Rabi,2015,3780.1,11413.3,3019.3,284.8,16.0,213.8,8.09,0.48,0.5,20.0,98.7,47.1,12.2,24099.3,39118.2,5171.6,8635.9,10291.8,100.0,3.0193000000000003
Punjab,Bathinda,Rice,Kharif,2022,3433.1,6763.9,1970.2,294.6,18.4,228.1,7.58,0.36,0.58,27.4,823.4,65.4,27.2,52700.4,86788.6,11983.1,17208.2,23509.1,156.76,1.9702
Bihar,Gaya,Soyabean,Kharif,2015,43193.3,56976.3,1319.1,197.8,12.9,157.4,7.61,0.54,0.39,28.3,1281.3,79.2,33.4,21752.4,35678.5,4586.5,8130.1,9035.8,100.0,1.3191
Madhya Pradesh,Ujjain,Rice,Kharif,2018,10264.0,20252.9,1973.2,247.6,17.5,293.4,7.55,0.51,0.5,28.8,1235.7,70.3,35.3,35789.6,60070.7,6179.4,11114.2,18496.0,119.72,1.9732
Punjab,Amritsar,Maize,Rabi,2015,2737.7,6349.5,2319.3,270.0,17.1,257.9,7.71,0.36,0.2,19.0,114.0,49.9,10.8,26148.7,44308.2,5032.2,9872.0,11244.5,100.0,2.3193
Uttar Pradesh,Bareilly,Maize,Kharif,2019,13395.3,30653.8,2288.4,274.7,17.6,220.4,7.76,0.52,0.65,29.9,1079.9,72.7,33.0,31105.5,51254.1,5750.1,10843.3,14512.1,128.37,2.2884
Maharashtra,Kolhapur,Cotton,Kharif,2023,3592.4,2113.8,588.4,312.4,15.8,290.5,7.07,0.49,1.06,29.7,1123.3,74.3,30.2,73506.8,124782.2,17207.4,24451.1,31848.3,166.25,0.5883999999999999
Uttar Pradesh,Meerut,Wheat,Rabi,2018,1378.5,4830.7,3504.3,226.5,17.2,216.9,7.16,0.38,0.8,20.9,153.9,55.8,13.7,37716.1,60378.1,8959.0,13941.6,14815.5,119.72,3.5043
Uttar Pradesh,Meerut,Groundnut,Kharif,2019,20547.5,37110.8,1806.1,222.6,17.1,176.0,7.65,0.38,0.34,28.7,1035.2,71.9,31.3,44873.3,74695.8,9620.5,15386.3,19866.5,128.37,1.8060999999999998
Bihar,Muzaffarpur,Maize,Rabi,2023,38593.1,109998.1,2850.2,219.0,12.0,148.2,7.3,0.42,0.27,21.1,211.3,62.7,15.3,37976.5,63547.3,6216.5,12648.0,19112.0,166.25,2.8501999999999996
Andhra Pradesh,Kurnool,Wheat,Rabi,2021,24451.7,93134.1,3808.9,206.2,14.8,227.0,7.07,0.45,0.9,23.0,183.6,59.8,15.6,41944.4,70445.8,7719.5,14087.7,20137.2,148.02,3.8089
Andhra Pradesh,Guntur,Soyabean,Kharif,2019,35518.1,52708.9,1484.0,219.5,14.4,214.5,6.65,0.46,0.79,30.4,1039.8,78.8,28.6,27753.4,46966.3,5274.5,11354.0,11124.9,128.37,1.484
Tamil Nadu,Coimbatore,Soyabean,Kharif,2022,4278.8,4196.6,980.8,224.7,13.1,185.2,6.77,0.44,0.47,31.3,1111.2,79.8,33.1,34335.3,57188.6,8075.3,13516.3,12743.7,156.76,0.9808
Andhra Pradesh,Krishna,Rice,Kharif,2020,38629.1,129882.6,3362.3,172.4,12.6,169.0,6.93,0.55,0.79,30.7,1233.4,76.1,34.7,46945.1,76047.1,10257.6,19584.0,17103.5,138.02,3.3623000000000003
Tamil Nadu,Thanjavur,Groundnut,Kharif,2019,29835.7,55974.8,1876.1,203.0,15.3,244.2,6.82,0.51,1.11,31.6,1089.8,79.8,32.6,46101.4,74374.1,8395.3,15295.2,22410.9,128.37,1.8760999999999999
Uttar Pradesh,Gorakhpur,Wheat,Rabi,2019,31042.1,95001.2,3060.4,223.5,13.7,210.2,7.44,0.46,0.79,21.1,161.1,54.0,13.2,39937.8,64769.9,9434.3,13011.9,17491.6,128.37,3.0604
West Bengal,Bardhaman,Groundnut,Kharif,2018,39362.1,49340.4,1253.5,210.7,22.1,197.1,5.62,0.55,0.13,30.1,1722.0,85.1,38.6,42121.8,67556.9,6844.5,17137.7,18139.6,119.72,1.2535
Haryana,Karnal,Soyabean,Kharif,2019,42954.5,49204.4,1145.5,240.8,15.3,176.9,7.94,0.32,0.43,28.0,649.4,62.7,20.7,26867.8,45102.8,4636.4,11088.1,11143.3,128.37,1.1455
Andhra Pradesh,Guntur,Maize,Rabi,2017,15536.1,40302.2,2594.1,251.4,16.8,224.9,6.79,0.54,0.72,23.0,153.4,61.0,13.7,28187.0,45922.2,5120.0,11432.9,11634.1,113.54,2.5941
Punjab,Amritsar,Soyabean,Kharif,2015,31232.1,41076.5,1315.2,270.0,17.1,257.9,7.71,0.36,0.2,26.8,790.8,65.6,26.9,24590.2,41647.1,5624.4,9219.3,9746.5,100.0,1.3152000000000001
Haryana,Kurukshetra,Gram,Rabi,2015,2905.8,3115.9,1072.3,284.8,16.0,213.8,8.09,0.48,0.5,20.0,98.7,47.1,12.2,21636.2,35266.0,4394.5,7846.7,9395.0,100.0,1.0723
Tamil Nadu,Salem,Gram,Rabi,2015,12634.2,10197.1,807.1,201.9,11.7,221.3,7.0,0.61,0.12,23.0,147.8,64.9,11.2,20224.7,34175.5,3542.6,7773.9,8908.2,100.0,0.8071
Madhya Pradesh,Sehore,Jowar,Rabi,2015,39076.1,30678.6,785.1,286.0,12.1,275.6,7.97,0.45,0.3,20.7,222.1,50.1,16.6,18119.6,29334.6,3546.0,6435.9,8137.7,100.0,0.7851
West Bengal,Nadia,Maize,Kharif,2017,14529.5,44203.1,3042.3,197.8,23.5,200.9,6.37,0.56,0.63,29.3,1596.1,87.6,37.5,26748.8,43674.8,5534.2,8288.6,12926.0,113.54,3.0423
Tamil Nadu,Coimbatore,Cotton,Kharif,2021,10951.3,4678.4,427.2,191.3,12.3,195.0,7.15,0.53,1.05,30.8,1133.2,81.1,31.8,54151.3,86671.8,8725.3,19044.3,26381.7,148.02,0.42719999999999997
West Bengal,Nadia,Groundnut,Rabi,2016,43194.6,83274.9,1927.9,230.7,22.2,153.7,6.1,0.66,0.59,21.7,213.2,69.9,14.9,37277.6,60304.8,7168.8,14792.0,15316.8,105.27,1.9279000000000002
Tamil Nadu,Erode,Bajra,Kharif,2019,44161.4,68821.1,1558.4,191.9,12.6,197.8,6.65,0.59,0.49,30.9,1110.6,81.9,31.9,22299.1,36474.5,3845.6,9358.9,9094.6,128.37,1.5584
Maharashtra,Kolhapur,Wheat,Rabi,2019,25926.0,100058.8,3859.4,287.6,18.2,238.3,7.53,0.41,0.39,22.3,136.3,55.9,12.9,38766.8,65814.7,6975.2,15380.1,16411.5,128.37,3.8594
Andhra Pradesh,Guntur,Groundnut,Rabi,2018,13398.0,25828.7,1927.8,262.5,12.8,205.2,6.51,0.5,0.6,23.4,125.3,58.8,11.4,42110.3,68898.3,7658.1,12897.1,21555.1,119.72,1.9278
Bihar,Rohtas,Jowar,Kharif,2020,16813.5,26047.5,1549.2,213.7,16.5,183.0,7.62,0.36,0.11,29.2,1152.5,79.9,30.6,24738.3,40880.8,4121.5,8126.3,12490.5,138.02,1.5492000000000001
Bihar,Rohtas,Groundnut,Rabi,2017,28014.9,40335.9,1439.8,242.8,18.6,207.5,7.38,0.39,0.8,21.1,149.1,62.5,12.1,37883.1,61367.7,6686.7,14053.2,17143.2,113.54,1.4398
West Bengal,Bardhaman,Wheat,Rabi,2020,13980.4,41331.7,2956.4,209.0,24.8,172.6,5.74,0.63,0.97,21.1,241.5,69.5,15.0,37986.5,62497.8,6555.2,14288.1,17143.2,138.02,2.9564
Maharashtra,Nagpur,Jowar,Kharif,2023,35892.0,49739.1,1385.8,259.2,17.6,226.8,6.86,0.56,0.99,29.9,1241.0,74.0,35.0,36822.8,61320.1,6435.5,13718.1,16669.2,166.25,1.3858
Uttar Pradesh,Bareilly,Groundnut,Kharif,2016,18924.8,25660.1,1355.9,266.3,16.9,206.0,7.87,0.5,0.37,28.9,1043.4,70.2,31.6,39000.1,64361.3,7461.5,11975.3,19563.3,105.27,1.3559
Bihar,Rohtas,Maize,Rabi,2015,5517.5,16486.8,2988.1,236.1,15.4,186.2,7.1,0.38,0.89,20.1,187.8,63.7,13.9,24031.4,39260.5,4436.4,8251.6,11343.4,100.0,2.9880999999999998
West Bengal,Bardhaman,Groundnut,Rabi,2018,12889.8,27454.0,2129.9,210.7,22.1,197.1,5.62,0.55,0.13,21.9,261.6,69.3,15.3,42121.8,67556.9,6844.5,17137.7,18139.6,119.72,2.1299
Tamil Nadu,Thanjavur,Sugarcane,Whole Year,2019,31576.2,2266340.7,71773.7,203.0,15.3,244.2,6.82,0.51,1.11,28.4,1248.1,71.8,21.2,110227.6,186695.8,22587.4,34105.4,53534.8,128.37,71.77369999999999
Punjab,Ludhiana,Soyabean,Kharif,2019,7900.8,8850.5,1120.2,234.4,20.9,203.8,7.52,0.51,0.24,26.7,773.7,67.5,25.6,29318.6,47062.1,6548.3,11796.3,10974.0,128.37,1.1202
Andhra Pradesh,West Godavari,Wheat,Rabi,2019,35144.2,98112.1,2791.7,211.2,12.6,187.9,6.7,0.49,1.04,22.2,179.5,60.8,14.4,37795.6,63782.4,6501.0,14339.9,16954.7,128.37,2.7916999999999996
Uttar Pradesh,Meerut,Jowar,Kharif,2016,11073.0,16591.8,1498.4,246.1,14.2,199.8,7.58,0.46,1.05,29.2,1183.8,72.2,34.5,20298.8,33656.1,3251.9,6471.9,10575.0,105.27,1.4984000000000002
Haryana,Hisar,Sugarcane,Whole Year,2021,42722.6,2789550.8,65294.5,226.5,17.3,178.9,8.22,0.45,0.94,24.9,802.9,53.6,16.7,122448.4,203926.2,24604.3,39578.0,58266.1,148.02,65.2945
West Bengal,Hooghly,Groundnut,Kharif,2016,18490.7,27103.7,1465.8,176.6,19.4,170.1,5.66,0.61,0.79,29.6,1549.5,85.7,35.1,37277.6,60304.8,7168.8,14792.0,15316.8,105.27,1.4658
Maharashtra,Kolhapur,Soyabean,Kharif,2018,11586.5,18317.1,1580.9,255.7,18.2,272.8,7.31,0.57,0.28,29.8,1113.1,71.1,32.4,30419.1,49704.2,6567.7,11356.4,12495.0,119.72,1.5809000000000002
Bihar,Muzaffarpur,Wheat,Rabi,2023,1577.2,5243.1,3324.3,219.0,12.0,148.2,7.3,0.42,0.27,21.1,211.3,62.7,15.3,45691.9,76935.8,10534.4,17424.4,17733.1,166.25,3.3243
Maharashtra,Nashik,Soyabean,Kharif,2016,5870.6,5673.9,966.5,285.9,16.3,250.7,6.84,0.54,0.88,30.8,1211.5,73.6,32.8,27055.8,43376.5,6010.4,9043.5,12001.9,105.27,0.9665
Punjab,Ludhiana,Bajra,Kharif,2019,657.8,1058.3,1608.8,234.4,20.9,203.8,7.52,0.51,0.24,26.7,773.7,67.5,25.6,24461.5,41008.0,4742.0,8083.9,11635.6,128.37,1.6088
West Bengal,Nadia,Sugarcane,Whole Year,2019,36894.8,2097421.4,56848.7,213.1,26.1,154.4,5.75,0.51,0.88,27.1,2159.5,78.1,24.3,116045.0,185734.7,24980.8,37372.8,53691.4,128.37,56.848699999999994
Maharashtra,Kolhapur,Maize,Rabi,2016,21504.2,61942.8,2880.5,309.2,20.8,246.1,7.18,0.54,0.38,21.7,142.6,57.7,12.9,29444.5,48555.9,6939.6,10408.6,12096.3,105.27,2.8805
Tamil Nadu,Thanjavur,Jowar,Kharif,2020,12478.6,16922.2,1356.1,193.4,14.7,230.0,6.95,0.53,0.75,31.0,1109.3,80.0,31.0,27568.5,46532.1,5318.7,8734.2,13515.6,138.02,1.3560999999999999
Madhya Pradesh,Indore,Sugarcane,Whole Year,2016,31632.9,2482958.1,78492.9,265.7,15.7,279.7,7.31,0.47,1.13,26.0,1484.4,59.7,22.0,84151.7,134786.3,18536.0,33884.8,31730.9,105.27,78.49289999999999
Andhra Pradesh,Guntur,Wheat,Rabi,2015,22049.1,55764.4,2529.1,220.7,14.6,219.2,6.63,0.45,0.4,23.0,134.7,58.9,13.3,27648.9,44967.5,5046.4,10455.9,12146.6,100.0,2.5291
Bihar,Muzaffarpur,Groundnut,Rabi,2017,22780.4,31676.1,1390.5,189.6,15.5,152.5,7.3,0.44,0.95,21.1,142.7,64.4,12.1,37883.1,61367.7,6686.7,14053.2,17143.2,113.54,1.3905
Andhra Pradesh,Krishna,Soyabean,Kharif,2018,26256.9,26128.2,995.1,200.9,11.5,172.5,6.56,0.38,1.0,30.7,1121.5,76.7,31.7,25899.8,43365.2,4227.1,9425.2,12247.5,119.72,0.9951
Karnataka,Raichur,Groundnut,Kharif,2022,21930.1,40140.9,1830.4,223.0,10.7,211.3,6.62,0.57,1.12,29.5,976.6,75.2,29.7,50662.4,84617.6,11691.1,17766.5,21204.8,156.76,1.8304
Punjab,Amritsar,Maize,Kharif,2020,30721.8,71366.7,2323.0,306.7,21.7,213.6,8.19,0.54,0.75,27.4,795.3,66.3,22.7,34479.1,55854.2,7926.7,11194.7,15357.7,138.02,2.323
West Bengal,Bardhaman,Rice,Kharif,2022,1339.8,2711.6,2023.9,243.8,20.6,174.5,6.22,0.68,1.03,30.1,1575.3,87.7,38.8,54221.6,90974.8,8765.7,17973.8,27482.1,156.76,2.0239000000000003
Bihar,Rohtas,Jowar,Kharif,2018,15860.7,17045.5,1074.7,218.5,14.5,175.1,7.01,0.36,1.18,28.5,1298.3,78.7,35.5,22843.7,37154.5,3813.0,7819.1,11211.6,119.72,1.0747
Uttar Pradesh,Gorakhpur,Groundnut,Rabi,2020,30824.2,37645.6,1221.3,241.1,14.9,178.2,7.26,0.42,0.43,20.7,156.0,52.1,10.3,49076.2,78948.4,8852.8,15937.8,24285.6,138.02,1.2213
Punjab,Patiala,Jowar,Rabi,2015,5625.2,4278.0,760.5,341.1,21.7,238.2,7.6,0.54,0.68,19.5,98.9,47.7,12.4,20684.5,34908.5,4573.5,8090.0,8021.0,100.0,0.7605
Uttar Pradesh,Gorakhpur,Sugarcane,Whole Year,2015,7409.7,592570.0,79972.2,219.9,17.3,160.0,7.87,0.48,0.89,26.1,1107.8,59.9,18.8,87336.6,143717.0,15826.0,31362.6,40148.0,100.0,79.9722
Andhra Pradesh,Kurnool,Jowar,Kharif,2015,11807.6,19715.1,1669.7,213.0,12.7,197.7,7.14,0.43,0.37,31.4,1229.7,74.7,34.7,19480.2,31332.2,3758.4,6626.4,9095.4,100.0,1.6697
Madhya Pradesh,Hoshangabad,Gram,Rabi,2016,13985.5,15288.9,1093.2,321.3,18.9,274.0,7.92,0.42,0.9,20.7,186.0,52.3,13.0,20019.3,32526.5,4591.0,7901.8,7526.5,105.27,1.0932
Uttar Pradesh,Gorakhpur,Jowar,Rabi,2021,9788.8,12525.7,1279.6,230.7,12.5,213.2,7.44,0.36,0.13,21.0,209.3,56.0,12.6,31617.1,52194.0,7051.6,12592.0,11973.5,148.02,1.2795999999999998
Maharashtra,Pune,Jowar,Kharif,2023,19281.7,16597.7,860.8,271.4,13.8,239.8,6.94,0.39,0.39,30.5,998.9,73.0,31.2,36822.8,61320.1,6435.5,13718.1,16669.2,166.25,0.8608
West Bengal,Hooghly,Gram,Rabi,2020,24020.8,22005.5,916.1,207.6,21.5,180.3,6.07,0.52,0.98,21.7,309.5,70.0,13.4,29073.5,47150.6,5877.8,10464.3,12731.4,138.02,0.9161
Maharashtra,Nashik,Rice,Kharif,2022,37948.4,88780.3,2339.5,284.4,14.2,242.7,7.54,0.42,0.79,30.2,1171.4,70.6,35.9,55778.5,90280.7,9601.8,20628.6,25548.1,156.76,2.3395
Bihar,Patna,Maize,Kharif,2021,3494.4,13067.3,3739.5,245.0,15.4,181.8,7.2,0.49,1.02,29.4,1273.8,79.3,33.3,35910.5,60323.0,8589.8,12376.1,14944.6,148.02,3.7395
Maharashtra,Kolhapur,Wheat,Rabi,2017,26487.2,61410.6,2318.5,283.8,19.5,290.9,7.0,0.51,0.34,22.3,158.3,57.0,13.0,36757.7,59946.1,8056.1,14032.6,14669.0,113.54,2.3185
Haryana,Hisar,Rice,Kharif,2022,42560.9,121209.2,2847.9,240.1,13.5,231.3,7.99,0.42,0.62,28.2,668.1,62.9,22.8,48275.2,78304.2,10768.3,20201.7,17305.2,156.76,2.8479
Andhra Pradesh,West Godavari,Groundnut,Kharif,2019,10881.8,11890.5,1092.7,211.2,12.6,187.9,6.7,0.49,1.04,30.9,1264.8,77.4,33.1,45277.3,75767.3,9555.5,15391.2,20330.6,128.37,1.0927
Maharashtra,Nagpur,Rice,Kharif,2015,1381.6,3429.4,2482.2,262.2,17.8,243.1,7.13,0.51,0.45,30.4,1132.5,70.9,33.0,35711.2,60108.0,7294.4,14967.8,13449.0,100.0,2.4821999999999997
Karnataka,Belagavi,Sugarcane,Whole Year,2015,11614.6,861044.9,74134.7,265.7,14.2,237.4,6.58,0.65,0.19,26.2,1213.2,67.7,20.1,80647.0,135176.9,17143.2,27041.3,36462.5,100.0,74.1347
Uttar Pradesh,Gorakhpur,Maize,Kharif,2018,10993.3,27519.5,2503.3,261.5,12.3,174.6,7.19,0.45,0.59,29.0,986.8,70.3,30.4,29155.5,49253.9,6700.8,9912.8,12541.9,119.72,2.5033000000000003
Maharashtra,Nashik,Jowar,Rabi,2019,22284.6,37146.2,1666.9,237.8,15.9,262.4,7.41,0.44,0.59,21.9,206.2,55.9,13.2,27975.1,45728.7,6084.9,8780.1,13110.1,128.37,1.6669
Tamil Nadu,Thanjavur,Maize,Rabi,2017,31447.1,79564.3,2530.1,216.6,12.4,204.7,6.68,0.43,0.13,22.6,150.8,64.6,15.5,25984.9,42622.1,5361.8,9611.9,11011.2,113.54,2.5301
Uttar Pradesh,Bareilly,Groundnut,Rabi,2023,23467.6,32997.8,1406.1,237.3,14.8,208.4,7.43,0.4,0.9,21.3,166.1,54.6,11.0,59561.3,100888.3,12687.4,19718.6,27155.3,166.25,1.4061
Tamil Nadu,Salem,Gram,Rabi,2017,14658.1,10430.7,711.6,217.2,13.4,249.5,7.16,0.5,0.61,23.0,136.8,64.0,12.5,22629.7,37881.3,4449.6,8457.5,9722.6,113.54,0.7116
Maharashtra,Nagpur,Maize,Rabi,2015,42707.5,120409.5,2819.4,262.2,17.8,243.1,7.13,0.51,0.45,22.6,171.5,58.5,15.4,27084.4,45389.9,5989.9,8641.6,12452.9,100.0,2.8194
Tamil Nadu,Salem,Groundnut,Kharif,2015,4512.4,5735.7,1271.1,201.9,11.7,221.3,7.0,0.61,0.12,31.6,962.6,82.1,29.2,35389.7,57165.9,5883.8,12681.6,16824.3,100.0,1.2711
West Bengal,Bardhaman,Cotton,Kharif,2019,5502.3,2970.7,539.9,229.8,19.3,189.0,6.17,0.7,0.3,30.6,1669.8,85.6,39.1,48358.8,78400.2,9951.1,14654.9,23752.8,128.37,0.5398999999999999
Punjab,Patiala,Groundnut,Kharif,2021,30097.3,36736.8,1220.6,293.1,16.5,270.0,7.92,0.38,0.69,26.6,664.4,64.0,24.2,53146.6,90183.0,9831.6,22178.2,21136.8,148.02,1.2206
West Bengal,Hooghly,Jowar,Rabi,2020,11258.0,13959.9,1240.0,207.6,21.5,180.3,6.07,0.52,0.98,21.7,309.5,70.0,13.4,27467.6,45689.4,6406.3,10944.3,10117.0,138.02,1.24
Maharashtra,Kolhapur,Cotton,Kharif,2015,19152.1,10120.0,528.4,275.5,18.6,285.5,7.58,0.43,0.86,30.1,1300.5,75.3,36.6,40886.4,66949.6,7360.9,12765.7,20759.8,100.0,0.5284
Andhra Pradesh,West Godavari,Jowar,Rabi,2023,3381.8,2710.2,801.4,223.8,18.2,196.0,6.68,0.42,0.51,22.8,152.4,59.1,13.4,32943.3,54064.8,6996.3,10543.2,15403.8,166.25,0.8014
Karnataka,Davanagere,Cotton,Kharif,2020,32905.6,12829.9,389.9,224.5,12.0,198.5,6.97,0.57,0.94,29.1,884.6,75.5,27.2,45959.8,74476.2,7706.4,16451.8,21801.6,138.02,0.38989999999999997
Maharashtra,Pune,Rice,Kharif,2021,25953.8,77677.1,2992.9,258.6,17.1,217.4,7.36,0.52,1.1,29.7,1074.8,74.9,31.6,52872.5,88086.5,10418.9,19394.4,23059.2,148.02,2.9929
Tamil Nadu,Erode,Maize,Rabi,2019,32808.4,76000.7,2316.5,191.9,12.6,197.8,6.65,0.59,0.49,22.9,152.7,63.0,11.4,31655.2,53767.2,5584.7,9841.9,16228.6,128.37,2.3165
Haryana,Karnal,Soyabean,Kharif,2016,4359.8,5346.9,1226.4,271.9,18.9,220.4,8.0,0.45,0.83,27.8,672.6,62.3,23.2,22806.5,36742.5,4623.6,7587.2,10595.7,105.27,1.2264000000000002
Madhya Pradesh,Hoshangabad,Sugarcane,Whole Year,2019,39585.1,2082833.4,52616.6,278.4,15.9,289.7,7.61,0.51,1.17,26.2,1343.3,58.4,20.3,108615.8,179577.9,21811.2,33487.0,53317.6,128.37,52.6166
Haryana,Sirsa,Jowar,Kharif,2023,26037.8,36002.5,1382.7,297.4,18.5,192.6,8.24,0.41,1.07,28.2,703.1,62.0,23.2,32532.6,54313.7,7659.5,11783.1,13090.0,166.25,1.3827
Haryana,Hisar,Jowar,Rabi,2021,24812.7,34583.9,1393.8,226.5,17.3,178.9,8.22,0.45,0.94,20.1,86.8,44.4,12.1,28293.2,47320.3,5358.4,9103.9,13830.9,148.02,1.3938
Bihar,Rohtas,Cotton,Kharif,2016,16596.7,6346.6,382.4,230.6,13.0,179.1,7.16,0.35,0.12,29.0,1338.8,80.1,37.7,38280.7,61504.8,7210.5,11819.6,19250.6,105.27,0.38239999999999996
West Bengal,Bardhaman,Gram,Rabi,2016,1641.0,1461.1,890.4,192.7,22.7,168.2,6.27,0.53,1.09,21.5,265.6,69.1,16.7,23236.4,37535.9,5208.2,8737.9,9290.3,105.27,0.8904
Karnataka,Mysuru,Sugarcane,Whole Year,2017,6914.2,609082.2,88091.5,227.1,12.4,158.1,6.72,0.61,0.48,25.8,1142.5,66.7,19.2,84683.3,136962.4,17220.1,32429.4,35033.8,113.54,88.0915
Bihar,Gaya,Maize,Kharif,2023,27329.3,84250.8,3082.8,220.1,14.0,187.5,7.21,0.51,0.93,29.1,1253.1,80.6,34.8,37976.5,63547.3,6216.5,12648.0,19112.0,166.25,3.0828
Tamil Nadu,Salem,Soyabean,Kharif,2019,43216.1,63285.7,1464.4,208.9,11.9,194.2,7.17,0.43,0.3,30.8,869.2,80.5,28.3,28782.6,47418.9,5739.2,10591.7,12451.7,128.37,1.4644000000000001
Andhra Pradesh,West Godavari,Sugarcane,Whole Year,2021,1927.8,154682.6,80237.9,201.7,15.9,216.2,7.05,0.52,1.0,27.8,1251.0,66.1,20.4,120458.2,196375.5,26405.8,50001.4,44051.0,148.02,80.2379
Haryana,Karnal,Bajra,Kharif,2023,4989.9,4639.1,929.7,262.7,14.5,192.9,8.25,0.39,0.58,27.8,725.8,64.8,24.5,30207.1,51170.7,4956.4,10862.7,14388.0,166.25,0.9297000000000001
Maharashtra,Nagpur,Gram,Rabi,2017,8507.2,9226.9,1084.6,273.4,16.4,238.8,7.47,0.48,0.58,21.5,170.7,56.7,12.3,27631.5,46446.0,5657.5,11403.3,10570.7,113.54,1.0846
Madhya Pradesh,Ujjain,Jowar,Kharif,2022,3646.1,5154.1,1413.6,246.6,11.9,227.4,7.39,0.47,0.42,29.4,1109.2,68.0,31.5,29520.6,47464.8,5888.8,9234.3,14397.5,156.76,1.4136
Maharashtra,Pune,Jowar,Kharif,2019,43208.5,56266.1,1302.2,280.2,14.6,230.8,7.11,0.45,0.51,30.0,1276.6,72.8,35.0,27975.1,45728.7,6084.9,8780.1,13110.1,128.37,1.3022
Karnataka,Mysuru,Bajra,Kharif,2019,23475.4,36992.5,1575.8,235.2,14.7,207.0,6.49,0.62,0.27,28.4,839.1,73.0,24.5,21778.6,35174.7,3623.5,7687.0,10468.1,128.37,1.5757999999999999
Andhra Pradesh,Guntur,Sugarcane,Whole Year,2023,815.3,45664.3,56009.2,261.1,18.0,218.6,6.96,0.43,0.18,27.7,1234.5,68.5,19.5,143135.6,238279.9,30285.5,47148.0,65702.1,166.25,56.0092
West Bengal,Hooghly,Maize,Kharif,2018,40042.9,143994.3,3596.0,187.7,23.2,153.5,6.3,0.66,0.71,30.1,1938.1,86.1,39.9,28440.4,46356.4,5013.7,8739.0,14687.7,119.72,3.596
Bihar,Rohtas,Rice,Kharif,2021,40650.6,80045.1,1969.1,240.7,16.6,195.4,6.97,0.41,0.88,28.7,1422.2,76.3,36.6,44915.8,74838.7,8305.3,16424.7,20185.8,148.02,1.9690999999999999
Haryana,Hisar,Jowar,Rabi,2023,16011.7,22334.7,1394.9,288.7,15.5,192.4,7.78,0.36,0.79,20.0,72.9,47.9,12.0,32532.6,54313.7,7659.5,11783.1,13090.0,166.25,1.3949
Haryana,Sirsa,Maize,Rabi,2015,18821.1,60731.9,3226.8,240.7,14.1,218.7,8.04,0.34,0.4,19.8,87.0,48.8,10.9,24099.3,39118.2,5171.6,8635.9,10291.8,100.0,3.2268000000000003
Haryana,Kurukshetra,Gram,Rabi,2022,18451.0,22323.9,1209.9,265.4,17.2,228.3,7.8,0.38,0.1,20.0,94.1,47.6,11.1,34137.8,54958.5,7272.6,12302.1,14563.1,156.76,1.2099000000000002
Tamil Nadu,Thanjavur,Maize,Kharif,2019,27117.6,68870.6,2539.7,203.0,15.3,244.2,6.82,0.51,1.11,31.6,1089.8,79.8,32.6,31655.2,53767.2,5584.7,9841.9,16228.6,128.37,2.5397
Bihar,Muzaffarpur,Maize,Kharif,2015,34211.4,109497.0,3200.6,233.6,15.7,176.2,7.24,0.37,0.67,29.2,1540.0,80.6,38.9,24031.4,39260.5,4436.4,8251.6,11343.4,100.0,3.2006
Uttar Pradesh,Gorakhpur,Maize,Rabi,2018,9353.6,27116.1,2899.0,261.5,12.3,174.6,7.19,0.45,0.59,20.9,106.1,51.8,13.4,29155.5,49253.9,6700.8,9912.8,12541.9,119.72,2.899
Maharashtra,Nagpur,Sugarcane,Whole Year,2017,14985.9,1025705.4,68444.7,273.4,16.4,238.8,7.47,0.48,0.58,26.8,1281.3,63.9,19.8,110131.3,180193.2,23908.2,44911.4,41311.7,113.54,68.4447
Bihar,Muzaffarpur,Jowar,Kharif,2017,35121.8,36568.8,1041.2,189.6,15.5,152.5,7.3,0.44,0.95,28.1,1165.0,78.0,33.5,20755.0,33313.1,4624.4,8408.8,7721.8,113.54,1.0412000000000001
Tamil Nadu,Thanjavur,Maize,Rabi,2016,33337.6,81387.1,2441.3,213.5,10.4,223.0,6.59,0.48,0.14,22.8,101.8,63.5,13.2,24529.8,39389.0,4360.9,9112.1,11056.8,105.27,2.4413
Haryana,Sirsa,Rice,Kharif,2021,33106.2,90161.4,2723.4,309.6,17.7,248.2,8.28,0.38,1.14,28.2,760.9,62.5,27.6,45922.0,77016.1,9586.9,17451.6,18883.5,148.02,2.7234000000000003
Tamil Nadu,Thanjavur,Cotton,Kharif,2021,35219.3,15626.8,443.7,189.1,11.2,210.0,6.68,0.44,0.88,30.7,1033.0,81.2,31.8,54151.3,86671.8,8725.3,19044.3,26381.7,148.02,0.4437
Haryana,Karnal,Jowar,Kharif,2023,19026.4,16514.9,868.0,262.7,14.5,192.9,8.25,0.39,0.58,27.8,725.8,64.8,24.5,32532.6,54313.7,7659.5,11783.1,13090.0,166.25,0.868
Haryana,Sirsa,Jowar,Kharif,2020,36667.2,25960.4,708.0,305.3,19.8,248.0,8.04,0.34,0.96,28.1,541.9,64.8,21.4,25502.8,42561.5,4823.6,7872.1,12807.1,138.02,0.708
Punjab,Ludhiana,Maize,Kharif,2017,12414.5,31223.7,2515.1,230.7,19.7,193.9,7.59,0.36,1.2,26.6,630.8,63.4,22.9,30174.8,50383.1,5903.3,11395.6,12875.9,113.54,2.5151
Punjab,Patiala,Soyabean,Kharif,2022,3770.3,3613.8,958.5,282.2,19.6,216.9,7.53,0.39,0.52,27.0,740.1,67.0,24.0,36344.3,60765.7,6094.8,12329.5,17920.0,156.76,0.9585
Punjab,Bathinda,Groundnut,Rabi,2021,38125.7,47134.8,1236.3,315.9,18.9,245.8,7.42,0.48,0.59,18.4,123.8,51.7,10.5,53146.6,90183.0,9831.6,22178.2,21136.8,148.02,1.2363
Punjab,Bathinda,Bajra,Kharif,2022,29084.1,38713.8,1331.1,294.6,18.4,228.1,7.58,0.36,0.58,27.4,823.4,65.4,27.2,31868.3,51530.7,7580.2,10668.7,13619.4,156.76,1.3311
Punjab,Bathinda,Groundnut,Rabi,2016,11607.7,13362.8,1151.2,271.3,21.0,221.0,7.43,0.43,0.44,18.7,117.8,49.5,14.7,40714.8,68313.5,8200.5,15463.9,17050.4,105.27,1.1512
Uttar Pradesh,Meerut,Jowar,Kharif,2015,33407.4,51614.4,1545.0,272.3,14.8,162.3,7.4,0.49,0.65,28.5,1092.6,72.5,33.6,20844.3,35245.2,3410.3,6626.7,10807.3,100.0,1.545
West Bengal,Hooghly,Gram,Rabi,2021,3023.7,3199.4,1058.1,198.5,23.8,160.2,5.86,0.59,0.72,22.4,230.0,68.8,12.7,30549.8,50421.0,7053.1,10732.5,12764.2,148.02,1.0580999999999998
Punjab,Patiala,Jowar,Kharif,2017,27170.0,20268.8,746.0,306.9,19.0,246.5,8.08,0.41,0.69,27.0,633.5,65.7,21.3,23638.9,38470.8,5639.5,9628.4,8371.0,113.54,0.746
Uttar Pradesh,Kanpur Dehat,Jowar,Kharif,2022,27087.5,44485.8,1642.3,246.7,15.7,156.9,7.34,0.38,1.1,29.0,973.0,69.8,30.0,30149.7,51006.6,6224.4,12374.8,11550.5,156.76,1.6422999999999999
Maharashtra,Nashik,Jowar,Rabi,2018,22697.8,24813.2,1093.2,295.5,19.0,229.1,7.07,0.57,1.09,22.0,140.7,55.4,13.2,25475.6,42447.3,5180.9,9502.5,10792.2,119.72,1.0932
Haryana,Kurukshetra,Rice,Kharif,2022,17124.8,50677.4,2959.3,265.4,17.2,228.3,7.8,0.38,0.1,28.1,647.8,64.4,20.5,48275.2,78304.2,10768.3,20201.7,17305.2,156.76,2.9593000000000003
Tamil Nadu,Salem,Rice,Kharif,2016,23907.1,40092.2,1677.0,191.9,14.6,188.0,7.21,0.46,1.17,30.7,1047.6,81.0,31.0,35156.4,56537.0,6387.1,13931.5,14837.8,105.27,1.677
Maharashtra,Nashik,Gram,Rabi,2016,42856.1,43293.2,1010.2,285.9,16.3,250.7,6.84,0.54,0.88,22.0,168.4,56.7,15.2,23522.7,39923.7,5061.5,7159.3,11301.9,105.27,1.0102
Punjab,Patiala,Groundnut,Kharif,2018,38449.3,66159.7,1720.7,277.9,21.9,199.8,7.95,0.54,0.13,26.6,749.6,65.4,26.7,42079.2,68204.1,7542.6,13636.5,20900.1,119.72,1.7207000000000001
Tamil Nadu,Erode,Soyabean,Kharif,2015,20939.8,34691.0,1656.7,220.7,9.4,198.3,7.16,0.46,0.53,30.6,1025.4,82.1,29.5,22725.8,36771.8,3839.7,7951.0,10935.1,100.0,1.6567
Bihar,Muzaffarpur,Soyabean,Kharif,2023,11127.4,15476.0,1390.8,219.0,12.0,148.2,7.3,0.42,0.27,29.6,1279.2,77.6,34.6,34145.0,55726.4,7666.1,14154.6,12324.3,166.25,1.3908
Punjab,Ludhiana,Jowar,Kharif,2023,10398.3,14583.6,1402.5,263.1,20.0,191.6,8.14,0.53,0.55,26.6,719.0,64.3,26.3,34818.1,56311.5,7505.4,13749.5,13563.2,166.25,1.4025
Haryana,Sirsa,Maize,Kharif,2017,44472.9,103421.7,2325.5,243.4,20.7,220.7,7.83,0.44,0.9,28.6,683.0,62.9,24.6,26823.9,44754.5,4471.9,9636.3,12715.7,113.54,2.3255
Punjab,Bathinda,Cotton,Kharif,2023,27054.9,9398.9,347.4,270.8,21.0,261.6,7.98,0.44,0.36,26.4,840.3,67.0,25.7,66995.5,110647.6,16034.8,25325.2,25635.5,166.25,0.3474
Karnataka,Raichur,Wheat,Rabi,2022,37546.7,98053.2,2611.5,223.0,10.7,211.3,6.62,0.57,1.12,21.4,132.2,61.3,13.4,38381.2,63303.9,7054.9,14275.2,17051.1,156.76,2.6115
Tamil Nadu,Thanjavur,Jowar,Kharif,2023,39670.1,40542.8,1022.0,210.6,14.2,193.1,6.94,0.51,0.79,31.0,1117.6,81.0,32.3,31997.7,51818.9,5832.4,11169.2,14996.1,166.25,1.022
West Bengal,Murshidabad,Bajra,Kharif,2015,14802.5,23635.2,1596.7,226.4,18.8,185.1,6.29,0.62,1.14,30.4,1503.5,87.4,37.5,17818.9,29541.7,4094.6,5852.8,7871.5,100.0,1.5967
Maharashtra,Kolhapur,Sugarcane,Whole Year,2021,26643.4,1906615.0,71560.5,259.5,22.0,291.0,7.05,0.55,0.24,27.1,1409.4,62.1,20.8,139071.4,231644.5,26630.8,48708.4,63732.2,148.02,71.5605
Bihar,Muzaffarpur,Soyabean,Kharif,2020,8441.2,12502.3,1481.1,196.7,16.2,178.0,6.96,0.48,1.11,29.7,1189.6,80.2,33.0,30079.7,50182.8,7051.0,10387.0,12641.7,138.02,1.4810999999999999
Bihar,Gaya,Jowar,Rabi,2022,19716.1,28178.3,1429.2,227.7,11.8,143.3,6.94,0.46,0.12,20.5,153.7,62.6,12.6,28295.0,47432.8,4750.0,9760.7,13784.3,156.76,1.4292
Uttar Pradesh,Meerut,Wheat,Rabi,2015,26741.3,70185.2,2624.6,272.3,14.8,162.3,7.4,0.49,0.65,20.9,116.4,54.9,12.2,28885.9,46382.6,5435.1,11833.0,11617.8,100.0,2.6246
Madhya Pradesh,Ujjain,Sugarcane,Whole Year,2016,10315.5,780836.9,75695.5,283.8,17.2,224.4,7.64,0.42,0.98,26.3,1479.6,58.0,21.6,84151.7,134786.3,18536.0,33884.8,31730.9,105.27,75.6955
Maharashtra,Nagpur,Maize,Rabi,2021,821.6,2589.8,3152.1,277.7,15.6,210.6,7.37,0.47,0.86,21.8,176.4,54.5,14.5,41350.2,70092.8,9373.8,13066.6,18909.8,148.02,3.1521
Bihar,Rohtas,Groundnut,Rabi,2023,10333.3,13443.6,1301.0,204.6,14.9,167.6,7.33,0.35,0.69,20.4,171.4,61.2,14.0,52305.9,84735.8,11782.7,21155.3,19367.9,166.25,1.301
West Bengal,Nadia,Sugarcane,Whole Year,2022,22731.9,1793446.9,78895.6,201.7,23.7,179.7,5.93,0.53,0.29,26.9,1697.5,76.3,24.0,144971.8,232336.8,28956.4,57346.8,58668.6,156.76,78.8956
Haryana,Sirsa,Rice,Kharif,2023,19619.1,37725.6,1922.9,297.4,18.5,192.6,8.24,0.41,1.07,28.2,703.1,62.0,23.2,52933.7,87161.5,10540.1,16577.7,25815.9,166.25,1.9229
Karnataka,Belagavi,Jowar,Rabi,2019,39226.4,55148.4,1405.9,218.7,15.1,232.5,6.26,0.57,0.54,21.1,164.8,59.1,15.5,21853.6,36450.8,4312.7,8590.2,8950.7,128.37,1.4059000000000001
Maharashtra,Nagpur,Soyabean,Kharif,2015,13910.0,18828.6,1353.6,262.2,17.8,243.1,7.13,0.51,0.45,30.4,1132.5,70.9,33.0,24473.1,40170.2,5007.8,9249.1,10216.2,100.0,1.3536
Bihar,Patna,Jowar,Rabi,2016,2304.2,3462.8,1502.8,247.2,13.6,177.0,7.62,0.47,0.4,21.3,169.8,62.8,14.6,19051.6,31815.5,3379.2,7775.7,7896.7,105.27,1.5028
Maharashtra,Nagpur,Jowar,Kharif,2021,2012.7,1942.3,965.0,277.7,15.6,210.6,7.37,0.47,0.86,29.7,1106.1,73.9,32.4,31164.8,50529.7,6456.6,12052.9,12655.3,148.02,0.965
West Bengal,Nadia,Gram,Rabi,2020,28100.3,27965.4,995.2,196.1,18.8,179.9,6.39,0.65,1.15,21.8,182.8,69.9,14.4,29073.5,47150.6,5877.8,10464.3,12731.4,138.02,0.9952000000000001
West Bengal,Hooghly,Jowar,Rabi,2023,9864.2,10318.9,1046.1,206.4,16.9,157.0,6.28,0.62,0.23,21.3,275.0,71.3,15.2,33957.2,55993.4,7526.2,10884.8,15546.2,166.25,1.0460999999999998
Madhya Pradesh,Ujjain,Gram,Rabi,2015,30770.1,23080.7,750.1,294.9,17.7,286.0,7.93,0.42,0.89,20.6,148.9,52.7,11.4,19158.0,31759.5,3433.1,7268.5,8456.4,100.0,0.7501
Maharashtra,Pune,Soyabean,Kharif,2015,9225.9,12912.6,1399.6,277.9,15.7,269.2,7.57,0.48,0.56,29.5,975.8,71.2,29.9,24473.1,40170.2,5007.8,9249.1,10216.2,100.0,1.3996
Andhra Pradesh,West Godavari,Soyabean,Kharif,2016,26557.6,36915.1,1390.0,242.0,16.3,239.6,6.43,0.52,0.14,30.9,905.8,77.9,27.3,23416.5,38200.6,5583.9,7085.5,10747.1,105.27,1.39
Punjab,Ludhiana,Jowar,Kharif,2015,7090.2,5928.8,836.2,280.1,18.5,211.9,7.57,0.51,0.99,27.0,577.0,65.4,21.1,20684.5,34908.5,4573.5,8090.0,8021.0,100.0,0.8362
Karnataka,Belagavi,Jowar,Kharif,2018,8974.3,13234.4,1474.7,225.6,11.5,221.3,6.33,0.59,0.18,29.1,1078.6,75.5,32.1,20775.2,34139.0,4290.8,6467.3,10017.1,119.72,1.4747000000000001
Madhya Pradesh,Hoshangabad,Maize,Kharif,2017,40557.8,88501.2,2182.1,284.1,17.4,264.3,7.63,0.45,0.38,29.0,1257.2,72.0,35.3,24678.6,41493.4,5222.3,7647.1,11809.2,113.54,2.1820999999999997
Tamil Nadu,Erode,Bajra,Kharif,2016,5079.8,5957.6,1172.8,212.3,11.8,179.1,6.93,0.62,1.0,31.0,1006.2,79.9,30.7,18553.7,31049.3,3745.0,5808.2,9000.5,105.27,1.1728
Madhya Pradesh,Sehore,Sugarcane,Whole Year,2019,4516.1,327053.7,72419.5,252.2,12.8,231.9,7.67,0.53,0.59,26.1,1326.9,60.1,20.2,108615.8,179577.9,21811.2,33487.0,53317.6,128.37,72.4195
Andhra Pradesh,Guntur,Rice,Kharif,2021,9140.1,21550.5,2357.8,227.4,18.3,235.4,6.8,0.47,0.99,30.5,1019.9,78.7,32.2,45255.6,76284.8,10711.0,17172.4,17372.2,148.02,2.3578
Andhra Pradesh,West Godavari,Maize,Kharif,2022,3387.3,9198.6,2715.6,201.4,16.6,238.7,6.93,0.55,0.19,31.1,1210.9,78.9,33.9,39871.1,65185.1,7483.4,14320.8,18066.9,156.76,2.7156
Tamil Nadu,Erode,Sugarcane,Whole Year,2017,12044.2,956561.2,79420.9,222.2,9.0,169.8,6.9,0.42,1.16,28.4,1242.7,70.9,18.3,98233.7,165994.2,19108.9,37632.9,41491.9,113.54,79.42089999999999
Madhya Pradesh,Sehore,Maize,Rabi,2020,18611.8,48050.1,2581.7,283.9,18.0,245.8,7.74,0.44,0.67,20.3,133.9,51.3,13.5,32812.1,54433.0,6583.3,12591.1,13637.7,138.02,2.5816999999999997
Tamil Nadu,Coimbatore,Jowar,Rabi,2016,3947.7,3758.6,952.1,175.8,11.8,238.6,6.5,0.57,0.96,22.1,169.4,66.4,15.2,19483.5,32423.3,4340.8,6758.4,8384.3,105.27,0.9521000000000001
Karnataka,Mysuru,Jowar,Kharif,2021,4470.7,4398.7,983.9,208.1,12.3,159.6,6.48,0.49,0.9,28.5,1147.0,76.7,34.7,24828.3,40014.9,4635.9,10044.0,10148.4,148.02,0.9839
Karnataka,Raichur,Groundnut,Kharif,2021,10279.4,19268.7,1874.5,239.0,10.6,158.5,7.0,0.52,0.15,28.9,848.0,76.6,27.6,46545.1,75934.0,7737.2,14792.1,24015.8,148.02,1.8745
Maharashtra,Pune,Maize,Rabi,2015,18600.2,39895.6,2144.9,277.9,15.7,269.2,7.57,0.48,0.56,22.1,150.7,58.3,14.6,27084.4,45389.9,5989.9,8641.6,12452.9,100.0,2.1449000000000003
Madhya Pradesh,Ujjain,Wheat,Rabi,2016,31456.6,89122.8,2833.2,283.8,17.2,224.4,7.64,0.42,0.98,21.8,117.1,52.2,12.0,27521.2,46287.0,6342.3,8414.1,12764.8,105.27,2.8331999999999997
West Bengal,Hooghly,Soyabean,Kharif,2015,10217.6,12458.3,1219.3,168.8,19.5,158.1,6.39,0.63,1.11,30.0,1605.5,87.2,38.6,22050.1,37060.8,4205.1,7704.1,10140.9,100.0,1.2193
Punjab,Bathinda,Jowar,Rabi,2023,6319.1,6861.9,1085.9,270.8,21.0,261.6,7.98,0.44,0.36,19.4,95.1,49.1,12.3,34818.1,56311.5,7505.4,13749.5,13563.2,166.25,1.0859
West Bengal,Hooghly,Sugarcane,Whole Year,2022,1730.6,140874.1,81401.9,205.7,21.1,178.8,6.03,0.54,1.04,26.8,1882.2,75.9,24.4,144971.8,232336.8,28956.4,57346.8,58668.6,156.76,81.4019
Madhya Pradesh,Sehore,Jowar,Rabi,2020,30622.4,39600.9,1293.2,283.9,18.0,245.8,7.74,0.44,0.67,20.3,133.9,51.3,13.5,24919.8,41318.9,5162.8,10255.5,9501.5,138.02,1.2932000000000001
Tamil Nadu,Salem,Rice,Kharif,2021,28324.5,94490.5,3336.0,232.3,12.0,199.6,7.05,0.6,0.28,31.2,1210.0,82.2,36.4,48300.5,79893.4,10705.5,18847.5,18747.5,148.02,3.336
Bihar,Rohtas,Maize,Rabi,2017,6599.2,23766.4,3601.4,242.8,18.6,207.5,7.38,0.39,0.8,21.1,149.1,62.5,12.1,25637.0,42293.3,5198.3,10674.6,9764.1,113.54,3.6014
Haryana,Kurukshetra,Cotton,Kharif,2023,10567.8,3937.6,372.6,260.0,16.2,200.5,8.3,0.34,0.35,28.4,612.7,64.1,23.7,63100.8,104675.2,12870.0,24219.2,26011.6,166.25,0.37260000000000004
Madhya Pradesh,Hoshangabad,Gram,Rabi,2018,22191.7,17309.5,780.0,339.1,16.6,283.4,7.29,0.46,1.16,20.8,125.8,53.0,13.5,23634.7,38668.4,5539.2,9876.7,8218.8,119.72,0.78
Bihar,Gaya,Wheat,Rabi,2018,665.6,2266.4,3405.1,221.7,14.3,179.1,7.36,0.42,0.18,21.2,204.3,60.4,12.9,31016.0,51912.4,5103.2,11562.9,14349.9,119.72,3.4051
Haryana,Kurukshetra,Cotton,Kharif,2018,1645.2,609.2,370.3,226.3,12.9,223.9,7.92,0.48,0.67,27.8,595.6,64.2,22.4,43869.5,71599.3,8333.3,13265.5,22270.7,119.72,0.3703
Maharashtra,Pune,Bajra,Kharif,2015,20165.4,23775.0,1179.0,277.9,15.7,269.2,7.57,0.48,0.56,29.5,975.8,71.2,29.9,19724.3,32102.4,4226.2,7755.2,7742.9,100.0,1.179
Uttar Pradesh,Meerut,Cotton,Kharif,2015,35962.5,14136.9,393.1,272.3,14.8,162.3,7.4,0.49,0.65,28.5,1092.6,72.5,33.6,39286.0,63880.9,7020.6,15248.8,17016.6,100.0,0.3931
Bihar,Gaya,Groundnut,Rabi,2022,5326.7,7244.3,1360.0,227.7,11.8,143.3,6.94,0.46,0.12,20.5,153.7,62.6,12.6,49776.1,83367.0,11208.5,20669.0,17898.6,156.76,1.36
West Bengal,Murshidabad,Wheat,Rabi,2017,10600.9,35777.0,3374.9,239.8,24.6,172.0,5.65,0.53,0.15,22.1,210.4,71.8,16.6,31157.6,52028.9,5972.3,12205.1,12980.2,113.54,3.3749000000000002
Karnataka,Raichur,Groundnut,Rabi,2015,18297.4,19499.5,1065.7,210.2,15.1,162.9,6.49,0.57,0.63,20.7,119.9,61.0,10.9,30803.6,51174.8,7009.6,11447.2,12346.8,100.0,1.0657
West Bengal,Murshidabad,Soyabean,Kharif,2021,4273.4,5428.1,1270.2,224.7,23.8,191.6,6.24,0.6,0.15,29.9,1723.9,86.5,39.0,35358.6,57446.7,6145.9,13259.8,15952.9,148.02,1.2702
Uttar Pradesh,Bareilly,Jowar,Kharif,2017,7179.0,9603.3,1337.7,290.4,14.0,186.3,7.88,0.35,0.53,29.4,1102.0,71.1,32.6,22066.0,36104.9,4447.0,9227.6,8391.4,113.54,1.3377000000000001
Karnataka,Raichur,Maize,Rabi,2020,10418.1,26412.0,2535.2,256.0,14.8,177.8,6.3,0.49,0.84,20.5,123.6,62.7,11.7,31711.9,53115.0,7081.9,12372.1,12257.9,138.02,2.5351999999999997
West Bengal,Nadia,Cotton,Kharif,2021,23234.1,8324.8,358.3,236.7,21.7,155.4,6.21,0.54,0.18,29.5,1506.4,85.8,37.8,57210.6,91581.7,12273.8,23000.6,21936.2,148.02,0.3583
Madhya Pradesh,Ujjain,Sugarcane,Whole Year,2017,44207.6,3101477.0,70157.1,304.0,11.6,236.7,7.31,0.53,0.79,25.7,1435.5,59.3,20.1,95342.3,158991.2,15377.9,29990.6,49973.8,113.54,70.1571
Karnataka,Mysuru,Cotton,Kharif,2016,43201.5,16343.1,378.3,205.4,13.4,180.5,6.98,0.48,1.09,29.0,1077.5,77.4,32.0,37934.4,63001.9,8964.8,12087.0,16882.6,105.27,0.3783
Andhra Pradesh,Guntur,Soyabean,Kharif,2022,28028.2,36795.4,1312.8,216.7,14.0,215.6,6.8,0.37,0.65,31.1,989.4,77.0,28.4,36207.6,60342.6,5906.6,12272.7,18028.3,156.76,1.3128
Punjab,Ludhiana,Cotton,Kharif,2015,525.4,200.9,382.3,280.1,18.5,211.9,7.57,0.51,0.99,27.0,577.0,65.4,21.1,40785.7,68782.8,7587.4,12510.9,20687.4,100.0,0.38230000000000003
Andhra Pradesh,West Godavari,Cotton,Kharif,2018,36145.7,14928.2,413.0,237.3,12.0,201.0,6.76,0.37,0.44,30.9,1233.3,76.8,35.4,45537.9,75871.3,8176.7,17631.1,19730.1,119.72,0.413
Karnataka,Davanagere,Cotton,Kharif,2022,33475.1,20198.9,603.4,208.3,14.5,231.0,6.43,0.5,0.46,29.9,931.0,75.8,29.0,51584.4,84600.8,10384.8,18744.3,22455.3,156.76,0.6033999999999999
Andhra Pradesh,West Godavari,Soyabean,Kharif,2018,34199.3,51716.2,1512.2,237.3,12.0,201.0,6.76,0.37,0.44,30.9,1233.3,76.8,35.4,25899.8,43365.2,4227.1,9425.2,12247.5,119.72,1.5122
Karnataka,Davanagere,Cotton,Kharif,2018,32102.0,20686.5,644.4,225.4,14.9,202.9,6.89,0.55,0.13,29.0,1117.7,75.2,31.3,43452.7,71746.4,9908.5,16388.4,17155.8,119.72,0.6444
Bihar,Gaya,Soyabean,Kharif,2020,16216.4,26048.4,1606.3,223.1,17.2,192.5,7.0,0.38,0.61,29.2,1289.4,79.2,36.0,30079.7,50182.8,7051.0,10387.0,12641.7,138.02,1.6063
Madhya Pradesh,Sehore,Sugarcane,Whole Year,2017,5931.4,511443.9,86226.5,311.8,16.1,222.9,7.97,0.57,0.63,25.9,1439.5,59.6,22.5,95342.3,158991.2,15377.9,29990.6,49973.8,113.54,86.2265
Uttar Pradesh,Kanpur Dehat,Bajra,Kharif,2018,35378.6,44492.1,1257.6,232.5,13.6,170.2,7.14,0.36,0.27,28.6,1073.2,70.3,31.1,24137.7,40263.4,5003.5,10045.4,9088.8,119.72,1.2575999999999998
West Bengal,Bardhaman,Bajra,Kharif,2022,21464.4,29661.7,1381.9,243.8,20.6,174.5,6.22,0.68,1.03,30.1,1575.3,87.7,38.8,27915.0,46798.2,5898.9,9422.6,12593.5,156.76,1.3819000000000001
Karnataka,Belagavi,Gram,Rabi,2023,24413.8,32826.8,1344.6,226.2,14.6,211.9,6.99,0.61,0.21,21.4,140.7,62.1,11.4,31870.1,53470.3,5169.5,10876.4,15824.2,166.25,1.3446
Andhra Pradesh,West Godavari,Groundnut,Kharif,2020,33295.1,66633.5,2001.3,213.8,17.0,225.4,6.48,0.4,1.07,31.0,1088.2,77.9,30.4,49614.8,79443.6,9387.0,19854.8,20373.0,138.02,2.0013
Madhya Pradesh,Ujjain,Bajra,Kharif,2020,15064.7,22976.7,1525.2,307.5,12.8,215.9,7.93,0.43,0.55,28.9,1017.6,68.6,31.0,22899.1,38145.3,5019.0,7488.0,10392.1,138.02,1.5252000000000001
Uttar Pradesh,Kanpur Dehat,Gram,Rabi,2016,42642.2,54889.0,1287.2,224.9,16.5,157.6,7.61,0.41,0.34,20.8,175.2,56.1,15.3,23611.0,38659.9,3792.0,9634.1,10184.9,105.27,1.2872000000000001
Bihar,Patna,Groundnut,Rabi,2017,5956.5,10632.9,1785.1,216.1,14.2,193.6,7.19,0.51,0.87,20.9,193.2,62.7,11.8,37883.1,61367.7,6686.7,14053.2,17143.2,113.54,1.7851
Bihar,Rohtas,Maize,Kharif,2015,25299.0,57714.6,2281.3,236.1,15.4,186.2,7.1,0.38,0.89,28.9,1431.3,77.7,37.7,24031.4,39260.5,4436.4,8251.6,11343.4,100.0,2.2813000000000003
Punjab,Bathinda,Jowar,Rabi,2020,13735.8,10198.8,742.5,277.0,23.5,204.4,7.46,0.36,1.0,19.0,106.8,46.5,12.3,27152.9,44864.5,5251.6,8278.1,13623.2,138.02,0.7425
Uttar Pradesh,Bareilly,Sugarcane,Whole Year,2017,8795.6,593998.5,67533.6,290.4,14.0,186.3,7.88,0.35,0.53,26.4,1323.6,60.8,22.2,107147.4,181464.1,20008.2,35813.6,51325.6,113.54,67.5336
Uttar Pradesh,Bareilly,Bajra,Kharif,2019,6521.1,7987.0,1224.8,274.7,17.6,220.4,7.76,0.52,0.65,29.9,1079.9,72.7,33.0,25274.8,40836.0,5696.9,10097.9,9480.0,128.37,1.2247999999999999
Karnataka,Mysuru,Bajra,Kharif,2022,17749.7,19361.4,1090.8,193.9,14.9,191.0,6.56,0.47,0.59,29.4,928.1,77.1,29.3,24696.3,41159.2,5654.8,10318.9,8722.6,156.76,1.0908
Andhra Pradesh,Kurnool,Groundnut,Rabi,2019,11308.9,14779.6,1306.9,212.3,14.3,208.1,7.15,0.38,0.2,23.1,163.9,62.7,12.5,45277.3,75767.3,9555.5,15391.2,20330.6,128.37,1.3069000000000002
West Bengal,Bardhaman,Rice,Kharif,2020,19741.7,35900.3,1818.5,209.0,24.8,172.6,5.74,0.63,0.97,30.6,1411.4,85.8,35.1,46347.1,77438.3,10890.4,18350.4,17106.3,138.02,1.8185
Haryana,Karnal,Groundnut,Kharif,2016,33774.2,51735.3,1531.8,271.9,18.9,220.4,8.0,0.45,0.83,27.8,672.6,62.3,23.2,34080.0,56519.0,6999.4,13420.9,13659.7,105.27,1.5318
Punjab,Patiala,Wheat,Rabi,2020,15877.7,56094.3,3532.9,338.9,23.1,209.9,7.48,0.37,0.13,18.2,103.3,50.6,11.4,42235.7,69573.5,7346.9,14073.6,20815.2,138.02,3.5329
Karnataka,Belagavi,Wheat,Rabi,2021,3949.8,9398.9,2379.6,247.9,11.7,216.0,6.92,0.49,0.96,21.3,141.3,59.9,12.6,37193.1,61227.6,8547.3,13958.1,14687.7,148.02,2.3796
Maharashtra,Nashik,Groundnut,Kharif,2023,18896.7,25690.1,1359.5,264.5,20.4,240.0,7.19,0.56,0.93,29.6,1110.4,74.6,33.6,61038.7,103206.0,9886.7,24337.3,26814.7,166.25,1.3595
Andhra Pradesh,West Godavari,Sugarcane,Whole Year,2016,30361.8,2218111.7,73056.0,242.0,16.3,239.6,6.43,0.52,0.14,27.7,1109.5,68.4,19.4,86909.3,142536.2,13985.2,27488.8,45435.3,105.27,73.056
Madhya Pradesh,Sehore,Bajra,Kharif,2022,24103.9,21777.9,903.5,296.7,16.9,257.7,7.27,0.55,0.54,29.3,1068.0,68.0,33.3,25427.7,42818.2,5551.3,10126.7,9749.7,156.76,0.9035
West Bengal,Murshidabad,Bajra,Kharif,2021,32366.9,30541.4,943.6,224.7,23.8,191.6,6.24,0.6,0.15,29.9,1723.9,86.5,39.0,28295.3,46532.5,6733.8,9707.1,11854.4,148.02,0.9436
Madhya Pradesh,Hoshangabad,Gram,Rabi,2022,1752.5,1349.6,770.1,277.8,16.8,317.1,7.95,0.53,1.04,21.0,185.2,52.8,14.8,29929.6,50789.3,5822.7,12194.3,11912.6,156.76,0.7701
Madhya Pradesh,Hoshangabad,Groundnut,Kharif,2019,35389.3,39805.9,1124.8,278.4,15.9,289.7,7.61,0.51,1.17,29.4,1116.1,69.3,31.2,42995.9,71682.4,8727.9,15056.3,19211.7,128.37,1.1248
West Bengal,Hooghly,Cotton,Kharif,2015,15208.7,8469.7,556.9,168.8,19.5,158.1,6.39,0.63,1.11,30.0,1605.5,87.2,38.6,40210.6,66272.9,7540.5,13662.1,19008.0,100.0,0.5569
Andhra Pradesh,West Godavari,Maize,Rabi,2015,21840.9,49961.1,2287.5,228.8,15.8,218.3,7.18,0.42,0.73,23.3,105.9,60.5,11.2,24546.7,39463.2,5380.9,8778.8,10387.0,100.0,2.2875
Andhra Pradesh,West Godavari,Maize,Kharif,2018,30958.0,83057.2,2682.9,237.3,12.0,201.0,6.76,0.37,0.44,30.9,1233.3,76.8,35.4,27944.3,47433.0,5703.9,11207.9,11032.5,119.72,2.6829
Karnataka,Belagavi,Wheat,Rabi,2017,44793.5,148235.1,3309.3,252.6,15.7,210.0,6.22,0.58,0.1,20.7,114.5,61.2,14.0,29631.7,49060.1,6713.9,11992.3,10925.5,113.54,3.3093000000000004
Uttar Pradesh,Meerut,Maize,Rabi,2017,2255.3,5770.4,2558.6,267.8,14.1,175.1,7.73,0.48,1.12,21.5,162.4,55.8,15.2,30597.6,51445.5,6466.9,11081.4,13049.3,113.54,2.5585999999999998
Tamil Nadu,Coimbatore,Bajra,Kharif,2015,4123.8,4203.0,1019.2,203.6,14.3,178.1,7.28,0.61,0.59,30.4,1050.7,80.1,31.8,18804.0,30967.1,3142.3,7651.9,8009.8,100.0,1.0192
Andhra Pradesh,Kurnool,Maize,Rabi,2015,31417.1,68875.7,2192.3,213.0,12.7,197.7,7.14,0.43,0.37,22.8,119.3,61.3,11.7,24546.7,39463.2,5380.9,8778.8,10387.0,100.0,2.1923000000000004
Uttar Pradesh,Kanpur Dehat,Sugarcane,Whole Year,2021,29588.6,1977654.7,66838.4,226.3,15.3,162.5,7.26,0.44,1.0,25.8,1360.0,61.4,21.6,135992.5,222609.7,24894.7,43210.9,67886.9,148.02,66.8384
West Bengal,Nadia,Groundnut,Rabi,2023,24564.1,32761.1,1333.7,215.9,21.4,174.4,6.19,0.61,1.05,22.5,227.3,71.8,13.7,58722.9,99737.0,10870.2,23286.3,24566.4,166.25,1.3337
Karnataka,Mysuru,Rice,Kharif,2019,16904.5,45224.6,2675.3,235.2,14.7,207.0,6.49,0.62,0.27,28.4,839.1,73.0,24.5,35757.7,58095.1,6494.8,13515.6,15747.3,128.37,2.6753
Tamil Nadu,Salem,Maize,Rabi,2022,31541.3,73516.5,2330.8,190.4,12.3,257.9,6.55,0.45,0.81,23.1,107.7,64.5,12.1,36019.2,60811.3,7980.1,13101.9,14937.2,156.76,2.3308
Punjab,Ludhiana,Groundnut,Rabi,2021,13822.4,24939.8,1804.3,228.2,20.3,194.1,8.02,0.39,1.17,18.3,130.7,49.1,10.9,53146.6,90183.0,9831.6,22178.2,21136.8,148.02,1.8043
West Bengal,Hooghly,Jowar,Kharif,2019,31472.1,37061.5,1177.6,170.9,18.4,183.9,5.81,0.62,0.32,30.3,1636.8,84.3,36.9,24758.2,40859.3,4639.7,7729.3,12389.2,128.37,1.1776
Bihar,Rohtas,Bajra,Kharif,2020,35636.7,45479.6,1276.2,213.7,16.5,183.0,7.62,0.36,0.11,29.2,1152.5,79.9,30.6,23109.1,39252.9,4898.0,7266.4,10944.7,138.02,1.2762
Tamil Nadu,Coimbatore,Jowar,Kharif,2019,31385.0,36014.3,1147.5,187.9,13.8,213.6,6.87,0.46,1.04,30.8,810.9,80.8,27.6,24471.7,40550.9,5655.3,8191.5,10624.9,128.37,1.1475
Madhya Pradesh,Indore,Wheat,Rabi,2016,40196.6,128098.5,3186.8,265.7,15.7,279.7,7.31,0.47,1.13,20.9,148.9,53.1,11.6,27521.2,46287.0,6342.3,8414.1,12764.8,105.27,3.1868000000000003
Tamil Nadu,Salem,Groundnut,Kharif,2017,31062.0,56893.2,1831.6,217.2,13.4,249.5,7.16,0.5,0.61,31.0,1113.2,81.3,31.4,39262.5,65156.4,9030.7,13313.3,16918.5,113.54,1.8316
Karnataka,Raichur,Rice,Kharif,2019,30299.2,69321.5,2287.9,207.3,15.7,187.2,6.49,0.54,1.11,29.3,912.8,77.7,27.6,35757.7,58095.1,6494.8,13515.6,15747.3,128.37,2.2879
Bihar,Gaya,Wheat,Rabi,2015,3477.1,13203.6,3797.3,197.8,12.9,157.4,7.61,0.54,0.39,20.9,197.0,64.8,14.5,26215.7,42461.6,5632.3,8240.1,12343.3,100.0,3.7973000000000003
Tamil Nadu,Coimbatore,Groundnut,Kharif,2018,29694.3,40318.9,1357.8,210.6,11.9,187.0,7.24,0.42,0.98,30.8,1068.3,82.9,30.5,40210.7,67705.2,8556.7,15470.4,16183.6,119.72,1.3578
Haryana,Sirsa,Soyabean,Kharif,2019,32663.6,33829.7,1035.7,278.9,18.4,193.6,8.07,0.4,0.28,28.3,479.2,64.1,19.6,26867.8,45102.8,4636.4,11088.1,11143.3,128.37,1.0357
West Bengal,Nadia,Wheat,Rabi,2015,5856.1,22684.8,3873.7,212.0,22.7,193.1,5.98,0.64,0.29,21.1,205.3,70.3,14.2,28157.0,46842.6,4763.5,8749.3,14644.2,100.0,3.8737
Andhra Pradesh,West Godavari,Rice,Kharif,2017,889.0,2659.6,2991.7,213.7,14.1,231.8,7.11,0.47,0.71,31.1,1129.4,75.4,32.5,36308.4,58480.9,6835.2,13556.9,15916.3,113.54,2.9917
Tamil Nadu,Coimbatore,Rice,Kharif,2021,14864.6,29867.4,2009.3,191.3,12.3,195.0,7.15,0.53,1.05,30.8,1133.2,81.1,31.8,48300.5,79893.4,10705.5,18847.5,18747.5,148.02,2.0093
Madhya Pradesh,Indore,Gram,Rabi,2019,43298.4,41332.7,954.6,254.0,14.9,254.7,7.88,0.57,0.78,20.4,142.8,51.2,12.5,26393.7,44698.3,4496.9,10372.5,11524.3,128.37,0.9546
West Bengal,Bardhaman,Rice,Kharif,2015,36037.3,93790.7,2602.6,244.5,18.8,156.8,6.17,0.52,0.21,30.4,1678.2,85.3,39.4,34210.1,56518.8,6696.7,12251.7,15261.7,100.0,2.6026
Bihar,Patna,Wheat,Rabi,2020,17701.8,61255.3,3460.4,220.7,16.3,171.5,7.35,0.39,1.04,21.5,173.5,62.7,13.0,38533.9,62064.3,6193.1,15291.0,17049.8,138.02,3.4604
West Bengal,Murshidabad,Rice,Kharif,2017,28458.8,63992.5,2248.6,239.8,24.6,172.0,5.65,0.53,0.15,30.8,1553.3,85.1,37.5,39075.2,63412.4,6617.7,11966.9,20490.6,113.54,2.2485999999999997
West Bengal,Murshidabad,Rice,Kharif,2020,27761.1,69533.2,2504.7,190.2,18.6,149.0,5.97,0.67,0.59,30.0,1259.2,85.0,35.8,46347.1,77438.3,10890.4,18350.4,17106.3,138.02,2.5046999999999997
Maharashtra,Kolhapur,Rice,Kharif,2020,43593.1,119584.6,2743.2,245.7,19.6,273.7,6.98,0.56,0.8,30.0,1118.5,73.9,33.9,49924.1,84667.4,9332.7,19284.5,21306.9,138.02,2.7432
Karnataka,Belagavi,Sugarcane,Whole Year,2018,10177.1,707170.0,69486.4,225.6,11.5,221.3,6.33,0.59,0.18,26.2,1260.9,68.1,20.6,91912.9,154063.2,17372.7,36820.8,37719.4,119.72,69.48639999999999
Bihar,Patna,Wheat,Rabi,2021,16287.5,53224.3,3267.8,245.0,15.4,181.8,7.2,0.49,1.02,21.1,195.9,62.2,13.8,39920.7,65649.8,6880.0,16614.9,16425.8,148.02,3.2678000000000003
Tamil Nadu,Erode,Sugarcane,Whole Year,2019,7436.5,556420.5,74822.9,191.9,12.6,197.8,6.65,0.59,0.49,27.9,1297.8,71.0,20.0,110227.6,186695.8,22587.4,34105.4,53534.8,128.37,74.82289999999999
West Bengal,Murshidabad,Jowar,Kharif,2022,44544.4,55248.4,1240.3,190.7,19.6,163.9,6.08,0.6,0.42,29.9,1830.1,87.6,39.3,32306.7,52120.3,6716.3,10616.0,14974.4,156.76,1.2403
Maharashtra,Nashik,Jowar,Kharif,2021,15089.2,20165.2,1336.4,259.8,19.1,277.4,7.06,0.43,0.39,30.2,1263.8,71.0,32.6,31164.8,50529.7,6456.6,12052.9,12655.3,148.02,1.3364
Maharashtra,Pune,Maize,Kharif,2015,1709.1,3380.8,1978.1,277.9,15.7,269.2,7.57,0.48,0.56,29.5,975.8,71.2,29.9,27084.4,45389.9,5989.9,8641.6,12452.9,100.0,1.9781
Maharashtra,Nagpur,Maize,Rabi,2016,3124.7,7388.7,2364.6,233.0,13.2,245.4,7.26,0.54,0.27,21.5,170.1,56.3,13.7,29444.5,48555.9,6939.6,10408.6,12096.3,105.27,2.3646
Haryana,Hisar,Gram,Rabi,2015,35015.6,31041.3,886.5,247.4,14.3,200.6,7.72,0.34,1.16,20.1,87.9,45.5,11.3,21636.2,35266.0,4394.5,7846.7,9395.0,100.0,0.8865
Karnataka,Mysuru,Gram,Rabi,2023,21566.7,16854.4,781.5,222.3,10.7,214.7,6.49,0.54,0.41,20.4,143.2,61.1,11.3,31870.1,53470.3,5169.5,10876.4,15824.2,166.25,0.7815
Uttar Pradesh,Kanpur Dehat,Soyabean,Kharif,2019,9876.3,10587.4,1072.0,254.3,16.9,170.5,7.19,0.43,0.23,29.4,919.9,70.9,28.6,30959.3,51500.6,6354.3,10937.8,13667.2,128.37,1.072
Uttar Pradesh,Meerut,Sugarcane,Whole Year,2023,29575.1,1637114.9,55354.5,256.1,14.5,191.5,7.87,0.39,0.8,26.3,1295.4,59.7,21.6,156127.0,250748.8,31682.8,49812.8,74631.4,166.25,55.3545
Madhya Pradesh,Hoshangabad,Jowar,Kharif,2021,21674.3,26438.3,1219.8,283.7,17.0,265.1,7.21,0.46,0.51,28.3,1072.5,69.3,30.3,26638.1,44446.0,5325.5,9508.2,11804.4,148.02,1.2198
West Bengal,Bardhaman,Rice,Kharif,2023,10418.6,26638.3,2556.8,209.6,21.5,153.7,6.03,0.66,0.31,29.5,1828.9,86.7,39.4,57150.3,92598.4,9928.6,18252.9,28968.8,166.25,2.5568
West Bengal,Hooghly,Jowar,Kharif,2018,22225.6,28639.9,1288.6,187.7,23.2,153.5,6.3,0.66,0.71,30.1,1938.1,86.1,39.9,23614.7,39511.8,5265.1,9204.3,9145.3,119.72,1.2886
Madhya Pradesh,Hoshangabad,Cotton,Kharif,2021,19063.5,9693.8,508.5,283.7,17.0,265.1,7.21,0.46,0.51,28.3,1072.5,69.3,30.3,54508.0,87768.6,11881.9,18972.4,23653.7,148.02,0.5085
Uttar Pradesh,Gorakhpur,Soyabean,Kharif,2016,38233.6,42187.0,1103.4,245.3,12.4,176.7,7.63,0.45,0.53,29.3,1082.6,70.1,32.5,24077.7,39457.2,5277.9,7302.2,11497.6,105.27,1.1034000000000002
Karnataka,Raichur,Groundnut,Kharif,2016,25744.6,35483.8,1378.3,213.5,13.0,162.3,6.45,0.54,0.94,29.3,846.5,77.5,27.3,34256.0,56559.2,6542.0,10857.1,16856.9,105.27,1.3782999999999999
Bihar,Gaya,Groundnut,Kharif,2017,34437.2,35349.8,1026.5,185.9,14.4,141.8,7.45,0.38,0.15,28.4,1449.9,80.0,36.4,37883.1,61367.7,6686.7,14053.2,17143.2,113.54,1.0265
Uttar Pradesh,Meerut,Cotton,Kharif,2021,2545.8,1013.0,397.9,260.1,14.0,171.4,7.21,0.33,0.87,28.6,1040.4,70.4,31.1,59945.9,97594.1,11651.9,22733.7,25560.3,148.02,0.3979
West Bengal,Murshidabad,Gram,Rabi,2023,11047.3,12799.4,1158.6,190.6,24.0,203.0,6.16,0.53,0.86,21.1,232.7,68.6,14.8,36966.3,61742.2,6667.5,12198.4,18100.4,166.25,1.1585999999999999
Tamil Nadu,Erode,Maize,Kharif,2023,41446.9,89599.9,2161.8,181.7,13.0,231.4,7.25,0.44,0.25,31.2,967.7,79.9,27.7,39385.3,64444.1,8806.4,14531.5,16047.4,166.25,2.1618000000000004
Tamil Nadu,Erode,Maize,Kharif,2016,4548.0,12037.6,2646.8,212.3,11.8,179.1,6.93,0.62,1.0,31.0,1006.2,79.9,30.7,24529.8,39389.0,4360.9,9112.1,11056.8,105.27,2.6468000000000003
Karnataka,Belagavi,Cotton,Kharif,2015,23418.0,16303.6,696.2,265.7,14.2,237.4,6.58,0.65,0.19,29.3,1013.6,76.7,30.0,32879.4,53281.4,7530.7,10442.5,14906.2,100.0,0.6962
West Bengal,Hooghly,Groundnut,Kharif,2015,16773.4,21921.2,1306.9,168.8,19.5,158.1,6.39,0.63,1.11,30.0,1605.5,87.2,38.6,36861.0,60206.8,7344.5,13401.6,16114.9,100.0,1.3069000000000002
Madhya Pradesh,Sehore,Maize,Rabi,2019,4234.9,13112.5,3096.3,252.2,12.8,231.9,7.67,0.53,0.59,20.5,126.3,52.5,13.1,30069.1,49872.4,7044.5,9115.2,13909.4,128.37,3.0963000000000003
Haryana,Sirsa,Cotton,Kharif,2016,26929.9,14986.5,556.5,239.7,13.9,217.4,8.04,0.43,0.27,28.1,546.9,62.5,22.6,39587.9,66793.3,6876.7,14112.6,18598.6,105.27,0.5565
Madhya Pradesh,Hoshangabad,Rice,Kharif,2018,29249.3,65901.6,2253.1,339.1,16.6,283.4,7.29,0.46,1.16,28.7,1259.8,68.8,33.9,35789.6,60070.7,6179.4,11114.2,18496.0,119.72,2.2531
Andhra Pradesh,Kurnool,Groundnut,Rabi,2017,43983.2,74371.2,1690.9,180.8,15.7,208.5,6.71,0.54,0.98,22.7,171.6,60.3,13.3,39347.9,64988.6,8044.8,13759.5,17543.6,113.54,1.6909
Tamil Nadu,Thanjavur,Wheat,Rabi,2017,15225.9,47599.2,3126.2,216.6,12.4,204.7,6.68,0.43,0.13,22.6,150.8,64.6,15.5,32202.5,52648.1,7580.5,13133.2,11488.8,113.54,3.1262
Bihar,Rohtas,Gram,Rabi,2016,889.2,1123.7,1263.7,230.6,13.0,179.1,7.16,0.35,0.12,21.2,177.9,62.0,11.8,20157.1,32499.0,3946.4,7246.0,8964.7,105.27,1.2637
Uttar Pradesh,Bareilly,Groundnut,Kharif,2015,39643.9,71299.6,1798.5,267.3,15.0,182.9,7.81,0.49,0.26,28.2,1060.3,69.2,31.9,37557.1,60437.3,7964.6,12870.9,16721.6,100.0,1.7985
Maharashtra,Nagpur,Jowar,Rabi,2022,24370.5,34347.8,1409.4,258.7,19.1,237.8,7.58,0.54,0.89,21.7,179.8,55.6,12.4,32129.8,54085.5,7172.6,10248.9,14708.3,156.76,1.4094
Maharashtra,Pune,Gram,Rabi,2019,25175.5,17381.2,690.4,280.2,14.6,230.8,7.11,0.45,0.51,21.9,150.7,57.8,10.2,30448.1,51629.9,5995.8,10945.8,13506.5,128.37,0.6904
Andhra Pradesh,West Godavari,Sugarcane,Whole Year,2018,19967.6,1408444.6,70536.5,237.3,12.0,201.0,6.76,0.37,0.44,27.8,1369.8,67.4,22.2,98464.2,164146.1,21906.2,35243.1,41314.9,119.72,70.5365
West Bengal,Hooghly,Maize,Kharif,2016,37787.9,97863.1,2589.8,176.6,19.4,170.1,5.66,0.61,0.79,29.6,1549.5,85.7,35.1,25328.1,41661.2,5035.2,8646.1,11646.8,105.27,2.5898000000000003
Maharashtra,Nagpur,Bajra,Kharif,2020,13095.3,17969.4,1372.2,222.3,14.9,234.4,7.34,0.39,0.47,29.6,1023.6,74.9,29.5,28134.6,46239.4,5276.7,9177.8,13680.1,138.02,1.3722
Bihar,Rohtas,Jowar,Rabi,2023,8453.5,7341.0,868.4,204.6,14.9,167.6,7.33,0.35,0.69,20.4,171.4,61.2,14.0,31572.2,51669.7,7293.7,11147.1,13131.4,166.25,0.8684
Haryana,Sirsa,Maize,Rabi,2019,6722.4,14143.9,2104.0,278.9,18.4,193.6,8.07,0.4,0.28,20.2,83.8,48.8,11.3,31908.4,51409.0,7186.6,12933.3,11788.5,128.37,2.104
Bihar,Gaya,Maize,Rabi,2022,12472.6,22476.9,1802.1,227.7,11.8,143.3,6.94,0.46,0.12,20.5,153.7,62.6,12.6,36718.0,58968.0,6283.1,14188.8,16246.1,156.76,1.8020999999999998
Tamil Nadu,Coimbatore,Groundnut,Kharif,2020,25464.3,40676.7,1597.4,222.6,14.2,212.4,7.24,0.6,0.83,31.5,1277.8,78.8,36.7,45395.0,74386.2,7440.0,14791.0,23164.0,138.02,1.5974000000000002
Andhra Pradesh,West Godavari,Jowar,Rabi,2020,39872.2,63010.0,1580.3,213.8,17.0,225.4,6.48,0.4,1.07,23.1,124.4,61.4,13.1,27061.5,44640.1,5450.2,9550.8,12060.5,138.02,1.5803
Punjab,Patiala,Jowar,Rabi,2022,11014.0,9084.3,824.8,282.2,19.6,216.9,7.53,0.39,0.52,18.3,99.5,50.7,13.2,32771.7,52850.4,5764.8,10217.0,16789.9,156.76,0.8248
Uttar Pradesh,Kanpur Dehat,Bajra,Kharif,2021,20373.5,27744.6,1361.8,226.3,15.3,162.5,7.26,0.44,1.0,28.4,1172.4,70.1,31.2,29469.1,47530.6,5578.2,9569.3,14321.6,148.02,1.3618
Haryana,Hisar,Soyabean,Kharif,2020,32022.3,35666.4,1113.8,269.0,14.7,230.4,8.17,0.49,1.07,27.9,668.0,61.9,25.2,29949.3,48141.9,5312.7,10083.3,14553.3,138.02,1.1138
West Bengal,Hooghly,Soyabean,Kharif,2022,42232.9,64612.1,1529.9,205.7,21.1,178.8,6.03,0.54,1.04,30.1,1615.1,84.7,36.9,37445.2,60899.9,8004.6,11803.3,17637.3,156.76,1.5299
Punjab,Ludhiana,Soyabean,Kharif,2017,38830.0,43050.8,1108.7,230.7,19.7,193.9,7.59,0.36,1.2,26.6,630.8,63.4,22.9,27818.1,45839.3,6163.0,11598.8,10056.3,113.54,1.1087
Madhya Pradesh,Indore,Sugarcane,Whole Year,2020,15001.2,1171095.7,78066.8,253.6,16.1,215.7,7.94,0.46,0.38,26.1,1372.1,60.3,21.1,116798.7,197750.5,20394.0,36795.6,59609.1,138.02,78.0668
Bihar,Patna,Soyabean,Kharif,2022,17893.5,25033.0,1399.0,253.9,13.0,203.2,7.07,0.36,0.55,29.1,1605.9,81.2,40.1,32598.2,54734.2,7716.0,12202.3,12679.9,156.76,1.399
Karnataka,Belagavi,Groundnut,Kharif,2019,15725.3,32147.2,2044.3,218.7,15.1,232.5,6.26,0.57,0.54,28.6,978.0,74.9,29.6,37769.9,62773.6,7583.8,11908.7,18277.4,128.37,2.0443
Madhya Pradesh,Sehore,Soyabean,Kharif,2015,37185.8,50438.8,1356.4,286.0,12.1,275.6,7.97,0.45,0.3,29.3,1106.7,68.6,31.3,20762.1,35059.0,3922.9,8539.7,8299.5,100.0,1.3564
Madhya Pradesh,Ujjain,Maize,Kharif,2022,35449.5,84759.8,2391.0,246.6,11.9,227.4,7.39,0.47,0.42,29.4,1109.2,68.0,31.5,37535.4,61369.5,7352.5,15549.1,14633.8,156.76,2.391
Bihar,Muzaffarpur,Jowar,Kharif,2016,18622.5,27522.2,1477.9,216.8,14.6,198.9,7.04,0.52,0.71,28.6,1429.1,81.7,38.7,19051.6,31815.5,3379.2,7775.7,7896.7,105.27,1.4779
West Bengal,Murshidabad,Cotton,Kharif,2023,18015.9,7811.7,433.6,190.6,24.0,203.0,6.16,0.53,0.86,29.7,1884.8,84.4,40.3,68389.9,113708.9,12946.6,26791.2,28652.1,166.25,0.43360000000000004
Tamil Nadu,Thanjavur,Jowar,Kharif,2021,11316.8,15051.3,1330.0,189.1,11.2,210.0,6.68,0.44,0.88,30.7,1033.0,81.2,31.8,28668.5,46856.6,6704.3,9469.9,12494.3,148.02,1.33
Karnataka,Belagavi,Bajra,Kharif,2022,38857.9,48199.3,1240.4,264.9,16.9,207.6,6.72,0.52,0.96,29.1,1148.6,78.0,33.8,24696.3,41159.2,5654.8,10318.9,8722.6,156.76,1.2404000000000002
Haryana,Karnal,Groundnut,Kharif,2022,22994.2,32093.0,1395.7,241.6,14.4,225.0,7.62,0.44,0.32,28.3,693.0,64.1,22.9,52655.8,84630.9,10258.9,17029.5,25367.4,156.76,1.3957
Andhra Pradesh,Krishna,Groundnut,Kharif,2023,26693.2,43926.3,1645.6,203.6,13.2,206.5,7.15,0.42,0.38,31.6,1292.4,80.1,37.9,57662.8,94910.6,13400.1,20391.4,23871.3,166.25,1.6456
Andhra Pradesh,Krishna,Bajra,Kharif,2017,2254.8,3367.1,1493.3,221.1,11.4,158.1,6.96,0.41,0.34,30.8,1034.4,75.4,31.3,21694.3,36848.5,3546.4,6768.0,11379.9,113.54,1.4932999999999998
West Bengal,Bardhaman,Jowar,Kharif,2016,15691.3,17517.8,1116.4,192.7,22.7,168.2,6.27,0.53,1.09,29.9,1528.8,86.3,38.4,20027.0,32729.9,4445.3,7511.6,8070.1,105.27,1.1164
Karnataka,Raichur,Gram,Rabi,2019,34010.0,45757.1,1345.4,207.3,15.7,187.2,6.49,0.54,1.11,21.1,149.7,61.0,12.8,23849.6,38488.6,4358.7,8478.2,11012.7,128.37,1.3454000000000002
Bihar,Gaya,Groundnut,Rabi,2017,5266.8,9130.5,1733.6,185.9,14.4,141.8,7.45,0.38,0.15,20.8,139.8,64.6,11.9,37883.1,61367.7,6686.7,14053.2,17143.2,113.54,1.7335999999999998
Bihar,Patna,Gram,Rabi,2016,11989.6,13357.6,1114.1,247.2,13.6,177.0,7.62,0.47,0.4,21.3,169.8,62.8,14.6,20157.1,32499.0,3946.4,7246.0,8964.7,105.27,1.1140999999999999
Madhya Pradesh,Indore,Groundnut,Rabi,2017,17614.5,35931.8,2039.9,269.1,15.3,277.3,7.42,0.56,0.1,20.7,140.7,53.7,12.6,36552.2,61299.0,8547.4,12003.4,16001.4,113.54,2.0399000000000003
Tamil Nadu,Thanjavur,Groundnut,Rabi,2023,27225.8,31946.8,1173.4,210.6,14.2,193.1,6.94,0.51,0.79,22.0,91.7,64.0,10.2,58645.5,98731.0,11022.3,22592.5,25030.7,166.25,1.1734
Andhra Pradesh,West Godavari,Maize,Rabi,2021,24724.6,72260.1,2922.6,201.7,15.9,216.2,7.05,0.52,1.0,22.6,134.7,59.2,13.4,35769.0,59574.3,5994.4,10914.6,18860.0,148.02,2.9226
Maharashtra,Nashik,Jowar,Rabi,2017,26676.7,30752.9,1152.8,243.7,16.7,220.3,7.44,0.47,0.96,21.6,121.6,56.9,12.2,24936.1,39974.9,4701.5,7606.7,12627.9,113.54,1.1528
Haryana,Sirsa,Groundnut,Rabi,2017,3165.3,6497.4,2052.7,243.4,20.7,220.7,7.83,0.44,0.9,19.3,103.9,45.0,9.4,36991.9,59418.1,6916.3,12650.4,17425.2,113.54,2.0526999999999997
Karnataka,Davanagere,Rice,Kharif,2019,26778.3,72373.7,2702.7,238.4,15.7,192.4,6.86,0.54,0.49,29.5,925.1,75.6,30.5,35757.7,58095.1,6494.8,13515.6,15747.3,128.37,2.7026999999999997
Bihar,Muzaffarpur,Groundnut,Rabi,2020,5484.7,6181.8,1127.1,196.7,16.2,178.0,6.96,0.48,1.11,21.1,188.3,62.4,13.9,44002.7,71160.4,9100.9,16088.4,18813.4,138.02,1.1271
Uttar Pradesh,Bareilly,Bajra,Kharif,2023,16651.0,21603.0,1297.4,237.3,14.8,208.4,7.43,0.4,0.9,28.1,976.1,72.5,29.5,32916.3,55213.2,6683.4,11454.7,14778.2,166.25,1.2974
Bihar,Gaya,Groundnut,Rabi,2019,41637.2,80568.0,1935.0,230.0,15.7,151.3,6.97,0.47,1.12,20.6,159.6,62.3,11.4,41097.5,67137.2,9263.4,15786.0,16048.1,128.37,1.935
Tamil Nadu,Erode,Maize,Rabi,2015,806.3,1683.5,2087.9,220.7,9.4,198.3,7.16,0.46,0.53,23.0,143.8,61.8,15.1,23499.1,39667.7,4835.4,7928.4,10735.3,100.0,2.0879000000000003
Maharashtra,Nashik,Groundnut,Rabi,2018,42492.1,42806.5,1007.4,295.5,19.0,229.1,7.07,0.57,1.09,22.0,140.7,55.4,13.2,47254.6,75698.5,8129.0,19846.9,19278.7,119.72,1.0074
Haryana,Kurukshetra,Jowar,Rabi,2021,13585.3,19467.7,1433.0,250.6,15.3,164.4,8.16,0.42,0.98,19.4,101.8,45.1,11.5,28293.2,47320.3,5358.4,9103.9,13830.9,148.02,1.433
Madhya Pradesh,Hoshangabad,Rice,Kharif,2022,34753.9,60857.6,1751.1,277.8,16.8,317.1,7.95,0.53,1.04,28.9,1004.8,70.4,30.4,47807.5,77396.6,9206.1,19059.3,19542.1,156.76,1.7510999999999999
West Bengal,Bardhaman,Groundnut,Rabi,2020,6557.3,10803.8,1647.6,209.0,24.8,172.6,5.74,0.63,0.97,21.1,241.5,69.5,15.0,47658.6,77734.8,11283.4,18106.2,18269.0,138.02,1.6476
Tamil Nadu,Thanjavur,Groundnut,Rabi,2016,12788.4,21076.6,1648.1,213.5,10.4,223.0,6.59,0.48,0.14,22.8,101.8,63.5,13.2,37518.3,60993.1,7213.1,12125.4,18179.8,105.27,1.6481
Maharashtra,Pune,Sugarcane,Whole Year,2021,16423.0,950775.1,57892.9,258.6,17.1,217.4,7.36,0.52,1.1,27.1,1282.4,64.8,20.0,139071.4,231644.5,26630.8,48708.4,63732.2,148.02,57.892900000000004
Bihar,Patna,Cotton,Kharif,2015,30215.0,18101.8,599.1,227.6,16.4,162.6,7.21,0.49,0.41,28.8,1532.3,80.0,37.4,37302.5,63068.0,7102.7,12509.6,17690.2,100.0,0.5991000000000001
Punjab,Bathinda,Rice,Kharif,2023,32706.1,95743.8,2927.4,270.8,21.0,261.6,7.98,0.44,0.36,26.4,840.3,67.0,25.7,58109.8,95537.3,10700.3,18340.8,29068.7,166.25,2.9274
Bihar,Patna,Jowar,Rabi,2021,29927.3,27096.2,905.4,245.0,15.4,181.8,7.2,0.49,1.02,21.1,195.9,62.2,13.8,28181.8,45553.8,6062.3,8480.5,13639.0,148.02,0.9054
Tamil Nadu,Erode,Maize,Rabi,2021,29408.5,68474.8,2328.4,202.6,11.0,232.8,7.27,0.58,0.34,22.8,166.9,63.3,12.6,36821.5,60910.3,7736.8,13804.9,15279.8,148.02,2.3284000000000002
Karnataka,Belagavi,Jowar,Rabi,2017,6237.6,5172.8,829.3,252.6,15.7,210.0,6.22,0.58,0.1,20.7,114.5,61.2,14.0,19536.8,33035.5,3942.0,6537.8,9057.0,113.54,0.8292999999999999
Haryana,Kurukshetra,Maize,Kharif,2021,33100.0,122446.8,3699.3,250.6,15.3,164.4,8.16,0.42,0.98,27.8,574.9,60.2,23.1,34043.4,57526.7,7766.7,11657.6,14619.1,148.02,3.6993
West Bengal,Nadia,Bajra,Kharif,2020,41364.3,65417.6,1581.5,196.1,18.8,179.9,6.39,0.65,1.15,29.5,1592.7,87.7,39.0,25056.2,42347.1,4766.8,8777.2,11512.2,138.02,1.5815
Uttar Pradesh,Bareilly,Wheat,Rabi,2020,40890.7,132845.7,3248.8,268.0,15.2,225.4,7.62,0.41,0.83,21.2,148.7,56.8,14.1,40803.9,68163.4,8693.1,12786.6,19324.2,138.02,3.2488
Tamil Nadu,Coimbatore,Jowar,Kharif,2015,11680.2,14818.7,1268.7,203.6,14.3,178.1,7.28,0.61,0.59,30.4,1050.7,80.1,31.8,18763.7,30428.0,3438.4,7357.7,7967.6,100.0,1.2687
Uttar Pradesh,Gorakhpur,Gram,Rabi,2019,8461.0,9276.6,1096.4,223.5,13.7,210.2,7.44,0.46,0.79,21.1,161.1,54.0,13.2,28377.4,45463.8,6578.6,10648.3,11150.5,128.37,1.0964
Uttar Pradesh,Bareilly,Jowar,Rabi,2015,11389.7,14168.8,1244.0,267.3,15.0,182.9,7.81,0.49,0.26,20.3,181.6,55.4,14.5,20844.3,35245.2,3410.3,6626.7,10807.3,100.0,1.244
Uttar Pradesh,Meerut,Groundnut,Rabi,2016,44087.8,87897.8,1993.7,246.1,14.2,199.8,7.58,0.46,1.05,20.2,184.0,56.4,12.4,39000.1,64361.3,7461.5,11975.3,19563.3,105.27,1.9937
Bihar,Muzaffarpur,Rice,Kharif,2015,4550.6,12479.6,2742.4,233.6,15.7,176.2,7.24,0.37,0.67,29.2,1540.0,80.6,38.9,31535.1,53425.9,6255.3,11704.8,13575.0,100.0,2.7424
Karnataka,Mysuru,Cotton,Kharif,2021,17615.9,8823.8,500.9,208.1,12.3,159.6,6.48,0.49,0.9,28.5,1147.0,76.7,34.7,53851.0,87358.1,8976.3,19774.0,25100.7,148.02,0.5009
Punjab,Patiala,Maize,Rabi,2015,37198.7,106511.0,2863.3,341.1,21.7,238.2,7.6,0.54,0.68,19.5,98.9,47.7,12.4,26148.7,44308.2,5032.2,9872.0,11244.5,100.0,2.8633
Uttar Pradesh,Gorakhpur,Cotton,Kharif,2019,29960.0,19414.1,648.0,223.5,13.7,210.2,7.44,0.46,0.79,30.0,981.8,73.4,30.6,54787.6,91423.2,12665.6,17634.7,24487.3,128.37,0.648
Uttar Pradesh,Kanpur Dehat,Soyabean,Kharif,2016,3930.4,4792.3,1219.3,224.9,16.5,157.6,7.61,0.41,0.34,29.7,1226.7,71.6,34.7,24077.7,39457.2,5277.9,7302.2,11497.6,105.27,1.2193
West Bengal,Murshidabad,Cotton,Kharif,2022,39948.8,13087.2,327.6,190.7,19.6,163.9,6.08,0.6,0.42,29.9,1830.1,87.6,39.3,62236.9,100374.9,10166.7,20406.4,31663.8,156.76,0.3276
Bihar,Muzaffarpur,Wheat,Rabi,2021,21010.0,84407.7,4017.5,247.5,12.0,181.7,7.16,0.42,0.61,20.3,205.5,62.6,15.3,39920.7,65649.8,6880.0,16614.9,16425.8,148.02,4.0175
West Bengal,Hooghly,Groundnut,Rabi,2015,34802.5,58054.1,1668.1,168.8,19.5,158.1,6.39,0.63,1.11,22.1,195.5,70.0,14.2,36861.0,60206.8,7344.5,13401.6,16114.9,100.0,1.6681
Madhya Pradesh,Indore,Sugarcane,Whole Year,2018,21025.3,1317201.4,62648.4,268.1,12.3,237.0,7.37,0.41,0.98,25.5,1542.6,59.2,22.4,98135.4,159179.3,21490.2,30659.4,45985.8,119.72,62.6484
Bihar,Gaya,Wheat,Rabi,2017,29092.5,71058.4,2442.5,185.9,14.4,141.8,7.45,0.38,0.15,20.8,139.8,64.6,11.9,32288.5,53468.3,6106.2,11330.9,14851.4,113.54,2.4425
Bihar,Muzaffarpur,Rice,Kharif,2018,24242.7,72003.2,2970.1,242.1,12.2,192.7,7.65,0.37,0.19,29.8,1042.9,78.4,29.1,35265.0,57488.8,8089.5,14311.4,12864.1,119.72,2.9701
Madhya Pradesh,Indore,Bajra,Kharif,2020,31227.1,33150.7,1061.6,253.6,16.1,215.7,7.94,0.46,0.38,29.2,1165.9,68.2,33.3,22899.1,38145.3,5019.0,7488.0,10392.1,138.02,1.0615999999999999
Bihar,Gaya,Cotton,Kharif,2020,735.2,342.2,465.5,223.1,17.2,192.5,7.0,0.38,0.61,29.2,1289.4,79.2,36.0,51292.7,82636.1,9395.6,16660.2,25236.9,138.02,0.4655
Bihar,Gaya,Soyabean,Kharif,2017,6925.1,10195.8,1472.3,185.9,14.4,141.8,7.45,0.38,0.15,28.4,1449.9,80.0,36.4,24367.0,41267.2,5269.0,7703.1,11394.9,113.54,1.4723
Haryana,Hisar,Soyabean,Kharif,2016,13469.4,18166.2,1348.7,227.9,19.0,239.8,8.06,0.3,0.65,28.6,703.3,61.4,25.7,22806.5,36742.5,4623.6,7587.2,10595.7,105.27,1.3487
Andhra Pradesh,Kurnool,Groundnut,Rabi,2021,17388.1,17657.6,1015.5,206.2,14.8,227.0,7.07,0.45,0.9,23.0,183.6,59.8,15.6,49213.0,82909.2,8573.0,20144.5,20495.5,148.02,1.0155
Uttar Pradesh,Gorakhpur,Bajra,Kharif,2020,35720.2,32869.7,920.2,241.1,14.9,178.2,7.26,0.42,0.43,29.0,1213.7,73.2,33.7,26385.3,42774.9,4778.0,10638.0,10969.3,138.02,0.9202
Karnataka,Belagavi,Maize,Kharif,2018,22288.0,63823.9,2863.6,225.6,11.5,221.3,6.33,0.59,0.18,29.1,1078.6,75.5,32.1,25398.1,41502.4,5030.9,8102.4,12264.8,119.72,2.8636
Madhya Pradesh,Sehore,Cotton,Kharif,2018,6920.4,3043.6,439.8,323.9,15.6,230.3,7.52,0.56,0.61,28.9,1293.3,67.8,35.3,41445.1,67200.4,7347.7,15040.8,19056.6,119.72,0.4398
Bihar,Rohtas,Gram,Rabi,2020,6386.9,8228.2,1288.3,213.7,16.5,183.0,7.62,0.36,0.11,21.1,236.0,62.6,13.2,28004.0,45360.6,4723.1,10468.9,12812.0,138.02,1.2883
Andhra Pradesh,Kurnool,Gram,Rabi,2022,36190.7,33863.6,935.7,199.3,16.8,164.1,6.85,0.51,1.1,23.3,151.2,59.4,11.8,32301.0,52820.8,6540.0,10600.3,15160.7,156.76,0.9357000000000001
West Bengal,Nadia,Wheat,Rabi,2021,7068.9,24912.2,3524.2,236.7,21.7,155.4,6.21,0.54,0.18,22.0,258.3,69.2,14.1,44412.5,72142.7,7712.8,18375.5,18324.2,148.02,3.5242
Maharashtra,Nagpur,Groundnut,Kharif,2016,17277.0,30680.5,1775.8,233.0,13.2,245.4,7.26,0.54,0.27,30.1,1187.4,72.3,32.4,39237.7,65719.4,6597.6,15776.7,16863.4,105.27,1.7758
West Bengal,Murshidabad,Soyabean,Kharif,2022,5551.9,8567.7,1543.2,190.7,19.6,163.9,6.08,0.6,0.42,29.9,1830.1,87.6,39.3,37445.2,60899.9,8004.6,11803.3,17637.3,156.76,1.5432000000000001
West Bengal,Hooghly,Bajra,Kharif,2017,9668.3,15891.8,1643.7,166.6,17.3,174.6,5.73,0.63,0.56,30.2,1582.5,84.9,36.1,20097.5,33831.4,3850.9,6778.8,9467.8,113.54,1.6437
Punjab,Ludhiana,Jowar,Rabi,2023,33516.8,42154.1,1257.7,263.1,20.0,191.6,8.14,0.53,0.55,18.5,105.2,49.4,13.8,34818.1,56311.5,7505.4,13749.5,13563.2,166.25,1.2577
Madhya Pradesh,Ujjain,Cotton,Kharif,2022,6308.9,2185.4,346.4,246.6,11.9,227.4,7.39,0.47,0.42,29.4,1109.2,68.0,31.5,54156.2,89203.2,12047.4,19469.1,22639.7,156.76,0.3464
Bihar,Gaya,Soyabean,Kharif,2023,33800.4,38583.2,1141.5,220.1,14.0,187.5,7.21,0.51,0.93,29.1,1253.1,80.6,34.8,34145.0,55726.4,7666.1,14154.6,12324.3,166.25,1.1415
Madhya Pradesh,Ujjain,Gram,Rabi,2017,30684.7,28883.5,941.3,304.0,11.6,236.7,7.31,0.53,0.79,20.6,134.1,53.4,11.2,22043.7,35926.8,3762.3,8522.3,9759.1,113.54,0.9412999999999999
Uttar Pradesh,Gorakhpur,Wheat,Rabi,2022,24911.1,69995.2,2809.8,222.2,16.9,176.4,7.63,0.37,0.82,20.4,130.6,52.7,10.8,48163.2,81551.2,9584.2,16634.7,21944.3,156.76,2.8098
Uttar Pradesh,Kanpur Dehat,Jowar,Rabi,2022,26083.3,25045.2,960.2,246.7,15.7,156.9,7.34,0.38,1.1,20.8,167.8,55.6,13.0,30149.7,51006.6,6224.4,12374.8,11550.5,156.76,0.9602
Karnataka,Davanagere,Maize,Kharif,2022,4693.8,13255.8,2824.1,208.3,14.5,231.0,6.43,0.5,0.46,29.9,931.0,75.8,29.0,34686.4,57187.8,6997.8,13940.5,13748.1,156.76,2.8241
Tamil Nadu,Thanjavur,Groundnut,Kharif,2023,3107.0,5536.7,1782.0,210.6,14.2,193.1,6.94,0.51,0.79,31.0,1117.6,81.0,32.3,58645.5,98731.0,11022.3,22592.5,25030.7,166.25,1.782
Andhra Pradesh,Guntur,Cotton,Kharif,2016,43151.5,17964.0,416.3,228.0,17.5,235.1,7.14,0.55,0.39,30.7,1179.0,79.3,32.9,42102.2,68533.1,9308.7,14351.9,18441.6,105.27,0.4163
Uttar Pradesh,Kanpur Dehat,Jowar,Kharif,2018,19874.3,15319.1,770.8,232.5,13.6,170.2,7.14,0.36,0.27,28.6,1073.2,70.3,31.1,23276.7,39098.0,4784.8,9446.0,9045.9,119.72,0.7707999999999999
Andhra Pradesh,Guntur,Maize,Kharif,2016,27899.5,84061.2,3013.0,228.0,17.5,235.1,7.14,0.55,0.39,30.7,1179.0,79.3,32.9,24173.2,39245.7,3954.7,8108.4,12110.1,105.27,3.013
Punjab,Amritsar,Cotton,Kharif,2015,43430.1,14223.4,327.5,270.0,17.1,257.9,7.71,0.36,0.2,26.8,790.8,65.6,26.9,40785.7,68782.8,7587.4,12510.9,20687.4,100.0,0.3275
Bihar,Rohtas,Jowar,Kharif,2019,40958.9,32619.7,796.4,205.5,19.8,198.1,7.49,0.36,0.85,29.6,1430.1,78.3,36.9,23581.5,38553.1,5466.9,7171.4,10943.2,128.37,0.7964
Bihar,Patna,Wheat,Rabi,2022,39154.0,121765.0,3109.9,253.9,13.0,203.2,7.07,0.36,0.55,21.1,217.6,62.5,13.5,41879.0,69247.1,8036.6,13753.9,20088.5,156.76,3.1099
Punjab,Bathinda,Jowar,Kharif,2020,28760.0,31446.2,1093.4,277.0,23.5,204.4,7.46,0.36,1.0,27.7,707.8,66.5,22.6,27152.9,44864.5,5251.6,8278.1,13623.2,138.02,1.0934000000000001
Maharashtra,Pune,Rice,Kharif,2022,6008.3,13938.7,2319.9,260.8,14.8,242.2,6.84,0.53,0.44,30.2,1038.8,72.5,30.8,55778.5,90280.7,9601.8,20628.6,25548.1,156.76,2.3199
Haryana,Karnal,Groundnut,Kharif,2023,23655.2,23799.5,1006.1,262.7,14.5,192.9,8.25,0.39,0.58,27.8,725.8,64.8,24.5,58181.6,97119.0,10435.5,22953.8,24792.3,166.25,1.0061
Uttar Pradesh,Gorakhpur,Sugarcane,Whole Year,2023,24515.2,1863459.2,76012.4,239.4,16.0,188.7,7.4,0.38,0.75,25.9,1140.3,61.8,20.3,156127.0,250748.8,31682.8,49812.8,74631.4,166.25,76.0124
Uttar Pradesh,Bareilly,Wheat,Rabi,2019,8194.2,32703.9,3991.1,274.7,17.6,220.4,7.76,0.52,0.65,20.6,122.1,55.3,12.3,39937.8,64769.9,9434.3,13011.9,17491.6,128.37,3.9911
Andhra Pradesh,Krishna,Jowar,Kharif,2020,29724.3,24498.8,824.2,172.4,12.6,169.0,6.93,0.55,0.79,30.7,1233.4,76.1,34.7,27061.5,44640.1,5450.2,9550.8,12060.5,138.02,0.8242
Punjab,Bathinda,Wheat,Rabi,2018,36686.7,141152.1,3847.5,301.9,19.4,254.9,8.17,0.41,0.87,19.3,101.4,48.1,11.7,34742.3,57029.5,6812.8,12452.4,15477.1,119.72,3.8475
Tamil Nadu,Coimbatore,Groundnut,Rabi,2017,22296.6,24673.4,1106.6,177.8,12.3,181.3,6.58,0.52,0.43,22.9,134.5,65.5,11.5,39262.5,65156.4,9030.7,13313.3,16918.5,113.54,1.1065999999999998
Tamil Nadu,Erode,Rice,Kharif,2017,14532.5,34193.5,2352.9,222.2,9.0,169.8,6.9,0.42,1.16,31.4,1091.2,82.6,31.5,37066.5,60456.2,8180.7,12558.1,16327.7,113.54,2.3529
Karnataka,Belagavi,Wheat,Rabi,2023,12659.8,45638.6,3605.0,226.2,14.6,211.9,6.99,0.61,0.21,21.4,140.7,62.1,11.4,41490.5,67642.8,9594.8,15899.3,15996.4,166.25,3.605
Madhya Pradesh,Sehore,Bajra,Kharif,2018,28074.8,31222.0,1112.1,323.9,15.6,230.3,7.52,0.56,0.61,28.9,1293.3,67.8,35.3,21059.6,34274.1,4253.4,7324.6,9481.6,119.72,1.1120999999999999
West Bengal,Bardhaman,Rice,Kharif,2018,33382.7,78566.2,2353.5,210.7,22.1,197.1,5.62,0.55,0.13,30.1,1722.0,85.1,38.6,38034.6,61867.9,7097.8,14312.2,16624.6,119.72,2.3535
Madhya Pradesh,Ujjain,Groundnut,Rabi,2018,6949.9,12912.9,1858.0,247.6,17.5,293.4,7.55,0.51,0.5,21.0,190.9,54.6,11.4,39706.7,66205.3,6813.1,12671.0,20222.6,119.72,1.858
Karnataka,Raichur,Jowar,Kharif,2017,19245.1,15451.9,802.9,220.6,12.6,200.8,6.42,0.56,0.31,29.0,843.9,78.0,26.3,19536.8,33035.5,3942.0,6537.8,9057.0,113.54,0.8029
Tamil Nadu,Salem,Maize,Rabi,2023,16024.2,45691.4,2851.4,236.3,12.6,189.7,6.94,0.44,0.18,22.2,176.3,68.5,14.4,39385.3,64444.1,8806.4,14531.5,16047.4,166.25,2.8514
Karnataka,Mysuru,Sugarcane,Whole Year,2018,11291.1,778798.0,68974.5,232.0,12.8,158.8,6.89,0.51,0.63,25.7,1215.9,67.0,20.4,91912.9,154063.2,17372.7,36820.8,37719.4,119.72,68.9745
Tamil Nadu,Coimbatore,Soyabean,Kharif,2023,18984.4,18276.3,962.7,180.4,10.7,226.7,6.6,0.6,1.11,30.6,933.3,79.3,26.8,36027.4,60917.1,6282.6,13785.6,15959.2,166.25,0.9627
Punjab,Patiala,Maize,Kharif,2020,29262.2,69216.8,2365.4,338.9,23.1,209.9,7.48,0.37,0.13,26.5,751.8,66.6,24.6,34479.1,55854.2,7926.7,11194.7,15357.7,138.02,2.3654
West Bengal,Murshidabad,Gram,Rabi,2015,5922.2,4239.1,715.8,226.4,18.8,185.1,6.29,0.62,1.14,22.3,245.4,70.1,13.1,22695.8,37620.5,4505.0,7901.7,10289.1,100.0,0.7158
Bihar,Muzaffarpur,Bajra,Kharif,2021,18623.9,20223.7,1085.9,247.5,12.0,181.7,7.16,0.42,0.61,29.4,1462.8,78.5,37.6,25302.6,41123.1,5278.6,8166.7,11857.3,148.02,1.0859
Uttar Pradesh,Meerut,Gram,Rabi,2015,44850.1,58663.9,1308.0,272.3,14.8,162.3,7.4,0.49,0.65,20.9,116.4,54.9,12.2,22518.8,36500.6,5020.1,9188.9,8309.8,100.0,1.308
Haryana,Hisar,Wheat,Rabi,2017,22002.6,62388.4,2835.5,228.3,17.5,223.1,7.69,0.3,0.7,19.6,60.0,45.7,11.5,30066.8,50547.9,6649.8,11615.0,11802.0,113.54,2.8355
Punjab,Patiala,Wheat,Rabi,2021,11629.4,41197.1,3542.5,293.1,16.5,270.0,7.92,0.38,0.69,19.4,102.1,48.4,13.4,47364.5,79553.5,10332.8,16228.7,20803.0,148.02,3.5425
Bihar,Muzaffarpur,Gram,Rabi,2022,25989.0,31415.5,1208.8,186.4,15.9,149.2,7.58,0.36,0.78,20.9,161.8,62.3,11.9,30302.2,50714.9,7235.6,9465.8,13600.8,156.76,1.2087999999999999
Uttar Pradesh,Meerut,Maize,Kharif,2017,31802.9,66805.2,2100.6,267.8,14.1,175.1,7.73,0.48,1.12,29.4,929.7,69.9,27.0,30597.6,51445.5,6466.9,11081.4,13049.3,113.54,2.1006
Madhya Pradesh,Sehore,Groundnut,Rabi,2021,31339.5,54361.5,1734.6,264.3,12.4,245.2,7.29,0.48,0.82,21.1,170.0,55.2,14.8,47449.6,75998.2,7636.3,16731.4,23081.9,148.02,1.7346
Andhra Pradesh,West Godavari,Maize,Rabi,2022,20425.4,38926.7,1905.8,201.4,16.6,238.7,6.93,0.55,0.19,23.2,122.9,58.1,11.9,39871.1,65185.1,7483.4,14320.8,18066.9,156.76,1.9058
Uttar Pradesh,Bareilly,Wheat,Rabi,2022,15982.9,59307.7,3710.7,249.3,16.9,164.3,7.61,0.34,0.66,20.5,116.3,53.9,11.5,48163.2,81551.2,9584.2,16634.7,21944.3,156.76,3.7106999999999997
Madhya Pradesh,Indore,Gram,Rabi,2017,31899.5,27841.9,872.8,269.1,15.3,277.3,7.42,0.56,0.1,20.7,140.7,53.7,12.6,22043.7,35926.8,3762.3,8522.3,9759.1,113.54,0.8727999999999999
Punjab,Patiala,Cotton,Kharif,2015,10350.8,4032.7,389.6,341.1,21.7,238.2,7.6,0.54,0.68,26.5,567.0,65.1,22.7,40785.7,68782.8,7587.4,12510.9,20687.4,100.0,0.3896
Madhya Pradesh,Ujjain,Rice,Kharif,2017,1032.3,1751.4,1696.6,304.0,11.6,236.7,7.31,0.53,0.79,28.6,1257.7,67.4,32.1,35307.9,59253.2,7898.8,11732.7,15676.4,113.54,1.6965999999999999
Bihar,Gaya,Gram,Rabi,2020,26945.0,26702.5,991.0,223.1,17.2,192.5,7.0,0.38,0.61,20.5,214.0,62.6,15.5,28004.0,45360.6,4723.1,10468.9,12812.0,138.02,0.991
Karnataka,Raichur,Bajra,Kharif,2020,17658.8,24994.3,1415.4,256.0,14.8,177.8,6.3,0.49,0.84,29.0,1100.7,74.5,30.3,21691.4,36405.9,3832.4,9105.8,8753.2,138.02,1.4154
Punjab,Amritsar,Bajra,Kharif,2017,31638.1,53939.8,1704.9,251.1,18.9,224.9,7.9,0.39,0.29,26.5,758.2,67.6,24.1,22810.1,37513.3,4059.3,8560.3,10190.5,113.54,1.7049
Uttar Pradesh,Meerut,Sugarcane,Whole Year,2016,15885.9,1131708.3,71239.8,246.1,14.2,199.8,7.58,0.46,1.05,25.7,1407.9,62.8,21.8,99629.6,167917.7,18826.1,29985.6,50817.9,105.27,71.2398
Uttar Pradesh,Kanpur Dehat,Gram,Rabi,2018,25561.0,30870.0,1207.7,232.5,13.6,170.2,7.14,0.36,0.27,20.7,111.5,56.5,10.2,27323.2,45564.3,6306.1,8220.6,12796.5,119.72,1.2077
Haryana,Karnal,Sugarcane,Whole Year,2017,43314.8,3833728.0,88508.5,282.7,17.5,213.8,7.7,0.48,0.52,25.1,756.1,53.1,15.1,99231.3,165514.9,21592.2,32185.7,45453.4,113.54,88.5085
Haryana,Karnal,Maize,Kharif,2017,7238.7,20932.9,2891.8,282.7,17.5,213.8,7.7,0.48,0.52,28.0,640.6,64.6,20.2,26823.9,44754.5,4471.9,9636.3,12715.7,113.54,2.8918000000000004
Madhya Pradesh,Ujjain,Jowar,Rabi,2015,12505.6,19189.8,1534.5,294.9,17.7,286.0,7.93,0.42,0.89,20.6,148.9,52.7,11.4,18119.6,29334.6,3546.0,6435.9,8137.7,100.0,1.5345
Andhra Pradesh,West Godavari,Jowar,Rabi,2021,27637.2,27908.0,1009.8,201.7,15.9,216.2,7.05,0.52,1.0,22.6,134.7,59.2,13.4,27720.2,46574.6,6238.2,8773.7,12708.3,148.02,1.0098
Bihar,Gaya,Soyabean,Kharif,2018,14967.5,18043.3,1205.5,221.7,14.3,179.1,7.36,0.42,0.18,29.2,1416.1,77.8,37.4,24471.9,39536.9,5666.9,10145.4,8659.6,119.72,1.2055
Uttar Pradesh,Gorakhpur,Cotton,Kharif,2015,13465.4,5857.4,435.0,219.9,17.3,160.0,7.87,0.48,0.89,29.1,971.4,68.9,27.4,39286.0,63880.9,7020.6,15248.8,17016.6,100.0,0.435
Haryana,Karnal,Maize,Rabi,2016,10506.6,33599.1,3197.9,271.9,18.9,220.4,8.0,0.45,0.83,20.0,79.8,48.6,11.6,24413.7,39624.8,4416.8,7624.8,12372.1,105.27,3.1979
Tamil Nadu,Thanjavur,Gram,Rabi,2015,25178.8,32808.0,1303.0,229.9,9.9,185.3,7.11,0.6,0.86,22.8,96.8,62.2,11.3,20224.7,34175.5,3542.6,7773.9,8908.2,100.0,1.303
Andhra Pradesh,Kurnool,Gram,Rabi,2017,41623.5,29336.2,704.8,180.8,15.7,208.5,6.71,0.54,0.98,22.7,171.6,60.3,13.3,24063.8,39417.7,4691.9,7652.1,11719.8,113.54,0.7048
Tamil Nadu,Salem,Bajra,Kharif,2023,32879.5,37121.0,1129.0,236.3,12.6,189.7,6.94,0.44,0.18,31.1,1025.8,79.0,31.5,28389.4,47302.6,6632.1,8767.6,12989.7,166.25,1.129
Tamil Nadu,Erode,Sugarcane,Whole Year,2023,35121.6,2797842.9,79661.6,181.7,13.0,231.4,7.25,0.44,0.25,28.1,1155.1,72.1,19.4,135076.6,216737.4,24000.6,50010.4,61065.6,166.25,79.6616
Tamil Nadu,Coimbatore,Maize,Kharif,2019,32867.6,79960.3,2432.8,187.9,13.8,213.6,6.87,0.46,1.04,30.8,810.9,80.8,27.6,31655.2,53767.2,5584.7,9841.9,16228.6,128.37,2.4328000000000003
West Bengal,Hooghly,Jowar,Kharif,2023,13169.4,14508.7,1101.7,206.4,16.9,157.0,6.28,0.62,0.23,30.3,1459.6,84.8,37.9,33957.2,55993.4,7526.2,10884.8,15546.2,166.25,1.1017000000000001
Punjab,Bathinda,Cotton,Kharif,2020,5447.8,2199.8,403.8,277.0,23.5,204.4,7.46,0.36,1.0,27.7,707.8,66.5,22.6,56984.5,91662.7,10739.0,21748.6,24496.9,138.02,0.4038
Bihar,Patna,Rice,Kharif,2021,27395.6,61481.2,2244.2,245.0,15.4,181.8,7.2,0.49,1.02,29.4,1273.8,79.3,33.3,44915.8,74838.7,8305.3,16424.7,20185.8,148.02,2.2441999999999998
Maharashtra,Kolhapur,Sugarcane,Whole Year,2016,8146.2,627021.2,76971.0,309.2,20.8,246.1,7.18,0.54,0.38,26.8,1237.8,63.3,20.3,100945.4,166848.8,17629.7,37193.2,46122.5,105.27,76.971
Karnataka,Raichur,Groundnut,Kharif,2017,44721.4,66594.6,1489.1,220.6,12.6,200.8,6.42,0.56,0.31,29.0,843.9,78.0,26.3,36077.5,60395.6,7790.6,11516.9,16770.0,113.54,1.4890999999999999
Andhra Pradesh,Krishna,Groundnut,Kharif,2021,30828.2,34845.1,1130.3,190.4,15.4,160.3,7.04,0.37,1.16,30.4,1257.5,77.8,35.1,49213.0,82909.2,8573.0,20144.5,20495.5,148.02,1.1302999999999999
Tamil Nadu,Salem,Bajra,Kharif,2015,36258.0,30710.5,847.0,201.9,11.7,221.3,7.0,0.61,0.12,31.6,962.6,82.1,29.2,18804.0,30967.1,3142.3,7651.9,8009.8,100.0,0.847
Madhya Pradesh,Hoshangabad,Sugarcane,Whole Year,2021,24067.7,1956711.2,81300.3,283.7,17.0,265.1,7.21,0.46,0.51,25.5,1281.2,59.7,20.8,115225.3,191763.6,24568.7,38391.1,52265.5,148.02,81.30030000000001
West Bengal,Bardhaman,Groundnut,Kharif,2015,15735.7,20695.6,1315.2,244.5,18.8,156.8,6.17,0.52,0.21,30.4,1678.2,85.3,39.4,36861.0,60206.8,7344.5,13401.6,16114.9,100.0,1.3152000000000001
Uttar Pradesh,Bareilly,Groundnut,Kharif,2020,31088.3,43187.9,1389.2,268.0,15.2,225.4,7.62,0.41,0.83,28.8,1213.2,71.5,34.8,49076.2,78948.4,8852.8,15937.8,24285.6,138.02,1.3892
Bihar,Rohtas,Rice,Kharif,2017,958.1,2021.4,2109.8,242.8,18.6,207.5,7.38,0.39,0.8,29.2,1235.5,80.0,34.7,35930.9,60591.6,7855.7,12912.7,15162.5,113.54,2.1098000000000003
Punjab,Bathinda,Soyabean,Kharif,2019,16385.4,25277.8,1542.7,295.3,19.8,200.8,8.05,0.55,0.49,27.0,790.5,66.3,25.4,29318.6,47062.1,6548.3,11796.3,10974.0,128.37,1.5427
Madhya Pradesh,Indore,Groundnut,Rabi,2015,18044.9,22493.0,1246.5,268.8,15.7,278.7,7.98,0.45,0.79,21.5,156.0,52.5,13.4,31480.4,52828.4,5352.1,12689.9,13438.4,100.0,1.2465
Uttar Pradesh,Meerut,Groundnut,Kharif,2022,21990.5,35831.3,1629.4,242.5,12.4,216.3,7.62,0.32,0.9,28.7,929.1,70.6,29.3,58451.9,95115.4,11239.7,23964.4,23247.8,156.76,1.6294000000000002
Karnataka,Belagavi,Cotton,Kharif,2017,32280.1,18780.6,581.8,252.6,15.7,210.0,6.22,0.58,0.1,28.2,855.3,76.0,29.2,38982.3,66165.7,7872.3,14307.0,16803.0,113.54,0.5818
Bihar,Muzaffarpur,Sugarcane,Whole Year,2023,13575.6,1225865.8,90299.2,219.0,12.0,148.2,7.3,0.42,0.27,26.2,1510.6,69.1,23.0,139466.3,234996.8,23590.3,51802.7,64073.3,166.25,90.2992
Karnataka,Belagavi,Groundnut,Kharif,2018,22750.0,36554.7,1606.8,225.6,11.5,221.3,6.33,0.59,0.18,29.1,1078.6,75.5,32.1,36927.2,59436.9,8207.8,13629.9,15089.5,119.72,1.6068
West Bengal,Hooghly,Gram,Rabi,2016,9428.9,9709.9,1029.8,176.6,19.4,170.1,5.66,0.61,0.79,21.8,207.3,70.0,14.6,23236.4,37535.9,5208.2,8737.9,9290.3,105.27,1.0298
Maharashtra,Pune,Maize,Rabi,2023,25557.1,59433.0,2325.5,271.4,13.8,239.8,6.94,0.39,0.39,22.0,181.2,58.2,12.0,42972.4,71330.5,9838.4,17398.9,15735.1,166.25,2.3255
Andhra Pradesh,Krishna,Bajra,Kharif,2021,2009.0,2996.4,1491.5,190.4,15.4,160.3,7.04,0.37,1.16,30.4,1257.5,77.8,35.1,25467.3,42160.0,5547.1,9756.6,10163.6,148.02,1.4915
Maharashtra,Nagpur,Cotton,Kharif,2021,39170.7,17415.3,444.6,277.7,15.6,210.6,7.37,0.47,0.86,29.7,1106.1,73.9,32.4,61131.5,101407.9,10678.5,19378.6,31074.4,148.02,0.4446
Tamil Nadu,Salem,Jowar,Rabi,2018,11930.2,16890.8,1415.8,238.1,11.5,209.6,7.2,0.6,1.01,23.0,172.6,66.3,14.6,23797.7,40109.5,4450.1,8878.7,10468.9,119.72,1.4158
Maharashtra,Nagpur,Bajra,Kharif,2023,7784.4,8161.2,1048.4,259.2,17.6,226.8,6.86,0.56,0.99,29.9,1241.0,74.0,35.0,34435.6,56067.8,6618.3,11340.9,16476.4,166.25,1.0484
Andhra Pradesh,West Godavari,Jowar,Rabi,2015,19346.8,18052.5,933.1,228.8,15.8,218.3,7.18,0.42,0.73,23.3,105.9,60.5,11.2,19480.2,31332.2,3758.4,6626.4,9095.4,100.0,0.9331
Karnataka,Belagavi,Groundnut,Kharif,2020,13381.3,20683.5,1545.7,248.6,11.3,169.6,6.26,0.63,0.64,28.9,1113.1,72.9,32.3,43951.8,71155.5,8802.9,18117.8,17031.1,138.02,1.5457
Haryana,Sirsa,Bajra,Kharif,2016,3823.6,4324.9,1131.1,239.7,13.9,217.4,8.04,0.43,0.27,28.1,546.9,62.5,22.6,19152.2,31721.5,3853.4,7492.8,7806.0,105.27,1.1311
Maharashtra,Nagpur,Maize,Rabi,2020,30439.8,56660.6,1861.4,222.3,14.9,234.4,7.34,0.39,0.47,22.6,110.0,56.5,11.4,35591.8,57792.4,7623.6,10893.5,17074.7,138.02,1.8614000000000002
Madhya Pradesh,Indore,Gram,Rabi,2018,1027.9,1242.6,1208.9,268.1,12.3,237.0,7.37,0.41,0.98,20.8,194.3,53.3,12.3,23634.7,38668.4,5539.2,9876.7,8218.8,119.72,1.2089
Bihar,Rohtas,Rice,Kharif,2018,42131.4,99552.3,2362.9,218.5,14.5,175.1,7.01,0.36,1.18,28.5,1298.3,78.7,35.5,35265.0,57488.8,8089.5,14311.4,12864.1,119.72,2.3629000000000002
Punjab,Ludhiana,Rice,Kharif,2023,36417.2,101116.0,2776.6,263.1,20.0,191.6,8.14,0.53,0.55,26.6,719.0,64.3,26.3,58109.8,95537.3,10700.3,18340.8,29068.7,166.25,2.7765999999999997
Madhya Pradesh,Sehore,Groundnut,Kharif,2016,42690.9,83068.0,1945.8,277.9,16.9,235.5,7.82,0.43,0.75,28.7,1160.9,68.8,30.9,34648.0,56434.0,5865.8,13490.0,15292.2,105.27,1.9458
West Bengal,Murshidabad,Groundnut,Kharif,2016,7353.3,13838.9,1882.0,214.1,17.1,183.0,6.26,0.68,0.93,29.6,1660.4,84.3,38.1,37277.6,60304.8,7168.8,14792.0,15316.8,105.27,1.882
West Bengal,Murshidabad,Maize,Kharif,2021,33695.7,85219.8,2529.1,224.7,23.8,191.6,6.24,0.6,0.15,29.9,1723.9,86.5,39.0,38244.8,62780.5,7079.2,15937.1,15228.5,148.02,2.5291
Uttar Pradesh,Bareilly,Maize,Kharif,2017,10325.5,22138.9,2144.1,290.4,14.0,186.3,7.88,0.35,0.53,29.4,1102.0,71.1,32.6,30597.6,51445.5,6466.9,11081.4,13049.3,113.54,2.1441
Punjab,Bathinda,Gram,Rabi,2019,34458.9,33690.5,977.7,295.3,19.8,200.8,8.05,0.55,0.49,18.8,120.3,50.1,13.2,30216.7,51214.4,6242.8,11694.3,12279.6,128.37,0.9777
Karnataka,Belagavi,Maize,Kharif,2023,7419.4,15347.0,2068.5,226.2,14.6,211.9,6.99,0.61,0.21,28.7,1083.3,78.4,32.4,37273.3,61225.7,8252.2,14601.4,14419.7,166.25,2.0685
Karnataka,Mysuru,Bajra,Kharif,2017,4651.4,7705.5,1656.6,227.1,12.4,158.1,6.72,0.61,0.48,28.8,969.9,76.9,31.3,18588.1,30568.7,4430.2,6659.4,7498.5,113.54,1.6565999999999999
Punjab,Bathinda,Maize,Rabi,2022,10992.1,36222.3,3295.3,294.6,18.4,228.1,7.58,0.36,0.58,18.6,100.0,47.3,14.3,40745.0,69032.6,7186.8,14303.2,19255.0,156.76,3.2953
Haryana,Karnal,Rice,Kharif,2017,9162.2,20483.9,2235.7,282.7,17.5,213.8,7.7,0.48,0.52,28.0,640.6,64.6,20.2,35049.2,58692.1,7375.4,11796.2,15877.6,113.54,2.2357
Haryana,Kurukshetra,Wheat,Rabi,2023,42182.6,119739.5,2838.6,260.0,16.2,200.5,8.3,0.34,0.35,20.2,79.0,49.0,14.6,47728.5,81017.9,7763.2,18727.0,21238.3,166.25,2.8386
West Bengal,Hooghly,Maize,Rabi,2017,26054.5,54443.5,2089.6,166.6,17.3,174.6,5.73,0.63,0.56,21.9,238.5,66.9,14.4,26748.8,43674.8,5534.2,8288.6,12926.0,113.54,2.0896
Punjab,Amritsar,Maize,Rabi,2021,25596.6,61042.8,2384.8,305.5,18.0,211.3,7.6,0.53,0.28,18.3,111.3,50.7,10.0,38635.4,64555.8,6865.5,15335.6,16434.3,148.02,2.3848000000000003
Andhra Pradesh,Kurnool,Jowar,Kharif,2023,7397.7,11419.1,1543.6,215.3,14.3,204.9,7.01,0.43,0.8,31.2,1061.6,74.6,31.9,32943.3,54064.8,6996.3,10543.2,15403.8,166.25,1.5435999999999999
West Bengal,Bardhaman,Groundnut,Kharif,2020,42385.6,76128.8,1796.1,209.0,24.8,172.6,5.74,0.63,0.97,30.6,1411.4,85.8,35.1,47658.6,77734.8,11283.4,18106.2,18269.0,138.02,1.7960999999999998
Maharashtra,Kolhapur,Wheat,Rabi,2016,22518.2,63255.9,2809.1,309.2,20.8,246.1,7.18,0.54,0.38,21.7,142.6,57.7,12.9,34319.6,55319.3,8019.2,11681.4,14619.0,105.27,2.8091
Maharashtra,Pune,Rice,Kharif,2023,26170.1,48679.0,1860.1,271.4,13.8,239.8,6.94,0.39,0.39,30.5,998.9,73.0,31.2,61287.2,102527.9,12766.4,19040.1,29480.7,166.25,1.8600999999999999
Uttar Pradesh,Meerut,Sugarcane,Whole Year,2021,10957.5,791495.3,72233.2,260.1,14.0,171.4,7.21,0.33,0.87,25.7,1246.2,61.4,21.2,135992.5,222609.7,24894.7,43210.9,67886.9,148.02,72.2332
Karnataka,Belagavi,Maize,Rabi,2020,14416.8,26777.8,1857.4,248.6,11.3,169.6,6.26,0.63,0.64,20.4,154.2,60.5,15.0,31711.9,53115.0,7081.9,12372.1,12257.9,138.02,1.8574000000000002
West Bengal,Murshidabad,Maize,Kharif,2019,17600.9,43738.2,2485.0,181.6,18.5,167.7,5.64,0.56,0.67,29.6,1493.9,86.5,40.5,31109.7,52323.2,5197.3,10546.9,15365.5,128.37,2.485
Maharashtra,Nagpur,Jowar,Rabi,2021,8727.6,10821.4,1239.9,277.7,15.6,210.6,7.37,0.47,0.86,21.8,176.4,54.5,14.5,31164.8,50529.7,6456.6,12052.9,12655.3,148.02,1.2399
Maharashtra,Nagpur,Groundnut,Kharif,2021,38473.2,74745.7,1942.8,277.7,15.6,210.6,7.37,0.47,0.86,29.7,1106.1,73.9,32.4,57326.1,91835.0,10436.6,17535.9,29353.6,148.02,1.9427999999999999
Punjab,Ludhiana,Sugarcane,Whole Year,2020,25911.4,1875288.3,72373.1,299.0,17.1,217.2,7.67,0.45,0.31,23.8,895.9,56.6,18.2,129852.5,208634.7,26465.5,51509.1,51877.9,138.02,72.37310000000001
Uttar Pradesh,Bareilly,Maize,Rabi,2021,9386.0,24982.7,2661.7,237.2,12.7,186.8,7.21,0.32,0.2,21.2,141.6,53.5,12.4,36739.1,59797.0,6499.5,12775.1,17464.5,148.02,2.6616999999999997
Bihar,Patna,Maize,Kharif,2019,5986.8,15463.3,2582.9,221.8,13.6,152.4,7.11,0.53,0.84,29.0,993.9,76.7,29.1,28524.0,45896.2,6074.1,9059.2,13390.7,128.37,2.5829
Karnataka,Belagavi,Maize,Kharif,2016,43610.4,98132.1,2250.2,231.1,14.3,225.1,6.62,0.61,0.51,28.2,914.4,74.9,30.1,23346.9,39217.3,4528.4,7093.6,11724.9,105.27,2.2502
Madhya Pradesh,Hoshangabad,Cotton,Kharif,2020,37623.8,18751.7,498.4,331.4,13.9,265.0,7.54,0.54,0.84,29.0,1287.1,70.2,32.9,51682.1,85817.6,9824.0,16846.8,25011.3,138.02,0.49839999999999995
Karnataka,Raichur,Groundnut,Rabi,2018,22208.5,39973.1,1799.9,233.2,13.3,200.8,6.9,0.61,1.19,20.8,134.0,59.3,11.4,36927.2,59436.9,8207.8,13629.9,15089.5,119.72,1.7999
Punjab,Bathinda,Maize,Rabi,2020,20575.2,44495.9,2162.6,277.0,23.5,204.4,7.46,0.36,1.0,19.0,106.8,46.5,12.3,34479.1,55854.2,7926.7,11194.7,15357.7,138.02,2.1626
Madhya Pradesh,Ujjain,Sugarcane,Whole Year,2015,36892.1,2091546.0,56693.6,294.9,17.7,286.0,7.93,0.42,0.89,25.8,1446.4,59.2,21.1,78427.8,132822.5,15696.3,25986.6,36744.9,100.0,56.693599999999996
Bihar,Patna,Wheat,Rabi,2018,19003.1,53440.5,2812.2,247.5,15.9,165.1,7.45,0.43,0.16,20.6,187.4,61.8,12.5,31016.0,51912.4,5103.2,11562.9,14349.9,119.72,2.8122
Uttar Pradesh,Gorakhpur,Jowar,Kharif,2020,8756.3,7594.3,867.3,241.1,14.9,178.2,7.26,0.42,0.43,29.0,1213.7,73.2,33.7,27546.8,45956.9,6602.9,8990.6,11953.3,138.02,0.8673
Madhya Pradesh,Hoshangabad,Maize,Kharif,2021,26462.7,66924.2,2529.0,283.7,17.0,265.1,7.21,0.46,0.51,28.3,1072.5,69.3,30.3,34524.7,56934.0,7885.2,11831.2,14808.3,148.02,2.529
Uttar Pradesh,Bareilly,Jowar,Kharif,2015,23269.2,34287.2,1473.5,267.3,15.0,182.9,7.81,0.49,0.26,28.2,1060.3,69.2,31.9,20844.3,35245.2,3410.3,6626.7,10807.3,100.0,1.4735
Haryana,Hisar,Groundnut,Rabi,2023,10817.6,13620.4,1259.1,288.7,15.5,192.4,7.78,0.36,0.79,20.0,72.9,47.9,12.0,58181.6,97119.0,10435.5,22953.8,24792.3,166.25,1.2590999999999999
Madhya Pradesh,Indore,Groundnut,Kharif,2018,14588.6,24701.4,1693.2,268.1,12.3,237.0,7.37,0.41,0.98,28.3,1313.7,67.7,36.8,39706.7,66205.3,6813.1,12671.0,20222.6,119.72,1.6932
Madhya Pradesh,Indore,Wheat,Rabi,2023,14495.2,35294.4,2434.9,246.4,17.4,285.9,7.57,0.54,0.96,21.4,142.9,52.0,14.3,44488.6,72422.0,8899.0,13830.4,21759.2,166.25,2.4349000000000003
Maharashtra,Nagpur,Groundnut,Rabi,2023,17263.5,31920.2,1849.0,259.2,17.6,226.8,6.86,0.56,0.99,21.3,130.1,58.0,8.8,61038.7,103206.0,9886.7,24337.3,26814.7,166.25,1.849
Madhya Pradesh,Indore,Rice,Kharif,2018,1002.7,1921.2,1916.0,268.1,12.3,237.0,7.37,0.41,0.98,28.3,1313.7,67.7,36.8,35789.6,60070.7,6179.4,11114.2,18496.0,119.72,1.916
Bihar,Patna,Rice,Kharif,2016,18078.3,43977.3,2432.6,247.2,13.6,177.0,7.62,0.47,0.4,28.3,1264.7,80.5,33.3,30785.6,51752.4,6290.8,12421.9,12072.9,105.27,2.4326
Maharashtra,Kolhapur,Sugarcane,Whole Year,2017,5428.1,374157.3,68929.7,283.8,19.5,290.9,7.0,0.51,0.34,26.9,1211.4,64.5,20.3,110131.3,180193.2,23908.2,44911.4,41311.7,113.54,68.9297
Uttar Pradesh,Kanpur Dehat,Maize,Kharif,2020,38386.8,143321.0,3733.6,238.2,16.3,169.4,7.66,0.43,0.19,29.8,970.6,69.3,29.5,35956.7,60204.2,6446.2,11045.6,18464.9,138.02,3.7336
Karnataka,Raichur,Rice,Kharif,2021,15719.9,39986.7,2543.7,239.0,10.6,158.5,7.0,0.52,0.15,28.9,848.0,76.6,27.6,41993.5,70008.3,8335.5,15348.0,18310.0,148.02,2.5437
Uttar Pradesh,Kanpur Dehat,Groundnut,Rabi,2021,38727.9,53138.6,1372.1,226.3,15.3,162.5,7.26,0.44,1.0,21.4,159.6,56.3,15.0,55190.1,92238.4,10395.1,19454.7,25340.3,148.02,1.3720999999999999
West Bengal,Bardhaman,Soyabean,Kharif,2021,5743.0,6556.8,1141.7,211.2,20.9,153.8,5.92,0.67,0.49,30.2,1590.8,86.4,37.3,35358.6,57446.7,6145.9,13259.8,15952.9,148.02,1.1417
Punjab,Patiala,Maize,Rabi,2019,36304.2,96939.5,2670.2,306.3,20.9,268.7,7.87,0.4,0.55,18.7,87.2,50.9,11.0,32554.9,53651.4,6882.1,11377.8,14295.0,128.37,2.6702
Tamil Nadu,Coimbatore,Maize,Rabi,2019,39475.9,143948.9,3646.5,187.9,13.8,213.6,6.87,0.46,1.04,22.4,154.6,64.6,11.2,31655.2,53767.2,5584.7,9841.9,16228.6,128.37,3.6465
Andhra Pradesh,West Godavari,Groundnut,Kharif,2023,19670.0,39694.1,2018.0,223.8,18.2,196.0,6.68,0.42,0.51,30.9,1308.4,77.8,34.9,57662.8,94910.6,13400.1,20391.4,23871.3,166.25,2.018
Uttar Pradesh,Gorakhpur,Soyabean,Kharif,2021,33301.7,36891.6,1107.8,230.7,12.5,213.2,7.44,0.36,0.13,29.4,1181.1,71.6,34.6,35320.5,59961.4,8250.5,14120.8,12949.2,148.02,1.1078
West Bengal,Nadia,Sugarcane,Whole Year,2017,33555.2,2453126.7,73107.2,197.8,23.5,200.9,6.37,0.56,0.63,26.7,1876.6,77.1,23.7,97980.1,160514.0,21205.9,30132.0,46642.2,113.54,73.10719999999999
Karnataka,Belagavi,Groundnut,Rabi,2016,28734.2,31193.8,1085.6,231.1,14.3,225.1,6.62,0.61,0.51,21.5,151.9,60.6,13.8,34256.0,56559.2,6542.0,10857.1,16856.9,105.27,1.0856
Madhya Pradesh,Sehore,Groundnut,Kharif,2017,40854.6,72553.7,1775.9,311.8,16.1,222.9,7.97,0.57,0.63,28.8,1197.3,69.9,34.0,36552.2,61299.0,8547.4,12003.4,16001.4,113.54,1.7759
Haryana,Karnal,Sugarcane,Whole Year,2023,35689.2,2671900.5,74865.8,262.7,14.5,192.9,8.25,0.39,0.58,25.2,871.4,54.8,16.3,137288.9,230500.2,25000.9,44032.6,68255.4,166.25,74.86580000000001
Uttar Pradesh,Gorakhpur,Gram,Rabi,2016,2309.1,1587.0,687.3,245.3,12.4,176.7,7.63,0.45,0.53,20.0,122.5,56.1,12.2,23611.0,38659.9,3792.0,9634.1,10184.9,105.27,0.6872999999999999
Tamil Nadu,Erode,Maize,Rabi,2018,29295.5,70241.8,2397.7,182.9,11.7,225.8,6.84,0.57,0.27,23.2,125.9,65.8,13.4,29815.7,48892.2,6662.0,11749.7,11404.0,119.72,2.3977
Madhya Pradesh,Indore,Soyabean,Kharif,2020,17361.5,21957.1,1264.7,253.6,16.1,215.7,7.94,0.46,0.38,29.2,1165.9,68.2,33.3,28223.4,46252.1,6052.3,10348.4,11822.7,138.02,1.2647
Maharashtra,Pune,Groundnut,Kharif,2015,42236.1,75252.1,1781.7,277.9,15.7,269.2,7.57,0.48,0.56,29.5,975.8,71.2,29.9,37627.9,63040.3,7801.0,12553.2,17273.7,100.0,1.7817
Bihar,Patna,Gram,Rabi,2023,5545.0,4738.8,854.6,235.1,13.1,187.1,7.67,0.5,1.01,20.6,175.0,63.7,14.7,34590.7,57862.2,7575.6,14254.2,12760.9,166.25,0.8546
West Bengal,Hooghly,Rice,Kharif,2021,31660.2,85039.3,2686.0,198.5,23.8,160.2,5.86,0.59,0.72,29.9,1813.5,86.5,39.2,47775.0,78465.1,8680.5,16512.6,22581.9,148.02,2.686
West Bengal,Nadia,Groundnut,Rabi,2020,31781.1,58594.8,1843.7,196.1,18.8,179.9,6.39,0.65,1.15,21.8,182.8,69.9,14.4,47658.6,77734.8,11283.4,18106.2,18269.0,138.02,1.8437000000000001
Madhya Pradesh,Hoshangabad,Maize,Kharif,2018,18372.5,57610.6,3135.7,339.1,16.6,283.4,7.29,0.46,1.16,28.7,1259.8,68.8,33.9,27333.3,44827.3,5056.5,8760.7,13516.1,119.72,3.1357
Andhra Pradesh,Kurnool,Maize,Kharif,2020,40217.3,80305.9,1996.8,229.8,12.4,202.3,6.81,0.49,0.8,31.1,1138.0,78.2,33.2,34068.3,57299.2,6336.3,13465.9,14266.1,138.02,1.9968
Bihar,Muzaffarpur,Wheat,Rabi,2017,2458.8,8684.7,3532.1,189.6,15.5,152.5,7.3,0.44,0.95,21.1,142.7,64.4,12.1,32288.5,53468.3,6106.2,11330.9,14851.4,113.54,3.5321
Andhra Pradesh,Guntur,Gram,Rabi,2019,34317.9,38878.7,1132.9,219.5,14.4,214.5,6.65,0.46,0.79,23.5,117.9,61.4,10.8,26983.4,43278.2,6000.1,10538.1,10445.2,128.37,1.1329
Andhra Pradesh,Guntur,Soyabean,Kharif,2021,17361.5,28344.4,1632.6,227.4,18.3,235.4,6.8,0.47,0.99,30.5,1019.9,78.7,32.2,31977.8,51834.9,6799.5,10202.4,14975.9,148.02,1.6325999999999998
Punjab,Amritsar,Groundnut,Kharif,2016,25124.5,37596.3,1496.4,291.9,22.0,220.3,7.79,0.46,0.92,27.2,613.4,66.3,20.9,40714.8,68313.5,8200.5,15463.9,17050.4,105.27,1.4964000000000002
Punjab,Bathinda,Groundnut,Rabi,2017,17720.9,25333.8,1429.6,328.3,17.6,236.2,7.84,0.54,0.21,18.2,68.7,47.4,12.4,39876.9,65300.9,7682.4,15487.5,16707.0,113.54,1.4296
Bihar,Gaya,Wheat,Rabi,2022,44828.0,156539.4,3492.0,227.7,11.8,143.3,6.94,0.46,0.12,20.5,153.7,62.6,12.6,41879.0,69247.1,8036.6,13753.9,20088.5,156.76,3.492
West Bengal,Bardhaman,Jowar,Rabi,2021,16551.2,23828.8,1439.7,211.2,20.9,153.8,5.92,0.67,0.49,22.5,157.3,70.4,12.2,28429.8,47828.8,5988.9,9063.7,13377.2,148.02,1.4397
Madhya Pradesh,Hoshangabad,Bajra,Kharif,2015,10035.2,9736.2,970.2,328.1,15.9,294.8,7.71,0.59,0.39,28.8,1327.2,70.4,37.1,16268.2,27627.8,3400.3,4998.3,7869.6,100.0,0.9702000000000001
Punjab,Patiala,Jowar,Rabi,2018,11327.6,14124.4,1246.9,277.9,21.9,199.8,7.95,0.54,0.13,19.3,99.2,51.6,10.1,25510.8,41994.2,5723.1,8872.4,10915.3,119.72,1.2469000000000001
Karnataka,Raichur,Rice,Kharif,2015,30923.4,67944.9,2197.2,210.2,15.1,162.9,6.49,0.57,0.63,29.5,1065.0,79.2,31.5,29144.5,47554.0,6397.2,9014.1,13733.2,100.0,2.1971999999999996
Tamil Nadu,Salem,Jowar,Kharif,2015,5909.0,6631.7,1122.3,201.9,11.7,221.3,7.0,0.61,0.12,31.6,962.6,82.1,29.2,18763.7,30428.0,3438.4,7357.7,7967.6,100.0,1.1222999999999999
Andhra Pradesh,Krishna,Sugarcane,Whole Year,2015,41995.6,2500283.6,59536.8,185.1,15.3,163.9,7.01,0.38,1.0,28.1,1388.2,66.3,21.8,85654.0,139475.0,15498.2,29931.5,40224.3,100.0,59.5368
Madhya Pradesh,Ujjain,Soyabean,Kharif,2023,4757.9,5708.5,1199.8,313.8,15.6,250.8,7.82,0.54,0.45,29.3,1276.2,68.4,34.1,36322.0,59215.9,7138.6,13598.9,15584.5,166.25,1.1998
Madhya Pradesh,Sehore,Groundnut,Kharif,2021,19864.6,36745.5,1849.8,264.3,12.4,245.2,7.29,0.48,0.82,28.9,1242.0,69.9,35.3,47449.6,75998.2,7636.3,16731.4,23081.9,148.02,1.8497999999999999
Haryana,Karnal,Soyabean,Kharif,2015,38598.5,62321.1,1614.6,254.2,17.0,233.1,7.57,0.4,0.64,27.9,681.5,62.1,23.3,22650.9,37815.0,5047.1,7157.3,10446.5,100.0,1.6145999999999998
Punjab,Patiala,Groundnut,Rabi,2016,15169.2,15974.7,1053.1,318.3,15.6,216.3,8.07,0.51,1.07,18.4,104.8,48.5,13.8,40714.8,68313.5,8200.5,15463.9,17050.4,105.27,1.0531
Madhya Pradesh,Hoshangabad,Jowar,Rabi,2021,22316.1,21079.8,944.6,283.7,17.0,265.1,7.21,0.46,0.51,20.6,181.6,52.2,14.9,26638.1,44446.0,5325.5,9508.2,11804.4,148.02,0.9446
West Bengal,Hooghly,Groundnut,Kharif,2023,27630.0,39621.4,1434.0,206.4,16.9,157.0,6.28,0.62,0.23,30.3,1459.6,84.8,37.9,58722.9,99737.0,10870.2,23286.3,24566.4,166.25,1.434
Bihar,Gaya,Groundnut,Kharif,2019,43376.1,53426.3,1231.7,230.0,15.7,151.3,6.97,0.47,1.12,28.5,1432.2,78.7,36.2,41097.5,67137.2,9263.4,15786.0,16048.1,128.37,1.2317
Bihar,Patna,Groundnut,Kharif,2022,5738.5,6116.1,1065.8,253.9,13.0,203.2,7.07,0.36,0.55,29.1,1605.9,81.2,40.1,49776.1,83367.0,11208.5,20669.0,17898.6,156.76,1.0657999999999999
West Bengal,Hooghly,Jowar,Kharif,2020,28873.1,27706.6,959.6,207.6,21.5,180.3,6.07,0.52,0.98,30.2,1370.5,85.5,34.9,27467.6,45689.4,6406.3,10944.3,10117.0,138.02,0.9596
Bihar,Gaya,Wheat,Rabi,2019,29367.9,99756.9,3396.8,230.0,15.7,151.3,6.97,0.47,1.12,20.6,159.6,62.3,11.4,34669.9,58245.2,6114.5,14020.2,14535.2,128.37,3.3968000000000003
Maharashtra,Kolhapur,Sugarcane,Whole Year,2015,29850.9,1473279.2,49354.6,275.5,18.6,285.5,7.58,0.43,0.86,26.9,1438.8,65.2,23.3,98755.0,165570.7,18510.4,37733.2,42511.4,100.0,49.3546
Madhya Pradesh,Sehore,Soyabean,Kharif,2016,27294.2,41487.2,1520.0,277.9,16.9,235.5,7.82,0.43,0.75,28.7,1160.9,68.8,30.9,22205.9,36242.8,4487.9,7581.3,10136.7,105.27,1.52
Andhra Pradesh,Krishna,Gram,Rabi,2022,43603.9,38048.8,872.6,216.7,16.3,186.0,6.93,0.44,0.93,23.4,175.6,58.7,16.5,32301.0,52820.8,6540.0,10600.3,15160.7,156.76,0.8726
Maharashtra,Nagpur,Bajra,Kharif,2019,44569.0,66822.3,1499.3,294.7,20.3,230.9,7.01,0.57,0.41,29.5,1172.4,72.5,32.3,26560.8,44357.0,4428.3,10781.0,11351.5,128.37,1.4992999999999999
Tamil Nadu,Thanjavur,Rice,Kharif,2015,9388.2,19396.0,2066.0,229.9,9.9,185.3,7.11,0.6,0.86,30.9,1049.7,81.4,32.4,30450.4,49733.7,5638.2,10821.0,13991.2,100.0,2.066
Bihar,Muzaffarpur,Wheat,Rabi,2020,19284.4,60024.6,3112.6,196.7,16.2,178.0,6.96,0.48,1.11,21.1,188.3,62.4,13.9,38533.9,62064.3,6193.1,15291.0,17049.8,138.02,3.1126
Uttar Pradesh,Gorakhpur,Bajra,Kharif,2016,897.4,880.2,980.8,245.3,12.4,176.7,7.63,0.45,0.53,29.3,1082.6,70.1,32.5,19248.8,31785.3,4617.2,7721.6,6910.0,105.27,0.9808
Haryana,Sirsa,Sugarcane,Whole Year,2021,32574.1,1723554.3,52911.8,309.6,17.7,248.2,8.28,0.38,1.14,24.6,871.8,53.3,18.9,122448.4,203926.2,24604.3,39578.0,58266.1,148.02,52.9118
Maharashtra,Nashik,Maize,Kharif,2020,21731.8,70450.1,3241.8,298.5,13.9,220.5,7.33,0.56,1.14,30.2,997.2,76.4,29.0,35591.8,57792.4,7623.6,10893.5,17074.7,138.02,3.2418
Tamil Nadu,Erode,Jowar,Rabi,2023,32157.4,35945.5,1117.8,181.7,13.0,231.4,7.25,0.44,0.25,22.5,141.4,66.9,14.3,31997.7,51818.9,5832.4,11169.2,14996.1,166.25,1.1178
Uttar Pradesh,Gorakhpur,Jowar,Kharif,2016,8945.0,7955.7,889.4,245.3,12.4,176.7,7.63,0.45,0.53,29.3,1082.6,70.1,32.5,20298.8,33656.1,3251.9,6471.9,10575.0,105.27,0.8894
Andhra Pradesh,Kurnool,Jowar,Kharif,2020,27011.2,23896.8,884.7,229.8,12.4,202.3,6.81,0.49,0.8,31.1,1138.0,78.2,33.2,27061.5,44640.1,5450.2,9550.8,12060.5,138.02,0.8847
Uttar Pradesh,Kanpur Dehat,Wheat,Rabi,2018,19976.6,64320.7,3219.8,232.5,13.6,170.2,7.14,0.36,0.27,20.7,111.5,56.5,10.2,37716.1,60378.1,8959.0,13941.6,14815.5,119.72,3.2198
Maharashtra,Pune,Sugarcane,Whole Year,2017,30414.9,2101027.8,69078.9,262.2,17.1,250.7,7.25,0.57,0.41,26.6,1470.8,65.8,21.6,110131.3,180193.2,23908.2,44911.4,41311.7,113.54,69.07889999999999
Tamil Nadu,Thanjavur,Rice,Kharif,2020,32984.0,102511.0,3107.9,193.4,14.7,230.0,6.95,0.53,0.75,31.0,1109.3,80.0,31.0,45577.7,76745.0,8886.3,18112.7,18578.7,138.02,3.1079
Karnataka,Mysuru,Jowar,Rabi,2023,21071.4,17815.9,845.5,222.3,10.7,214.7,6.49,0.54,0.41,20.4,143.2,61.1,11.3,29491.1,48009.1,5319.9,12247.6,11923.6,166.25,0.8455
West Bengal,Hooghly,Jowar,Kharif,2017,18907.0,20786.4,1099.4,166.6,17.3,174.6,5.73,0.63,0.56,30.2,1582.5,84.9,36.1,23223.5,39332.8,5202.6,9503.9,8517.0,113.54,1.0994000000000002
Haryana,Kurukshetra,Gram,Rabi,2021,34478.8,26048.7,755.5,250.6,15.3,164.4,8.16,0.42,0.98,19.4,101.8,45.1,11.5,30594.7,51396.3,7239.9,12479.1,10875.7,148.02,0.7555
Andhra Pradesh,West Godavari,Jowar,Kharif,2017,4571.9,5249.9,1148.3,213.7,14.1,231.8,7.11,0.47,0.71,31.1,1129.4,75.4,32.5,21375.4,35439.8,3653.1,6586.8,11135.5,113.54,1.1482999999999999
Punjab,Ludhiana,Rice,Kharif,2016,30613.1,81369.6,2658.0,266.0,17.5,194.2,7.4,0.42,0.74,26.6,757.2,63.7,26.3,36201.6,60517.9,7034.4,13181.1,15986.1,105.27,2.658
Karnataka,Mysuru,Soyabean,Kharif,2017,36710.2,33035.5,899.9,227.1,12.4,158.1,6.72,0.61,0.48,28.8,969.9,76.9,31.3,23004.9,37674.4,4455.9,7579.8,10969.2,113.54,0.8998999999999999
West Bengal,Murshidabad,Groundnut,Rabi,2018,24055.3,31931.0,1327.4,238.7,24.6,197.7,6.22,0.59,0.72,22.6,230.5,73.7,15.7,42121.8,67556.9,6844.5,17137.7,18139.6,119.72,1.3274000000000001
Tamil Nadu,Thanjavur,Bajra,Kharif,2022,15810.3,18283.0,1156.4,210.5,14.0,212.9,7.25,0.47,0.66,31.2,1210.3,79.0,34.0,28947.3,47958.3,4990.2,10814.0,13143.1,156.76,1.1564
West Bengal,Murshidabad,Wheat,Rabi,2021,8997.9,27214.1,3024.5,224.7,23.8,191.6,6.24,0.6,0.15,21.7,261.1,71.8,17.3,44412.5,72142.7,7712.8,18375.5,18324.2,148.02,3.0245
Andhra Pradesh,West Godavari,Groundnut,Rabi,2022,39880.3,68303.0,1712.7,201.4,16.6,238.7,6.93,0.55,0.19,23.2,122.9,58.1,11.9,53353.4,89870.0,8895.1,19190.9,25267.4,156.76,1.7127000000000001
Bihar,Muzaffarpur,Jowar,Rabi,2019,23153.9,21767.0,940.1,213.3,12.0,148.9,7.31,0.38,0.76,20.5,124.8,62.4,12.4,23581.5,38553.1,5466.9,7171.4,10943.2,128.37,0.9401
Tamil Nadu,Erode,Soyabean,Kharif,2020,39331.4,53667.7,1364.5,219.3,10.5,222.3,6.6,0.55,1.15,30.7,1013.1,80.3,28.3,29381.3,49274.7,5414.7,9727.3,14239.3,138.02,1.3645
Karnataka,Mysuru,Bajra,Kharif,2018,29612.8,41967.3,1417.2,232.0,12.8,158.8,6.89,0.51,0.63,28.7,1033.3,76.3,29.6,19038.9,31781.8,4476.3,5994.7,8567.9,119.72,1.4172
Tamil Nadu,Thanjavur,Jowar,Kharif,2019,2788.7,3222.6,1155.6,203.0,15.3,244.2,6.82,0.51,1.11,31.6,1089.8,79.8,32.6,24471.7,40550.9,5655.3,8191.5,10624.9,128.37,1.1556
Haryana,Sirsa,Bajra,Kharif,2017,7415.8,7510.7,1012.8,243.4,20.7,220.7,7.83,0.44,0.9,28.6,683.0,62.9,24.6,19779.9,32461.5,3471.2,7212.8,9095.9,113.54,1.0128
West Bengal,Hooghly,Maize,Kharif,2020,40552.4,128433.5,3167.1,207.6,21.5,180.3,6.07,0.52,0.98,30.2,1370.5,85.5,34.9,36183.6,61227.5,6413.0,12901.3,16869.3,138.02,3.1671
Maharashtra,Pune,Bajra,Kharif,2019,10873.5,15887.3,1461.1,280.2,14.6,230.8,7.11,0.45,0.51,30.0,1276.6,72.8,35.0,26560.8,44357.0,4428.3,10781.0,11351.5,128.37,1.4610999999999998
Uttar Pradesh,Bareilly,Jowar,Rabi,2022,16901.3,16162.7,956.3,249.3,16.9,164.3,7.61,0.34,0.66,20.5,116.3,53.9,11.5,30149.7,51006.6,6224.4,12374.8,11550.5,156.76,0.9562999999999999
Maharashtra,Pune,Jowar,Rabi,2015,35444.2,38683.8,1091.4,277.9,15.7,269.2,7.57,0.48,0.56,22.1,150.7,58.3,14.6,21820.5,35066.7,4650.9,7809.9,9359.7,100.0,1.0914000000000001
West Bengal,Murshidabad,Groundnut,Kharif,2022,9378.7,14251.9,1519.6,190.7,19.6,163.9,6.08,0.6,0.42,29.9,1830.1,87.6,39.3,53539.1,87555.1,12262.6,19191.3,22085.2,156.76,1.5195999999999998
Haryana,Sirsa,Wheat,Rabi,2020,6370.1,20432.1,3207.5,305.3,19.8,248.0,8.04,0.34,0.96,19.7,122.5,45.0,11.2,39028.9,65892.4,7224.0,13846.1,17958.8,138.02,3.2075
Uttar Pradesh,Meerut,Maize,Rabi,2021,28170.4,81615.3,2897.2,260.1,14.0,171.4,7.21,0.33,0.87,20.5,169.6,55.5,14.0,36739.1,59797.0,6499.5,12775.1,17464.5,148.02,2.8971999999999998
Maharashtra,Pune,Maize,Kharif,2021,18614.9,48307.5,2595.1,258.6,17.1,217.4,7.36,0.52,1.1,29.7,1074.8,74.9,31.6,41350.2,70092.8,9373.8,13066.6,18909.8,148.02,2.5951
Bihar,Patna,Jowar,Kharif,2016,44716.6,57858.8,1293.9,247.2,13.6,177.0,7.62,0.47,0.4,28.3,1264.7,80.5,33.3,19051.6,31815.5,3379.2,7775.7,7896.7,105.27,1.2939
Tamil Nadu,Erode,Maize,Rabi,2020,34709.9,90915.6,2619.3,219.3,10.5,222.3,6.6,0.55,1.15,22.4,166.3,66.0,13.3,32065.5,52961.7,5829.8,12449.1,13786.6,138.02,2.6193
Karnataka,Davanagere,Jowar,Rabi,2020,21493.0,28353.6,1319.2,224.5,12.0,198.5,6.97,0.57,0.94,21.0,121.6,59.3,13.5,23812.6,39245.0,4273.9,9885.3,9653.4,138.02,1.3192000000000002
Tamil Nadu,Coimbatore,Bajra,Kharif,2023,9598.6,14342.2,1494.2,180.4,10.7,226.7,6.6,0.6,1.11,30.6,933.3,79.3,26.8,28389.4,47302.6,6632.1,8767.6,12989.7,166.25,1.4942
Tamil Nadu,Thanjavur,Rice,Kharif,2019,18657.2,41542.1,2226.6,203.0,15.3,244.2,6.82,0.51,1.11,31.6,1089.8,79.8,32.6,43056.1,70734.1,7927.7,14185.0,20943.4,128.37,2.2266
Karnataka,Raichur,Groundnut,Rabi,2023,37287.5,66942.2,1795.3,200.0,11.4,209.5,6.69,0.54,0.49,20.7,141.4,61.2,12.8,50304.3,83857.8,11212.9,15258.7,23832.7,166.25,1.7953
Tamil Nadu,Coimbatore,Wheat,Rabi,2016,5775.5,16437.7,2846.1,175.8,11.8,238.6,6.5,0.57,0.96,22.1,169.4,66.4,15.2,30931.7,50574.9,5358.7,11221.3,14351.7,105.27,2.8461
Madhya Pradesh,Hoshangabad,Groundnut,Rabi,2015,40602.3,45117.3,1111.2,328.1,15.9,294.8,7.71,0.59,0.39,21.1,207.6,51.7,16.0,31480.4,52828.4,5352.1,12689.9,13438.4,100.0,1.1112
Punjab,Patiala,Maize,Rabi,2021,20738.0,63535.0,3063.7,293.1,16.5,270.0,7.92,0.38,0.69,19.4,102.1,48.4,13.4,38635.4,64555.8,6865.5,15335.6,16434.3,148.02,3.0637
Andhra Pradesh,Kurnool,Maize,Rabi,2017,3253.1,10404.4,3198.3,180.8,15.7,208.5,6.71,0.54,0.98,22.7,171.6,60.3,13.3,28187.0,45922.2,5120.0,11432.9,11634.1,113.54,3.1983
Bihar,Patna,Bajra,Kharif,2022,17099.6,14979.2,876.0,253.9,13.0,203.2,7.07,0.36,0.55,29.1,1605.9,81.2,40.1,27987.9,44923.0,4721.7,9470.6,13795.6,156.76,0.876
Maharashtra,Nagpur,Maize,Rabi,2017,40651.2,106941.1,2630.7,273.4,16.4,238.8,7.47,0.48,0.58,21.5,170.7,56.7,12.3,30693.9,50842.5,7236.3,10322.3,13135.3,113.54,2.6307
Madhya Pradesh,Sehore,Cotton,Kharif,2022,32347.4,16500.4,510.1,296.7,16.9,257.7,7.27,0.55,0.54,29.3,1068.0,68.0,33.3,54156.2,89203.2,12047.4,19469.1,22639.7,156.76,0.5101
West Bengal,Nadia,Maize,Rabi,2016,43768.2,104597.2,2389.8,230.7,22.2,153.7,6.1,0.66,0.59,21.7,213.2,69.9,14.9,25328.1,41661.2,5035.2,8646.1,11646.8,105.27,2.3898
Maharashtra,Kolhapur,Maize,Rabi,2018,10598.2,32067.0,3025.7,255.7,18.2,272.8,7.31,0.57,0.28,21.7,143.6,57.6,14.1,32540.7,53327.3,7534.6,11864.4,13141.7,119.72,3.0256999999999996
Maharashtra,Nagpur,Soyabean,Kharif,2017,11220.1,12210.8,1088.3,273.4,16.4,238.8,7.47,0.48,0.58,29.9,1068.7,73.3,30.8,28579.2,46038.1,5240.7,10770.4,12568.1,113.54,1.0883
Punjab,Amritsar,Jowar,Rabi,2022,44951.2,47522.4,1057.2,238.6,20.5,241.3,7.79,0.52,0.16,18.5,111.4,49.2,11.8,32771.7,52850.4,5764.8,10217.0,16789.9,156.76,1.0572000000000001
Tamil Nadu,Salem,Groundnut,Rabi,2020,17713.3,27701.8,1563.9,187.8,12.6,262.6,6.56,0.47,0.4,22.2,140.9,64.7,12.0,45395.0,74386.2,7440.0,14791.0,23164.0,138.02,1.5639
West Bengal,Bardhaman,Maize,Kharif,2019,44339.3,133354.9,3007.6,229.8,19.3,189.0,6.17,0.7,0.3,30.6,1669.8,85.6,39.1,31109.7,52323.2,5197.3,10546.9,15365.5,128.37,3.0076
Maharashtra,Nashik,Soyabean,Kharif,2020,37951.1,32520.3,856.9,298.5,13.9,220.5,7.33,0.56,1.14,30.2,997.2,76.4,29.0,34646.2,57319.0,7613.8,13465.4,13567.0,138.02,0.8569
Tamil Nadu,Salem,Bajra,Kharif,2019,17090.7,21165.1,1238.4,208.9,11.9,194.2,7.17,0.43,0.3,30.8,869.2,80.5,28.3,22299.1,36474.5,3845.6,9358.9,9094.6,128.37,1.2384000000000002
Maharashtra,Kolhapur,Soyabean,Kharif,2022,32647.2,33434.0,1024.1,272.0,17.7,300.1,7.04,0.46,0.33,29.7,1176.8,72.9,33.0,39411.2,63972.7,8464.4,13562.7,17384.1,156.76,1.0241
Punjab,Bathinda,Maize,Kharif,2021,20477.3,53191.8,2597.6,315.9,18.9,245.8,7.42,0.48,0.59,26.9,725.0,65.1,25.3,38635.4,64555.8,6865.5,15335.6,16434.3,148.02,2.5976
Tamil Nadu,Coimbatore,Soyabean,Kharif,2021,29659.8,30451.7,1026.7,191.3,12.3,195.0,7.15,0.53,1.05,30.8,1133.2,81.1,31.8,32184.4,52627.1,6154.0,12708.9,13321.5,148.02,1.0267
West Bengal,Murshidabad,Soyabean,Kharif,2020,22253.0,26076.1,1171.8,190.2,18.6,149.0,5.97,0.67,0.59,30.0,1259.2,85.0,35.8,32732.6,52449.3,5837.5,12158.4,14736.7,138.02,1.1718
Uttar Pradesh,Gorakhpur,Gram,Rabi,2022,7923.0,6085.7,768.1,222.2,16.9,176.4,7.63,0.37,0.82,20.4,130.6,52.7,10.8,33479.1,54506.7,5647.7,11392.6,16438.8,156.76,0.7681
Karnataka,Mysuru,Soyabean,Kharif,2020,7437.0,9679.3,1301.5,221.5,12.3,207.8,6.78,0.58,0.99,29.0,1015.8,75.5,31.6,27090.4,45362.0,6156.7,10431.2,10502.5,138.02,1.3015
Karnataka,Mysuru,Maize,Rabi,2017,24106.4,71282.6,2957.0,227.1,12.4,158.1,6.72,0.61,0.48,20.7,145.0,60.3,10.4,23629.6,40055.8,3790.4,8906.5,10932.7,113.54,2.957
Punjab,Ludhiana,Gram,Rabi,2016,15193.9,14333.9,943.4,266.0,17.5,194.2,7.4,0.42,0.74,18.6,109.6,50.4,12.1,24210.0,40196.0,4880.0,8015.5,11314.5,105.27,0.9434
Maharashtra,Kolhapur,Soyabean,Kharif,2017,13736.5,19216.0,1398.9,283.8,19.5,290.9,7.0,0.51,0.34,29.5,1031.2,75.2,30.5,28579.2,46038.1,5240.7,10770.4,12568.1,113.54,1.3989
Andhra Pradesh,Krishna,Cotton,Kharif,2019,20199.9,7815.3,386.9,222.1,14.8,183.3,7.14,0.47,0.71,30.6,1138.9,76.4,30.9,49383.1,83177.1,8286.1,19218.7,21878.3,128.37,0.38689999999999997
Uttar Pradesh,Bareilly,Rice,Kharif,2021,38579.6,74531.9,1931.9,237.2,12.7,186.8,7.21,0.32,0.2,29.1,1017.4,73.3,30.7,51933.3,83910.7,12326.2,17162.2,22444.9,148.02,1.9319000000000002
Bihar,Gaya,Gram,Rabi,2015,38009.4,31532.6,829.6,197.8,12.9,157.4,7.61,0.54,0.39,20.9,197.0,64.8,14.5,20682.0,34686.2,4785.1,8379.8,7517.1,100.0,0.8296
Bihar,Gaya,Groundnut,Kharif,2020,6440.2,11599.4,1801.1,223.1,17.2,192.5,7.0,0.38,0.61,29.2,1289.4,79.2,36.0,44002.7,71160.4,9100.9,16088.4,18813.4,138.02,1.8011
Punjab,Patiala,Maize,Kharif,2017,13235.6,42405.5,3203.9,306.9,19.0,246.5,8.08,0.41,0.69,27.0,633.5,65.7,21.3,30174.8,50383.1,5903.3,11395.6,12875.9,113.54,3.2039
West Bengal,Bardhaman,Groundnut,Kharif,2016,29082.0,50370.0,1732.0,192.7,22.7,168.2,6.27,0.53,1.09,29.9,1528.8,86.3,38.4,37277.6,60304.8,7168.8,14792.0,15316.8,105.27,1.732
Haryana,Karnal,Maize,Kharif,2021,14964.7,43960.3,2937.6,232.7,14.9,211.0,8.05,0.35,1.15,27.9,634.0,61.4,22.9,34043.4,57526.7,7766.7,11657.6,14619.1,148.02,2.9375999999999998
Punjab,Bathinda,Gram,Rabi,2021,43517.6,33852.3,777.9,315.9,18.9,245.8,7.42,0.48,0.59,18.4,123.8,51.7,10.5,34259.7,56996.2,5979.7,13492.3,14787.7,148.02,0.7778999999999999
Punjab,Amritsar,Gram,Rabi,2018,37023.3,46456.8,1254.8,261.5,21.4,209.1,7.88,0.41,0.21,19.2,116.3,51.2,10.9,27556.9,44781.2,5130.0,11164.3,11262.6,119.72,1.2548
Maharashtra,Kolhapur,Groundnut,Kharif,2017,21066.5,23141.6,1098.5,283.8,19.5,290.9,7.0,0.51,0.34,29.5,1031.2,75.2,30.5,40670.9,67922.2,9758.8,13020.1,17892.0,113.54,1.0985
Uttar Pradesh,Bareilly,Cotton,Kharif,2015,5451.9,2262.5,415.0,267.3,15.0,182.9,7.81,0.49,0.26,28.2,1060.3,69.2,31.9,39286.0,63880.9,7020.6,15248.8,17016.6,100.0,0.415
Andhra Pradesh,Guntur,Maize,Rabi,2020,8411.0,20099.8,2389.7,198.6,13.6,217.5,6.93,0.48,0.91,22.6,114.1,59.4,15.0,34068.3,57299.2,6336.3,13465.9,14266.1,138.02,2.3897
Andhra Pradesh,Kurnool,Maize,Kharif,2015,23505.2,85946.8,3656.5,213.0,12.7,197.7,7.14,0.43,0.37,31.4,1229.7,74.7,34.7,24546.7,39463.2,5380.9,8778.8,10387.0,100.0,3.6565
Tamil Nadu,Thanjavur,Maize,Rabi,2019,40423.0,132268.1,3272.1,203.0,15.3,244.2,6.82,0.51,1.11,23.1,126.7,66.5,12.5,31655.2,53767.2,5584.7,9841.9,16228.6,128.37,3.2721
Bihar,Muzaffarpur,Sugarcane,Whole Year,2020,44208.3,2767700.4,62605.9,196.7,16.2,178.0,6.96,0.48,1.11,26.4,1430.2,70.3,22.0,109967.7,177954.3,24259.4,35768.0,49940.3,138.02,62.6059
West Bengal,Nadia,Wheat,Rabi,2023,31930.2,93022.3,2913.3,215.9,21.4,174.4,6.19,0.61,1.05,22.5,227.3,71.8,13.7,46500.7,74550.3,8995.9,18943.3,18561.5,166.25,2.9133
Karnataka,Davanagere,Cotton,Kharif,2019,40646.4,18872.1,464.3,238.4,15.7,192.4,6.86,0.54,0.49,29.5,925.1,75.6,30.5,46978.0,78761.2,7685.6,17913.0,21379.4,128.37,0.4643
West Bengal,Murshidabad,Rice,Kharif,2022,6926.1,16660.7,2405.5,190.7,19.6,163.9,6.08,0.6,0.42,29.9,1830.1,87.6,39.3,54221.6,90974.8,8765.7,17973.8,27482.1,156.76,2.4055
West Bengal,Nadia,Wheat,Rabi,2022,34251.5,84402.5,2464.2,201.7,23.7,179.7,5.93,0.53,0.29,21.8,244.0,68.4,13.7,43676.1,70422.7,9037.9,15607.8,19030.4,156.76,2.4642
Punjab,Amritsar,Groundnut,Kharif,2018,20100.9,20541.1,1021.9,261.5,21.4,209.1,7.88,0.41,0.21,26.7,567.7,65.2,21.6,42079.2,68204.1,7542.6,13636.5,20900.1,119.72,1.0219
West Bengal,Bardhaman,Cotton,Kharif,2021,14358.7,7581.4,528.0,211.2,20.9,153.8,5.92,0.67,0.49,30.2,1590.8,86.4,37.3,57210.6,91581.7,12273.8,23000.6,21936.2,148.02,0.528
Bihar,Rohtas,Groundnut,Rabi,2018,37914.2,43161.5,1138.4,218.5,14.5,175.1,7.01,0.36,1.18,20.7,199.4,63.5,13.6,38362.1,61919.2,7142.0,14310.4,16909.7,119.72,1.1384
Punjab,Ludhiana,Jowar,Rabi,2022,575.3,872.6,1516.8,296.3,19.4,232.6,7.86,0.5,0.23,18.0,82.1,52.5,10.7,32771.7,52850.4,5764.8,10217.0,16789.9,156.76,1.5168
Tamil Nadu,Thanjavur,Wheat,Rabi,2016,13771.1,33754.3,2451.1,213.5,10.4,223.0,6.59,0.48,0.14,22.8,101.8,63.5,13.2,30931.7,50574.9,5358.7,11221.3,14351.7,105.27,2.4511
Madhya Pradesh,Sehore,Groundnut,Rabi,2018,12150.1,21165.5,1742.0,323.9,15.6,230.3,7.52,0.56,0.61,20.9,157.2,50.8,13.2,39706.7,66205.3,6813.1,12671.0,20222.6,119.72,1.742
Andhra Pradesh,Krishna,Wheat,Rabi,2016,1521.7,4663.7,3064.8,217.6,15.7,180.1,7.18,0.44,0.79,22.7,144.5,60.6,12.4,29812.4,50147.5,5201.1,10618.7,13992.6,105.27,3.0648
Karnataka,Mysuru,Cotton,Kharif,2017,8593.3,3719.2,432.8,227.1,12.4,158.1,6.72,0.61,0.48,28.8,969.9,76.9,31.3,38982.3,66165.7,7872.3,14307.0,16803.0,113.54,0.4328
Bihar,Rohtas,Maize,Kharif,2019,17112.6,35513.8,2075.3,205.5,19.8,198.1,7.49,0.36,0.85,29.6,1430.1,78.3,36.9,28524.0,45896.2,6074.1,9059.2,13390.7,128.37,2.0753000000000004
Maharashtra,Kolhapur,Jowar,Kharif,2015,38345.7,39162.5,1021.3,275.5,18.6,285.5,7.58,0.43,0.86,30.1,1300.5,75.3,36.6,21820.5,35066.7,4650.9,7809.9,9359.7,100.0,1.0212999999999999
Andhra Pradesh,Krishna,Rice,Kharif,2023,19629.4,55411.8,2822.9,203.6,13.2,206.5,7.15,0.42,0.38,31.6,1292.4,80.1,37.9,53857.1,89603.7,10457.7,17732.1,25667.3,166.25,2.8229
Maharashtra,Nagpur,Jowar,Rabi,2018,12680.8,18566.0,1464.1,271.3,14.2,267.0,7.21,0.39,0.63,22.1,189.3,57.8,13.3,25475.6,42447.3,5180.9,9502.5,10792.2,119.72,1.4641
Madhya Pradesh,Ujjain,Maize,Rabi,2018,8359.5,16283.5,1947.9,247.6,17.5,293.4,7.55,0.51,0.5,21.0,190.9,54.6,11.4,27333.3,44827.3,5056.5,8760.7,13516.1,119.72,1.9479000000000002
Karnataka,Belagavi,Cotton,Kharif,2020,30516.2,18395.2,602.8,248.6,11.3,169.6,6.26,0.63,0.64,28.9,1113.1,72.9,32.3,45959.8,74476.2,7706.4,16451.8,21801.6,138.02,0.6028
West Bengal,Hooghly,Groundnut,Rabi,2018,29021.5,49647.1,1710.7,187.7,23.2,153.5,6.3,0.66,0.71,21.8,209.0,70.6,14.0,42121.8,67556.9,6844.5,17137.7,18139.6,119.72,1.7107
Bihar,Patna,Groundnut,Kharif,2018,36557.1,48540.5,1327.8,247.5,15.9,165.1,7.45,0.43,0.16,28.9,1154.9,79.8,30.6,38362.1,61919.2,7142.0,14310.4,16909.7,119.72,1.3277999999999999
Uttar Pradesh,Kanpur Dehat,Soyabean,Kharif,2023,2988.1,2890.4,967.3,234.7,16.5,158.5,7.5,0.5,0.95,29.6,1025.5,70.1,31.7,37825.1,61829.5,6250.3,13127.2,18447.6,166.25,0.9672999999999999
Haryana,Hisar,Rice,Kharif,2016,29630.1,74739.0,2522.4,227.9,19.0,239.8,8.06,0.3,0.65,28.6,703.3,61.4,25.7,33764.9,56353.7,6075.2,12352.3,15337.4,105.27,2.5224
Bihar,Rohtas,Rice,Kharif,2019,31522.3,79871.2,2533.8,205.5,19.8,198.1,7.49,0.36,0.85,29.6,1430.1,78.3,36.9,40757.2,66439.6,7459.3,12300.3,20997.6,128.37,2.5338000000000003
Tamil Nadu,Salem,Jowar,Kharif,2020,4240.1,3830.5,903.4,187.8,12.6,262.6,6.56,0.47,0.4,31.1,1042.3,80.3,30.5,27568.5,46532.1,5318.7,8734.2,13515.6,138.02,0.9034
Tamil Nadu,Erode,Jowar,Kharif,2020,14984.0,18274.5,1219.6,219.3,10.5,222.3,6.6,0.55,1.15,30.7,1013.1,80.3,28.3,27568.5,46532.1,5318.7,8734.2,13515.6,138.02,1.2196
Tamil Nadu,Erode,Cotton,Kharif,2022,42543.2,17055.6,400.9,171.1,12.0,175.0,6.55,0.53,1.14,31.2,952.2,81.1,28.4,60711.4,98785.5,14099.3,20559.0,26053.1,156.76,0.4009
Madhya Pradesh,Hoshangabad,Sugarcane,Whole Year,2017,26099.2,1868081.6,71576.2,284.1,17.4,264.3,7.63,0.45,0.38,26.0,1439.7,62.9,22.7,95342.3,158991.2,15377.9,29990.6,49973.8,113.54,71.5762
West Bengal,Murshidabad,Sugarcane,Whole Year,2023,34309.5,2052061.5,59810.3,190.6,24.0,203.0,6.16,0.53,0.86,26.5,2178.7,75.0,25.1,147779.3,246227.4,34346.2,48464.3,64968.8,166.25,59.810300000000005
Madhya Pradesh,Sehore,Soyabean,Kharif,2021,31016.0,41958.4,1352.8,264.3,12.4,245.2,7.29,0.48,0.82,28.9,1242.0,69.9,35.3,30052.8,49778.1,6726.0,12389.7,10937.1,148.02,1.3528
Andhra Pradesh,Kurnool,Cotton,Kharif,2021,14692.5,6392.7,435.1,206.2,14.8,227.0,7.07,0.45,0.9,31.6,1070.0,75.2,32.7,56912.9,92701.1,11959.0,18244.5,26709.4,148.02,0.43510000000000004
Haryana,Sirsa,Soyabean,Kharif,2023,33459.6,37156.9,1110.5,297.4,18.5,192.6,8.24,0.41,1.07,28.2,703.1,62.0,23.2,35316.1,59693.4,6391.8,14401.7,14522.6,166.25,1.1105
Madhya Pradesh,Indore,Wheat,Rabi,2018,32760.9,97879.7,2987.7,268.1,12.3,237.0,7.37,0.41,0.98,20.8,194.3,53.3,12.3,32559.9,54570.6,6550.9,12929.9,13079.1,119.72,2.9877
Punjab,Bathinda,Wheat,Rabi,2016,43562.5,152277.1,3495.6,271.3,21.0,221.0,7.43,0.43,0.44,18.7,117.8,49.5,14.7,30629.7,51502.4,7083.6,10123.6,13422.5,105.27,3.4956
Punjab,Ludhiana,Jowar,Rabi,2021,17641.2,20329.7,1152.4,228.2,20.3,194.1,8.02,0.39,1.17,18.3,130.7,49.1,10.9,31689.8,52140.6,6285.6,11704.7,13699.5,148.02,1.1524
Andhra Pradesh,Krishna,Wheat,Rabi,2018,8239.2,23396.0,2839.6,200.9,11.5,172.5,6.56,0.38,1.0,21.8,103.6,59.4,12.1,34336.4,58258.1,8139.9,11118.2,15078.3,119.72,2.8396
Uttar Pradesh,Meerut,Sugarcane,Whole Year,2022,38618.2,2324062.6,60180.5,242.5,12.4,216.3,7.62,0.32,0.9,25.9,1082.4,61.7,19.8,140143.4,231487.1,27829.7,46691.2,65622.5,156.76,60.1805
Madhya Pradesh,Sehore,Jowar,Kharif,2016,37648.8,56936.3,1512.3,277.9,16.9,235.5,7.82,0.43,0.75,28.7,1160.9,68.8,30.9,18196.6,30324.6,3086.9,6284.7,8825.0,105.27,1.5123
Haryana,Sirsa,Groundnut,Rabi,2015,565.1,994.9,1760.5,240.7,14.1,218.7,8.04,0.34,0.4,19.8,87.0,48.8,10.9,35383.1,56791.5,6698.7,12375.7,16308.7,100.0,1.7605
Maharashtra,Nashik,Gram,Rabi,2019,13995.1,14540.9,1039.0,237.8,15.9,262.4,7.41,0.44,0.59,21.9,206.2,55.9,13.2,30448.1,51629.9,5995.8,10945.8,13506.5,128.37,1.039
Andhra Pradesh,Krishna,Soyabean,Kharif,2021,18227.0,25122.3,1378.3,190.4,15.4,160.3,7.04,0.37,1.16,30.4,1257.5,77.8,35.1,31977.8,51834.9,6799.5,10202.4,14975.9,148.02,1.3782999999999999
West Bengal,Bardhaman,Wheat,Rabi,2022,20064.0,74192.7,3697.8,243.8,20.6,174.5,6.22,0.68,1.03,21.6,177.6,69.3,14.1,43676.1,70422.7,9037.9,15607.8,19030.4,156.76,3.6978
Madhya Pradesh,Indore,Wheat,Rabi,2020,43647.8,111454.7,2553.5,253.6,16.1,215.7,7.94,0.46,0.38,21.0,173.8,54.8,13.9,36607.2,59691.4,7043.0,13826.1,15738.1,138.02,2.5535
Tamil Nadu,Salem,Sugarcane,Whole Year,2021,30695.7,2146792.8,69937.9,232.3,12.0,199.6,7.05,0.6,0.28,28.0,1411.8,72.4,23.3,132733.8,224344.9,24280.1,49944.4,58509.3,148.02,69.9379
Tamil Nadu,Erode,Groundnut,Rabi,2016,22420.9,25768.3,1149.3,212.3,11.8,179.1,6.93,0.62,1.0,22.6,164.4,65.2,13.2,37518.3,60993.1,7213.1,12125.4,18179.8,105.27,1.1493
Tamil Nadu,Salem,Soyabean,Kharif,2016,41544.7,68943.4,1659.5,191.9,14.6,188.0,7.21,0.46,1.17,30.7,1047.6,81.0,31.0,23131.8,37706.0,4233.8,7916.8,10981.2,105.27,1.6595
Uttar Pradesh,Bareilly,Bajra,Kharif,2018,5536.1,9611.2,1736.1,262.3,13.6,178.8,7.74,0.44,0.92,29.8,1188.5,71.6,32.3,24137.7,40263.4,5003.5,10045.4,9088.8,119.72,1.7361
Haryana,Kurukshetra,Groundnut,Kharif,2020,12489.2,17895.8,1432.9,259.0,13.9,190.7,7.8,0.4,0.39,28.0,701.7,62.9,23.3,49253.6,79118.3,9948.5,16096.5,23208.6,138.02,1.4329
Madhya Pradesh,Ujjain,Sugarcane,Whole Year,2022,31485.2,2163480.3,68714.2,246.6,11.9,227.4,7.39,0.47,0.42,26.3,1331.0,59.1,20.7,128053.3,206018.8,30348.3,52293.1,45411.9,156.76,68.71419999999999
Punjab,Ludhiana,Groundnut,Kharif,2020,11456.6,18355.8,1602.2,299.0,17.1,217.2,7.67,0.45,0.31,27.1,758.1,66.3,25.6,48265.2,80811.4,9243.6,20196.3,18825.3,138.02,1.6022
Punjab,Patiala,Bajra,Kharif,2018,10073.4,12038.7,1195.1,277.9,21.9,199.8,7.95,0.54,0.13,26.6,749.6,65.4,26.7,23105.2,39232.4,5111.8,9310.3,8683.1,119.72,1.1950999999999998
West Bengal,Murshidabad,Groundnut,Kharif,2019,21004.0,41180.4,1960.6,181.6,18.5,167.7,5.64,0.56,0.67,29.6,1493.9,86.5,40.5,47221.8,75945.6,9173.4,19236.7,18811.7,128.37,1.9606
Karnataka,Mysuru,Groundnut,Kharif,2020,36248.6,53640.7,1479.8,221.5,12.3,207.8,6.78,0.58,0.99,29.0,1015.8,75.5,31.6,43951.8,71155.5,8802.9,18117.8,17031.1,138.02,1.4798
Andhra Pradesh,West Godavari,Bajra,Kharif,2023,2583.6,3319.4,1284.8,223.8,18.2,196.0,6.68,0.42,0.51,30.9,1308.4,77.8,34.9,31529.2,51993.4,5347.9,9598.9,16582.4,166.25,1.2848
Uttar Pradesh,Bareilly,Wheat,Rabi,2023,39205.5,114617.3,2923.5,237.3,14.8,208.4,7.43,0.4,0.9,21.3,166.1,54.6,11.0,52375.7,87045.5,12239.9,17010.0,23125.8,166.25,2.9235
Tamil Nadu,Coimbatore,Maize,Kharif,2020,28562.8,82597.9,2891.8,222.6,14.2,212.4,7.24,0.6,0.83,31.5,1277.8,78.8,36.7,32065.5,52961.7,5829.8,12449.1,13786.6,138.02,2.8918000000000004
Bihar,Muzaffarpur,Jowar,Rabi,2022,43359.2,35840.7,826.6,186.4,15.9,149.2,7.58,0.36,0.78,20.9,161.8,62.3,11.9,28295.0,47432.8,4750.0,9760.7,13784.3,156.76,0.8266
Punjab,Amritsar,Groundnut,Rabi,2019,26924.6,31563.7,1172.3,238.3,20.5,241.5,7.7,0.49,0.84,18.1,99.0,52.0,10.6,47252.2,80276.4,8801.8,14560.5,23889.9,128.37,1.1723
Tamil Nadu,Salem,Soyabean,Kharif,2017,9331.6,15310.4,1640.7,217.2,13.4,249.5,7.16,0.5,0.61,31.0,1113.2,81.3,31.4,25938.2,43116.9,4315.3,8111.9,13511.0,113.54,1.6407
Punjab,Ludhiana,Cotton,Kharif,2023,44784.1,23417.6,522.9,263.1,20.0,191.6,8.14,0.53,0.55,26.6,719.0,64.3,26.3,66995.5,110647.6,16034.8,25325.2,25635.5,166.25,0.5229
Punjab,Bathinda,Wheat,Rabi,2020,16601.4,46307.9,2789.4,277.0,23.5,204.4,7.46,0.36,1.0,19.0,106.8,46.5,12.3,42235.7,69573.5,7346.9,14073.6,20815.2,138.02,2.7894
Uttar Pradesh,Bareilly,Groundnut,Rabi,2016,3443.1,7274.9,2112.9,266.3,16.9,206.0,7.87,0.5,0.37,20.9,133.5,55.9,12.8,39000.1,64361.3,7461.5,11975.3,19563.3,105.27,2.1129000000000002
Karnataka,Raichur,Cotton,Kharif,2018,36991.5,18307.1,494.9,233.2,13.3,200.8,6.9,0.61,1.19,28.7,1019.1,75.9,29.4,43452.7,71746.4,9908.5,16388.4,17155.8,119.72,0.49489999999999995
Karnataka,Belagavi,Cotton,Kharif,2016,18543.5,10690.3,576.5,231.1,14.3,225.1,6.62,0.61,0.51,28.2,914.4,74.9,30.1,37934.4,63001.9,8964.8,12087.0,16882.6,105.27,0.5765
Andhra Pradesh,Guntur,Soyabean,Kharif,2018,21488.9,23661.4,1101.1,262.5,12.8,205.2,6.51,0.5,0.6,30.8,1092.5,80.5,31.8,25899.8,43365.2,4227.1,9425.2,12247.5,119.72,1.1011
Maharashtra,Nashik,Cotton,Kharif,2018,36842.7,18811.9,510.6,295.5,19.0,229.1,7.07,0.57,1.09,30.0,1154.5,74.7,32.2,52478.3,85864.7,11974.4,18689.0,21814.9,119.72,0.5106
Andhra Pradesh,Kurnool,Maize,Rabi,2019,32066.4,68686.2,2142.0,212.3,14.3,208.1,7.15,0.38,0.2,23.1,163.9,62.7,12.5,30980.1,49640.5,6270.8,9750.5,14958.8,128.37,2.142
Karnataka,Davanagere,Maize,Rabi,2018,15365.4,31895.5,2075.8,225.4,14.9,202.9,6.89,0.55,0.13,20.6,124.5,59.2,12.9,25398.1,41502.4,5030.9,8102.4,12264.8,119.72,2.0758
Uttar Pradesh,Gorakhpur,Maize,Rabi,2016,16562.8,50950.5,3076.2,245.3,12.4,176.7,7.63,0.45,0.53,20.0,122.5,56.1,12.2,25622.0,43060.4,4874.8,8452.1,12295.1,105.27,3.0761999999999996
Uttar Pradesh,Kanpur Dehat,Cotton,Kharif,2016,1888.1,942.2,499.0,224.9,16.5,157.6,7.61,0.41,0.34,29.7,1226.7,71.6,34.7,44440.4,73344.7,7231.2,13364.5,23844.7,105.27,0.499
Tamil Nadu,Salem,Groundnut,Kharif,2016,17154.5,23726.4,1383.1,191.9,14.6,188.0,7.21,0.46,1.17,30.7,1047.6,81.0,31.0,37518.3,60993.1,7213.1,12125.4,18179.8,105.27,1.3831
Tamil Nadu,Erode,Jowar,Kharif,2016,1366.8,1681.3,1230.1,212.3,11.8,179.1,6.93,0.62,1.0,31.0,1006.2,79.9,30.7,19483.5,32423.3,4340.8,6758.4,8384.3,105.27,1.2301
West Bengal,Nadia,Sugarcane,Whole Year,2021,14290.6,786699.0,55050.1,236.7,21.7,155.4,6.21,0.54,0.18,26.8,1801.8,75.8,23.3,130376.1,215759.0,21334.8,44953.0,64088.3,148.02,55.0501
Uttar Pradesh,Meerut,Soyabean,Kharif,2021,13493.3,17510.3,1297.7,260.1,14.0,171.4,7.21,0.33,0.87,28.6,1040.4,70.4,31.1,35320.5,59961.4,8250.5,14120.8,12949.2,148.02,1.2977
Maharashtra,Kolhapur,Soyabean,Kharif,2019,41032.1,41865.1,1020.3,287.6,18.2,238.3,7.53,0.41,0.39,30.1,1124.2,73.9,33.2,31435.8,52823.7,5432.8,11282.6,14720.4,128.37,1.0203
Karnataka,Mysuru,Soyabean,Kharif,2018,33790.8,43407.7,1284.6,232.0,12.8,158.8,6.89,0.51,0.63,28.7,1033.3,76.3,29.6,23639.0,40001.6,4239.1,9571.3,9828.6,119.72,1.2846
Madhya Pradesh,Indore,Maize,Rabi,2015,31073.8,78327.7,2520.7,268.8,15.7,278.7,7.98,0.45,0.79,21.5,156.0,52.5,13.4,22680.8,38434.5,4141.4,7635.6,10903.8,100.0,2.5206999999999997
Bihar,Gaya,Cotton,Kharif,2016,25473.0,13044.7,512.1,211.8,15.2,191.3,7.26,0.36,0.21,29.4,1468.1,80.6,36.9,38280.7,61504.8,7210.5,11819.6,19250.6,105.27,0.5121
Andhra Pradesh,Kurnool,Groundnut,Kharif,2018,43829.8,67537.3,1540.9,217.1,14.9,192.2,6.55,0.42,0.9,31.5,1165.5,77.2,32.1,42110.3,68898.3,7658.1,12897.1,21555.1,119.72,1.5409000000000002
Madhya Pradesh,Ujjain,Soyabean,Kharif,2022,703.4,658.7,936.5,246.6,11.9,227.4,7.39,0.47,0.42,29.4,1109.2,68.0,31.5,32636.3,53271.4,5733.2,11938.0,14965.1,156.76,0.9365
Madhya Pradesh,Ujjain,Rice,Kharif,2016,8506.3,22230.4,2613.4,283.8,17.2,224.4,7.64,0.42,0.98,28.7,1313.4,67.3,34.7,32690.6,54924.0,5750.8,12183.0,14756.8,105.27,2.6134
Karnataka,Mysuru,Groundnut,Kharif,2018,25388.6,49289.4,1941.4,232.0,12.8,158.8,6.89,0.51,0.63,28.7,1033.3,76.3,29.6,36927.2,59436.9,8207.8,13629.9,15089.5,119.72,1.9414
Andhra Pradesh,Kurnool,Soyabean,Kharif,2019,32138.0,45186.0,1406.0,212.3,14.3,208.1,7.15,0.38,0.2,31.8,1078.8,78.3,32.2,27753.4,46966.3,5274.5,11354.0,11124.9,128.37,1.406
Maharashtra,Pune,Groundnut,Kharif,2017,19748.4,36188.9,1832.5,262.2,17.1,250.7,7.25,0.57,0.41,29.8,1265.4,75.3,35.1,40670.9,67922.2,9758.8,13020.1,17892.0,113.54,1.8325
Tamil Nadu,Coimbatore,Groundnut,Rabi,2019,34649.7,40252.6,1161.7,187.9,13.8,213.6,6.87,0.46,1.04,22.4,154.6,64.6,11.2,46101.4,74374.1,8395.3,15295.2,22410.9,128.37,1.1617
Andhra Pradesh,Guntur,Groundnut,Kharif,2019,14999.1,17484.5,1165.7,219.5,14.4,214.5,6.65,0.46,0.79,30.4,1039.8,78.8,28.6,45277.3,75767.3,9555.5,15391.2,20330.6,128.37,1.1657
Haryana,Hisar,Cotton,Kharif,2015,44670.1,20852.0,466.8,247.4,14.3,200.6,7.72,0.34,1.16,27.9,736.6,62.5,23.1,39535.7,66173.5,6964.5,11877.2,20694.0,100.0,0.4668
Uttar Pradesh,Gorakhpur,Maize,Kharif,2023,18228.9,47869.1,2626.0,239.4,16.0,188.7,7.4,0.38,0.75,29.2,954.3,71.2,30.1,44402.5,71838.9,7836.2,17083.4,19482.9,166.25,2.626
Uttar Pradesh,Kanpur Dehat,Maize,Rabi,2015,4952.0,15594.3,3149.1,235.3,13.7,204.9,7.61,0.41,0.67,21.0,157.1,54.3,12.2,25565.9,41160.6,5722.0,10074.6,9769.3,100.0,3.1491
Madhya Pradesh,Hoshangabad,Rice,Kharif,2017,42661.5,109866.2,2575.3,284.1,17.4,264.3,7.63,0.45,0.38,29.0,1257.2,72.0,35.3,35307.9,59253.2,7898.8,11732.7,15676.4,113.54,2.5753000000000004
West Bengal,Bardhaman,Groundnut,Kharif,2022,27241.7,33414.7,1226.6,243.8,20.6,174.5,6.22,0.68,1.03,30.1,1575.3,87.7,38.8,53539.1,87555.1,12262.6,19191.3,22085.2,156.76,1.2266
Bihar,Gaya,Rice,Kharif,2018,41035.9,119615.5,2914.9,221.7,14.3,179.1,7.36,0.42,0.18,29.2,1416.1,77.8,37.4,35265.0,57488.8,8089.5,14311.4,12864.1,119.72,2.9149000000000003
Haryana,Sirsa,Sugarcane,Whole Year,2020,7790.6,638685.1,81981.5,305.3,19.8,248.0,8.04,0.34,0.96,25.0,675.8,53.4,15.0,113339.5,187805.0,25310.9,40186.6,47842.0,138.02,81.9815
Maharashtra,Pune,Rice,Kharif,2015,40562.8,113721.9,2803.6,277.9,15.7,269.2,7.57,0.48,0.56,29.5,975.8,71.2,29.9,35711.2,60108.0,7294.4,14967.8,13449.0,100.0,2.8036
Madhya Pradesh,Indore,Soyabean,Kharif,2022,39983.1,61817.9,1546.1,259.9,13.3,233.4,7.55,0.57,1.2,28.8,1190.5,68.5,33.9,32636.3,53271.4,5733.2,11938.0,14965.1,156.76,1.5460999999999998
Punjab,Amritsar,Soyabean,Kharif,2017,26379.2,31918.8,1210.0,251.1,18.9,224.9,7.9,0.39,0.29,26.5,758.2,67.6,24.1,27818.1,45839.3,6163.0,11598.8,10056.3,113.54,1.21
Haryana,Kurukshetra,Maize,Kharif,2018,11604.6,22295.9,1921.3,226.3,12.9,223.9,7.92,0.48,0.67,27.8,595.6,64.2,22.4,30025.8,49358.1,5052.2,11834.9,13138.7,119.72,1.9213
Bihar,Rohtas,Soyabean,Kharif,2023,25784.4,29172.5,1131.4,204.6,14.9,167.6,7.33,0.35,0.69,29.0,1195.7,79.1,34.5,34145.0,55726.4,7666.1,14154.6,12324.3,166.25,1.1314000000000002
West Bengal,Hooghly,Gram,Rabi,2022,28027.1,24347.1,868.7,205.7,21.1,178.8,6.03,0.54,1.04,20.9,214.8,70.2,15.9,32925.8,53636.0,5485.5,12359.6,15080.7,156.76,0.8687
Madhya Pradesh,Sehore,Bajra,Kharif,2015,10950.4,20671.1,1887.7,286.0,12.1,275.6,7.97,0.45,0.3,29.3,1106.7,68.6,31.3,16268.2,27627.8,3400.3,4998.3,7869.6,100.0,1.8877000000000002
Haryana,Kurukshetra,Bajra,Kharif,2022,29974.8,46919.6,1565.3,265.4,17.2,228.3,7.8,0.38,0.1,28.1,647.8,64.4,20.5,28085.3,45213.6,6732.3,9566.7,11786.3,156.76,1.5653
Tamil Nadu,Erode,Wheat,Rabi,2021,17559.2,69325.5,3948.1,202.6,11.0,232.8,7.27,0.58,0.34,22.8,166.9,63.3,12.6,39711.3,65813.0,7919.9,15470.3,16321.1,148.02,3.9480999999999997
Maharashtra,Kolhapur,Rice,Kharif,2019,2870.0,8933.2,3112.6,287.6,18.2,238.3,7.53,0.41,0.39,30.1,1124.2,73.9,33.2,46689.9,75758.0,8494.8,17811.9,20383.2,128.37,3.1126
Haryana,Kurukshetra,Groundnut,Rabi,2022,25965.5,54299.1,2091.2,265.4,17.2,228.3,7.8,0.38,0.1,20.0,94.1,47.6,11.1,52655.8,84630.9,10258.9,17029.5,25367.4,156.76,2.0911999999999997
West Bengal,Murshidabad,Wheat,Rabi,2018,42413.7,130184.6,3069.4,238.7,24.6,197.7,6.22,0.59,0.72,22.6,230.5,73.7,15.7,33523.4,55451.0,6045.0,13820.0,13658.4,119.72,3.0694
Bihar,Patna,Bajra,Kharif,2023,22797.9,23187.7,1017.1,235.1,13.1,187.1,7.67,0.5,1.01,28.9,1522.8,78.4,37.6,29759.5,48981.6,6212.9,9241.1,14305.5,166.25,1.0171000000000001
Maharashtra,Nashik,Groundnut,Kharif,2015,39253.7,66707.7,1699.4,230.8,16.2,251.6,7.45,0.53,1.07,29.3,1216.3,71.8,35.0,37627.9,63040.3,7801.0,12553.2,17273.7,100.0,1.6994
Punjab,Ludhiana,Sugarcane,Whole Year,2022,21282.6,1666048.7,78282.2,296.3,19.4,232.6,7.86,0.5,0.23,23.2,701.0,57.2,15.3,137756.2,228175.6,31062.0,57720.1,48974.1,156.76,78.2822
Uttar Pradesh,Kanpur Dehat,Groundnut,Kharif,2017,44678.5,74470.1,1666.8,251.6,15.2,161.9,7.49,0.35,0.98,28.9,1152.1,69.4,30.8,39065.1,62844.0,9361.3,14859.3,14844.5,113.54,1.6668
Maharashtra,Nagpur,Cotton,Kharif,2017,42374.1,21996.4,519.1,273.4,16.4,238.8,7.47,0.48,0.58,29.9,1068.7,73.3,30.8,45548.3,73462.9,8504.0,13916.1,23128.2,113.54,0.5191
Punjab,Ludhiana,Maize,Rabi,2019,12373.7,32169.1,2599.8,234.4,20.9,203.8,7.52,0.51,0.24,18.4,107.9,51.5,13.7,32554.9,53651.4,6882.1,11377.8,14295.0,128.37,2.5998
Haryana,Sirsa,Jowar,Kharif,2018,44224.2,42243.0,955.2,278.3,14.2,242.1,7.67,0.31,0.49,27.7,618.4,63.1,21.0,23419.1,39763.2,4191.3,7900.7,11327.1,119.72,0.9552
Uttar Pradesh,Bareilly,Jowar,Rabi,2017,2134.1,3218.0,1507.9,290.4,14.0,186.3,7.88,0.35,0.53,21.5,173.5,51.8,14.4,22066.0,36104.9,4447.0,9227.6,8391.4,113.54,1.5079
Karnataka,Raichur,Maize,Rabi,2015,41668.5,150431.6,3610.2,210.2,15.1,162.9,6.49,0.57,0.63,20.7,119.9,61.0,10.9,22607.7,37155.5,4035.1,9444.0,9128.6,100.0,3.6102
Uttar Pradesh,Gorakhpur,Soyabean,Kharif,2015,12061.4,11406.5,945.7,219.9,17.3,160.0,7.87,0.48,0.89,29.1,971.4,68.9,27.4,24124.1,39252.1,4176.2,8882.2,11065.7,100.0,0.9457000000000001
Uttar Pradesh,Gorakhpur,Maize,Rabi,2019,35223.8,90842.2,2579.0,223.5,13.7,210.2,7.44,0.46,0.79,21.1,161.1,54.0,13.2,31105.5,51254.1,5750.1,10843.3,14512.1,128.37,2.579
Karnataka,Mysuru,Rice,Kharif,2017,10318.4,22352.7,2166.3,227.1,12.4,158.1,6.72,0.61,0.48,28.8,969.9,76.9,31.3,32065.2,51333.0,7005.6,12735.8,12323.8,113.54,2.1663
Uttar Pradesh,Gorakhpur,Cotton,Kharif,2016,20298.0,11626.7,572.8,245.3,12.4,176.7,7.63,0.45,0.53,29.3,1082.6,70.1,32.5,44440.4,73344.7,7231.2,13364.5,23844.7,105.27,0.5728
Tamil Nadu,Salem,Rice,Kharif,2022,41777.1,134601.6,3221.9,190.4,12.3,257.9,6.55,0.45,0.81,31.0,938.5,79.3,28.4,50056.0,83312.5,11844.0,17301.2,20910.8,156.76,3.2219
Punjab,Ludhiana,Sugarcane,Whole Year,2016,10740.1,574155.0,53459.0,266.0,17.5,194.2,7.4,0.42,0.74,23.8,885.8,56.3,18.3,102095.3,168629.6,21243.8,38967.9,41883.6,105.27,53.459
West Bengal,Bardhaman,Cotton,Kharif,2017,7538.7,2870.7,380.8,233.1,20.8,182.2,6.14,0.52,1.13,29.8,1427.1,85.4,36.6,43272.1,70458.4,8701.9,16370.7,18199.5,113.54,0.3808
Karnataka,Belagavi,Gram,Rabi,2022,10257.9,11733.0,1143.8,264.9,16.9,207.6,6.72,0.52,0.96,20.5,133.7,61.6,11.7,28544.5,48260.1,6620.4,11658.9,10265.2,156.76,1.1438
Karnataka,Belagavi,Soyabean,Kharif,2017,19561.2,21163.3,1081.9,252.6,15.7,210.0,6.22,0.58,0.1,28.2,855.3,76.0,29.2,23004.9,37674.4,4455.9,7579.8,10969.2,113.54,1.0819
Haryana,Sirsa,Rice,Kharif,2019,16923.7,49364.7,2916.9,278.9,18.4,193.6,8.07,0.4,0.28,28.3,479.2,64.1,19.6,39433.0,64192.6,6894.6,15948.6,16589.8,128.37,2.9169
Haryana,Hisar,Gram,Rabi,2017,6696.0,4975.1,743.0,228.3,17.5,223.1,7.69,0.3,0.7,19.6,60.0,45.7,11.5,22700.4,37273.0,3643.7,7803.9,11252.8,113.54,0.743
Haryana,Karnal,Wheat,Rabi,2022,32602.3,101621.4,3117.0,241.6,14.4,225.0,7.62,0.44,0.32,19.4,103.1,47.5,13.0,45969.3,74185.1,7932.1,14025.4,24011.8,156.76,3.117
Andhra Pradesh,Kurnool,Soyabean,Kharif,2022,44742.6,48594.9,1086.1,199.3,16.8,164.1,6.85,0.51,1.1,30.8,1109.1,75.1,33.3,36207.6,60342.6,5906.6,12272.7,18028.3,156.76,1.0860999999999998
Maharashtra,Nashik,Jowar,Kharif,2016,6051.4,6498.6,1073.9,285.9,16.3,250.7,6.84,0.54,0.88,30.8,1211.5,73.6,32.8,21603.5,35767.1,4700.7,7849.7,9053.1,105.27,1.0739
Uttar Pradesh,Bareilly,Wheat,Rabi,2016,26405.9,80508.9,3048.9,266.3,16.9,206.0,7.87,0.5,0.37,20.9,133.5,55.9,12.8,29742.1,49534.7,6229.2,12040.4,11472.5,105.27,3.0489
Maharashtra,Nagpur,Jowar,Kharif,2022,42977.7,53636.2,1248.0,258.7,19.1,237.8,7.58,0.54,0.89,29.9,1029.0,73.3,31.9,32129.8,54085.5,7172.6,10248.9,14708.3,156.76,1.248
Punjab,Ludhiana,Rice,Kharif,2019,29419.9,68245.3,2319.7,234.4,20.9,203.8,7.52,0.51,0.24,26.7,773.7,67.5,25.6,43296.0,71446.8,9514.7,14002.4,19778.9,128.37,2.3196999999999997
Bihar,Gaya,Groundnut,Kharif,2016,13113.4,16087.5,1226.8,211.8,15.2,191.3,7.26,0.36,0.21,29.4,1468.1,80.6,36.9,32893.1,55585.5,5999.8,12816.8,14076.5,105.27,1.2268
Tamil Nadu,Erode,Jowar,Rabi,2018,7193.7,6727.5,935.2,182.9,11.7,225.8,6.84,0.57,0.27,23.2,125.9,65.8,13.4,23797.7,40109.5,4450.1,8878.7,10468.9,119.72,0.9352
Punjab,Bathinda,Gram,Rabi,2023,39764.1,42038.6,1057.2,270.8,21.0,261.6,7.98,0.44,0.36,19.4,95.1,49.1,12.3,38939.6,63509.1,6724.4,14045.0,18170.2,166.25,1.0572000000000001
Tamil Nadu,Thanjavur,Maize,Kharif,2015,34530.7,75266.6,2179.7,229.9,9.9,185.3,7.11,0.6,0.86,30.9,1049.7,81.4,32.4,23499.1,39667.7,4835.4,7928.4,10735.3,100.0,2.1797
Bihar,Patna,Maize,Rabi,2019,21978.6,44616.6,2030.0,221.8,13.6,152.4,7.11,0.53,0.84,20.1,164.7,63.4,10.8,28524.0,45896.2,6074.1,9059.2,13390.7,128.37,2.03
Tamil Nadu,Erode,Wheat,Rabi,2016,5200.9,22700.4,4364.7,212.3,11.8,179.1,6.93,0.62,1.0,22.6,164.4,65.2,13.2,30931.7,50574.9,5358.7,11221.3,14351.7,105.27,4.3647
West Bengal,Bardhaman,Maize,Kharif,2018,27415.8,79599.0,2903.4,210.7,22.1,197.1,5.62,0.55,0.13,30.1,1722.0,85.1,38.6,28440.4,46356.4,5013.7,8739.0,14687.7,119.72,2.9034
Bihar,Rohtas,Bajra,Kharif,2015,10305.2,9342.7,906.6,236.1,15.4,186.2,7.1,0.38,0.89,28.9,1431.3,77.7,37.7,17851.7,29614.9,3274.6,5753.4,8823.7,100.0,0.9066000000000001
Maharashtra,Nashik,Groundnut,Rabi,2022,18389.1,30551.7,1661.4,284.4,14.2,242.7,7.54,0.42,0.79,20.9,146.1,58.9,11.3,60707.7,100593.0,10148.2,20096.1,30463.4,156.76,1.6614
Madhya Pradesh,Hoshangabad,Wheat,Rabi,2016,7330.1,18315.7,2498.7,321.3,18.9,274.0,7.92,0.42,0.9,20.7,186.0,52.3,13.0,27521.2,46287.0,6342.3,8414.1,12764.8,105.27,2.4987
Haryana,Sirsa,Groundnut,Kharif,2020,28210.9,41213.3,1460.9,305.3,19.8,248.0,8.04,0.34,0.96,28.1,541.9,64.8,21.4,49253.6,79118.3,9948.5,16096.5,23208.6,138.02,1.4609
Madhya Pradesh,Ujjain,Gram,Rabi,2019,3420.4,4074.7,1191.3,294.0,14.0,248.0,7.8,0.44,0.43,20.7,186.1,51.8,13.7,26393.7,44698.3,4496.9,10372.5,11524.3,128.37,1.1913
Tamil Nadu,Thanjavur,Cotton,Kharif,2016,13512.4,6968.3,515.7,213.5,10.4,223.0,6.59,0.48,0.14,31.7,1028.9,78.1,31.3,42159.7,68553.0,8554.1,13989.7,19615.9,105.27,0.5157
Bihar,Muzaffarpur,Cotton,Kharif,2021,22680.9,13971.4,616.0,247.5,12.0,181.7,7.16,0.42,0.61,29.4,1462.8,78.5,37.6,56183.7,91620.7,10768.2,22087.9,23327.6,148.02,0.616
Haryana,Kurukshetra,Bajra,Kharif,2017,27250.8,22582.7,828.7,220.4,12.4,190.2,7.96,0.31,0.83,28.1,679.7,60.0,23.1,19779.9,32461.5,3471.2,7212.8,9095.9,113.54,0.8287
Punjab,Patiala,Maize,Rabi,2022,37097.6,110966.3,2991.2,282.2,19.6,216.9,7.53,0.39,0.52,18.3,99.5,50.7,13.2,40745.0,69032.6,7186.8,14303.2,19255.0,156.76,2.9911999999999996
Punjab,Patiala,Gram,Rabi,2016,41624.9,43618.7,1047.9,318.3,15.6,216.3,8.07,0.51,1.07,18.4,104.8,48.5,13.8,24210.0,40196.0,4880.0,8015.5,11314.5,105.27,1.0479
Punjab,Bathinda,Rice,Kharif,2021,15557.3,42966.2,2761.8,315.9,18.9,245.8,7.42,0.48,0.59,26.9,725.0,65.1,25.3,49222.0,83330.1,9098.3,16906.5,23217.2,148.02,2.7618
West Bengal,Hooghly,Sugarcane,Whole Year,2016,31973.2,2536472.3,79331.2,176.6,19.4,170.1,5.66,0.61,0.79,26.6,1800.7,76.4,22.7,90358.1,151615.0,15574.8,27868.7,46914.6,105.27,79.3312
Haryana,Kurukshetra,Sugarcane,Whole Year,2021,30650.3,1985538.7,64780.4,250.6,15.3,164.4,8.16,0.42,0.98,24.8,704.0,51.3,16.2,122448.4,203926.2,24604.3,39578.0,58266.1,148.02,64.7804
Bihar,Patna,Groundnut,Kharif,2021,7118.1,7153.0,1004.9,245.0,15.4,181.8,7.2,0.49,1.02,29.4,1273.8,79.3,33.3,46235.1,76477.0,7855.0,16392.1,21988.0,148.02,1.0049
Karnataka,Raichur,Jowar,Rabi,2015,25262.0,26621.1,1053.8,210.2,15.1,162.9,6.49,0.57,0.63,20.7,119.9,61.0,10.9,17951.2,28772.3,4246.4,7363.8,6341.0,100.0,1.0537999999999998
West Bengal,Murshidabad,Jowar,Rabi,2018,24945.1,23805.1,954.3,238.7,24.6,197.7,6.22,0.59,0.72,22.6,230.5,73.7,15.7,23614.7,39511.8,5265.1,9204.3,9145.3,119.72,0.9542999999999999
Maharashtra,Kolhapur,Soyabean,Kharif,2023,25100.7,34834.8,1387.8,312.4,15.8,290.5,7.07,0.49,1.06,29.7,1123.3,74.3,30.2,39539.6,65542.3,8813.5,12799.9,17926.2,166.25,1.3878
Tamil Nadu,Salem,Wheat,Rabi,2016,33260.7,116894.7,3514.5,191.9,14.6,188.0,7.21,0.46,1.17,23.7,140.9,65.4,10.9,30931.7,50574.9,5358.7,11221.3,14351.7,105.27,3.5145
Karnataka,Raichur,Cotton,Kharif,2015,39642.5,18033.4,454.9,210.2,15.1,162.9,6.49,0.57,0.63,29.5,1065.0,79.2,31.5,32879.4,53281.4,7530.7,10442.5,14906.2,100.0,0.45489999999999997
Haryana,Hisar,Wheat,Rabi,2022,23927.3,85245.8,3562.7,240.1,13.5,231.3,7.99,0.42,0.62,20.2,87.9,49.4,12.6,45969.3,74185.1,7932.1,14025.4,24011.8,156.76,3.5627
West Bengal,Hooghly,Bajra,Kharif,2015,40209.8,53804.7,1338.1,168.8,19.5,158.1,6.39,0.63,1.11,30.0,1605.5,87.2,38.6,17818.9,29541.7,4094.6,5852.8,7871.5,100.0,1.3380999999999998
Maharashtra,Nagpur,Groundnut,Rabi,2015,38196.8,70324.1,1841.1,262.2,17.8,243.1,7.13,0.51,0.45,22.6,171.5,58.5,15.4,37627.9,63040.3,7801.0,12553.2,17273.7,100.0,1.8411
Tamil Nadu,Salem,Cotton,Kharif,2018,22917.6,14394.5,628.1,238.1,11.5,209.6,7.2,0.6,1.01,30.7,892.7,82.5,29.6,46341.3,76791.9,8375.2,19205.2,18760.9,119.72,0.6281
Tamil Nadu,Coimbatore,Groundnut,Kharif,2017,1542.7,1770.2,1147.5,177.8,12.3,181.3,6.58,0.52,0.43,30.6,1010.5,79.4,31.9,39262.5,65156.4,9030.7,13313.3,16918.5,113.54,1.1475
West Bengal,Nadia,Groundnut,Rabi,2019,2463.5,4098.3,1663.6,213.1,26.1,154.4,5.75,0.51,0.88,21.8,249.9,72.4,13.8,47221.8,75945.6,9173.4,19236.7,18811.7,128.37,1.6636
West Bengal,Nadia,Maize,Rabi,2015,23763.7,73643.7,3099.0,212.0,22.7,193.1,5.98,0.64,0.29,21.1,205.3,70.3,14.2,26060.7,42857.4,4974.7,9314.8,11771.2,100.0,3.099
Punjab,Bathinda,Soyabean,Kharif,2022,22639.8,34317.4,1515.8,294.6,18.4,228.1,7.58,0.36,0.58,27.4,823.4,65.4,27.2,36344.3,60765.7,6094.8,12329.5,17920.0,156.76,1.5158
West Bengal,Nadia,Soyabean,Kharif,2023,13737.4,11176.7,813.6,215.9,21.4,174.4,6.19,0.61,1.05,29.5,1818.1,87.2,39.5,39901.6,66788.4,6457.7,16138.6,17305.3,166.25,0.8136
Uttar Pradesh,Gorakhpur,Maize,Kharif,2015,17067.8,51522.6,3018.7,219.9,17.3,160.0,7.87,0.48,0.89,29.1,971.4,68.9,27.4,25565.9,41160.6,5722.0,10074.6,9769.3,100.0,3.0187
Punjab,Patiala,Maize,Kharif,2022,8316.0,18003.3,2164.9,282.2,19.6,216.9,7.53,0.39,0.52,27.0,740.1,67.0,24.0,40745.0,69032.6,7186.8,14303.2,19255.0,156.76,2.1649000000000003
West Bengal,Bardhaman,Wheat,Rabi,2015,30110.4,113952.8,3784.5,244.5,18.8,156.8,6.17,0.52,0.21,21.6,212.9,70.0,14.4,28157.0,46842.6,4763.5,8749.3,14644.2,100.0,3.7845
Tamil Nadu,Coimbatore,Gram,Rabi,2022,21240.4,24158.8,1137.4,224.7,13.1,185.2,6.77,0.44,0.47,22.9,164.9,65.9,14.3,31677.8,51635.0,7247.9,10514.0,13915.9,156.76,1.1374000000000002
West Bengal,Bardhaman,Gram,Rabi,2015,36685.6,41260.3,1124.7,244.5,18.8,156.8,6.17,0.52,0.21,21.6,212.9,70.0,14.4,22695.8,37620.5,4505.0,7901.7,10289.1,100.0,1.1247
Maharashtra,Pune,Jowar,Rabi,2018,20716.4,25516.4,1231.7,223.6,17.0,213.8,7.59,0.56,0.86,21.6,118.3,57.5,10.8,25475.6,42447.3,5180.9,9502.5,10792.2,119.72,1.2317
Karnataka,Raichur,Bajra,Kharif,2017,35188.4,33041.9,939.0,220.6,12.6,200.8,6.42,0.56,0.31,29.0,843.9,78.0,26.3,18588.1,30568.7,4430.2,6659.4,7498.5,113.54,0.939
Haryana,Kurukshetra,Cotton,Kharif,2016,37873.5,14104.1,372.4,216.8,15.0,173.9,7.93,0.46,0.5,28.2,535.2,63.3,21.8,39587.9,66793.3,6876.7,14112.6,18598.6,105.27,0.37239999999999995
Madhya Pradesh,Hoshangabad,Maize,Rabi,2020,19360.5,57299.3,2959.6,331.4,13.9,265.0,7.54,0.54,0.84,20.9,167.4,52.3,13.6,32812.1,54433.0,6583.3,12591.1,13637.7,138.02,2.9596
Haryana,Hisar,Maize,Kharif,2017,25095.2,44581.6,1776.5,228.3,17.5,223.1,7.69,0.3,0.7,28.1,611.0,63.0,22.4,26823.9,44754.5,4471.9,9636.3,12715.7,113.54,1.7765
Karnataka,Davanagere,Maize,Kharif,2016,43174.2,86819.0,2010.9,257.5,12.1,200.0,6.57,0.64,0.59,29.2,1018.4,77.1,29.4,23346.9,39217.3,4528.4,7093.6,11724.9,105.27,2.0109
Madhya Pradesh,Indore,Bajra,Kharif,2016,20527.0,22446.3,1093.5,265.7,15.7,279.7,7.31,0.47,1.13,28.7,1302.7,69.0,35.2,17650.7,28353.6,3541.3,6789.9,7319.5,105.27,1.0935
Madhya Pradesh,Indore,Rice,Kharif,2017,18924.8,42484.3,2244.9,269.1,15.3,277.3,7.42,0.56,0.1,28.8,1116.5,68.7,33.2,35307.9,59253.2,7898.8,11732.7,15676.4,113.54,2.2449
Punjab,Patiala,Wheat,Rabi,2019,40603.8,131897.4,3248.4,306.3,20.9,268.7,7.87,0.4,0.55,18.7,87.2,50.9,11.0,38951.1,64457.0,6621.0,12735.0,19595.1,128.37,3.2484
Tamil Nadu,Salem,Sugarcane,Whole Year,2022,34461.2,2760965.9,80118.1,190.4,12.3,257.9,6.55,0.45,0.81,28.2,1089.2,70.9,18.4,131104.3,214219.1,30954.6,40741.6,59408.1,156.76,80.11810000000001
Punjab,Bathinda,Wheat,Rabi,2015,15334.6,47391.6,3090.5,249.8,19.0,200.8,8.01,0.39,0.88,19.2,88.2,49.3,11.3,31062.8,50992.6,6137.2,11565.3,13360.3,100.0,3.0905
Andhra Pradesh,Kurnool,Rice,Kharif,2020,15706.9,42912.8,2732.1,229.8,12.4,202.3,6.81,0.49,0.8,31.1,1138.0,78.2,33.2,46945.1,76047.1,10257.6,19584.0,17103.5,138.02,2.7321
Haryana,Karnal,Groundnut,Rabi,2017,36407.7,59541.2,1635.4,282.7,17.5,213.8,7.7,0.48,0.52,20.5,82.6,44.5,11.0,36991.9,59418.1,6916.3,12650.4,17425.2,113.54,1.6354000000000002
West Bengal,Murshidabad,Soyabean,Kharif,2019,15724.7,25261.7,1606.5,181.6,18.5,167.7,5.64,0.56,0.67,29.6,1493.9,86.5,40.5,30113.4,50772.6,5902.2,9269.2,14942.0,128.37,1.6065
Tamil Nadu,Erode,Wheat,Rabi,2019,41614.0,107518.1,2583.7,191.9,12.6,197.8,6.65,0.59,0.49,22.9,152.7,63.0,11.4,36269.3,58188.1,5993.6,11219.3,19056.4,128.37,2.5837
Andhra Pradesh,Krishna,Jowar,Kharif,2022,43814.4,51508.2,1175.6,216.7,16.3,186.0,6.93,0.44,0.93,31.6,1063.0,76.9,32.8,28541.3,47717.4,5136.7,10307.5,13097.1,156.76,1.1756
Madhya Pradesh,Hoshangabad,Maize,Rabi,2018,4398.1,13068.5,2971.4,339.1,16.6,283.4,7.29,0.46,1.16,20.8,125.8,53.0,13.5,27333.3,44827.3,5056.5,8760.7,13516.1,119.72,2.9714
Haryana,Hisar,Gram,Rabi,2021,30728.8,25375.8,825.8,226.5,17.3,178.9,8.22,0.45,0.94,20.1,86.8,44.4,12.1,30594.7,51396.3,7239.9,12479.1,10875.7,148.02,0.8258
Andhra Pradesh,West Godavari,Maize,Kharif,2021,28972.8,79382.6,2739.9,201.7,15.9,216.2,7.05,0.52,1.0,30.8,1094.7,75.6,30.3,35769.0,59574.3,5994.4,10914.6,18860.0,148.02,2.7399
Bihar,Muzaffarpur,Soyabean,Kharif,2017,18798.0,19006.7,1011.1,189.6,15.5,152.5,7.3,0.44,0.95,28.1,1165.0,78.0,33.5,24367.0,41267.2,5269.0,7703.1,11394.9,113.54,1.0111
West Bengal,Bardhaman,Sugarcane,Whole Year,2021,23636.3,1830437.6,77441.8,211.2,20.9,153.8,5.92,0.67,0.49,27.4,1828.1,76.6,23.8,130376.1,215759.0,21334.8,44953.0,64088.3,148.02,77.4418
West Bengal,Murshidabad,Gram,Rabi,2016,36417.0,41817.6,1148.3,214.1,17.1,183.0,6.26,0.68,0.93,21.6,243.8,66.9,14.6,23236.4,37535.9,5208.2,8737.9,9290.3,105.27,1.1482999999999999
Maharashtra,Pune,Groundnut,Kharif,2023,28356.8,30166.0,1063.8,271.4,13.8,239.8,6.94,0.39,0.39,30.5,998.9,73.0,31.2,61038.7,103206.0,9886.7,24337.3,26814.7,166.25,1.0637999999999999
Maharashtra,Nagpur,Wheat,Rabi,2023,29175.7,112425.6,3853.4,259.2,17.6,226.8,6.86,0.56,0.99,21.3,130.1,58.0,8.8,51661.3,82725.0,10903.6,19549.0,21208.7,166.25,3.8534
Punjab,Amritsar,Soyabean,Kharif,2023,4973.4,4672.0,939.4,254.1,16.4,214.6,7.54,0.36,0.47,27.0,808.3,67.3,24.8,39491.6,65252.3,9457.3,14832.9,15201.4,166.25,0.9394
Andhra Pradesh,Guntur,Groundnut,Kharif,2016,5881.4,7479.4,1271.7,228.0,17.5,235.1,7.14,0.55,0.39,30.7,1179.0,79.3,32.9,35671.0,57715.7,8249.4,12287.4,15134.2,105.27,1.2717
Karnataka,Davanagere,Soyabean,Kharif,2020,21556.4,26061.7,1209.0,224.5,12.0,198.5,6.97,0.57,0.94,29.1,884.6,75.5,27.2,27090.4,45362.0,6156.7,10431.2,10502.5,138.02,1.209
Madhya Pradesh,Indore,Groundnut,Kharif,2020,4473.3,4945.2,1105.5,253.6,16.1,215.7,7.94,0.46,0.38,29.2,1165.9,68.2,33.3,44826.9,72685.8,8541.2,17728.4,18557.3,138.02,1.1055
West Bengal,Murshidabad,Soyabean,Kharif,2015,6313.9,10066.3,1594.3,226.4,18.8,185.1,6.29,0.62,1.14,30.4,1503.5,87.4,37.5,22050.1,37060.8,4205.1,7704.1,10140.9,100.0,1.5943
Maharashtra,Nashik,Groundnut,Kharif,2022,34031.1,43886.5,1289.6,284.4,14.2,242.7,7.54,0.42,0.79,30.2,1171.4,70.6,35.9,60707.7,100593.0,10148.2,20096.1,30463.4,156.76,1.2895999999999999
Bihar,Muzaffarpur,Bajra,Kharif,2018,3655.6,3626.7,992.1,242.1,12.2,192.7,7.65,0.37,0.19,29.8,1042.9,78.4,29.1,20557.1,34580.6,3344.2,8618.6,8594.3,119.72,0.9921
Uttar Pradesh,Bareilly,Cotton,Kharif,2020,13138.6,7743.9,589.4,268.0,15.2,225.4,7.62,0.41,0.83,28.8,1213.2,71.5,34.8,58322.5,96201.5,9685.8,21023.7,27613.0,138.02,0.5893999999999999
Maharashtra,Kolhapur,Sugarcane,Whole Year,2022,831.2,42671.1,51336.7,272.0,17.7,300.1,7.04,0.46,0.33,26.8,1393.4,63.2,21.6,139907.2,233381.1,32889.5,45978.3,61039.4,156.76,51.3367
Bihar,Gaya,Gram,Rabi,2016,3758.0,3419.0,909.8,211.8,15.2,191.3,7.26,0.36,0.21,20.8,176.3,62.5,14.6,20157.1,32499.0,3946.4,7246.0,8964.7,105.27,0.9097999999999999
Madhya Pradesh,Hoshangabad,Cotton,Kharif,2017,17488.7,7768.5,444.2,284.1,17.4,264.3,7.63,0.45,0.38,29.0,1257.2,72.0,35.3,41852.2,67778.8,7516.5,14349.9,19985.8,113.54,0.4442
Andhra Pradesh,Kurnool,Rice,Kharif,2022,1475.9,3228.5,2187.5,199.3,16.8,164.1,6.85,0.51,1.1,30.8,1109.1,75.1,33.3,50738.2,85377.5,11265.2,21125.6,18347.4,156.76,2.1875
Punjab,Ludhiana,Jowar,Rabi,2020,32920.3,34651.9,1052.6,299.0,17.1,217.2,7.67,0.45,0.31,18.6,118.0,50.3,14.4,27152.9,44864.5,5251.6,8278.1,13623.2,138.02,1.0526
Uttar Pradesh,Gorakhpur,Groundnut,Kharif,2017,28212.5,28647.0,1015.4,265.0,11.7,173.3,7.17,0.38,0.97,28.4,899.8,73.5,29.4,39065.1,62844.0,9361.3,14859.3,14844.5,113.54,1.0154
Uttar Pradesh,Kanpur Dehat,Sugarcane,Whole Year,2019,14921.2,1113360.3,74616.0,254.3,16.9,170.5,7.19,0.43,0.23,26.0,1039.6,61.9,17.9,118290.4,201031.7,28156.6,36419.0,53714.8,128.37,74.616
Uttar Pradesh,Gorakhpur,Jowar,Rabi,2023,3201.2,4327.4,1351.8,239.4,16.0,188.7,7.4,0.38,0.75,20.8,166.3,54.8,13.6,32710.3,54684.9,6423.0,11503.8,14783.5,166.25,1.3518
Punjab,Patiala,Sugarcane,Whole Year,2018,11338.8,660566.7,58257.2,277.9,21.9,199.8,7.95,0.54,0.13,24.0,861.9,57.1,17.3,115515.5,194786.5,27632.7,35937.8,51945.0,119.72,58.2572
Karnataka,Belagavi,Cotton,Kharif,2019,24001.0,12809.3,533.7,218.7,15.1,232.5,6.26,0.57,0.54,28.6,978.0,74.9,29.6,46978.0,78761.2,7685.6,17913.0,21379.4,128.37,0.5337000000000001
Punjab,Amritsar,Bajra,Kharif,2023,28747.9,33686.8,1171.8,254.1,16.4,214.6,7.54,0.36,0.47,27.0,808.3,67.3,24.8,33360.6,54168.5,7366.4,11414.5,14579.7,166.25,1.1718
Punjab,Amritsar,Bajra,Kharif,2020,26096.4,50394.8,1931.1,306.7,21.7,213.6,8.19,0.54,0.75,27.4,795.3,66.3,22.7,25844.1,42673.3,5477.0,8546.1,11821.0,138.02,1.9310999999999998
Punjab,Patiala,Groundnut,Rabi,2018,27218.2,36586.7,1344.2,277.9,21.9,199.8,7.95,0.54,0.13,19.3,99.2,51.6,10.1,42079.2,68204.1,7542.6,13636.5,20900.1,119.72,1.3442
Andhra Pradesh,Guntur,Jowar,Kharif,2018,36752.9,54188.5,1474.4,262.5,12.8,205.2,6.51,0.5,0.6,30.8,1092.5,80.5,31.8,22552.2,37975.7,3661.8,7068.5,11821.9,119.72,1.4744000000000002
Punjab,Bathinda,Jowar,Kharif,2019,42370.2,68177.9,1609.1,295.3,19.8,200.8,8.05,0.55,0.49,27.0,790.5,66.3,25.4,25874.6,43500.1,5395.3,10067.7,10411.6,128.37,1.6091
Andhra Pradesh,Guntur,Sugarcane,Whole Year,2018,23431.5,1612633.2,68823.3,262.5,12.8,205.2,6.51,0.5,0.6,28.1,1247.2,67.7,20.3,98464.2,164146.1,21906.2,35243.1,41314.9,119.72,68.8233
Punjab,Amritsar,Groundnut,Kharif,2019,21758.9,37671.2,1731.3,238.3,20.5,241.5,7.7,0.49,0.84,27.2,686.2,66.1,25.5,47252.2,80276.4,8801.8,14560.5,23889.9,128.37,1.7313
Madhya Pradesh,Sehore,Jowar,Kharif,2017,39523.7,53060.6,1342.5,311.8,16.1,222.9,7.97,0.57,0.63,28.8,1197.3,69.9,34.0,19420.5,32873.3,3413.8,6597.2,9409.5,113.54,1.3425
Karnataka,Belagavi,Rice,Kharif,2015,23615.2,69400.3,2938.8,265.7,14.2,237.4,6.58,0.65,0.19,29.3,1013.6,76.7,30.0,29144.5,47554.0,6397.2,9014.1,13733.2,100.0,2.9388
West Bengal,Murshidabad,Jowar,Rabi,2015,29948.9,28050.1,936.6,226.4,18.8,185.1,6.29,0.62,1.14,22.3,245.4,70.1,13.1,19266.5,31440.9,3639.0,7445.1,8182.4,100.0,0.9366
Andhra Pradesh,Krishna,Cotton,Kharif,2018,10312.7,3822.9,370.7,200.9,11.5,172.5,6.56,0.38,1.0,30.7,1121.5,76.7,31.7,45537.9,75871.3,8176.7,17631.1,19730.1,119.72,0.3707
Madhya Pradesh,Indore,Jowar,Rabi,2017,26833.8,23764.0,885.6,269.1,15.3,277.3,7.42,0.56,0.1,20.7,140.7,53.7,12.6,19420.5,32873.3,3413.8,6597.2,9409.5,113.54,0.8856
Maharashtra,Nagpur,Groundnut,Rabi,2017,10385.3,14267.3,1373.8,273.4,16.4,238.8,7.47,0.48,0.58,21.5,170.7,56.7,12.3,40670.9,67922.2,9758.8,13020.1,17892.0,113.54,1.3738
Uttar Pradesh,Gorakhpur,Rice,Kharif,2016,11547.5,22700.1,1965.8,245.3,12.4,176.7,7.63,0.45,0.53,29.3,1082.6,70.1,32.5,34643.4,55633.7,6871.2,13943.8,13828.4,105.27,1.9658
Haryana,Hisar,Wheat,Rabi,2016,17107.4,61750.9,3609.6,227.9,19.0,239.8,8.06,0.3,0.65,19.8,65.6,47.5,10.9,28336.3,48036.3,6314.9,11784.5,10236.9,105.27,3.6096
Bihar,Rohtas,Sugarcane,Whole Year,2023,14430.8,1276919.4,88485.7,204.6,14.9,167.6,7.33,0.35,0.69,25.8,1433.5,69.6,22.1,139466.3,234996.8,23590.3,51802.7,64073.3,166.25,88.4857
Tamil Nadu,Erode,Bajra,Kharif,2020,12487.6,21027.9,1683.9,219.3,10.5,222.3,6.6,0.55,1.15,30.7,1013.1,80.3,28.3,24714.7,40068.5,4231.5,7760.8,12722.4,138.02,1.6839000000000002
Madhya Pradesh,Hoshangabad,Jowar,Rabi,2022,24824.6,33267.4,1340.1,277.8,16.8,317.1,7.95,0.53,1.04,21.0,185.2,52.8,14.8,29520.6,47464.8,5888.8,9234.3,14397.5,156.76,1.3400999999999998
Tamil Nadu,Erode,Maize,Kharif,2018,7681.4,20961.8,2728.9,182.9,11.7,225.8,6.84,0.57,0.27,31.4,1021.2,82.4,30.4,29815.7,48892.2,6662.0,11749.7,11404.0,119.72,2.7289
Haryana,Hisar,Maize,Rabi,2017,32215.7,72736.6,2257.8,228.3,17.5,223.1,7.69,0.3,0.7,19.6,60.0,45.7,11.5,26823.9,44754.5,4471.9,9636.3,12715.7,113.54,2.2578
Karnataka,Mysuru,Maize,Kharif,2018,23263.6,67043.4,2881.9,232.0,12.8,158.8,6.89,0.51,0.63,28.7,1033.3,76.3,29.6,25398.1,41502.4,5030.9,8102.4,12264.8,119.72,2.8819
Andhra Pradesh,Guntur,Cotton,Kharif,2015,17076.4,7237.0,423.8,220.7,14.6,219.2,6.63,0.45,0.4,31.4,1266.9,74.5,34.9,39766.4,64260.1,8105.6,14423.4,17237.4,100.0,0.4238
West Bengal,Nadia,Groundnut,Kharif,2018,42882.9,82266.6,1918.4,201.8,18.1,174.6,5.83,0.6,1.01,30.8,1837.3,82.7,38.3,42121.8,67556.9,6844.5,17137.7,18139.6,119.72,1.9184
Madhya Pradesh,Sehore,Soyabean,Kharif,2022,33215.2,36739.3,1106.1,296.7,16.9,257.7,7.27,0.55,0.54,29.3,1068.0,68.0,33.3,32636.3,53271.4,5733.2,11938.0,14965.1,156.76,1.1060999999999999
Andhra Pradesh,Krishna,Jowar,Rabi,2015,32475.0,31734.6,977.2,185.1,15.3,163.9,7.01,0.38,1.0,22.6,98.1,61.0,12.7,19480.2,31332.2,3758.4,6626.4,9095.4,100.0,0.9772000000000001
Bihar,Muzaffarpur,Groundnut,Kharif,2016,32045.1,40469.8,1262.9,216.8,14.6,198.9,7.04,0.52,0.71,28.6,1429.1,81.7,38.7,32893.1,55585.5,5999.8,12816.8,14076.5,105.27,1.2629000000000001
Haryana,Kurukshetra,Rice,Kharif,2020,14899.7,27184.5,1824.5,259.0,13.9,190.7,7.8,0.4,0.39,28.0,701.7,62.9,23.3,44135.1,71104.7,7197.7,16414.8,20522.6,138.02,1.8245
Madhya Pradesh,Hoshangabad,Wheat,Rabi,2022,15242.0,54607.5,3582.7,277.8,16.8,317.1,7.95,0.53,1.04,21.0,185.2,52.8,14.8,41130.4,67494.7,8458.8,16873.0,15798.6,156.76,3.5827
Maharashtra,Nashik,Rice,Kharif,2017,36589.2,93269.5,2549.1,243.7,16.7,220.3,7.44,0.47,0.96,30.2,1045.3,71.8,29.0,39967.1,64981.5,7610.3,12180.9,20175.9,113.54,2.5490999999999997
Uttar Pradesh,Bareilly,Gram,Rabi,2017,44429.9,44967.5,1012.1,290.4,14.0,186.3,7.88,0.35,0.53,21.5,173.5,51.8,14.4,26270.6,44122.5,4321.3,9069.4,12879.9,113.54,1.0121
West Bengal,Hooghly,Wheat,Rabi,2023,10110.6,23219.0,2296.5,206.4,16.9,157.0,6.28,0.62,0.23,21.3,275.0,71.3,15.2,46500.7,74550.3,8995.9,18943.3,18561.5,166.25,2.2965
Punjab,Ludhiana,Jowar,Rabi,2017,29045.9,35621.9,1226.4,230.7,19.7,193.9,7.59,0.36,1.2,18.6,75.7,49.6,11.3,23638.9,38470.8,5639.5,9628.4,8371.0,113.54,1.2264000000000002
Madhya Pradesh,Indore,Maize,Rabi,2017,26201.4,69394.4,2648.5,269.1,15.3,277.3,7.42,0.56,0.1,20.7,140.7,53.7,12.6,24678.6,41493.4,5222.3,7647.1,11809.2,113.54,2.6485
Karnataka,Davanagere,Groundnut,Rabi,2021,6914.8,11719.9,1694.9,211.8,12.8,203.9,6.51,0.45,1.05,20.8,105.6,59.1,12.5,46545.1,75934.0,7737.2,14792.1,24015.8,148.02,1.6949
West Bengal,Murshidabad,Gram,Rabi,2020,26186.3,21145.4,807.5,190.2,18.6,149.0,5.97,0.67,0.59,22.0,209.1,68.8,13.1,29073.5,47150.6,5877.8,10464.3,12731.4,138.02,0.8075
Punjab,Bathinda,Groundnut,Rabi,2019,22358.4,26687.0,1193.6,295.3,19.8,200.8,8.05,0.55,0.49,18.8,120.3,50.1,13.2,47252.2,80276.4,8801.8,14560.5,23889.9,128.37,1.1936
Karnataka,Belagavi,Groundnut,Kharif,2015,32287.3,44533.9,1379.3,265.7,14.2,237.4,6.58,0.65,0.19,29.3,1013.6,76.7,30.0,30803.6,51174.8,7009.6,11447.2,12346.8,100.0,1.3793
Maharashtra,Kolhapur,Groundnut,Rabi,2017,2032.8,3078.3,1514.3,283.8,19.5,290.9,7.0,0.51,0.34,22.3,158.3,57.0,13.0,40670.9,67922.2,9758.8,13020.1,17892.0,113.54,1.5143
Uttar Pradesh,Gorakhpur,Sugarcane,Whole Year,2018,1771.4,141326.4,79782.3,261.5,12.3,174.6,7.19,0.45,0.59,26.2,1126.6,59.8,20.8,104075.1,172924.6,20355.0,35067.6,48652.5,119.72,79.7823
Haryana,Sirsa,Gram,Rabi,2021,37845.4,40842.8,1079.2,309.6,17.7,248.2,8.28,0.38,1.14,19.0,77.1,46.4,13.3,30594.7,51396.3,7239.9,12479.1,10875.7,148.02,1.0792
West Bengal,Hooghly,Maize,Kharif,2022,11486.8,28449.4,2476.7,205.7,21.1,178.8,6.03,0.54,1.04,30.1,1615.1,84.7,36.9,40399.5,64735.8,8477.8,16516.9,15404.8,156.76,2.4766999999999997
Madhya Pradesh,Indore,Jowar,Rabi,2022,11088.7,12896.2,1163.0,259.9,13.3,233.4,7.55,0.57,1.2,20.8,183.6,52.9,12.5,29520.6,47464.8,5888.8,9234.3,14397.5,156.76,1.163
Uttar Pradesh,Kanpur Dehat,Groundnut,Rabi,2017,23731.0,27995.5,1179.7,251.6,15.2,161.9,7.49,0.35,0.98,20.2,150.7,55.3,15.2,39065.1,62844.0,9361.3,14859.3,14844.5,113.54,1.1797
West Bengal,Hooghly,Groundnut,Kharif,2019,23966.5,37107.3,1548.3,170.9,18.4,183.9,5.81,0.62,0.32,30.3,1636.8,84.3,36.9,47221.8,75945.6,9173.4,19236.7,18811.7,128.37,1.5483
Maharashtra,Nashik,Maize,Kharif,2021,27284.0,74831.8,2742.7,259.8,19.1,277.4,7.06,0.43,0.39,30.2,1263.8,71.0,32.6,41350.2,70092.8,9373.8,13066.6,18909.8,148.02,2.7426999999999997
Punjab,Bathinda,Wheat,Rabi,2021,42671.2,128700.6,3016.1,315.9,18.9,245.8,7.42,0.48,0.59,18.4,123.8,51.7,10.5,47364.5,79553.5,10332.8,16228.7,20803.0,148.02,3.0161
Uttar Pradesh,Kanpur Dehat,Rice,Kharif,2023,24300.1,65863.0,2710.4,234.7,16.5,158.5,7.5,0.5,0.95,29.6,1025.5,70.1,31.7,56526.6,92984.8,11588.3,17876.9,27061.4,166.25,2.7104
Karnataka,Davanagere,Sugarcane,Whole Year,2019,27750.4,1818736.2,65539.1,238.4,15.7,192.4,6.86,0.54,0.49,26.0,1104.4,65.9,20.4,102663.2,170218.8,18942.1,31938.5,51782.6,128.37,65.5391
Uttar Pradesh,Bareilly,Rice,Kharif,2018,11807.0,35732.7,3026.4,262.3,13.6,178.8,7.74,0.44,0.92,29.8,1188.5,71.6,32.3,41618.3,67016.4,9342.8,14885.2,17390.3,119.72,3.0264
Haryana,Karnal,Groundnut,Rabi,2022,44035.8,69224.3,1572.0,241.6,14.4,225.0,7.62,0.44,0.32,19.4,103.1,47.5,13.0,52655.8,84630.9,10258.9,17029.5,25367.4,156.76,1.572
Tamil Nadu,Erode,Cotton,Kharif,2021,10335.5,4484.6,433.9,202.6,11.0,232.8,7.27,0.58,0.34,31.4,1075.3,81.2,31.9,54151.3,86671.8,8725.3,19044.3,26381.7,148.02,0.43389999999999995
Madhya Pradesh,Ujjain,Wheat,Rabi,2021,22381.6,91520.6,4089.1,269.0,13.1,240.4,7.63,0.42,0.69,20.8,148.2,53.8,14.7,41503.0,68554.6,8829.8,16545.7,16127.5,148.02,4.0891
Haryana,Kurukshetra,Sugarcane,Whole Year,2018,21629.7,1707232.2,78930.0,226.3,12.9,223.9,7.92,0.48,0.67,24.6,719.1,54.3,15.5,106243.7,172715.9,24507.8,42444.3,39291.6,119.72,78.93
Haryana,Kurukshetra,Gram,Rabi,2016,18709.0,20982.1,1121.5,216.8,15.0,173.9,7.93,0.46,0.5,20.0,82.4,47.9,9.0,21654.9,36458.7,4410.9,7112.8,10131.2,105.27,1.1215
Punjab,Amritsar,Rice,Kharif,2020,34767.1,64805.9,1864.0,306.7,21.7,213.6,8.19,0.54,0.75,27.4,795.3,66.3,22.7,49347.9,80986.3,9102.4,19716.2,20529.3,138.02,1.864
Karnataka,Mysuru,Sugarcane,Whole Year,2021,17039.9,1316075.0,77234.9,208.1,12.3,159.6,6.48,0.49,0.9,25.6,1334.2,67.1,21.9,115613.6,191233.4,21165.0,38086.3,56362.3,148.02,77.2349
Karnataka,Davanagere,Jowar,Rabi,2017,16158.1,20774.5,1285.7,208.7,11.8,225.8,6.85,0.48,1.16,20.3,119.0,57.7,12.2,19536.8,33035.5,3942.0,6537.8,9057.0,113.54,1.2857
Maharashtra,Pune,Jowar,Kharif,2018,35967.6,28313.7,787.2,223.6,17.0,213.8,7.59,0.56,0.86,29.7,1246.4,73.0,34.3,25475.6,42447.3,5180.9,9502.5,10792.2,119.72,0.7872
West Bengal,Murshidabad,Cotton,Kharif,2021,42623.9,23750.0,557.2,224.7,23.8,191.6,6.24,0.6,0.15,29.9,1723.9,86.5,39.0,57210.6,91581.7,12273.8,23000.6,21936.2,148.02,0.5572
Maharashtra,Pune,Wheat,Rabi,2019,1535.2,4748.2,3092.9,280.2,14.6,230.8,7.11,0.45,0.51,21.9,150.7,57.8,10.2,38766.8,65814.7,6975.2,15380.1,16411.5,128.37,3.0929
Karnataka,Mysuru,Maize,Kharif,2019,1568.0,3672.1,2341.9,235.2,14.7,207.0,6.49,0.62,0.27,28.4,839.1,73.0,24.5,29197.7,48704.7,4896.6,11345.2,12955.9,128.37,2.3419
Tamil Nadu,Erode,Jowar,Rabi,2021,13468.2,11484.3,852.7,202.6,11.0,232.8,7.27,0.58,0.34,22.8,166.9,63.3,12.6,28668.5,46856.6,6704.3,9469.9,12494.3,148.02,0.8527
Andhra Pradesh,Krishna,Bajra,Kharif,2019,1219.4,1364.1,1118.7,222.1,14.8,183.3,7.14,0.47,0.71,30.6,1138.9,76.4,30.9,24087.6,40862.0,5350.5,8383.3,10353.8,128.37,1.1187
Karnataka,Belagavi,Maize,Kharif,2019,25043.6,78311.3,3127.0,218.7,15.1,232.5,6.26,0.57,0.54,28.6,978.0,74.9,29.6,29197.7,48704.7,4896.6,11345.2,12955.9,128.37,3.127
Haryana,Hisar,Cotton,Kharif,2022,25185.9,10192.7,404.7,240.1,13.5,231.3,7.99,0.42,0.62,28.2,668.1,62.9,22.8,61447.9,103910.2,10134.3,25331.8,25981.8,156.76,0.4047
Maharashtra,Nashik,Gram,Rabi,2022,36951.1,32321.1,874.7,284.4,14.2,242.7,7.54,0.42,0.79,20.9,146.1,58.9,11.3,37196.9,62380.2,8838.9,14008.4,14349.6,156.76,0.8747
Haryana,Sirsa,Groundnut,Kharif,2021,34881.3,44829.4,1285.2,309.6,17.7,248.2,8.28,0.38,1.14,28.2,760.9,62.5,27.6,48481.8,79445.5,10952.0,15579.6,21950.2,148.02,1.2852000000000001
Uttar Pradesh,Gorakhpur,Maize,Kharif,2020,7154.9,20526.7,2868.9,241.1,14.9,178.2,7.26,0.42,0.43,29.0,1213.7,73.2,33.7,35956.7,60204.2,6446.2,11045.6,18464.9,138.02,2.8689
Madhya Pradesh,Hoshangabad,Maize,Kharif,2022,1503.4,4057.8,2699.1,277.8,16.8,317.1,7.95,0.53,1.04,28.9,1004.8,70.4,30.4,37535.4,61369.5,7352.5,15549.1,14633.8,156.76,2.6991
Bihar,Gaya,Groundnut,Rabi,2018,43116.7,88600.5,2054.9,221.7,14.3,179.1,7.36,0.42,0.18,21.2,204.3,60.4,12.9,38362.1,61919.2,7142.0,14310.4,16909.7,119.72,2.0549
Bihar,Gaya,Bajra,Kharif,2015,43249.1,57222.9,1323.1,197.8,12.9,157.4,7.61,0.54,0.39,28.3,1281.3,79.2,33.4,17851.7,29614.9,3274.6,5753.4,8823.7,100.0,1.3231
Uttar Pradesh,Kanpur Dehat,Bajra,Kharif,2023,31952.2,36422.3,1139.9,234.7,16.5,158.5,7.5,0.5,0.95,29.6,1025.5,70.1,31.7,32916.3,55213.2,6683.4,11454.7,14778.2,166.25,1.1399000000000001
Maharashtra,Pune,Wheat,Rabi,2018,27505.0,75402.2,2741.4,223.6,17.0,213.8,7.59,0.56,0.86,21.6,118.3,57.5,10.8,36010.7,60532.9,8292.5,10994.6,16723.6,119.72,2.7414
Punjab,Patiala,Rice,Kharif,2022,13554.9,27932.6,2060.7,282.2,19.6,216.9,7.53,0.39,0.52,27.0,740.1,67.0,24.0,52700.4,86788.6,11983.1,17208.2,23509.1,156.76,2.0606999999999998
Tamil Nadu,Thanjavur,Jowar,Rabi,2015,41201.3,54567.0,1324.4,229.9,9.9,185.3,7.11,0.6,0.86,22.8,96.8,62.2,11.3,18763.7,30428.0,3438.4,7357.7,7967.6,100.0,1.3244
Bihar,Rohtas,Wheat,Rabi,2021,42626.9,141384.9,3316.8,240.7,16.6,195.4,6.97,0.41,0.88,21.7,204.7,63.5,15.6,39920.7,65649.8,6880.0,16614.9,16425.8,148.02,3.3168
Karnataka,Davanagere,Sugarcane,Whole Year,2017,40015.8,2548318.2,63682.8,208.7,11.8,225.8,6.85,0.48,1.16,25.8,1099.0,65.3,19.8,84683.3,136962.4,17220.1,32429.4,35033.8,113.54,63.6828
Uttar Pradesh,Bareilly,Maize,Kharif,2023,22209.8,59469.0,2677.6,237.3,14.8,208.4,7.43,0.4,0.9,28.1,976.1,72.5,29.5,44402.5,71838.9,7836.2,17083.4,19482.9,166.25,2.6776
Maharashtra,Kolhapur,Maize,Kharif,2023,879.8,2274.5,2585.3,312.4,15.8,290.5,7.07,0.49,1.06,29.7,1123.3,74.3,30.2,42972.4,71330.5,9838.4,17398.9,15735.1,166.25,2.5853
Madhya Pradesh,Ujjain,Groundnut,Kharif,2019,13185.4,17660.5,1339.4,294.0,14.0,248.0,7.8,0.44,0.43,29.9,1281.0,70.9,36.2,42995.9,71682.4,8727.9,15056.3,19211.7,128.37,1.3394000000000001
Bihar,Muzaffarpur,Rice,Kharif,2023,24693.3,46295.0,1874.8,219.0,12.0,148.2,7.3,0.42,0.27,29.6,1279.2,77.6,34.6,50273.2,81355.0,11250.4,16184.6,22838.2,166.25,1.8748
Tamil Nadu,Erode,Cotton,Kharif,2016,9848.8,3773.1,383.1,212.3,11.8,179.1,6.93,0.62,1.0,31.0,1006.2,79.9,30.7,42159.7,68553.0,8554.1,13989.7,19615.9,105.27,0.3831
Maharashtra,Kolhapur,Jowar,Rabi,2017,12876.6,17610.0,1367.6,283.8,19.5,290.9,7.0,0.51,0.34,22.3,158.3,57.0,13.0,24936.1,39974.9,4701.5,7606.7,12627.9,113.54,1.3676
Uttar Pradesh,Meerut,Soyabean,Kharif,2020,10367.7,12486.9,1204.4,227.1,14.9,205.3,7.27,0.46,0.47,29.4,1128.0,71.3,31.2,33657.5,56236.9,5571.0,10527.1,17559.4,138.02,1.2044000000000001
Andhra Pradesh,Guntur,Bajra,Kharif,2016,40344.5,47933.3,1188.1,228.0,17.5,235.1,7.14,0.55,0.39,30.7,1179.0,79.3,32.9,18671.5,30783.3,4309.7,6898.2,7463.6,105.27,1.1881
Bihar,Gaya,Maize,Kharif,2017,43401.5,87540.8,2017.0,185.9,14.4,141.8,7.45,0.38,0.15,28.4,1449.9,80.0,36.4,25637.0,42293.3,5198.3,10674.6,9764.1,113.54,2.017
West Bengal,Hooghly,Maize,Rabi,2021,25854.0,91272.4,3530.3,198.5,23.8,160.2,5.86,0.59,0.72,22.4,230.0,68.8,12.7,38244.8,62780.5,7079.2,15937.1,15228.5,148.02,3.5303
Andhra Pradesh,Krishna,Jowar,Kharif,2016,29303.5,28975.3,988.8,217.6,15.7,180.1,7.18,0.44,0.79,31.3,1175.8,78.2,30.9,21166.7,35073.0,4315.4,8215.8,8635.5,105.27,0.9887999999999999
Tamil Nadu,Salem,Sugarcane,Whole Year,2015,28511.5,1969517.4,69078.0,201.9,11.7,221.3,7.0,0.61,0.12,28.4,1129.4,71.8,18.9,83228.9,135386.4,16669.2,34262.9,32296.8,100.0,69.078
Tamil Nadu,Erode,Bajra,Kharif,2022,33662.0,42003.4,1247.8,171.1,12.0,175.0,6.55,0.53,1.14,31.2,952.2,81.1,28.4,28947.3,47958.3,4990.2,10814.0,13143.1,156.76,1.2478
Bihar,Muzaffarpur,Gram,Rabi,2018,31254.3,23450.1,750.3,242.1,12.2,192.7,7.65,0.37,0.19,20.9,164.1,64.1,11.8,23370.6,37778.0,4951.0,9097.7,9321.9,119.72,0.7503
Punjab,Amritsar,Wheat,Rabi,2015,27763.0,100893.5,3634.1,270.0,17.1,257.9,7.71,0.36,0.2,19.0,114.0,49.9,10.8,31062.8,50992.6,6137.2,11565.3,13360.3,100.0,3.6341
Haryana,Sirsa,Rice,Kharif,2016,30592.4,75599.9,2471.2,239.7,13.9,217.4,8.04,0.43,0.27,28.1,546.9,62.5,22.6,33764.9,56353.7,6075.2,12352.3,15337.4,105.27,2.4711999999999996
Punjab,Patiala,Groundnut,Rabi,2023,12401.4,15014.4,1210.7,316.6,20.1,202.7,7.97,0.52,0.95,18.9,115.4,47.1,12.5,61954.5,103063.0,10621.5,24819.6,26513.4,166.25,1.2107
Maharashtra,Nagpur,Maize,Kharif,2019,35062.8,78151.5,2228.9,294.7,20.3,230.9,7.01,0.57,0.41,29.5,1172.4,72.5,32.3,34642.4,57936.4,5610.1,11306.8,17725.5,128.37,2.2289
Tamil Nadu,Erode,Soyabean,Kharif,2017,9512.6,12330.2,1296.2,222.2,9.0,169.8,6.9,0.42,1.16,31.4,1091.2,82.6,31.5,25938.2,43116.9,4315.3,8111.9,13511.0,113.54,1.2962
Tamil Nadu,Coimbatore,Bajra,Kharif,2018,8097.1,12769.9,1577.1,210.6,11.9,187.0,7.24,0.42,0.98,30.8,1068.3,82.9,30.5,22436.6,37813.0,4990.4,8386.5,9059.7,119.72,1.5771
Punjab,Bathinda,Cotton,Kharif,2018,20462.8,6257.5,305.8,301.9,19.4,254.9,8.17,0.41,0.87,27.3,858.1,64.7,29.2,51240.9,83856.5,11719.9,21512.3,18008.7,119.72,0.3058
Madhya Pradesh,Hoshangabad,Bajra,Kharif,2020,38563.8,35787.2,928.0,331.4,13.9,265.0,7.54,0.54,0.84,29.0,1287.1,70.2,32.9,22899.1,38145.3,5019.0,7488.0,10392.1,138.02,0.928
Uttar Pradesh,Kanpur Dehat,Cotton,Kharif,2020,23213.3,10622.4,457.6,238.2,16.3,169.4,7.66,0.43,0.19,29.8,970.6,69.3,29.5,58322.5,96201.5,9685.8,21023.7,27613.0,138.02,0.4576
Tamil Nadu,Coimbatore,Maize,Kharif,2017,33057.7,67464.2,2040.8,177.8,12.3,181.3,6.58,0.52,0.43,30.6,1010.5,79.4,31.9,25984.9,42622.1,5361.8,9611.9,11011.2,113.54,2.0408
West Bengal,Bardhaman,Bajra,Kharif,2019,7257.2,9597.6,1322.5,229.8,19.3,189.0,6.17,0.7,0.3,30.6,1669.8,85.6,39.1,23797.3,38132.2,5566.1,8110.6,10120.6,128.37,1.3225
Tamil Nadu,Thanjavur,Maize,Rabi,2015,36605.7,109216.8,2983.6,229.9,9.9,185.3,7.11,0.6,0.86,22.8,96.8,62.2,11.3,23499.1,39667.7,4835.4,7928.4,10735.3,100.0,2.9836
Maharashtra,Kolhapur,Jowar,Rabi,2020,15241.5,14916.9,978.7,245.7,19.6,273.7,6.98,0.56,0.8,22.1,157.1,57.2,13.1,28042.3,46663.2,6656.3,8774.0,12612.0,138.02,0.9787
Maharashtra,Nashik,Cotton,Kharif,2023,40953.6,18511.0,452.0,264.5,20.4,240.0,7.19,0.56,0.93,29.6,1110.4,74.6,33.6,73506.8,124782.2,17207.4,24451.1,31848.3,166.25,0.452
Andhra Pradesh,Kurnool,Jowar,Rabi,2018,2121.1,1908.4,899.7,217.1,14.9,192.2,6.55,0.42,0.9,23.4,125.6,61.4,12.0,22552.2,37975.7,3661.8,7068.5,11821.9,119.72,0.8997
Maharashtra,Nashik,Groundnut,Rabi,2019,7812.4,8622.5,1103.7,237.8,15.9,262.4,7.41,0.44,0.59,21.9,206.2,55.9,13.2,48750.2,78380.3,8356.7,15798.5,24595.0,128.37,1.1037000000000001
Uttar Pradesh,Bareilly,Jowar,Rabi,2019,8432.1,11310.8,1341.4,274.7,17.6,220.4,7.76,0.52,0.65,20.6,122.1,55.3,12.3,26095.9,43638.0,5081.5,8967.4,12047.0,128.37,1.3414000000000001
Maharashtra,Nashik,Sugarcane,Whole Year,2020,27455.8,1519887.2,55357.6,298.5,13.9,220.5,7.33,0.56,1.14,27.4,1203.4,64.9,19.0,131508.4,222241.9,30564.9,52934.8,48008.7,138.02,55.3576
Andhra Pradesh,Kurnool,Groundnut,Kharif,2016,21803.1,25071.4,1149.9,239.2,15.5,217.4,7.13,0.56,0.43,30.7,1138.7,76.1,32.0,35671.0,57715.7,8249.4,12287.4,15134.2,105.27,1.1499000000000001
Tamil Nadu,Thanjavur,Maize,Kharif,2016,41625.8,133344.1,3203.4,213.5,10.4,223.0,6.59,0.48,0.14,31.7,1028.9,78.1,31.3,24529.8,39389.0,4360.9,9112.1,11056.8,105.27,3.2034000000000002
Haryana,Sirsa,Wheat,Rabi,2015,15530.1,53625.4,3453.0,240.7,14.1,218.7,8.04,0.34,0.4,19.8,87.0,48.8,10.9,26942.2,43369.1,4524.2,9217.8,13200.2,100.0,3.453
Uttar Pradesh,Bareilly,Wheat,Rabi,2018,41345.7,159763.9,3864.1,262.3,13.6,178.8,7.74,0.44,0.92,20.9,107.9,55.4,12.9,37716.1,60378.1,8959.0,13941.6,14815.5,119.72,3.8641
Bihar,Gaya,Jowar,Kharif,2018,27125.4,41103.1,1515.3,221.7,14.3,179.1,7.36,0.42,0.18,29.2,1416.1,77.8,37.4,22843.7,37154.5,3813.0,7819.1,11211.6,119.72,1.5152999999999999
Andhra Pradesh,West Godavari,Wheat,Rabi,2017,15035.4,43520.0,2894.5,213.7,14.1,231.8,7.11,0.47,0.71,22.2,119.0,60.3,13.7,32728.2,55276.9,6882.5,10330.4,15515.3,113.54,2.8945
Tamil Nadu,Coimbatore,Jowar,Rabi,2020,21566.6,21077.0,977.3,222.6,14.2,212.4,7.24,0.6,0.83,23.2,126.7,68.4,12.1,27568.5,46532.1,5318.7,8734.2,13515.6,138.02,0.9773
Maharashtra,Nashik,Maize,Rabi,2022,38760.9,100429.5,2591.0,284.4,14.2,242.7,7.54,0.42,0.79,20.9,146.1,58.9,11.3,41639.7,70701.1,9732.9,16322.1,15584.7,156.76,2.591
Maharashtra,Kolhapur,Jowar,Rabi,2021,30092.8,30709.7,1020.5,259.5,22.0,291.0,7.05,0.55,0.24,22.4,163.1,54.8,13.2,31164.8,50529.7,6456.6,12052.9,12655.3,148.02,1.0205
Madhya Pradesh,Hoshangabad,Bajra,Kharif,2018,5649.7,6527.7,1155.4,339.1,16.6,283.4,7.29,0.46,1.16,28.7,1259.8,68.8,33.9,21059.6,34274.1,4253.4,7324.6,9481.6,119.72,1.1554
West Bengal,Hooghly,Jowar,Kharif,2022,30800.3,45171.7,1466.6,205.7,21.1,178.8,6.03,0.54,1.04,30.1,1615.1,84.7,36.9,32306.7,52120.3,6716.3,10616.0,14974.4,156.76,1.4666
Haryana,Karnal,Sugarcane,Whole Year,2022,20921.7,1176423.0,56229.8,241.6,14.4,225.0,7.62,0.44,0.32,25.1,823.8,54.9,16.5,130000.2,212394.1,30791.2,42020.4,57188.6,156.76,56.229800000000004
Punjab,Ludhiana,Groundnut,Kharif,2023,13849.9,18920.3,1366.1,263.1,20.0,191.6,8.14,0.53,0.55,26.6,719.0,64.3,26.3,61954.5,103063.0,10621.5,24819.6,26513.4,166.25,1.3660999999999999
West Bengal,Bardhaman,Maize,Kharif,2020,5483.7,12544.0,2287.5,209.0,24.8,172.6,5.74,0.63,0.97,30.6,1411.4,85.8,35.1,36183.6,61227.5,6413.0,12901.3,16869.3,138.02,2.2875
Punjab,Bathinda,Soyabean,Kharif,2018,24664.9,27590.2,1118.6,301.9,19.4,254.9,8.17,0.41,0.87,27.3,858.1,64.7,29.2,29302.2,48609.6,6383.8,12050.1,10868.3,119.72,1.1185999999999998
West Bengal,Hooghly,Cotton,Kharif,2022,26043.1,15651.9,601.0,205.7,21.1,178.8,6.03,0.54,1.04,30.1,1615.1,84.7,36.9,62236.9,100374.9,10166.7,20406.4,31663.8,156.76,0.601
Maharashtra,Nashik,Jowar,Kharif,2015,28401.0,26526.5,934.0,230.8,16.2,251.6,7.45,0.53,1.07,29.3,1216.3,71.8,35.0,21820.5,35066.7,4650.9,7809.9,9359.7,100.0,0.934
Bihar,Muzaffarpur,Wheat,Rabi,2019,31595.5,74318.9,2352.2,213.3,12.0,148.9,7.31,0.38,0.76,20.5,124.8,62.4,12.4,34669.9,58245.2,6114.5,14020.2,14535.2,128.37,2.3522
Tamil Nadu,Salem,Jowar,Rabi,2022,19944.1,29114.4,1459.8,190.4,12.3,257.9,6.55,0.45,0.81,23.1,107.7,64.5,12.1,29586.9,48087.9,6301.8,9373.2,13911.9,156.76,1.4598
Uttar Pradesh,Bareilly,Sugarcane,Whole Year,2018,1456.2,89294.6,61320.3,262.3,13.6,178.8,7.74,0.44,0.92,26.3,1324.3,62.2,20.8,104075.1,172924.6,20355.0,35067.6,48652.5,119.72,61.3203
Andhra Pradesh,Guntur,Groundnut,Rabi,2016,14208.7,19588.1,1378.6,228.0,17.5,235.1,7.14,0.55,0.39,22.7,171.8,59.9,14.8,35671.0,57715.7,8249.4,12287.4,15134.2,105.27,1.3785999999999998
Andhra Pradesh,West Godavari,Bajra,Kharif,2019,14033.1,14942.4,1064.8,211.2,12.6,187.9,6.7,0.49,1.04,30.9,1264.8,77.4,33.1,24087.6,40862.0,5350.5,8383.3,10353.8,128.37,1.0648
Bihar,Muzaffarpur,Sugarcane,Whole Year,2021,34215.8,2384731.8,69696.8,247.5,12.0,181.7,7.16,0.42,0.61,26.1,1714.8,69.7,24.4,125889.4,209582.7,23562.1,38268.0,64059.3,148.02,69.6968
Maharashtra,Kolhapur,Bajra,Kharif,2022,3496.2,3548.3,1014.9,272.0,17.7,300.1,7.04,0.46,0.33,29.7,1176.8,72.9,33.0,29905.0,48535.1,4902.2,11888.0,13114.8,156.76,1.0149
Bihar,Rohtas,Gram,Rabi,2023,28986.1,28960.0,999.1,204.6,14.9,167.6,7.33,0.35,0.69,20.4,171.4,61.2,14.0,34590.7,57862.2,7575.6,14254.2,12760.9,166.25,0.9991
Maharashtra,Kolhapur,Groundnut,Rabi,2015,24292.1,29374.0,1209.2,275.5,18.6,285.5,7.58,0.43,0.86,21.6,113.7,57.3,15.1,37627.9,63040.3,7801.0,12553.2,17273.7,100.0,1.2092
Maharashtra,Nagpur,Cotton,Kharif,2022,16895.1,9180.8,543.4,258.7,19.1,237.8,7.58,0.54,0.89,29.9,1029.0,73.3,31.9,64774.8,104925.0,12235.0,20013.4,32526.4,156.76,0.5434
Andhra Pradesh,Kurnool,Gram,Rabi,2015,36852.6,46272.1,1255.6,213.0,12.7,197.7,7.14,0.43,0.37,22.8,119.3,61.3,11.7,21140.1,35872.1,3988.1,8309.4,8842.6,100.0,1.2555999999999998
Karnataka,Belagavi,Groundnut,Rabi,2022,21824.2,33312.5,1526.4,264.9,16.9,207.6,6.72,0.52,0.96,20.5,133.7,61.6,11.7,50662.4,84617.6,11691.1,17766.5,21204.8,156.76,1.5264000000000002
Andhra Pradesh,Guntur,Wheat,Rabi,2018,15041.2,40319.4,2680.6,262.5,12.8,205.2,6.51,0.5,0.6,23.4,125.3,58.8,11.4,34336.4,58258.1,8139.9,11118.2,15078.3,119.72,2.6806
Haryana,Kurukshetra,Groundnut,Kharif,2023,14345.0,19106.1,1331.9,260.0,16.2,200.5,8.3,0.34,0.35,28.4,612.7,64.1,23.7,58181.6,97119.0,10435.5,22953.8,24792.3,166.25,1.3319
Karnataka,Davanagere,Jowar,Kharif,2022,43344.4,52468.4,1210.5,208.3,14.5,231.0,6.43,0.5,0.46,29.9,931.0,75.8,29.0,27243.5,45227.2,4931.2,10614.4,11697.9,156.76,1.2105
Haryana,Hisar,Bajra,Kharif,2015,19730.0,18339.0,929.5,247.4,14.3,200.6,7.72,0.34,1.16,27.9,736.6,62.5,23.1,18686.2,31025.9,4407.9,6519.6,7758.7,100.0,0.9295
Tamil Nadu,Coimbatore,Bajra,Kharif,2019,24845.3,28919.9,1164.0,187.9,13.8,213.6,6.87,0.46,1.04,30.8,810.9,80.8,27.6,22299.1,36474.5,3845.6,9358.9,9094.6,128.37,1.164
Punjab,Amritsar,Maize,Kharif,2018,33764.4,95266.3,2821.5,261.5,21.4,209.1,7.88,0.41,0.21,26.7,567.7,65.2,21.6,29527.5,50138.8,6043.3,10966.9,12517.3,119.72,2.8215
Madhya Pradesh,Sehore,Cotton,Kharif,2020,42717.6,18167.8,425.3,283.9,18.0,245.8,7.74,0.44,0.67,28.5,1420.7,69.6,35.8,51682.1,85817.6,9824.0,16846.8,25011.3,138.02,0.4253
Andhra Pradesh,Guntur,Maize,Rabi,2016,20178.0,44054.6,2183.3,228.0,17.5,235.1,7.14,0.55,0.39,22.7,171.8,59.9,14.8,24173.2,39245.7,3954.7,8108.4,12110.1,105.27,2.1833
Karnataka,Davanagere,Wheat,Rabi,2015,29353.0,86306.6,2940.3,265.7,16.3,226.8,6.98,0.48,0.13,20.9,180.3,60.6,13.2,24533.5,39308.1,4402.7,8941.1,11189.7,100.0,2.9403
Karnataka,Belagavi,Jowar,Rabi,2020,17594.7,23798.6,1352.6,248.6,11.3,169.6,6.26,0.63,0.64,20.4,154.2,60.5,15.0,23812.6,39245.0,4273.9,9885.3,9653.4,138.02,1.3525999999999998
Maharashtra,Nashik,Bajra,Kharif,2019,32766.9,45234.7,1380.5,237.8,15.9,262.4,7.41,0.44,0.59,30.0,1383.2,72.6,36.0,26560.8,44357.0,4428.3,10781.0,11351.5,128.37,1.3805
West Bengal,Murshidabad,Wheat,Rabi,2023,18665.3,60615.6,3247.5,190.6,24.0,203.0,6.16,0.53,0.86,21.1,232.7,68.6,14.8,46500.7,74550.3,8995.9,18943.3,18561.5,166.25,3.2475
Haryana,Kurukshetra,Wheat,Rabi,2022,41486.2,155656.2,3752.0,265.4,17.2,228.3,7.8,0.38,0.1,20.0,94.1,47.6,11.1,45969.3,74185.1,7932.1,14025.4,24011.8,156.76,3.752
Madhya Pradesh,Indore,Soyabean,Kharif,2017,26051.4,32256.8,1238.2,269.1,15.3,277.3,7.42,0.56,0.1,28.8,1116.5,68.7,33.2,22494.5,37438.3,5277.5,7028.6,10188.4,113.54,1.2382
West Bengal,Nadia,Gram,Rabi,2022,21631.8,19330.2,893.6,201.7,23.7,179.7,5.93,0.53,0.29,21.8,244.0,68.4,13.7,32925.8,53636.0,5485.5,12359.6,15080.7,156.76,0.8936000000000001
Uttar Pradesh,Kanpur Dehat,Jowar,Kharif,2023,20034.3,19533.4,975.0,234.7,16.5,158.5,7.5,0.5,0.95,29.6,1025.5,70.1,31.7,32710.3,54684.9,6423.0,11503.8,14783.5,166.25,0.975
Madhya Pradesh,Sehore,Jowar,Rabi,2023,29849.5,37804.4,1266.5,314.4,18.1,261.9,7.4,0.47,0.65,21.0,164.5,52.9,11.8,30361.6,48951.7,6063.0,10547.1,13751.5,166.25,1.2665
West Bengal,Hooghly,Wheat,Rabi,2015,39523.5,115392.8,2919.6,168.8,19.5,158.1,6.39,0.63,1.11,22.1,195.5,70.0,14.2,28157.0,46842.6,4763.5,8749.3,14644.2,100.0,2.9196
Andhra Pradesh,Krishna,Groundnut,Rabi,2019,4253.7,7008.4,1647.6,222.1,14.8,183.3,7.14,0.47,0.71,23.2,138.3,59.9,13.3,45277.3,75767.3,9555.5,15391.2,20330.6,128.37,1.6476
Maharashtra,Pune,Groundnut,Rabi,2015,26867.6,40793.1,1518.3,277.9,15.7,269.2,7.57,0.48,0.56,22.1,150.7,58.3,14.6,37627.9,63040.3,7801.0,12553.2,17273.7,100.0,1.5183
West Bengal,Nadia,Bajra,Kharif,2019,24494.9,39725.8,1621.8,213.1,26.1,154.4,5.75,0.51,0.88,30.2,1849.3,86.2,39.7,23797.3,38132.2,5566.1,8110.6,10120.6,128.37,1.6218
Punjab,Ludhiana,Maize,Rabi,2016,35747.5,81507.9,2280.1,266.0,17.5,194.2,7.4,0.42,0.74,18.6,109.6,50.4,12.1,26559.3,44978.5,4775.8,9691.5,12092.0,105.27,2.2801
Maharashtra,Nashik,Bajra,Kharif,2023,44419.5,38400.7,864.5,264.5,20.4,240.0,7.19,0.56,0.93,29.6,1110.4,74.6,33.6,34435.6,56067.8,6618.3,11340.9,16476.4,166.25,0.8645
Maharashtra,Nagpur,Maize,Kharif,2020,41885.8,100835.9,2407.4,222.3,14.9,234.4,7.34,0.39,0.47,29.6,1023.6,74.9,29.5,35591.8,57792.4,7623.6,10893.5,17074.7,138.02,2.4074
Andhra Pradesh,Kurnool,Sugarcane,Whole Year,2017,15363.1,1020904.1,66451.7,180.8,15.7,208.5,6.71,0.54,0.98,27.9,1271.6,67.0,20.9,99672.2,162791.1,20173.2,37860.3,41638.7,113.54,66.4517
Uttar Pradesh,Kanpur Dehat,Sugarcane,Whole Year,2015,16466.4,985272.0,59835.3,235.3,13.7,204.9,7.61,0.41,0.67,26.3,934.6,62.0,17.7,87336.6,143717.0,15826.0,31362.6,40148.0,100.0,59.835300000000004
Karnataka,Mysuru,Maize,Kharif,2017,5976.9,16944.5,2835.0,227.1,12.4,158.1,6.72,0.61,0.48,28.8,969.9,76.9,31.3,23629.6,40055.8,3790.4,8906.5,10932.7,113.54,2.835
Uttar Pradesh,Meerut,Jowar,Kharif,2021,41061.1,56660.2,1379.9,260.1,14.0,171.4,7.21,0.33,0.87,28.6,1040.4,70.4,31.1,31617.1,52194.0,7051.6,12592.0,11973.5,148.02,1.3799000000000001
Maharashtra,Kolhapur,Groundnut,Kharif,2018,17461.4,32436.3,1857.6,255.7,18.2,272.8,7.31,0.57,0.28,29.8,1113.1,71.1,32.4,47254.6,75698.5,8129.0,19846.9,19278.7,119.72,1.8576
Madhya Pradesh,Ujjain,Jowar,Kharif,2017,42772.1,35813.1,837.3,304.0,11.6,236.7,7.31,0.53,0.79,28.6,1257.7,67.4,32.1,19420.5,32873.3,3413.8,6597.2,9409.5,113.54,0.8372999999999999
Punjab,Patiala,Soyabean,Kharif,2018,23339.1,22239.8,952.9,277.9,21.9,199.8,7.95,0.54,0.13,26.6,749.6,65.4,26.7,29302.2,48609.6,6383.8,12050.1,10868.3,119.72,0.9529
Tamil Nadu,Thanjavur,Groundnut,Rabi,2022,30688.3,53486.6,1742.9,210.5,14.0,212.9,7.25,0.47,0.66,23.5,117.8,64.9,13.5,53123.4,87693.8,8515.0,16777.7,27830.7,156.76,1.7429000000000001
Andhra Pradesh,Krishna,Jowar,Rabi,2019,39794.4,56508.0,1420.0,222.1,14.8,183.3,7.14,0.47,0.71,23.2,138.3,59.9,13.3,25506.8,42083.6,5464.4,8261.5,11780.9,128.37,1.42
Andhra Pradesh,Krishna,Wheat,Rabi,2021,29748.0,87786.3,2951.0,190.4,15.4,160.3,7.04,0.37,1.16,22.9,156.4,60.1,11.2,41944.4,70445.8,7719.5,14087.7,20137.2,148.02,2.951
Bihar,Gaya,Jowar,Kharif,2021,35909.6,47447.4,1321.3,183.7,14.4,182.5,7.11,0.5,0.38,28.7,1243.5,77.1,35.2,28181.8,45553.8,6062.3,8480.5,13639.0,148.02,1.3213
Uttar Pradesh,Kanpur Dehat,Groundnut,Rabi,2016,37324.7,73899.2,1979.9,224.9,16.5,157.6,7.61,0.41,0.34,20.8,175.2,56.1,15.3,39000.1,64361.3,7461.5,11975.3,19563.3,105.27,1.9799
Uttar Pradesh,Meerut,Sugarcane,Whole Year,2018,7483.3,640062.4,85532.1,226.5,17.2,216.9,7.16,0.38,0.8,26.2,1226.3,61.9,21.0,104075.1,172924.6,20355.0,35067.6,48652.5,119.72,85.5321
Haryana,Hisar,Maize,Rabi,2015,40519.4,98944.3,2441.9,247.4,14.3,200.6,7.72,0.34,1.16,20.1,87.9,45.5,11.3,24099.3,39118.2,5171.6,8635.9,10291.8,100.0,2.4419
Bihar,Rohtas,Groundnut,Rabi,2019,10284.3,19615.2,1907.3,205.5,19.8,198.1,7.49,0.36,0.85,20.6,211.6,63.3,14.3,41097.5,67137.2,9263.4,15786.0,16048.1,128.37,1.9073
Bihar,Patna,Rice,Kharif,2018,32466.8,96007.6,2957.1,247.5,15.9,165.1,7.45,0.43,0.16,28.9,1154.9,79.8,30.6,35265.0,57488.8,8089.5,14311.4,12864.1,119.72,2.9571
Punjab,Ludhiana,Soyabean,Kharif,2015,11565.2,11495.8,994.0,280.1,18.5,211.9,7.57,0.51,0.99,27.0,577.0,65.4,21.1,24590.2,41647.1,5624.4,9219.3,9746.5,100.0,0.994
Karnataka,Mysuru,Maize,Rabi,2016,41434.4,138685.1,3347.1,205.4,13.4,180.5,6.98,0.48,1.09,20.3,124.7,58.2,12.0,23346.9,39217.3,4528.4,7093.6,11724.9,105.27,3.3470999999999997
Andhra Pradesh,Krishna,Soyabean,Kharif,2022,33470.8,40924.7,1222.7,216.7,16.3,186.0,6.93,0.44,0.93,31.6,1063.0,76.9,32.8,36207.6,60342.6,5906.6,12272.7,18028.3,156.76,1.2227000000000001
West Bengal,Hooghly,Sugarcane,Whole Year,2021,43380.2,2616919.2,60325.2,198.5,23.8,160.2,5.86,0.59,0.72,27.3,2095.0,76.9,24.3,130376.1,215759.0,21334.8,44953.0,64088.3,148.02,60.325199999999995
Haryana,Karnal,Maize,Kharif,2018,41463.2,141870.5,3421.6,264.0,18.4,233.1,8.29,0.3,0.44,28.0,532.6,63.5,22.2,30025.8,49358.1,5052.2,11834.9,13138.7,119.72,3.4215999999999998
Karnataka,Belagavi,Jowar,Kharif,2015,9846.5,11684.8,1186.7,265.7,14.2,237.4,6.58,0.65,0.19,29.3,1013.6,76.7,30.0,17951.2,28772.3,4246.4,7363.8,6341.0,100.0,1.1867
Punjab,Patiala,Maize,Kharif,2018,28829.5,86151.2,2988.3,277.9,21.9,199.8,7.95,0.54,0.13,26.6,749.6,65.4,26.7,29527.5,50138.8,6043.3,10966.9,12517.3,119.72,2.9883
Tamil Nadu,Thanjavur,Maize,Kharif,2018,34568.1,77729.8,2248.6,191.5,15.3,185.8,7.07,0.51,0.75,31.1,1134.4,82.3,32.7,29815.7,48892.2,6662.0,11749.7,11404.0,119.72,2.2485999999999997
Uttar Pradesh,Meerut,Maize,Rabi,2020,30019.3,63610.9,2119.0,227.1,14.9,205.3,7.27,0.46,0.47,20.2,145.1,54.2,12.6,35956.7,60204.2,6446.2,11045.6,18464.9,138.02,2.119
Haryana,Sirsa,Jowar,Kharif,2015,11618.4,14282.5,1229.3,240.7,14.1,218.7,8.04,0.34,0.4,28.4,732.2,64.0,25.0,18405.2,30756.3,4236.0,7465.6,6703.6,100.0,1.2293
Tamil Nadu,Thanjavur,Rice,Kharif,2016,9453.1,20185.2,2135.3,213.5,10.4,223.0,6.59,0.48,0.14,31.7,1028.9,78.1,31.3,35156.4,56537.0,6387.1,13931.5,14837.8,105.27,2.1353
Punjab,Ludhiana,Cotton,Kharif,2021,12295.0,7188.9,584.7,228.2,20.3,194.1,8.02,0.39,1.17,26.7,678.8,65.6,23.6,57827.9,94894.9,13492.1,22310.5,22025.3,148.02,0.5847
Punjab,Patiala,Jowar,Kharif,2016,22155.2,25451.9,1148.8,318.3,15.6,216.3,8.07,0.51,1.07,27.8,782.1,67.4,23.0,22708.3,37267.4,4088.9,9069.9,9549.5,105.27,1.1488
Punjab,Ludhiana,Maize,Kharif,2020,12192.0,37686.7,3091.1,299.0,17.1,217.2,7.67,0.45,0.31,27.1,758.1,66.3,25.6,34479.1,55854.2,7926.7,11194.7,15357.7,138.02,3.0911
Haryana,Karnal,Jowar,Kharif,2018,27107.3,33737.7,1244.6,264.0,18.4,233.1,8.29,0.3,0.44,28.0,532.6,63.5,22.2,23419.1,39763.2,4191.3,7900.7,11327.1,119.72,1.2446
Karnataka,Mysuru,Rice,Kharif,2015,5236.7,14082.0,2689.1,208.8,12.1,198.4,6.41,0.56,0.6,29.6,1099.4,76.4,32.0,29144.5,47554.0,6397.2,9014.1,13733.2,100.0,2.6891
Madhya Pradesh,Indore,Jowar,Kharif,2017,23313.5,28318.9,1214.7,269.1,15.3,277.3,7.42,0.56,0.1,28.8,1116.5,68.7,33.2,19420.5,32873.3,3413.8,6597.2,9409.5,113.54,1.2147000000000001
Punjab,Bathinda,Wheat,Rabi,2019,31000.9,106454.0,3433.9,295.3,19.8,200.8,8.05,0.55,0.49,18.8,120.3,50.1,13.2,38951.1,64457.0,6621.0,12735.0,19595.1,128.37,3.4339
Uttar Pradesh,Gorakhpur,Bajra,Kharif,2015,7947.5,8031.7,1010.6,219.9,17.3,160.0,7.87,0.48,0.89,29.1,971.4,68.9,27.4,19516.8,31671.1,3585.3,7339.1,8592.4,100.0,1.0106
Tamil Nadu,Thanjavur,Soyabean,Kharif,2017,40246.0,66997.5,1664.7,216.6,12.4,204.7,6.68,0.43,0.13,31.4,1009.6,81.5,30.7,25938.2,43116.9,4315.3,8111.9,13511.0,113.54,1.6647
Andhra Pradesh,West Godavari,Jowar,Rabi,2018,5261.9,8090.2,1537.5,237.3,12.0,201.0,6.76,0.37,0.44,22.8,107.1,60.6,12.0,22552.2,37975.7,3661.8,7068.5,11821.9,119.72,1.5375
Haryana,Karnal,Rice,Kharif,2023,21581.6,52736.8,2443.6,262.7,14.5,192.9,8.25,0.39,0.58,27.8,725.8,64.8,24.5,52933.7,87161.5,10540.1,16577.7,25815.9,166.25,2.4436
Punjab,Bathinda,Maize,Rabi,2017,25177.1,57562.4,2286.3,328.3,17.6,236.2,7.84,0.54,0.21,18.2,68.7,47.4,12.4,30174.8,50383.1,5903.3,11395.6,12875.9,113.54,2.2863
Andhra Pradesh,Kurnool,Maize,Rabi,2022,29484.1,63897.9,2167.2,199.3,16.8,164.1,6.85,0.51,1.1,23.3,151.2,59.4,11.8,39871.1,65185.1,7483.4,14320.8,18066.9,156.76,2.1672
Andhra Pradesh,Kurnool,Jowar,Rabi,2019,33772.6,34079.9,1009.1,212.3,14.3,208.1,7.15,0.38,0.2,23.1,163.9,62.7,12.5,25506.8,42083.6,5464.4,8261.5,11780.9,128.37,1.0091
West Bengal,Bardhaman,Gram,Rabi,2023,16010.0,20204.6,1262.0,209.6,21.5,153.7,6.03,0.66,0.31,22.3,274.2,70.7,16.8,36966.3,61742.2,6667.5,12198.4,18100.4,166.25,1.262
Maharashtra,Kolhapur,Rice,Kharif,2015,3409.3,7379.4,2164.5,275.5,18.6,285.5,7.58,0.43,0.86,30.1,1300.5,75.3,36.6,35711.2,60108.0,7294.4,14967.8,13449.0,100.0,2.1645
Madhya Pradesh,Sehore,Rice,Kharif,2015,4832.1,10363.4,2144.7,286.0,12.1,275.6,7.97,0.45,0.3,29.3,1106.7,68.6,31.3,30253.0,51210.4,6360.1,12417.6,11475.3,100.0,2.1447
West Bengal,Murshidabad,Jowar,Kharif,2015,3431.6,3673.5,1070.5,226.4,18.8,185.1,6.29,0.62,1.14,30.4,1503.5,87.4,37.5,19266.5,31440.9,3639.0,7445.1,8182.4,100.0,1.0705
Bihar,Rohtas,Bajra,Kharif,2023,35569.1,35882.1,1008.8,204.6,14.9,167.6,7.33,0.35,0.69,29.0,1195.7,79.1,34.5,29759.5,48981.6,6212.9,9241.1,14305.5,166.25,1.0088
West Bengal,Hooghly,Wheat,Rabi,2018,36748.5,136039.3,3701.9,187.7,23.2,153.5,6.3,0.66,0.71,21.8,209.0,70.6,14.0,33523.4,55451.0,6045.0,13820.0,13658.4,119.72,3.7019
Punjab,Bathinda,Groundnut,Rabi,2023,40164.3,76436.7,1903.1,270.8,21.0,261.6,7.98,0.44,0.36,19.4,95.1,49.1,12.3,61954.5,103063.0,10621.5,24819.6,26513.4,166.25,1.9031
Tamil Nadu,Coimbatore,Soyabean,Kharif,2015,15251.8,16563.5,1086.0,203.6,14.3,178.1,7.28,0.61,0.59,30.4,1050.7,80.1,31.8,22725.8,36771.8,3839.7,7951.0,10935.1,100.0,1.086
Tamil Nadu,Salem,Jowar,Rabi,2015,7030.4,11223.3,1596.4,201.9,11.7,221.3,7.0,0.61,0.12,23.0,147.8,64.9,11.2,18763.7,30428.0,3438.4,7357.7,7967.6,100.0,1.5964
Tamil Nadu,Thanjavur,Groundnut,Kharif,2017,42818.0,42411.2,990.5,216.6,12.4,204.7,6.68,0.43,0.13,31.4,1009.6,81.5,30.7,39262.5,65156.4,9030.7,13313.3,16918.5,113.54,0.9905
Karnataka,Raichur,Jowar,Rabi,2017,5902.9,6517.4,1104.1,220.6,12.6,200.8,6.42,0.56,0.31,20.7,171.9,59.7,12.6,19536.8,33035.5,3942.0,6537.8,9057.0,113.54,1.1040999999999999
Maharashtra,Nagpur,Sugarcane,Whole Year,2019,41922.6,3774887.0,90044.2,294.7,20.3,230.9,7.01,0.57,0.41,27.1,1384.3,62.8,21.2,115768.0,186465.2,20475.8,46789.6,48502.6,128.37,90.0442
Tamil Nadu,Thanjavur,Cotton,Kharif,2015,2445.5,1127.9,461.2,229.9,9.9,185.3,7.11,0.6,0.86,30.9,1049.7,81.4,32.4,38005.6,62182.8,6317.1,14767.1,16921.4,100.0,0.4612
Uttar Pradesh,Bareilly,Soyabean,Kharif,2017,11196.1,12317.9,1100.2,290.4,14.0,186.3,7.88,0.35,0.53,29.4,1102.0,71.1,32.6,26938.1,43286.7,4750.4,10568.6,11619.1,113.54,1.1002
Tamil Nadu,Erode,Gram,Rabi,2017,11863.4,11660.5,982.9,222.2,9.0,169.8,6.9,0.42,1.16,23.4,122.5,62.8,8.5,22629.7,37881.3,4449.6,8457.5,9722.6,113.54,0.9829
Andhra Pradesh,Krishna,Rice,Kharif,2018,25809.9,51317.8,1988.3,200.9,11.5,172.5,6.56,0.38,1.0,30.7,1121.5,76.7,31.7,37696.7,62565.9,8744.6,15554.0,13398.1,119.72,1.9883
West Bengal,Murshidabad,Sugarcane,Whole Year,2018,38380.8,2145624.9,55903.6,238.7,24.6,197.7,6.22,0.59,0.72,27.1,1932.3,78.0,25.2,100673.1,164707.1,19293.6,35554.8,45824.7,119.72,55.9036
West Bengal,Nadia,Soyabean,Kharif,2022,33512.2,35794.4,1068.1,201.7,23.7,179.7,5.93,0.53,0.29,30.2,1421.1,86.1,38.8,37445.2,60899.9,8004.6,11803.3,17637.3,156.76,1.0680999999999998
Tamil Nadu,Thanjavur,Wheat,Rabi,2023,1834.0,5160.9,2814.0,210.6,14.2,193.1,6.94,0.51,0.79,22.0,91.7,64.0,10.2,47150.6,78188.3,9009.4,17979.4,20161.8,166.25,2.814
Karnataka,Belagavi,Jowar,Kharif,2021,32574.2,24424.1,749.8,247.9,11.7,216.0,6.92,0.49,0.96,28.6,852.3,75.6,27.2,24828.3,40014.9,4635.9,10044.0,10148.4,148.02,0.7497999999999999
Maharashtra,Pune,Maize,Kharif,2016,18870.6,44285.5,2346.8,233.8,14.8,208.7,6.93,0.53,0.16,30.2,974.8,74.5,29.3,29444.5,48555.9,6939.6,10408.6,12096.3,105.27,2.3468
Karnataka,Mysuru,Gram,Rabi,2022,17422.7,20673.8,1186.6,193.9,14.9,191.0,6.56,0.47,0.59,21.5,143.7,60.3,13.3,28544.5,48260.1,6620.4,11658.9,10265.2,156.76,1.1865999999999999
Tamil Nadu,Thanjavur,Sugarcane,Whole Year,2021,2002.2,119974.8,59921.5,189.1,11.2,210.0,6.68,0.44,0.88,27.9,1247.9,71.6,20.4,132733.8,224344.9,24280.1,49944.4,58509.3,148.02,59.9215
Tamil Nadu,Erode,Sugarcane,Whole Year,2022,15735.3,916455.3,58242.0,171.1,12.0,175.0,6.55,0.53,1.14,28.2,1117.0,72.0,18.5,131104.3,214219.1,30954.6,40741.6,59408.1,156.76,58.242
Haryana,Karnal,Bajra,Kharif,2015,30881.5,45485.4,1472.9,254.2,17.0,233.1,7.57,0.4,0.64,27.9,681.5,62.1,23.3,18686.2,31025.9,4407.9,6519.6,7758.7,100.0,1.4729
Andhra Pradesh,Krishna,Gram,Rabi,2015,6745.8,8090.2,1199.3,185.1,15.3,163.9,7.01,0.38,1.0,22.6,98.1,61.0,12.7,21140.1,35872.1,3988.1,8309.4,8842.6,100.0,1.1993
West Bengal,Bardhaman,Jowar,Rabi,2019,17525.1,22400.6,1278.2,229.8,19.3,189.0,6.17,0.7,0.3,21.7,219.3,70.4,15.6,24758.2,40859.3,4639.7,7729.3,12389.2,128.37,1.2782
Andhra Pradesh,West Godavari,Soyabean,Kharif,2023,18077.5,26272.0,1453.3,223.8,18.2,196.0,6.68,0.42,0.51,30.9,1308.4,77.8,34.9,38266.6,64054.2,6226.6,12696.4,19343.6,166.25,1.4533
Karnataka,Raichur,Jowar,Rabi,2016,31492.3,38924.5,1236.0,213.5,13.0,162.3,6.45,0.54,0.94,21.0,139.2,58.1,10.2,17539.2,28345.9,3114.3,5703.0,8721.9,105.27,1.236
Haryana,Karnal,Maize,Rabi,2018,42049.7,123306.5,2932.4,264.0,18.4,233.1,8.29,0.3,0.44,18.9,90.2,48.3,12.8,30025.8,49358.1,5052.2,11834.9,13138.7,119.72,2.9324
Haryana,Sirsa,Maize,Kharif,2020,6602.3,21663.5,3281.2,305.3,19.8,248.0,8.04,0.34,0.96,28.1,541.9,64.8,21.4,33832.9,57309.5,7439.6,13009.8,13383.5,138.02,3.2811999999999997
Karnataka,Belagavi,Bajra,Kharif,2023,35157.0,45612.7,1297.4,226.2,14.6,211.9,6.99,0.61,0.21,28.7,1083.3,78.4,32.4,28154.2,45102.9,4678.9,11363.5,12111.8,166.25,1.2974
Andhra Pradesh,Krishna,Jowar,Kharif,2023,7171.3,10049.1,1401.3,203.6,13.2,206.5,7.15,0.42,0.38,31.6,1292.4,80.1,37.9,32943.3,54064.8,6996.3,10543.2,15403.8,166.25,1.4013
West Bengal,Murshidabad,Cotton,Kharif,2016,44257.0,26523.2,599.3,214.1,17.1,183.0,6.26,0.68,0.93,29.6,1660.4,84.3,38.1,39777.5,66280.3,6506.6,13166.6,20104.3,105.27,0.5992999999999999
West Bengal,Hooghly,Bajra,Kharif,2016,9699.8,12228.5,1260.7,176.6,19.4,170.1,5.66,0.61,0.79,29.6,1549.5,85.7,35.1,20653.5,33232.1,4375.4,6205.4,10072.7,105.27,1.2607000000000002
Uttar Pradesh,Kanpur Dehat,Groundnut,Kharif,2019,29854.4,38924.2,1303.8,254.3,16.9,170.5,7.19,0.43,0.23,29.4,919.9,70.9,28.6,44873.3,74695.8,9620.5,15386.3,19866.5,128.37,1.3037999999999998
Bihar,Muzaffarpur,Jowar,Rabi,2016,20775.5,22740.9,1094.6,216.8,14.6,198.9,7.04,0.52,0.71,20.9,165.9,63.6,12.8,19051.6,31815.5,3379.2,7775.7,7896.7,105.27,1.0946
Haryana,Hisar,Jowar,Rabi,2018,20850.8,30271.2,1451.8,232.7,15.3,205.6,8.22,0.37,0.25,19.4,97.8,44.8,10.3,23419.1,39763.2,4191.3,7900.7,11327.1,119.72,1.4518
Bihar,Patna,Jowar,Rabi,2017,19635.5,32324.0,1646.2,216.1,14.2,193.6,7.19,0.51,0.87,20.9,193.2,62.7,11.8,20755.0,33313.1,4624.4,8408.8,7721.8,113.54,1.6462
Bihar,Patna,Cotton,Kharif,2018,43787.9,24459.9,558.6,247.5,15.9,165.1,7.45,0.43,0.16,28.9,1154.9,79.8,30.6,45967.3,77958.4,10740.6,15725.2,19501.5,119.72,0.5586
Bihar,Patna,Gram,Rabi,2021,39358.3,40582.3,1031.1,245.0,15.4,181.8,7.2,0.49,1.02,21.1,195.9,62.2,13.8,30675.4,51992.4,7048.6,10385.1,13241.7,148.02,1.0311
West Bengal,Bardhaman,Groundnut,Kharif,2019,4192.0,7639.9,1822.5,229.8,19.3,189.0,6.17,0.7,0.3,30.6,1669.8,85.6,39.1,47221.8,75945.6,9173.4,19236.7,18811.7,128.37,1.8225
Andhra Pradesh,West Godavari,Wheat,Rabi,2016,5779.9,16401.0,2837.6,242.0,16.3,239.6,6.43,0.52,0.14,22.5,172.1,62.0,13.0,29812.4,50147.5,5201.1,10618.7,13992.6,105.27,2.8376
Bihar,Gaya,Sugarcane,Whole Year,2022,33647.2,2643142.3,78554.6,227.7,11.8,143.3,6.94,0.46,0.12,25.9,1454.5,70.2,21.7,124832.6,207920.8,24071.7,44127.6,56633.3,156.76,78.55460000000001
Karnataka,Mysuru,Cotton,Kharif,2019,36195.3,18018.0,497.8,235.2,14.7,207.0,6.49,0.62,0.27,28.4,839.1,73.0,24.5,46978.0,78761.2,7685.6,17913.0,21379.4,128.37,0.4978
Uttar Pradesh,Bareilly,Soyabean,Kharif,2022,6959.3,11665.2,1676.2,249.3,16.9,164.3,7.61,0.34,0.66,28.7,973.2,70.7,28.9,35997.3,60179.4,6743.6,14875.8,14377.9,156.76,1.6762000000000001
Bihar,Muzaffarpur,Groundnut,Kharif,2022,9310.6,10777.0,1157.5,186.4,15.9,149.2,7.58,0.36,0.78,29.6,1404.8,79.1,36.7,49776.1,83367.0,11208.5,20669.0,17898.6,156.76,1.1575
Andhra Pradesh,Guntur,Wheat,Rabi,2022,38173.9,142197.8,3725.0,216.7,14.0,215.6,6.8,0.37,0.65,22.7,143.3,59.6,14.7,44139.4,72551.8,9050.6,16452.5,18636.3,156.76,3.725
Punjab,Amritsar,Cotton,Kharif,2020,35327.3,15356.8,434.7,306.7,21.7,213.6,8.19,0.54,0.75,27.4,795.3,66.3,22.7,56984.5,91662.7,10739.0,21748.6,24496.9,138.02,0.4347
Tamil Nadu,Erode,Groundnut,Kharif,2019,28708.8,30195.9,1051.8,191.9,12.6,197.8,6.65,0.59,0.49,30.9,1110.6,81.9,31.9,46101.4,74374.1,8395.3,15295.2,22410.9,128.37,1.0517999999999998
Tamil Nadu,Coimbatore,Sugarcane,Whole Year,2017,7910.8,487090.1,61572.8,177.8,12.3,181.3,6.58,0.52,0.43,27.9,1189.3,71.0,19.6,98233.7,165994.2,19108.9,37632.9,41491.9,113.54,61.5728
Andhra Pradesh,West Godavari,Jowar,Rabi,2022,27725.3,21914.1,790.4,201.4,16.6,238.7,6.93,0.55,0.19,23.2,122.9,58.1,11.9,28541.3,47717.4,5136.7,10307.5,13097.1,156.76,0.7904
Tamil Nadu,Salem,Groundnut,Rabi,2019,15611.6,24697.6,1582.0,208.9,11.9,194.2,7.17,0.43,0.3,21.8,85.9,64.3,10.7,46101.4,74374.1,8395.3,15295.2,22410.9,128.37,1.582
Uttar Pradesh,Kanpur Dehat,Groundnut,Kharif,2016,29947.7,33496.5,1118.5,224.9,16.5,157.6,7.61,0.41,0.34,29.7,1226.7,71.6,34.7,39000.1,64361.3,7461.5,11975.3,19563.3,105.27,1.1185
Tamil Nadu,Coimbatore,Jowar,Kharif,2018,3483.6,5112.5,1467.6,210.6,11.9,187.0,7.24,0.42,0.98,30.8,1068.3,82.9,30.5,23797.7,40109.5,4450.1,8878.7,10468.9,119.72,1.4676
Punjab,Ludhiana,Jowar,Kharif,2020,1603.0,2077.8,1296.2,299.0,17.1,217.2,7.67,0.45,0.31,27.1,758.1,66.3,25.6,27152.9,44864.5,5251.6,8278.1,13623.2,138.02,1.2962
Haryana,Karnal,Sugarcane,Whole Year,2020,24676.9,1868700.2,75726.7,289.2,17.8,198.7,7.59,0.49,0.87,25.4,850.4,53.7,15.8,113339.5,187805.0,25310.9,40186.6,47842.0,138.02,75.7267
Karnataka,Davanagere,Maize,Rabi,2015,3590.7,8804.4,2452.0,265.7,16.3,226.8,6.98,0.48,0.13,20.9,180.3,60.6,13.2,22607.7,37155.5,4035.1,9444.0,9128.6,100.0,2.452
Bihar,Rohtas,Sugarcane,Whole Year,2022,12435.4,724086.0,58227.8,241.3,15.1,154.7,6.94,0.52,0.4,25.6,1371.3,68.7,21.9,124832.6,207920.8,24071.7,44127.6,56633.3,156.76,58.2278
Uttar Pradesh,Gorakhpur,Jowar,Rabi,2019,11889.3,13015.2,1094.7,223.5,13.7,210.2,7.44,0.46,0.79,21.1,161.1,54.0,13.2,26095.9,43638.0,5081.5,8967.4,12047.0,128.37,1.0947
Bihar,Muzaffarpur,Rice,Kharif,2021,39473.1,104848.4,2656.2,247.5,12.0,181.7,7.16,0.42,0.61,29.4,1462.8,78.5,37.6,44915.8,74838.7,8305.3,16424.7,20185.8,148.02,2.6561999999999997
Uttar Pradesh,Bareilly,Gram,Rabi,2019,23879.9,29066.6,1217.2,274.7,17.6,220.4,7.76,0.52,0.65,20.6,122.1,55.3,12.3,28377.4,45463.8,6578.6,10648.3,11150.5,128.37,1.2172
Maharashtra,Kolhapur,Jowar,Kharif,2022,34197.4,38331.9,1120.9,272.0,17.7,300.1,7.04,0.46,0.33,29.7,1176.8,72.9,33.0,32129.8,54085.5,7172.6,10248.9,14708.3,156.76,1.1209
Madhya Pradesh,Indore,Bajra,Kharif,2017,26218.3,39621.1,1511.2,269.1,15.3,277.3,7.42,0.56,0.1,28.8,1116.5,68.7,33.2,19670.0,32721.4,4241.8,6584.5,8843.7,113.54,1.5112
Bihar,Muzaffarpur,Cotton,Kharif,2020,12010.4,6521.6,543.0,196.7,16.2,178.0,6.96,0.48,1.11,29.7,1189.6,80.2,33.0,51292.7,82636.1,9395.6,16660.2,25236.9,138.02,0.543
Uttar Pradesh,Gorakhpur,Maize,Rabi,2015,21706.0,61521.3,2834.3,219.9,17.3,160.0,7.87,0.48,0.89,20.3,122.9,54.0,12.4,25565.9,41160.6,5722.0,10074.6,9769.3,100.0,2.8343000000000003
Punjab,Amritsar,Sugarcane,Whole Year,2015,12518.7,976722.7,78021.1,270.0,17.1,257.9,7.71,0.36,0.2,24.0,927.3,57.0,17.8,92727.0,148983.6,18355.1,28068.3,46303.6,100.0,78.0211
Haryana,Hisar,Groundnut,Kharif,2017,24392.3,34815.1,1427.3,228.3,17.5,223.1,7.69,0.3,0.7,28.1,611.0,63.0,22.4,36991.9,59418.1,6916.3,12650.4,17425.2,113.54,1.4273
Karnataka,Mysuru,Groundnut,Rabi,2023,33494.6,38790.1,1158.1,222.3,10.7,214.7,6.49,0.54,0.41,20.4,143.2,61.1,11.3,50304.3,83857.8,11212.9,15258.7,23832.7,166.25,1.1581
Maharashtra,Nashik,Bajra,Kharif,2021,34188.6,30588.5,894.7,259.8,19.1,277.4,7.06,0.43,0.39,30.2,1263.8,71.0,32.6,28778.0,47754.8,4908.1,11894.1,11975.8,148.02,0.8947
Haryana,Kurukshetra,Jowar,Kharif,2021,2071.7,2811.1,1356.9,250.6,15.3,164.4,8.16,0.42,0.98,27.8,574.9,60.2,23.1,28293.2,47320.3,5358.4,9103.9,13830.9,148.02,1.3569
Haryana,Kurukshetra,Groundnut,Kharif,2016,11072.3,20880.1,1885.8,216.8,15.0,173.9,7.93,0.46,0.5,28.2,535.2,63.3,21.8,34080.0,56519.0,6999.4,13420.9,13659.7,105.27,1.8858
Madhya Pradesh,Indore,Wheat,Rabi,2021,28379.7,110783.0,3903.6,257.6,13.8,275.0,7.88,0.55,0.9,21.5,159.3,52.9,14.2,41503.0,68554.6,8829.8,16545.7,16127.5,148.02,3.9036
Uttar Pradesh,Meerut,Sugarcane,Whole Year,2020,2740.6,170874.2,62349.2,227.1,14.9,205.3,7.27,0.46,0.47,25.9,1314.2,60.8,20.8,122006.5,196181.5,27892.7,37185.4,56928.4,138.02,62.349199999999996
Punjab,Amritsar,Gram,Rabi,2016,10893.5,10928.4,1003.2,291.9,22.0,220.3,7.79,0.46,0.92,18.8,126.2,50.2,10.9,24210.0,40196.0,4880.0,8015.5,11314.5,105.27,1.0032
West Bengal,Bardhaman,Jowar,Rabi,2016,11302.1,13486.8,1193.3,192.7,22.7,168.2,6.27,0.53,1.09,21.5,265.6,69.1,16.7,20027.0,32729.9,4445.3,7511.6,8070.1,105.27,1.1933
Karnataka,Raichur,Sugarcane,Whole Year,2017,9567.4,530500.8,55448.8,220.6,12.6,200.8,6.42,0.56,0.31,26.0,1041.4,66.9,18.0,84683.3,136962.4,17220.1,32429.4,35033.8,113.54,55.448800000000006
Andhra Pradesh,Krishna,Cotton,Kharif,2021,30377.0,15039.7,495.1,190.4,15.4,160.3,7.04,0.37,1.16,30.4,1257.5,77.8,35.1,56912.9,92701.1,11959.0,18244.5,26709.4,148.02,0.49510000000000004
Tamil Nadu,Erode,Jowar,Rabi,2020,25986.6,33538.3,1290.6,219.3,10.5,222.3,6.6,0.55,1.15,22.4,166.3,66.0,13.3,27568.5,46532.1,5318.7,8734.2,13515.6,138.02,1.2906
Karnataka,Raichur,Rice,Kharif,2022,19150.0,48267.6,2520.5,223.0,10.7,211.3,6.62,0.57,1.12,29.5,976.6,75.2,29.7,45541.5,74415.9,8505.9,15264.0,21771.6,156.76,2.5205
Bihar,Rohtas,Groundnut,Kharif,2021,2925.3,4967.7,1698.2,240.7,16.6,195.4,6.97,0.41,0.88,28.7,1422.2,76.3,36.6,46235.1,76477.0,7855.0,16392.1,21988.0,148.02,1.6982000000000002
Maharashtra,Nashik,Cotton,Kharif,2015,32232.6,22043.9,683.9,230.8,16.2,251.6,7.45,0.53,1.07,29.3,1216.3,71.8,35.0,40886.4,66949.6,7360.9,12765.7,20759.8,100.0,0.6839
Bihar,Muzaffarpur,Groundnut,Rabi,2019,44878.2,40502.6,902.5,213.3,12.0,148.9,7.31,0.38,0.76,20.5,124.8,62.4,12.4,41097.5,67137.2,9263.4,15786.0,16048.1,128.37,0.9025
Uttar Pradesh,Gorakhpur,Groundnut,Rabi,2021,2377.3,4514.7,1899.1,230.7,12.5,213.2,7.44,0.36,0.13,21.0,209.3,56.0,12.6,55190.1,92238.4,10395.1,19454.7,25340.3,148.02,1.8991
West Bengal,Murshidabad,Jowar,Kharif,2018,2400.1,2510.0,1045.8,238.7,24.6,197.7,6.22,0.59,0.72,29.5,1648.7,85.2,39.0,23614.7,39511.8,5265.1,9204.3,9145.3,119.72,1.0458
Karnataka,Raichur,Wheat,Rabi,2018,33556.2,116993.7,3486.5,233.2,13.3,200.8,6.9,0.61,1.19,20.8,134.0,59.3,11.4,32124.6,54027.6,5427.0,12725.8,13971.8,119.72,3.4865
Tamil Nadu,Erode,Sugarcane,Whole Year,2018,18560.1,1218550.4,65654.3,182.9,11.7,225.8,6.84,0.57,0.27,28.3,1166.4,73.1,20.4,107375.6,173297.2,24427.0,44791.3,38157.3,119.72,65.6543
Uttar Pradesh,Gorakhpur,Bajra,Kharif,2019,28318.4,27310.3,964.4,223.5,13.7,210.2,7.44,0.46,0.79,30.0,981.8,73.4,30.6,25274.8,40836.0,5696.9,10097.9,9480.0,128.37,0.9643999999999999
Bihar,Muzaffarpur,Rice,Kharif,2019,29409.7,86729.2,2949.0,213.3,12.0,148.9,7.31,0.38,0.76,29.3,1296.5,78.9,35.8,40757.2,66439.6,7459.3,12300.3,20997.6,128.37,2.949
Uttar Pradesh,Meerut,Gram,Rabi,2022,23368.3,26445.9,1131.7,242.5,12.4,216.3,7.62,0.32,0.9,21.1,143.2,55.4,13.2,33479.1,54506.7,5647.7,11392.6,16438.8,156.76,1.1317000000000002
Karnataka,Raichur,Sugarcane,Whole Year,2023,35479.1,2812389.2,79268.9,200.0,11.4,209.5,6.69,0.54,0.49,25.9,1102.6,67.7,18.8,123966.7,208034.7,21709.2,41739.6,60517.9,166.25,79.26889999999999
Bihar,Muzaffarpur,Jowar,Kharif,2023,39862.0,37059.7,929.7,219.0,12.0,148.2,7.3,0.42,0.27,29.6,1279.2,77.6,34.6,31572.2,51669.7,7293.7,11147.1,13131.4,166.25,0.9297000000000001
Punjab,Ludhiana,Wheat,Rabi,2016,38846.0,138777.3,3572.5,266.0,17.5,194.2,7.4,0.42,0.74,18.6,109.6,50.4,12.1,30629.7,51502.4,7083.6,10123.6,13422.5,105.27,3.5725
Maharashtra,Nagpur,Sugarcane,Whole Year,2015,36661.5,1912696.4,52171.8,262.2,17.8,243.1,7.13,0.51,0.45,27.6,1358.3,63.7,22.3,98755.0,165570.7,18510.4,37733.2,42511.4,100.0,52.171800000000005
Bihar,Patna,Soyabean,Kharif,2020,15191.3,14026.1,923.3,220.7,16.3,171.5,7.35,0.39,1.04,28.3,1208.6,79.0,34.8,30079.7,50182.8,7051.0,10387.0,12641.7,138.02,0.9233
West Bengal,Murshidabad,Maize,Kharif,2017,13864.3,47015.2,3391.1,239.8,24.6,172.0,5.65,0.53,0.15,30.8,1553.3,85.1,37.5,26748.8,43674.8,5534.2,8288.6,12926.0,113.54,3.3911
Haryana,Kurukshetra,Jowar,Kharif,2020,44887.4,43172.7,961.8,259.0,13.9,190.7,7.8,0.4,0.39,28.0,701.7,62.9,23.3,25502.8,42561.5,4823.6,7872.1,12807.1,138.02,0.9618
Maharashtra,Nashik,Rice,Kharif,2020,23848.2,50491.4,2117.2,298.5,13.9,220.5,7.33,0.56,1.14,30.2,997.2,76.4,29.0,49924.1,84667.4,9332.7,19284.5,21306.9,138.02,2.1172
Tamil Nadu,Salem,Groundnut,Rabi,2018,6644.6,7126.3,1072.5,238.1,11.5,209.6,7.2,0.6,1.01,23.0,172.6,66.3,14.6,40210.7,67705.2,8556.7,15470.4,16183.6,119.72,1.0725
Karnataka,Raichur,Maize,Kharif,2016,42880.8,147407.0,3437.6,213.5,13.0,162.3,6.45,0.54,0.94,29.3,846.5,77.5,27.3,23346.9,39217.3,4528.4,7093.6,11724.9,105.27,3.4375999999999998
Bihar,Gaya,Maize,Rabi,2017,36116.5,77921.3,2157.5,185.9,14.4,141.8,7.45,0.38,0.15,20.8,139.8,64.6,11.9,25637.0,42293.3,5198.3,10674.6,9764.1,113.54,2.1575
Maharashtra,Nagpur,Rice,Kharif,2016,41508.2,97083.5,2338.9,233.0,13.2,245.4,7.26,0.54,0.27,30.1,1187.4,72.3,32.4,39251.1,63776.8,6679.6,14266.8,18304.7,105.27,2.3389
Uttar Pradesh,Meerut,Sugarcane,Whole Year,2017,25346.3,1852642.2,73093.2,267.8,14.1,175.1,7.73,0.48,1.12,26.4,1113.7,61.3,19.7,107147.4,181464.1,20008.2,35813.6,51325.6,113.54,73.0932
Haryana,Karnal,Bajra,Kharif,2019,30470.7,41632.1,1366.3,240.8,15.3,176.9,7.94,0.32,0.43,28.0,649.4,62.7,20.7,21912.7,37184.5,3706.8,8547.3,9658.6,128.37,1.3662999999999998
Andhra Pradesh,Guntur,Maize,Kharif,2017,21543.5,46523.2,2159.5,251.4,16.8,224.9,6.79,0.54,0.72,31.3,1157.0,77.6,33.2,28187.0,45922.2,5120.0,11432.9,11634.1,113.54,2.1595
Haryana,Karnal,Cotton,Kharif,2023,24314.3,14946.0,614.7,262.7,14.5,192.9,8.25,0.39,0.58,27.8,725.8,64.8,24.5,63100.8,104675.2,12870.0,24219.2,26011.6,166.25,0.6147
West Bengal,Hooghly,Maize,Kharif,2017,18848.4,61374.2,3256.2,166.6,17.3,174.6,5.73,0.63,0.56,30.2,1582.5,84.9,36.1,26748.8,43674.8,5534.2,8288.6,12926.0,113.54,3.2561999999999998
West Bengal,Nadia,Rice,Kharif,2018,35095.8,93790.0,2672.4,201.8,18.1,174.6,5.83,0.6,1.01,30.8,1837.3,82.7,38.3,38034.6,61867.9,7097.8,14312.2,16624.6,119.72,2.6724
Bihar,Gaya,Wheat,Rabi,2021,25482.8,60773.9,2384.9,183.7,14.4,182.5,7.11,0.5,0.38,20.8,183.2,65.4,11.0,39920.7,65649.8,6880.0,16614.9,16425.8,148.02,2.3849
Punjab,Patiala,Maize,Kharif,2021,33090.0,65270.0,1972.5,293.1,16.5,270.0,7.92,0.38,0.69,26.6,664.4,64.0,24.2,38635.4,64555.8,6865.5,15335.6,16434.3,148.02,1.9725
Uttar Pradesh,Kanpur Dehat,Maize,Kharif,2021,24960.1,52705.7,2111.6,226.3,15.3,162.5,7.26,0.44,1.0,28.4,1172.4,70.1,31.2,36739.1,59797.0,6499.5,12775.1,17464.5,148.02,2.1115999999999997
Tamil Nadu,Coimbatore,Soyabean,Kharif,2016,2105.3,2088.0,991.8,175.8,11.8,238.6,6.5,0.57,0.96,31.1,814.8,82.1,28.8,23131.8,37706.0,4233.8,7916.8,10981.2,105.27,0.9917999999999999
Punjab,Patiala,Groundnut,Kharif,2022,3487.4,5578.8,1599.7,282.2,19.6,216.9,7.53,0.39,0.52,27.0,740.1,67.0,24.0,60613.5,99413.9,10131.3,22699.7,27782.5,156.76,1.5997000000000001
Madhya Pradesh,Sehore,Groundnut,Rabi,2016,27203.7,49975.9,1837.1,277.9,16.9,235.5,7.82,0.43,0.75,21.2,178.5,53.7,14.5,34648.0,56434.0,5865.8,13490.0,15292.2,105.27,1.8371
Madhya Pradesh,Indore,Sugarcane,Whole Year,2022,43838.2,2726863.2,62202.9,259.9,13.3,233.4,7.55,0.57,1.2,25.8,1411.6,59.5,21.8,128053.3,206018.8,30348.3,52293.1,45411.9,156.76,62.2029
Andhra Pradesh,Kurnool,Maize,Kharif,2019,20095.4,64500.2,3209.7,212.3,14.3,208.1,7.15,0.38,0.2,31.8,1078.8,78.3,32.2,30980.1,49640.5,6270.8,9750.5,14958.8,128.37,3.2096999999999998
Uttar Pradesh,Bareilly,Sugarcane,Whole Year,2019,18006.3,1007096.0,55930.2,274.7,17.6,220.4,7.76,0.52,0.65,26.3,1234.6,62.6,20.3,118290.4,201031.7,28156.6,36419.0,53714.8,128.37,55.9302
Madhya Pradesh,Indore,Cotton,Kharif,2021,34130.6,14758.1,432.4,257.6,13.8,275.0,7.88,0.55,0.9,29.3,1289.6,70.3,34.2,54508.0,87768.6,11881.9,18972.4,23653.7,148.02,0.43239999999999995
Punjab,Amritsar,Bajra,Kharif,2022,29492.2,45536.0,1544.0,238.6,20.5,241.3,7.79,0.52,0.16,27.1,674.4,68.2,23.7,31868.3,51530.7,7580.2,10668.7,13619.4,156.76,1.544
West Bengal,Hooghly,Groundnut,Kharif,2020,24814.0,27717.2,1117.0,207.6,21.5,180.3,6.07,0.52,0.98,30.2,1370.5,85.5,34.9,47658.6,77734.8,11283.4,18106.2,18269.0,138.02,1.117
Karnataka,Davanagere,Soyabean,Kharif,2022,13940.0,15437.2,1107.4,208.3,14.5,231.0,6.43,0.5,0.46,29.9,931.0,75.8,29.0,32494.2,52729.0,5875.4,11265.5,15353.3,156.76,1.1074000000000002
Punjab,Amritsar,Groundnut,Kharif,2015,1129.6,1591.8,1409.2,270.0,17.1,257.9,7.71,0.36,0.2,26.8,790.8,65.6,26.9,35333.5,59341.9,7800.9,14118.8,13413.8,100.0,1.4092
Haryana,Hisar,Maize,Kharif,2016,38690.8,106086.3,2741.9,227.9,19.0,239.8,8.06,0.3,0.65,28.6,703.3,61.4,25.7,24413.7,39624.8,4416.8,7624.8,12372.1,105.27,2.7419000000000002
Karnataka,Davanagere,Cotton,Kharif,2023,9126.0,5864.4,642.6,237.4,16.4,174.4,6.4,0.63,0.4,29.4,857.3,74.5,26.1,60707.6,97492.2,10497.0,24790.2,25420.4,166.25,0.6426000000000001
Andhra Pradesh,West Godavari,Cotton,Kharif,2017,16569.9,7753.1,467.9,213.7,14.1,231.8,7.11,0.47,0.71,31.1,1129.4,75.4,32.5,44447.0,72816.5,8872.9,17394.7,18179.4,113.54,0.4679
Bihar,Rohtas,Bajra,Kharif,2022,31803.8,46958.3,1476.5,241.3,15.1,154.7,6.94,0.52,0.4,28.9,1140.5,79.3,34.3,27987.9,44923.0,4721.7,9470.6,13795.6,156.76,1.4765
Madhya Pradesh,Sehore,Maize,Kharif,2021,37155.1,100842.7,2714.1,264.3,12.4,245.2,7.29,0.48,0.82,28.9,1242.0,69.9,35.3,34524.7,56934.0,7885.2,11831.2,14808.3,148.02,2.7140999999999997
Andhra Pradesh,Guntur,Soyabean,Kharif,2015,861.1,755.5,877.4,220.7,14.6,219.2,6.63,0.45,0.4,31.4,1266.9,74.5,34.9,21284.3,34858.5,4507.9,7248.1,9528.3,100.0,0.8774
West Bengal,Murshidabad,Cotton,Kharif,2017,30042.2,11377.0,378.7,239.8,24.6,172.0,5.65,0.53,0.15,30.8,1553.3,85.1,37.5,43272.1,70458.4,8701.9,16370.7,18199.5,113.54,0.3787
Haryana,Kurukshetra,Jowar,Rabi,2023,22771.2,32164.3,1412.5,260.0,16.2,200.5,8.3,0.34,0.35,20.2,79.0,49.0,14.6,32532.6,54313.7,7659.5,11783.1,13090.0,166.25,1.4125
Madhya Pradesh,Hoshangabad,Maize,Rabi,2022,44405.4,101604.0,2288.1,277.8,16.8,317.1,7.95,0.53,1.04,21.0,185.2,52.8,14.8,37535.4,61369.5,7352.5,15549.1,14633.8,156.76,2.2881
Karnataka,Mysuru,Cotton,Kharif,2022,31360.7,18480.9,589.3,193.9,14.9,191.0,6.56,0.47,0.59,29.4,928.1,77.1,29.3,51584.4,84600.8,10384.8,18744.3,22455.3,156.76,0.5892999999999999
Madhya Pradesh,Indore,Cotton,Kharif,2019,31621.8,15697.1,496.4,254.0,14.9,254.7,7.88,0.57,0.78,29.1,1232.0,68.1,34.2,48625.6,80146.4,9971.0,18179.1,20475.5,128.37,0.49639999999999995
Madhya Pradesh,Ujjain,Sugarcane,Whole Year,2019,34508.1,2345833.0,67979.2,294.0,14.0,248.0,7.8,0.44,0.43,26.5,1507.8,59.5,22.4,108615.8,179577.9,21811.2,33487.0,53317.6,128.37,67.97919999999999
Tamil Nadu,Thanjavur,Soyabean,Kharif,2019,19816.4,24532.7,1238.0,203.0,15.3,244.2,6.82,0.51,1.11,31.6,1089.8,79.8,32.6,28782.6,47418.9,5739.2,10591.7,12451.7,128.37,1.238
Punjab,Amritsar,Jowar,Kharif,2015,15332.2,21805.5,1422.2,270.0,17.1,257.9,7.71,0.36,0.2,26.8,790.8,65.6,26.9,20684.5,34908.5,4573.5,8090.0,8021.0,100.0,1.4222000000000001
West Bengal,Murshidabad,Maize,Kharif,2023,39127.3,93033.0,2377.7,190.6,24.0,203.0,6.16,0.53,0.86,29.7,1884.8,84.4,40.3,41129.3,67295.6,8559.4,13284.5,19285.4,166.25,2.3777
Haryana,Karnal,Bajra,Kharif,2020,11514.3,12818.9,1113.3,289.2,17.8,198.7,7.59,0.49,0.87,28.5,718.0,64.3,22.0,25902.7,42509.9,5540.9,9101.8,11260.0,138.02,1.1133
Haryana,Kurukshetra,Wheat,Rabi,2019,6167.0,25068.9,4065.0,219.8,13.8,190.3,8.01,0.45,0.93,20.5,107.7,46.6,10.1,36680.0,59436.1,8341.4,11397.9,16940.7,128.37,4.065
West Bengal,Nadia,Jowar,Kharif,2017,22268.5,25009.8,1123.1,197.8,23.5,200.9,6.37,0.56,0.63,29.3,1596.1,87.6,37.5,23223.5,39332.8,5202.6,9503.9,8517.0,113.54,1.1231
Andhra Pradesh,Krishna,Wheat,Rabi,2019,10650.9,35034.0,3289.3,222.1,14.8,183.3,7.14,0.47,0.71,23.2,138.3,59.9,13.3,37795.6,63782.4,6501.0,14339.9,16954.7,128.37,3.2893000000000003
Bihar,Gaya,Soyabean,Kharif,2019,20231.8,21247.4,1050.2,230.0,15.7,151.3,6.97,0.47,1.12,28.5,1432.2,78.7,36.2,27118.6,44037.6,4734.7,9618.3,12765.6,128.37,1.0502
Karnataka,Raichur,Cotton,Kharif,2019,44680.9,20642.6,462.0,207.3,15.7,187.2,6.49,0.54,1.11,29.3,912.8,77.7,27.6,46978.0,78761.2,7685.6,17913.0,21379.4,128.37,0.462
Haryana,Karnal,Maize,Rabi,2017,9723.9,27627.5,2841.2,282.7,17.5,213.8,7.7,0.48,0.52,20.5,82.6,44.5,11.0,26823.9,44754.5,4471.9,9636.3,12715.7,113.54,2.8411999999999997
Haryana,Sirsa,Soyabean,Kharif,2016,3929.6,4501.7,1145.6,239.7,13.9,217.4,8.04,0.43,0.27,28.1,546.9,62.5,22.6,22806.5,36742.5,4623.6,7587.2,10595.7,105.27,1.1456
Uttar Pradesh,Gorakhpur,Maize,Rabi,2017,1382.7,3218.5,2327.7,265.0,11.7,173.3,7.17,0.38,0.97,20.5,105.7,53.5,12.1,30597.6,51445.5,6466.9,11081.4,13049.3,113.54,2.3276999999999997
Andhra Pradesh,Guntur,Maize,Rabi,2022,6557.6,23003.4,3507.9,216.7,14.0,215.6,6.8,0.37,0.65,22.7,143.3,59.6,14.7,39871.1,65185.1,7483.4,14320.8,18066.9,156.76,3.5079000000000002
Karnataka,Mysuru,Jowar,Rabi,2021,37045.0,31762.4,857.4,208.1,12.3,159.6,6.48,0.49,0.9,20.5,143.8,59.1,13.1,24828.3,40014.9,4635.9,10044.0,10148.4,148.02,0.8573999999999999
Andhra Pradesh,Krishna,Rice,Kharif,2015,29057.8,86237.7,2967.8,185.1,15.3,163.9,7.01,0.38,1.0,31.1,1237.4,74.7,34.4,33756.8,55809.8,7531.7,12709.0,13516.1,100.0,2.9678
Uttar Pradesh,Meerut,Gram,Rabi,2023,24439.9,14915.7,610.3,256.1,14.5,191.5,7.87,0.39,0.8,21.2,139.0,51.5,16.2,37642.2,60717.5,7478.7,14229.3,15934.2,166.25,0.6103
Maharashtra,Nagpur,Groundnut,Rabi,2019,20782.4,29502.7,1419.6,294.7,20.3,230.9,7.01,0.57,0.41,22.4,174.2,54.6,13.2,48750.2,78380.3,8356.7,15798.5,24595.0,128.37,1.4196
Haryana,Hisar,Maize,Rabi,2022,37821.0,98977.6,2617.0,240.1,13.5,231.3,7.99,0.42,0.62,20.2,87.9,49.4,12.6,37669.8,62957.5,6628.1,12778.3,18263.4,156.76,2.617
Maharashtra,Pune,Maize,Rabi,2020,27105.1,83486.4,3080.1,253.0,17.5,194.4,7.23,0.41,1.17,21.7,140.9,56.3,13.5,35591.8,57792.4,7623.6,10893.5,17074.7,138.02,3.0801
Karnataka,Belagavi,Groundnut,Kharif,2021,7286.1,10046.1,1378.8,247.9,11.7,216.0,6.92,0.49,0.96,28.6,852.3,75.6,27.2,46545.1,75934.0,7737.2,14792.1,24015.8,148.02,1.3788
Madhya Pradesh,Ujjain,Soyabean,Kharif,2019,28972.2,34960.8,1206.7,294.0,14.0,248.0,7.8,0.44,0.43,29.9,1281.0,70.9,36.2,26125.5,43495.0,5670.4,10322.6,10132.5,128.37,1.2067
Punjab,Amritsar,Gram,Rabi,2015,14819.1,12344.3,833.0,270.0,17.1,257.9,7.71,0.36,0.2,19.0,114.0,49.9,10.8,23422.8,39765.7,4718.9,8540.4,10163.5,100.0,0.833
Uttar Pradesh,Kanpur Dehat,Maize,Rabi,2017,25667.1,60730.9,2366.1,251.6,15.2,161.9,7.49,0.35,0.98,20.2,150.7,55.3,15.2,30597.6,51445.5,6466.9,11081.4,13049.3,113.54,2.3661
Haryana,Sirsa,Rice,Kharif,2015,11610.6,34317.5,2955.7,240.7,14.1,218.7,8.04,0.34,0.4,28.4,732.2,64.0,25.0,32303.0,53276.1,5252.1,10815.1,16235.8,100.0,2.9556999999999998
Haryana,Kurukshetra,Rice,Kharif,2019,6306.8,19091.9,3027.2,219.8,13.8,190.3,8.01,0.45,0.93,28.0,651.5,62.0,22.3,39433.0,64192.6,6894.6,15948.6,16589.8,128.37,3.0271999999999997
Karnataka,Mysuru,Bajra,Kharif,2015,26629.3,33012.3,1239.7,208.8,12.1,198.4,6.41,0.56,0.6,29.6,1099.4,76.4,32.0,15647.4,26060.3,2703.6,5161.6,7782.2,100.0,1.2397
Punjab,Ludhiana,Bajra,Kharif,2023,40724.8,59971.3,1472.6,263.1,20.0,191.6,8.14,0.53,0.55,26.6,719.0,64.3,26.3,33360.6,54168.5,7366.4,11414.5,14579.7,166.25,1.4726
Uttar Pradesh,Gorakhpur,Jowar,Kharif,2022,17743.3,21079.0,1188.0,222.2,16.9,176.4,7.63,0.37,0.82,28.8,940.1,71.8,30.1,30149.7,51006.6,6224.4,12374.8,11550.5,156.76,1.188
Andhra Pradesh,Krishna,Bajra,Kharif,2022,24631.6,43763.0,1776.7,216.7,16.3,186.0,6.93,0.44,0.93,31.6,1063.0,76.9,32.8,27610.8,44827.3,6278.7,8670.6,12661.5,156.76,1.7767
Uttar Pradesh,Bareilly,Rice,Kharif,2023,7384.8,12846.6,1739.6,237.3,14.8,208.4,7.43,0.4,0.9,28.1,976.1,72.5,29.5,56526.6,92984.8,11588.3,17876.9,27061.4,166.25,1.7395999999999998
Uttar Pradesh,Kanpur Dehat,Cotton,Kharif,2017,40830.5,20750.1,508.2,251.6,15.2,161.9,7.49,0.35,0.98,28.9,1152.1,69.4,30.8,47011.8,78651.3,8596.9,16270.5,22144.4,113.54,0.5082
Uttar Pradesh,Bareilly,Groundnut,Rabi,2022,23582.3,34024.5,1442.8,249.3,16.9,164.3,7.61,0.34,0.66,20.5,116.3,53.9,11.5,58451.9,95115.4,11239.7,23964.4,23247.8,156.76,1.4427999999999999
Karnataka,Davanagere,Jowar,Kharif,2021,40248.3,44888.9,1115.3,211.8,12.8,203.9,6.51,0.45,1.05,28.7,1102.5,76.1,32.4,24828.3,40014.9,4635.9,10044.0,10148.4,148.02,1.1153
Tamil Nadu,Thanjavur,Sugarcane,Whole Year,2017,9879.2,689087.0,69751.3,216.6,12.4,204.7,6.68,0.43,0.13,28.1,1199.8,72.1,21.7,98233.7,165994.2,19108.9,37632.9,41491.9,113.54,69.7513
Uttar Pradesh,Gorakhpur,Groundnut,Rabi,2017,5927.3,9560.7,1613.0,265.0,11.7,173.3,7.17,0.38,0.97,20.5,105.7,53.5,12.1,39065.1,62844.0,9361.3,14859.3,14844.5,113.54,1.613
Uttar Pradesh,Gorakhpur,Rice,Kharif,2015,43017.3,92521.6,2150.8,219.9,17.3,160.0,7.87,0.48,0.89,29.1,971.4,68.9,27.4,32440.1,54501.6,5752.7,10116.5,16570.9,100.0,2.1508000000000003
Uttar Pradesh,Gorakhpur,Rice,Kharif,2023,24595.6,44382.8,1804.5,239.4,16.0,188.7,7.4,0.38,0.75,29.2,954.3,71.2,30.1,56526.6,92984.8,11588.3,17876.9,27061.4,166.25,1.8045
Karnataka,Raichur,Jowar,Kharif,2023,32684.8,34609.9,1058.9,200.0,11.4,209.5,6.69,0.54,0.49,28.9,921.8,76.6,28.8,29491.1,48009.1,5319.9,12247.6,11923.6,166.25,1.0589000000000002
Haryana,Karnal,Gram,Rabi,2020,21392.3,27775.8,1298.4,289.2,17.8,198.7,7.59,0.49,0.87,20.0,106.9,46.3,12.4,28865.6,48584.4,6417.6,9759.3,12688.7,138.02,1.2984
Madhya Pradesh,Indore,Soyabean,Kharif,2018,25201.4,33243.2,1319.1,268.1,12.3,237.0,7.37,0.41,0.98,28.3,1313.7,67.7,36.8,25697.9,43625.7,5538.1,10216.4,9943.4,119.72,1.3191
West Bengal,Nadia,Gram,Rabi,2023,32344.6,39069.0,1207.9,215.9,21.4,174.4,6.19,0.61,1.05,22.5,227.3,71.8,13.7,36966.3,61742.2,6667.5,12198.4,18100.4,166.25,1.2079000000000002
Uttar Pradesh,Gorakhpur,Groundnut,Kharif,2021,15715.1,21639.7,1377.0,230.7,12.5,213.2,7.44,0.36,0.13,29.4,1181.1,71.6,34.6,55190.1,92238.4,10395.1,19454.7,25340.3,148.02,1.377
Karnataka,Davanagere,Groundnut,Kharif,2021,43108.4,63640.9,1476.3,211.8,12.8,203.9,6.51,0.45,1.05,28.7,1102.5,76.1,32.4,46545.1,75934.0,7737.2,14792.1,24015.8,148.02,1.4763
West Bengal,Nadia,Bajra,Kharif,2018,6625.0,11606.3,1751.9,201.8,18.1,174.6,5.83,0.6,1.01,30.8,1837.3,82.7,38.3,23456.3,37722.1,5283.6,9214.3,8958.4,119.72,1.7519
Tamil Nadu,Thanjavur,Bajra,Kharif,2016,37109.8,47786.3,1287.7,213.5,10.4,223.0,6.59,0.48,0.14,31.7,1028.9,78.1,31.3,18553.7,31049.3,3745.0,5808.2,9000.5,105.27,1.2877
Andhra Pradesh,Krishna,Sugarcane,Whole Year,2020,18358.4,1370651.0,74660.7,172.4,12.6,169.0,6.93,0.55,0.79,27.8,1439.6,67.6,21.2,117071.9,194532.8,18938.5,48292.0,49841.4,138.02,74.66069999999999
Madhya Pradesh,Ujjain,Groundnut,Kharif,2020,34249.2,36985.7,1079.9,307.5,12.8,215.9,7.93,0.43,0.55,28.9,1017.6,68.6,31.0,44826.9,72685.8,8541.2,17728.4,18557.3,138.02,1.0799
West Bengal,Bardhaman,Gram,Rabi,2019,43824.3,35782.5,816.5,229.8,19.3,189.0,6.17,0.7,0.3,21.7,219.3,70.4,15.6,29187.2,48546.5,6920.7,11278.6,10987.9,128.37,0.8165
Tamil Nadu,Salem,Jowar,Kharif,2023,23798.4,24131.6,1014.0,236.3,12.6,189.7,6.94,0.44,0.18,31.1,1025.8,79.0,31.5,31997.7,51818.9,5832.4,11169.2,14996.1,166.25,1.014
Karnataka,Davanagere,Groundnut,Rabi,2022,30567.8,52384.0,1713.7,208.3,14.5,231.0,6.43,0.5,0.46,21.0,130.5,60.6,14.5,50662.4,84617.6,11691.1,17766.5,21204.8,156.76,1.7137
Bihar,Patna,Maize,Rabi,2022,43027.2,101647.5,2362.4,253.9,13.0,203.2,7.07,0.36,0.55,21.1,217.6,62.5,13.5,36718.0,58968.0,6283.1,14188.8,16246.1,156.76,2.3624
Tamil Nadu,Erode,Jowar,Kharif,2015,16235.7,25647.5,1579.7,220.7,9.4,198.3,7.16,0.46,0.53,30.6,1025.4,82.1,29.5,18763.7,30428.0,3438.4,7357.7,7967.6,100.0,1.5797
Madhya Pradesh,Hoshangabad,Cotton,Kharif,2018,37639.0,16437.0,436.7,339.1,16.6,283.4,7.29,0.46,1.16,28.7,1259.8,68.8,33.9,41445.1,67200.4,7347.7,15040.8,19056.6,119.72,0.4367
Bihar,Muzaffarpur,Cotton,Kharif,2023,7391.3,2798.3,378.6,219.0,12.0,148.2,7.3,0.42,0.27,29.6,1279.2,77.6,34.6,63416.0,103136.7,13209.0,21205.5,29001.5,166.25,0.37860000000000005
Madhya Pradesh,Ujjain,Jowar,Kharif,2018,4537.5,4975.4,1096.5,247.6,17.5,293.4,7.55,0.51,0.5,28.8,1235.7,70.3,35.3,20949.2,34780.6,4640.1,8368.7,7940.4,119.72,1.0965
West Bengal,Murshidabad,Groundnut,Rabi,2023,31648.5,46830.3,1479.7,190.6,24.0,203.0,6.16,0.53,0.86,21.1,232.7,68.6,14.8,58722.9,99737.0,10870.2,23286.3,24566.4,166.25,1.4797
Uttar Pradesh,Bareilly,Jowar,Rabi,2016,37223.7,27709.3,744.4,266.3,16.9,206.0,7.87,0.5,0.37,20.9,133.5,55.9,12.8,20298.8,33656.1,3251.9,6471.9,10575.0,105.27,0.7444
Madhya Pradesh,Indore,Jowar,Rabi,2019,38859.6,36364.8,935.8,254.0,14.9,254.7,7.88,0.57,0.78,20.4,142.8,51.2,12.5,23662.1,39156.3,5496.1,7220.8,10945.2,128.37,0.9358
Punjab,Bathinda,Maize,Kharif,2020,11070.1,27191.5,2456.3,277.0,23.5,204.4,7.46,0.36,1.0,27.7,707.8,66.5,22.6,34479.1,55854.2,7926.7,11194.7,15357.7,138.02,2.4563
West Bengal,Hooghly,Jowar,Rabi,2022,2326.8,3749.4,1611.4,205.7,21.1,178.8,6.03,0.54,1.04,20.9,214.8,70.2,15.9,32306.7,52120.3,6716.3,10616.0,14974.4,156.76,1.6114000000000002
Bihar,Gaya,Bajra,Kharif,2016,28295.6,44825.9,1584.2,211.8,15.2,191.3,7.26,0.36,0.21,29.4,1468.1,80.6,36.9,18405.1,29771.5,3929.6,7048.9,7426.6,105.27,1.5842
Karnataka,Raichur,Soyabean,Kharif,2019,37805.1,43158.3,1141.6,207.3,15.7,187.2,6.49,0.54,1.11,29.3,912.8,77.7,27.6,25492.6,42507.7,5766.2,9858.5,9867.9,128.37,1.1416
Uttar Pradesh,Meerut,Soyabean,Kharif,2018,20723.5,26909.5,1298.5,226.5,17.2,216.9,7.16,0.38,0.8,29.1,1043.3,70.5,32.1,28589.6,47413.8,5000.5,11214.9,12374.2,119.72,1.2985
Bihar,Muzaffarpur,Sugarcane,Whole Year,2015,13634.2,813914.0,59696.5,233.6,15.7,176.2,7.24,0.37,0.67,26.2,1774.6,69.6,22.8,81702.0,137347.4,14840.5,26822.0,40039.5,100.0,59.6965
Karnataka,Davanagere,Soyabean,Kharif,2023,14850.4,19779.2,1331.9,237.4,16.4,174.4,6.4,0.63,0.4,29.4,857.3,74.5,26.1,32887.1,53478.9,6807.5,9917.8,16161.8,166.25,1.3319
Andhra Pradesh,Krishna,Sugarcane,Whole Year,2022,3997.5,226276.1,56604.4,216.7,16.3,186.0,6.93,0.44,0.93,28.5,1278.9,66.7,23.0,136047.0,230610.7,28524.8,51783.3,55738.9,156.76,56.6044
Tamil Nadu,Salem,Cotton,Kharif,2015,37512.0,14337.1,382.2,201.9,11.7,221.3,7.0,0.61,0.12,31.6,962.6,82.1,29.2,38005.6,62182.8,6317.1,14767.1,16921.4,100.0,0.3822
Tamil Nadu,Thanjavur,Bajra,Kharif,2020,41078.3,38001.5,925.1,193.4,14.7,230.0,6.95,0.53,0.75,31.0,1109.3,80.0,31.0,24714.7,40068.5,4231.5,7760.8,12722.4,138.02,0.9251
Haryana,Karnal,Soyabean,Kharif,2023,14338.5,15195.9,1059.8,262.7,14.5,192.9,8.25,0.39,0.58,27.8,725.8,64.8,24.5,35316.1,59693.4,6391.8,14401.7,14522.6,166.25,1.0597999999999999
Madhya Pradesh,Hoshangabad,Cotton,Kharif,2022,5811.3,2765.6,475.9,277.8,16.8,317.1,7.95,0.53,1.04,28.9,1004.8,70.4,30.4,54156.2,89203.2,12047.4,19469.1,22639.7,156.76,0.4759
Tamil Nadu,Salem,Gram,Rabi,2018,3335.6,2992.4,897.1,238.1,11.5,209.6,7.2,0.6,1.01,23.0,172.6,66.3,14.6,24234.7,40104.9,5702.3,8855.8,9676.6,119.72,0.8971
Haryana,Kurukshetra,Sugarcane,Whole Year,2016,43696.4,3139525.2,71848.6,216.8,15.0,173.9,7.93,0.46,0.5,25.2,636.3,53.7,14.2,87506.6,140513.0,20639.4,32280.7,34586.5,105.27,71.8486
West Bengal,Murshidabad,Rice,Kharif,2019,27914.2,70329.8,2519.5,181.6,18.5,167.7,5.64,0.56,0.67,29.6,1493.9,86.5,40.5,42959.7,69357.6,9382.3,14140.4,19437.0,128.37,2.5195
Maharashtra,Nagpur,Maize,Kharif,2018,39499.8,106507.3,2696.4,271.3,14.2,267.0,7.21,0.39,0.63,29.9,1270.9,74.3,34.2,32540.7,53327.3,7534.6,11864.4,13141.7,119.72,2.6964
Bihar,Muzaffarpur,Gram,Rabi,2016,24023.1,20489.3,852.9,216.8,14.6,198.9,7.04,0.52,0.71,20.9,165.9,63.6,12.8,20157.1,32499.0,3946.4,7246.0,8964.7,105.27,0.8529
Bihar,Patna,Maize,Kharif,2023,6828.4,20111.0,2945.2,235.1,13.1,187.1,7.67,0.5,1.01,28.9,1522.8,78.4,37.6,37976.5,63547.3,6216.5,12648.0,19112.0,166.25,2.9452
Bihar,Gaya,Cotton,Kharif,2017,29357.6,16305.2,555.4,185.9,14.4,141.8,7.45,0.38,0.15,28.4,1449.9,80.0,36.4,42982.8,70506.6,9975.1,17212.1,15795.6,113.54,0.5554
Madhya Pradesh,Ujjain,Maize,Kharif,2020,40755.5,114172.5,2801.4,307.5,12.8,215.9,7.93,0.43,0.55,28.9,1017.6,68.6,31.0,32812.1,54433.0,6583.3,12591.1,13637.7,138.02,2.8014
Uttar Pradesh,Kanpur Dehat,Maize,Kharif,2018,23308.6,47290.8,2028.9,232.5,13.6,170.2,7.14,0.36,0.27,28.6,1073.2,70.3,31.1,29155.5,49253.9,6700.8,9912.8,12541.9,119.72,2.0289
Tamil Nadu,Erode,Jowar,Kharif,2023,17188.3,15295.9,889.9,181.7,13.0,231.4,7.25,0.44,0.25,31.2,967.7,79.9,27.7,31997.7,51818.9,5832.4,11169.2,14996.1,166.25,0.8899
West Bengal,Bardhaman,Wheat,Rabi,2021,10167.0,27908.4,2745.0,211.2,20.9,153.8,5.92,0.67,0.49,22.5,157.3,70.4,12.2,44412.5,72142.7,7712.8,18375.5,18324.2,148.02,2.745
Madhya Pradesh,Hoshangabad,Bajra,Kharif,2017,31860.5,38404.6,1205.4,284.1,17.4,264.3,7.63,0.45,0.38,29.0,1257.2,72.0,35.3,19670.0,32721.4,4241.8,6584.5,8843.7,113.54,1.2054
Haryana,Karnal,Soyabean,Kharif,2022,18541.0,24921.0,1344.1,241.6,14.4,225.0,7.62,0.44,0.32,28.3,693.0,64.1,22.9,34439.7,57950.6,7082.8,13226.7,14130.2,156.76,1.3440999999999999
Tamil Nadu,Erode,Maize,Rabi,2017,12071.3,32662.5,2705.8,222.2,9.0,169.8,6.9,0.42,1.16,23.4,122.5,62.8,8.5,25984.9,42622.1,5361.8,9611.9,11011.2,113.54,2.7058
Maharashtra,Kolhapur,Maize,Kharif,2022,44929.0,145475.6,3237.9,272.0,17.7,300.1,7.04,0.46,0.33,29.7,1176.8,72.9,33.0,41639.7,70701.1,9732.9,16322.1,15584.7,156.76,3.2379000000000002
Maharashtra,Nagpur,Wheat,Rabi,2020,12129.2,40520.0,3340.7,222.3,14.9,234.4,7.34,0.39,0.47,22.6,110.0,56.5,11.4,42515.8,68833.5,10128.0,15818.6,16569.2,138.02,3.3407
Bihar,Patna,Cotton,Kharif,2021,7320.0,2738.4,374.1,245.0,15.4,181.8,7.2,0.49,1.02,29.4,1273.8,79.3,33.3,56183.7,91620.7,10768.2,22087.9,23327.6,148.02,0.37410000000000004
Andhra Pradesh,West Godavari,Groundnut,Rabi,2018,1720.6,3124.3,1815.8,237.3,12.0,201.0,6.76,0.37,0.44,22.8,107.1,60.6,12.0,42110.3,68898.3,7658.1,12897.1,21555.1,119.72,1.8157999999999999
West Bengal,Bardhaman,Wheat,Rabi,2018,38089.1,143512.1,3767.8,210.7,22.1,197.1,5.62,0.55,0.13,21.9,261.6,69.3,15.3,33523.4,55451.0,6045.0,13820.0,13658.4,119.72,3.7678000000000003
Tamil Nadu,Thanjavur,Wheat,Rabi,2020,41965.5,133530.0,3181.9,193.4,14.7,230.0,6.95,0.53,0.75,22.7,125.2,64.9,12.6,39008.8,64410.6,8349.2,13485.8,17173.8,138.02,3.1819
Punjab,Amritsar,Groundnut,Kharif,2017,22344.1,41573.4,1860.6,251.1,18.9,224.9,7.9,0.39,0.29,26.5,758.2,67.6,24.1,39876.9,65300.9,7682.4,15487.5,16707.0,113.54,1.8605999999999998
Uttar Pradesh,Meerut,Maize,Kharif,2018,9742.4,30890.2,3170.7,226.5,17.2,216.9,7.16,0.38,0.8,29.1,1043.3,70.5,32.1,29155.5,49253.9,6700.8,9912.8,12541.9,119.72,3.1706999999999996
West Bengal,Nadia,Groundnut,Rabi,2021,13250.0,13582.6,1025.1,236.7,21.7,155.4,6.21,0.54,0.18,22.0,258.3,69.2,14.1,53398.5,89154.9,9009.4,22133.7,22255.4,148.02,1.0251
Bihar,Patna,Maize,Kharif,2018,28168.9,58991.3,2094.2,247.5,15.9,165.1,7.45,0.43,0.16,28.9,1154.9,79.8,30.6,26624.7,45178.6,4960.1,8125.1,13539.5,119.72,2.0942
Andhra Pradesh,Kurnool,Groundnut,Kharif,2022,19601.1,24101.5,1229.6,199.3,16.8,164.1,6.85,0.51,1.1,30.8,1109.1,75.1,33.3,53353.4,89870.0,8895.1,19190.9,25267.4,156.76,1.2295999999999998
Madhya Pradesh,Hoshangabad,Soyabean,Kharif,2020,37498.0,46737.5,1246.4,331.4,13.9,265.0,7.54,0.54,0.84,29.0,1287.1,70.2,32.9,28223.4,46252.1,6052.3,10348.4,11822.7,138.02,1.2464000000000002
Bihar,Gaya,Maize,Rabi,2016,15353.4,45828.4,2984.9,211.8,15.2,191.3,7.26,0.36,0.21,20.8,176.3,62.5,14.6,23734.4,39342.6,4117.6,8091.0,11525.8,105.27,2.9849
Tamil Nadu,Salem,Maize,Kharif,2017,22817.9,61480.5,2694.4,217.2,13.4,249.5,7.16,0.5,0.61,31.0,1113.2,81.3,31.4,25984.9,42622.1,5361.8,9611.9,11011.2,113.54,2.6944
Punjab,Ludhiana,Gram,Rabi,2021,26309.3,27780.0,1055.9,228.2,20.3,194.1,8.02,0.39,1.17,18.3,130.7,49.1,10.9,34259.7,56996.2,5979.7,13492.3,14787.7,148.02,1.0559
Punjab,Amritsar,Cotton,Kharif,2022,5196.5,3346.0,643.9,238.6,20.5,241.3,7.79,0.52,0.16,27.1,674.4,68.2,23.7,62987.8,101659.0,12957.6,23546.0,26484.2,156.76,0.6439
Madhya Pradesh,Ujjain,Groundnut,Kharif,2021,8327.0,14440.7,1734.2,269.0,13.1,240.4,7.63,0.42,0.69,28.8,1285.5,70.6,34.5,47449.6,75998.2,7636.3,16731.4,23081.9,148.02,1.7342
Uttar Pradesh,Gorakhpur,Groundnut,Kharif,2019,8774.2,8871.6,1011.1,223.5,13.7,210.2,7.44,0.46,0.79,30.0,981.8,73.4,30.6,44873.3,74695.8,9620.5,15386.3,19866.5,128.37,1.0111
Punjab,Amritsar,Sugarcane,Whole Year,2016,19883.1,1402814.3,70553.1,291.9,22.0,220.3,7.79,0.46,0.92,24.1,758.5,56.8,15.0,102095.3,168629.6,21243.8,38967.9,41883.6,105.27,70.5531
Maharashtra,Pune,Groundnut,Kharif,2019,10492.4,12804.9,1220.4,280.2,14.6,230.8,7.11,0.45,0.51,30.0,1276.6,72.8,35.0,48750.2,78380.3,8356.7,15798.5,24595.0,128.37,1.2204000000000002
Madhya Pradesh,Hoshangabad,Maize,Rabi,2021,4330.5,9696.9,2239.2,283.7,17.0,265.1,7.21,0.46,0.51,20.6,181.6,52.2,14.9,34524.7,56934.0,7885.2,11831.2,14808.3,148.02,2.2392
Madhya Pradesh,Sehore,Jowar,Kharif,2021,2095.9,2169.0,1034.9,264.3,12.4,245.2,7.29,0.48,0.82,28.9,1242.0,69.9,35.3,26638.1,44446.0,5325.5,9508.2,11804.4,148.02,1.0349000000000002
Uttar Pradesh,Meerut,Maize,Rabi,2023,17664.3,60759.9,3439.7,256.1,14.5,191.5,7.87,0.39,0.8,21.2,139.0,51.5,16.2,44402.5,71838.9,7836.2,17083.4,19482.9,166.25,3.4396999999999998
West Bengal,Bardhaman,Bajra,Kharif,2020,979.2,913.6,933.0,209.0,24.8,172.6,5.74,0.63,0.97,30.6,1411.4,85.8,35.1,25056.2,42347.1,4766.8,8777.2,11512.2,138.02,0.933
Andhra Pradesh,Krishna,Groundnut,Kharif,2019,10907.0,16433.6,1506.7,222.1,14.8,183.3,7.14,0.47,0.71,30.6,1138.9,76.4,30.9,45277.3,75767.3,9555.5,15391.2,20330.6,128.37,1.5067000000000002
Bihar,Gaya,Wheat,Rabi,2023,1945.4,7086.3,3642.6,220.1,14.0,187.5,7.21,0.51,0.93,21.4,192.6,62.8,15.1,45691.9,76935.8,10534.4,17424.4,17733.1,166.25,3.6426
Maharashtra,Kolhapur,Groundnut,Kharif,2016,15007.6,19885.1,1325.0,309.2,20.8,246.1,7.18,0.54,0.38,30.1,1043.1,72.8,30.7,39237.7,65719.4,6597.6,15776.7,16863.4,105.27,1.325
Andhra Pradesh,Krishna,Jowar,Rabi,2021,2205.1,2632.4,1193.8,190.4,15.4,160.3,7.04,0.37,1.16,22.9,156.4,60.1,11.2,27720.2,46574.6,6238.2,8773.7,12708.3,148.02,1.1938
Madhya Pradesh,Indore,Maize,Kharif,2017,41144.2,93907.5,2282.4,269.1,15.3,277.3,7.42,0.56,0.1,28.8,1116.5,68.7,33.2,24678.6,41493.4,5222.3,7647.1,11809.2,113.54,2.2824
Maharashtra,Nashik,Soyabean,Kharif,2017,16308.2,16265.8,997.4,243.7,16.7,220.3,7.44,0.47,0.96,30.2,1045.3,71.8,29.0,28579.2,46038.1,5240.7,10770.4,12568.1,113.54,0.9974
Karnataka,Belagavi,Sugarcane,Whole Year,2020,22227.9,1465425.4,65927.3,248.6,11.3,169.6,6.26,0.63,0.64,25.8,1310.2,65.7,21.7,102801.3,167230.7,19107.2,41736.9,41957.2,138.02,65.9273
Andhra Pradesh,Krishna,Gram,Rabi,2021,41981.2,36788.1,876.3,190.4,15.4,160.3,7.04,0.37,1.16,22.9,156.4,60.1,11.2,31517.8,52937.8,6832.7,11587.0,13098.1,148.02,0.8763
Andhra Pradesh,Kurnool,Groundnut,Kharif,2019,23375.5,26968.3,1153.7,212.3,14.3,208.1,7.15,0.38,0.2,31.8,1078.8,78.3,32.2,45277.3,75767.3,9555.5,15391.2,20330.6,128.37,1.1537
West Bengal,Hooghly,Jowar,Rabi,2016,39839.2,61452.0,1542.5,176.6,19.4,170.1,5.66,0.61,0.79,21.8,207.3,70.0,14.6,20027.0,32729.9,4445.3,7511.6,8070.1,105.27,1.5425
Tamil Nadu,Erode,Maize,Kharif,2015,14963.4,35264.2,2356.7,220.7,9.4,198.3,7.16,0.46,0.53,30.6,1025.4,82.1,29.5,23499.1,39667.7,4835.4,7928.4,10735.3,100.0,2.3567
Maharashtra,Nashik,Maize,Rabi,2019,13890.8,36257.8,2610.2,237.8,15.9,262.4,7.41,0.44,0.59,21.9,206.2,55.9,13.2,34642.4,57936.4,5610.1,11306.8,17725.5,128.37,2.6102
Maharashtra,Nagpur,Wheat,Rabi,2019,28577.4,106848.0,3738.9,294.7,20.3,230.9,7.01,0.57,0.41,22.4,174.2,54.6,13.2,38766.8,65814.7,6975.2,15380.1,16411.5,128.37,3.7389
Bihar,Gaya,Jowar,Rabi,2018,37313.8,33026.4,885.1,221.7,14.3,179.1,7.36,0.42,0.18,21.2,204.3,60.4,12.9,22843.7,37154.5,3813.0,7819.1,11211.6,119.72,0.8851
Haryana,Hisar,Bajra,Kharif,2021,27703.2,37075.2,1338.3,226.5,17.3,178.9,8.22,0.45,0.94,27.3,697.6,65.2,23.8,26108.5,43187.5,5253.8,9262.0,11592.7,148.02,1.3383
West Bengal,Hooghly,Gram,Rabi,2018,29781.5,30636.2,1028.7,187.7,23.2,153.5,6.3,0.66,0.71,21.8,209.0,70.6,14.0,26232.4,43320.5,6247.5,9334.2,10650.7,119.72,1.0287
Punjab,Patiala,Rice,Kharif,2016,32482.9,99336.0,3058.1,318.3,15.6,216.3,8.07,0.51,1.07,27.8,782.1,67.4,23.0,36201.6,60517.9,7034.4,13181.1,15986.1,105.27,3.0581
Punjab,Ludhiana,Maize,Rabi,2023,34431.7,101039.8,2934.5,263.1,20.0,191.6,8.14,0.53,0.55,18.5,105.2,49.4,13.8,42674.4,69454.1,8283.1,14989.4,19401.9,166.25,2.9345
Maharashtra,Nagpur,Bajra,Kharif,2022,36325.7,62131.5,1710.4,258.7,19.1,237.8,7.58,0.54,0.89,29.9,1029.0,73.3,31.9,29905.0,48535.1,4902.2,11888.0,13114.8,156.76,1.7104000000000001
Uttar Pradesh,Bareilly,Groundnut,Rabi,2018,18516.6,19944.2,1077.1,262.3,13.6,178.8,7.74,0.44,0.92,20.9,107.9,55.4,12.9,41321.4,69707.1,9334.4,12895.0,19092.0,119.72,1.0771
Maharashtra,Kolhapur,Jowar,Kharif,2017,31370.6,33726.5,1075.1,283.8,19.5,290.9,7.0,0.51,0.34,29.5,1031.2,75.2,30.5,24936.1,39974.9,4701.5,7606.7,12627.9,113.54,1.0751
Uttar Pradesh,Bareilly,Groundnut,Kharif,2022,38419.8,50675.7,1319.0,249.3,16.9,164.3,7.61,0.34,0.66,28.7,973.2,70.7,28.9,58451.9,95115.4,11239.7,23964.4,23247.8,156.76,1.319
Uttar Pradesh,Bareilly,Maize,Kharif,2018,20329.9,57407.6,2823.8,262.3,13.6,178.8,7.74,0.44,0.92,29.8,1188.5,71.6,32.3,29155.5,49253.9,6700.8,9912.8,12541.9,119.72,2.8238000000000003
Tamil Nadu,Coimbatore,Groundnut,Rabi,2021,747.9,1313.2,1755.9,191.3,12.3,195.0,7.15,0.53,1.05,23.3,136.2,64.0,14.5,47843.0,78738.6,9537.9,15158.0,23147.1,148.02,1.7559
Andhra Pradesh,Guntur,Rice,Kharif,2018,43053.5,133341.0,3097.1,262.5,12.8,205.2,6.51,0.5,0.6,30.8,1092.5,80.5,31.8,37696.7,62565.9,8744.6,15554.0,13398.1,119.72,3.0970999999999997
Madhya Pradesh,Hoshangabad,Cotton,Kharif,2019,1694.4,544.2,321.2,278.4,15.9,289.7,7.61,0.51,1.17,29.4,1116.1,69.3,31.2,48625.6,80146.4,9971.0,18179.1,20475.5,128.37,0.3212
Punjab,Ludhiana,Gram,Rabi,2023,8051.3,5917.7,735.0,263.1,20.0,191.6,8.14,0.53,0.55,18.5,105.2,49.4,13.8,38939.6,63509.1,6724.4,14045.0,18170.2,166.25,0.735
Madhya Pradesh,Hoshangabad,Soyabean,Kharif,2015,31002.2,37441.4,1207.7,328.1,15.9,294.8,7.71,0.59,0.39,28.8,1327.2,70.4,37.1,20762.1,35059.0,3922.9,8539.7,8299.5,100.0,1.2077
Punjab,Patiala,Jowar,Kharif,2021,37584.3,47142.0,1254.3,293.1,16.5,270.0,7.92,0.38,0.69,26.6,664.4,64.0,24.2,31689.8,52140.6,6285.6,11704.7,13699.5,148.02,1.2543
Haryana,Karnal,Gram,Rabi,2018,12139.5,11918.6,981.8,264.0,18.4,233.1,8.29,0.3,0.44,18.9,90.2,48.3,12.8,25412.2,42308.6,5413.5,8214.5,11784.2,119.72,0.9818
Haryana,Sirsa,Soyabean,Kharif,2022,41936.6,62175.2,1482.6,312.4,19.7,181.4,7.78,0.42,0.77,27.2,730.9,63.2,24.4,34439.7,57950.6,7082.8,13226.7,14130.2,156.76,1.4826
Bihar,Rohtas,Groundnut,Kharif,2023,9617.7,18038.0,1875.5,204.6,14.9,167.6,7.33,0.35,0.69,29.0,1195.7,79.1,34.5,52305.9,84735.8,11782.7,21155.3,19367.9,166.25,1.8755
Andhra Pradesh,Guntur,Sugarcane,Whole Year,2021,8973.9,459475.3,51201.3,227.4,18.3,235.4,6.8,0.47,0.99,28.3,1207.2,68.1,21.2,120458.2,196375.5,26405.8,50001.4,44051.0,148.02,51.2013
Andhra Pradesh,Kurnool,Soyabean,Kharif,2018,1168.1,1409.2,1206.4,217.1,14.9,192.2,6.55,0.42,0.9,31.5,1165.5,77.2,32.1,25899.8,43365.2,4227.1,9425.2,12247.5,119.72,1.2064000000000001
Uttar Pradesh,Kanpur Dehat,Groundnut,Kharif,2021,5331.4,6826.3,1280.4,226.3,15.3,162.5,7.26,0.44,1.0,28.4,1172.4,70.1,31.2,55190.1,92238.4,10395.1,19454.7,25340.3,148.02,1.2804
Tamil Nadu,Erode,Rice,Kharif,2018,7919.7,17389.3,2195.7,182.9,11.7,225.8,6.84,0.57,0.27,31.4,1021.2,82.4,30.4,39477.5,66129.5,7206.2,15091.5,17179.8,119.72,2.1957
Madhya Pradesh,Ujjain,Jowar,Kharif,2016,11202.8,11915.3,1063.6,283.8,17.2,224.4,7.64,0.42,0.98,28.7,1313.4,67.3,34.7,18196.6,30324.6,3086.9,6284.7,8825.0,105.27,1.0635999999999999
Karnataka,Mysuru,Wheat,Rabi,2018,1421.9,5779.6,4064.7,232.0,12.8,158.8,6.89,0.51,0.63,20.6,160.2,61.2,13.2,32124.6,54027.6,5427.0,12725.8,13971.8,119.72,4.0647
Punjab,Amritsar,Maize,Rabi,2020,1406.9,2764.0,1964.6,306.7,21.7,213.6,8.19,0.54,0.75,18.2,89.8,50.2,12.0,34479.1,55854.2,7926.7,11194.7,15357.7,138.02,1.9646
Tamil Nadu,Salem,Maize,Kharif,2015,18441.2,61101.2,3313.3,201.9,11.7,221.3,7.0,0.61,0.12,31.6,962.6,82.1,29.2,23499.1,39667.7,4835.4,7928.4,10735.3,100.0,3.3133000000000004
Karnataka,Davanagere,Maize,Kharif,2023,14086.9,43055.2,3056.4,237.4,16.4,174.4,6.4,0.63,0.4,29.4,857.3,74.5,26.1,37273.3,61225.7,8252.2,14601.4,14419.7,166.25,3.0564
Madhya Pradesh,Ujjain,Soyabean,Kharif,2021,42788.3,59912.2,1400.2,269.0,13.1,240.4,7.63,0.42,0.69,28.8,1285.5,70.6,34.5,30052.8,49778.1,6726.0,12389.7,10937.1,148.02,1.4002000000000001
Andhra Pradesh,West Godavari,Maize,Rabi,2023,43852.0,129455.5,2952.1,223.8,18.2,196.0,6.68,0.42,0.51,22.8,152.4,59.1,13.4,40290.8,65085.1,8043.8,12466.3,19780.7,166.25,2.9520999999999997
Tamil Nadu,Coimbatore,Maize,Kharif,2022,35841.8,94113.4,2625.8,224.7,13.1,185.2,6.77,0.44,0.47,31.3,1111.2,79.8,33.1,36019.2,60811.3,7980.1,13101.9,14937.2,156.76,2.6258000000000004
Haryana,Karnal,Bajra,Kharif,2021,32763.6,34532.8,1054.0,232.7,14.9,211.0,8.05,0.35,1.15,27.9,634.0,61.4,22.9,26108.5,43187.5,5253.8,9262.0,11592.7,148.02,1.054
West Bengal,Bardhaman,Jowar,Kharif,2015,20719.4,19424.4,937.5,244.5,18.8,156.8,6.17,0.52,0.21,30.4,1678.2,85.3,39.4,19266.5,31440.9,3639.0,7445.1,8182.4,100.0,0.9375
Madhya Pradesh,Indore,Groundnut,Rabi,2018,44886.8,66235.0,1475.6,268.1,12.3,237.0,7.37,0.41,0.98,20.8,194.3,53.3,12.3,39706.7,66205.3,6813.1,12671.0,20222.6,119.72,1.4755999999999998
Bihar,Muzaffarpur,Bajra,Kharif,2015,18990.2,17233.6,907.5,233.6,15.7,176.2,7.24,0.37,0.67,29.2,1540.0,80.6,38.9,17851.7,29614.9,3274.6,5753.4,8823.7,100.0,0.9075
Uttar Pradesh,Kanpur Dehat,Bajra,Kharif,2019,11793.1,12981.8,1100.8,254.3,16.9,170.5,7.19,0.43,0.23,29.4,919.9,70.9,28.6,25274.8,40836.0,5696.9,10097.9,9480.0,128.37,1.1008
Andhra Pradesh,Guntur,Rice,Kharif,2015,5048.8,16457.6,3259.7,220.7,14.6,219.2,6.63,0.45,0.4,31.4,1266.9,74.5,34.9,33756.8,55809.8,7531.7,12709.0,13516.1,100.0,3.2596999999999996
Maharashtra,Pune,Maize,Rabi,2021,28633.2,80550.9,2813.2,258.6,17.1,217.4,7.36,0.52,1.1,22.8,162.2,56.9,12.8,41350.2,70092.8,9373.8,13066.6,18909.8,148.02,2.8131999999999997
Karnataka,Raichur,Soyabean,Kharif,2023,40919.5,53686.4,1312.0,200.0,11.4,209.5,6.69,0.54,0.49,28.9,921.8,76.6,28.8,32887.1,53478.9,6807.5,9917.8,16161.8,166.25,1.312
Maharashtra,Nagpur,Groundnut,Kharif,2018,10448.0,10163.8,972.8,271.3,14.2,267.0,7.21,0.39,0.63,29.9,1270.9,74.3,34.2,47254.6,75698.5,8129.0,19846.9,19278.7,119.72,0.9728
Karnataka,Raichur,Wheat,Rabi,2019,20910.3,61319.5,2932.5,207.3,15.7,187.2,6.49,0.54,1.11,21.1,149.7,61.0,12.8,31205.9,52329.1,6756.5,12626.3,11823.1,128.37,2.9325
Karnataka,Mysuru,Jowar,Rabi,2022,7540.2,7328.3,971.9,193.9,14.9,191.0,6.56,0.47,0.59,21.5,143.7,60.3,13.3,27243.5,45227.2,4931.2,10614.4,11697.9,156.76,0.9719
Madhya Pradesh,Ujjain,Gram,Rabi,2018,36095.7,48130.0,1333.4,247.6,17.5,293.4,7.55,0.51,0.5,21.0,190.9,54.6,11.4,23634.7,38668.4,5539.2,9876.7,8218.8,119.72,1.3334000000000001
Maharashtra,Kolhapur,Gram,Rabi,2020,11579.1,9705.6,838.2,245.7,19.6,273.7,6.98,0.56,0.8,22.1,157.1,57.2,13.1,33629.6,56423.0,6146.8,13146.2,14336.6,138.02,0.8382000000000001
Punjab,Amritsar,Maize,Kharif,2017,34029.6,121485.7,3570.0,251.1,18.9,224.9,7.9,0.39,0.29,26.5,758.2,67.6,24.1,30174.8,50383.1,5903.3,11395.6,12875.9,113.54,3.57
Madhya Pradesh,Sehore,Gram,Rabi,2019,17471.9,14679.9,840.2,252.2,12.8,231.9,7.67,0.53,0.59,20.5,126.3,52.5,13.1,26393.7,44698.3,4496.9,10372.5,11524.3,128.37,0.8402000000000001
Bihar,Gaya,Gram,Rabi,2018,24123.5,29864.9,1238.0,221.7,14.3,179.1,7.36,0.42,0.18,21.2,204.3,60.4,12.9,23370.6,37778.0,4951.0,9097.7,9321.9,119.72,1.238
Tamil Nadu,Salem,Maize,Kharif,2023,8761.8,27605.8,3150.7,236.3,12.6,189.7,6.94,0.44,0.18,31.1,1025.8,79.0,31.5,39385.3,64444.1,8806.4,14531.5,16047.4,166.25,3.1506999999999996
Tamil Nadu,Erode,Wheat,Rabi,2020,15365.4,45131.3,2937.2,219.3,10.5,222.3,6.6,0.55,1.15,22.4,166.3,66.0,13.3,39008.8,64410.6,8349.2,13485.8,17173.8,138.02,2.9372
Andhra Pradesh,Guntur,Soyabean,Kharif,2016,7626.7,10328.8,1354.3,228.0,17.5,235.1,7.14,0.55,0.39,30.7,1179.0,79.3,32.9,23416.5,38200.6,5583.9,7085.5,10747.1,105.27,1.3543
Uttar Pradesh,Kanpur Dehat,Soyabean,Kharif,2022,7670.2,8841.4,1152.7,246.7,15.7,156.9,7.34,0.38,1.1,29.0,973.0,69.8,30.0,35997.3,60179.4,6743.6,14875.8,14377.9,156.76,1.1527
Tamil Nadu,Coimbatore,Gram,Rabi,2015,20066.2,20545.8,1023.9,203.6,14.3,178.1,7.28,0.61,0.59,23.1,151.5,64.7,12.7,20224.7,34175.5,3542.6,7773.9,8908.2,100.0,1.0239
Karnataka,Belagavi,Maize,Kharif,2021,43576.0,121742.6,2793.8,247.9,11.7,216.0,6.92,0.49,0.96,28.6,852.3,75.6,27.2,31427.6,52115.7,6003.3,12534.9,12889.4,148.02,2.7938
Maharashtra,Pune,Groundnut,Kharif,2018,21263.1,30100.0,1415.6,223.6,17.0,213.8,7.59,0.56,0.86,29.7,1246.4,73.0,34.3,47254.6,75698.5,8129.0,19846.9,19278.7,119.72,1.4156
Haryana,Sirsa,Bajra,Kharif,2023,1883.2,2292.4,1217.3,297.4,18.5,192.6,8.24,0.41,1.07,28.2,703.1,62.0,23.2,30207.1,51170.7,4956.4,10862.7,14388.0,166.25,1.2173
West Bengal,Bardhaman,Gram,Rabi,2022,34801.0,33301.1,956.9,243.8,20.6,174.5,6.22,0.68,1.03,21.6,177.6,69.3,14.1,32925.8,53636.0,5485.5,12359.6,15080.7,156.76,0.9569
Uttar Pradesh,Meerut,Jowar,Rabi,2019,29954.1,35474.6,1184.3,222.6,17.1,176.0,7.65,0.38,0.34,20.4,135.7,54.0,12.6,26095.9,43638.0,5081.5,8967.4,12047.0,128.37,1.1843
Maharashtra,Nagpur,Groundnut,Kharif,2015,41964.2,74134.0,1766.6,262.2,17.8,243.1,7.13,0.51,0.45,30.4,1132.5,70.9,33.0,37627.9,63040.3,7801.0,12553.2,17273.7,100.0,1.7666
Karnataka,Mysuru,Groundnut,Kharif,2019,14436.9,25050.9,1735.2,235.2,14.7,207.0,6.49,0.62,0.27,28.4,839.1,73.0,24.5,37769.9,62773.6,7583.8,11908.7,18277.4,128.37,1.7352
Karnataka,Davanagere,Gram,Rabi,2017,21700.4,27474.9,1266.1,208.7,11.8,225.8,6.85,0.48,1.16,20.3,119.0,57.7,12.2,20627.9,33804.8,4474.5,7347.6,8805.8,113.54,1.2661
Tamil Nadu,Coimbatore,Gram,Rabi,2018,39806.2,52241.7,1312.4,210.6,11.9,187.0,7.24,0.42,0.98,22.8,119.2,66.1,11.6,24234.7,40104.9,5702.3,8855.8,9676.6,119.72,1.3124
West Bengal,Bardhaman,Groundnut,Rabi,2022,43187.8,43576.5,1009.0,243.8,20.6,174.5,6.22,0.68,1.03,21.6,177.6,69.3,14.1,53539.1,87555.1,12262.6,19191.3,22085.2,156.76,1.009
Maharashtra,Kolhapur,Bajra,Kharif,2017,18997.8,17647.1,928.9,283.8,19.5,290.9,7.0,0.51,0.34,29.5,1031.2,75.2,30.5,23694.1,39311.7,5199.8,7161.3,11333.0,113.54,0.9289
Tamil Nadu,Salem,Bajra,Kharif,2022,42070.9,54153.7,1287.2,190.4,12.3,257.9,6.55,0.45,0.81,31.0,938.5,79.3,28.4,28947.3,47958.3,4990.2,10814.0,13143.1,156.76,1.2872000000000001
Karnataka,Mysuru,Gram,Rabi,2020,21413.6,21591.3,1008.3,221.5,12.3,207.8,6.78,0.58,0.99,21.4,130.2,63.0,13.3,27167.8,44110.1,6052.8,8658.9,12456.1,138.02,1.0083
Bihar,Patna,Cotton,Kharif,2022,33542.3,14886.1,443.8,253.9,13.0,203.2,7.07,0.36,0.55,29.1,1605.9,81.2,40.1,59228.3,95484.5,10444.3,19007.4,29776.6,156.76,0.44380000000000003
Maharashtra,Nashik,Groundnut,Kharif,2021,34090.6,47140.5,1382.8,259.8,19.1,277.4,7.06,0.43,0.39,30.2,1263.8,71.0,32.6,57326.1,91835.0,10436.6,17535.9,29353.6,148.02,1.3828
Tamil Nadu,Salem,Maize,Kharif,2020,16105.5,40138.1,2492.2,187.8,12.6,262.6,6.56,0.47,0.4,31.1,1042.3,80.3,30.5,32065.5,52961.7,5829.8,12449.1,13786.6,138.02,2.4922
Bihar,Rohtas,Groundnut,Rabi,2021,44050.9,54341.2,1233.6,240.7,16.6,195.4,6.97,0.41,0.88,21.7,204.7,63.5,15.6,46235.1,76477.0,7855.0,16392.1,21988.0,148.02,1.2335999999999998
Uttar Pradesh,Meerut,Cotton,Kharif,2017,7593.1,3596.9,473.7,267.8,14.1,175.1,7.73,0.48,1.12,29.4,929.7,69.9,27.0,47011.8,78651.3,8596.9,16270.5,22144.4,113.54,0.4737
Punjab,Patiala,Gram,Rabi,2022,23064.5,22291.8,966.5,282.2,19.6,216.9,7.53,0.39,0.52,18.3,99.5,50.7,13.2,34875.1,58889.6,6352.6,14173.0,14349.5,156.76,0.9665
Madhya Pradesh,Indore,Groundnut,Kharif,2022,2864.2,5148.1,1797.4,259.9,13.3,233.4,7.55,0.57,1.2,28.8,1190.5,68.5,33.9,50039.4,83093.8,9356.0,15829.9,24853.5,156.76,1.7974
Haryana,Sirsa,Wheat,Rabi,2023,31625.1,92920.9,2938.2,297.4,18.5,192.6,8.24,0.41,1.07,20.0,93.6,48.2,13.5,47728.5,81017.9,7763.2,18727.0,21238.3,166.25,2.9381999999999997
Tamil Nadu,Thanjavur,Gram,Rabi,2018,31207.1,35660.4,1142.7,191.5,15.3,185.8,7.07,0.51,0.75,23.3,153.4,63.0,15.0,24234.7,40104.9,5702.3,8855.8,9676.6,119.72,1.1427
Haryana,Hisar,Groundnut,Kharif,2018,29763.3,40802.5,1370.9,232.7,15.3,205.6,8.22,0.37,0.25,28.3,613.8,62.6,24.2,40477.1,67274.8,9277.9,12557.4,18641.8,119.72,1.3709
Andhra Pradesh,Kurnool,Wheat,Rabi,2018,18391.9,49820.0,2708.8,217.1,14.9,192.2,6.55,0.42,0.9,23.4,125.6,61.4,12.0,34336.4,58258.1,8139.9,11118.2,15078.3,119.72,2.7088
Karnataka,Belagavi,Sugarcane,Whole Year,2019,37244.9,2016569.2,54143.5,218.7,15.1,232.5,6.26,0.57,0.54,25.8,1184.2,65.8,20.4,102663.2,170218.8,18942.1,31938.5,51782.6,128.37,54.1435
Punjab,Patiala,Jowar,Rabi,2021,16047.2,23388.8,1457.5,293.1,16.5,270.0,7.92,0.38,0.69,19.4,102.1,48.4,13.4,31689.8,52140.6,6285.6,11704.7,13699.5,148.02,1.4575
Andhra Pradesh,West Godavari,Bajra,Kharif,2020,39667.9,47359.5,1193.9,213.8,17.0,225.4,6.48,0.4,1.07,31.0,1088.2,77.9,30.4,25600.9,41186.0,5495.5,7852.5,12252.9,138.02,1.1939000000000002
Tamil Nadu,Coimbatore,Wheat,Rabi,2018,41641.0,133921.6,3216.1,210.6,11.9,187.0,7.24,0.42,0.98,22.8,119.2,66.1,11.6,31886.6,52313.7,6397.7,12251.8,13237.1,119.72,3.2161
Tamil Nadu,Erode,Gram,Rabi,2021,1927.7,2028.3,1052.2,202.6,11.0,232.8,7.27,0.58,0.34,22.8,166.9,63.3,12.6,30184.8,50237.5,7144.1,9229.5,13811.2,148.02,1.0522
West Bengal,Bardhaman,Maize,Rabi,2015,21475.6,67611.6,3148.3,244.5,18.8,156.8,6.17,0.52,0.21,21.6,212.9,70.0,14.4,26060.7,42857.4,4974.7,9314.8,11771.2,100.0,3.1483000000000003
West Bengal,Hooghly,Maize,Rabi,2020,7080.7,18544.4,2619.0,207.6,21.5,180.3,6.07,0.52,0.98,21.7,309.5,70.0,13.4,36183.6,61227.5,6413.0,12901.3,16869.3,138.02,2.619
Tamil Nadu,Salem,Bajra,Kharif,2016,17587.6,22371.4,1272.0,191.9,14.6,188.0,7.21,0.46,1.17,30.7,1047.6,81.0,31.0,18553.7,31049.3,3745.0,5808.2,9000.5,105.27,1.272
Haryana,Hisar,Groundnut,Rabi,2015,15851.0,14229.4,897.7,247.4,14.3,200.6,7.72,0.34,1.16,20.1,87.9,45.5,11.3,35383.1,56791.5,6698.7,12375.7,16308.7,100.0,0.8977
Bihar,Patna,Bajra,Kharif,2020,43089.3,76199.1,1768.4,220.7,16.3,171.5,7.35,0.39,1.04,28.3,1208.6,79.0,34.8,23109.1,39252.9,4898.0,7266.4,10944.7,138.02,1.7684000000000002
Maharashtra,Nagpur,Groundnut,Rabi,2020,36157.5,61558.1,1702.5,222.3,14.9,234.4,7.34,0.39,0.47,22.6,110.0,56.5,11.4,49589.2,83246.1,9113.8,15866.7,24608.7,138.02,1.7025
Punjab,Patiala,Sugarcane,Whole Year,2021,7066.2,493020.8,69771.7,293.1,16.5,270.0,7.92,0.38,0.69,24.1,797.9,55.4,18.3,135072.0,220631.1,26118.5,42370.6,66582.9,148.02,69.7717
Andhra Pradesh,Guntur,Groundnut,Kharif,2015,17966.1,24924.4,1387.3,220.7,14.6,219.2,6.63,0.45,0.4,31.4,1266.9,74.5,34.9,35576.3,57237.4,5815.1,13204.7,16556.5,100.0,1.3873
Madhya Pradesh,Hoshangabad,Bajra,Kharif,2016,6000.9,5300.6,883.3,321.3,18.9,274.0,7.92,0.42,0.9,28.0,1187.0,68.7,34.3,17650.7,28353.6,3541.3,6789.9,7319.5,105.27,0.8833
Karnataka,Belagavi,Sugarcane,Whole Year,2021,16248.2,961178.5,59156.0,247.9,11.7,216.0,6.92,0.49,0.96,26.1,1017.8,66.6,18.6,115613.6,191233.4,21165.0,38086.3,56362.3,148.02,59.156
Bihar,Gaya,Groundnut,Rabi,2021,25147.3,33528.9,1333.3,183.7,14.4,182.5,7.11,0.5,0.38,20.8,183.2,65.4,11.0,46235.1,76477.0,7855.0,16392.1,21988.0,148.02,1.3333
Maharashtra,Kolhapur,Groundnut,Kharif,2019,977.8,1176.4,1203.1,287.6,18.2,238.3,7.53,0.41,0.39,30.1,1124.2,73.9,33.2,48750.2,78380.3,8356.7,15798.5,24595.0,128.37,1.2030999999999998
Madhya Pradesh,Ujjain,Maize,Kharif,2019,42013.8,115411.9,2747.0,294.0,14.0,248.0,7.8,0.44,0.43,29.9,1281.0,70.9,36.2,30069.1,49872.4,7044.5,9115.2,13909.4,128.37,2.747
West Bengal,Murshidabad,Soyabean,Kharif,2017,2101.3,2949.2,1403.5,239.8,24.6,172.0,5.65,0.53,0.15,30.8,1553.3,85.1,37.5,25348.8,40740.5,5147.6,8729.5,11471.7,113.54,1.4035
Madhya Pradesh,Sehore,Sugarcane,Whole Year,2018,40985.6,2996076.0,73100.7,323.9,15.6,230.3,7.52,0.56,0.61,25.9,1508.0,57.7,21.9,98135.4,159179.3,21490.2,30659.4,45985.8,119.72,73.1007
Andhra Pradesh,Krishna,Maize,Kharif,2020,36489.0,82873.8,2271.2,172.4,12.6,169.0,6.93,0.55,0.79,30.7,1233.4,76.1,34.7,34068.3,57299.2,6336.3,13465.9,14266.1,138.02,2.2712
Bihar,Rohtas,Groundnut,Kharif,2015,11737.8,24312.5,2071.3,236.1,15.4,186.2,7.1,0.38,0.89,28.9,1431.3,77.7,37.7,33449.1,55993.2,7698.5,10483.4,15267.2,100.0,2.0713000000000004
Tamil Nadu,Thanjavur,Bajra,Kharif,2018,18662.1,26849.2,1438.7,191.5,15.3,185.8,7.07,0.51,0.75,31.1,1134.4,82.3,32.7,22436.6,37813.0,4990.4,8386.5,9059.7,119.72,1.4387
Andhra Pradesh,Kurnool,Bajra,Kharif,2023,40772.6,63307.6,1552.7,215.3,14.3,204.9,7.01,0.43,0.8,31.2,1061.6,74.6,31.9,31529.2,51993.4,5347.9,9598.9,16582.4,166.25,1.5527
Bihar,Patna,Sugarcane,Whole Year,2022,4188.1,252464.1,60281.3,253.9,13.0,203.2,7.07,0.36,0.55,26.1,1860.1,71.0,24.3,124832.6,207920.8,24071.7,44127.6,56633.3,156.76,60.2813
Madhya Pradesh,Ujjain,Groundnut,Kharif,2017,21611.4,25868.8,1197.0,304.0,11.6,236.7,7.31,0.53,0.79,28.6,1257.7,67.4,32.1,36552.2,61299.0,8547.4,12003.4,16001.4,113.54,1.197
Andhra Pradesh,Krishna,Bajra,Kharif,2023,23077.6,23679.9,1026.1,203.6,13.2,206.5,7.15,0.42,0.38,31.6,1292.4,80.1,37.9,31529.2,51993.4,5347.9,9598.9,16582.4,166.25,1.0261
Karnataka,Davanagere,Sugarcane,Whole Year,2023,36090.4,1722071.5,47715.5,237.4,16.4,174.4,6.4,0.63,0.4,26.1,978.6,65.0,18.2,123966.7,208034.7,21709.2,41739.6,60517.9,166.25,47.7155
Tamil Nadu,Erode,Groundnut,Rabi,2017,42838.9,59396.1,1386.5,222.2,9.0,169.8,6.9,0.42,1.16,23.4,122.5,62.8,8.5,39262.5,65156.4,9030.7,13313.3,16918.5,113.54,1.3865
Bihar,Rohtas,Jowar,Kharif,2021,38487.3,50637.7,1315.7,240.7,16.6,195.4,6.97,0.41,0.88,28.7,1422.2,76.3,36.6,28181.8,45553.8,6062.3,8480.5,13639.0,148.02,1.3157
Uttar Pradesh,Bareilly,Rice,Kharif,2015,14524.4,43117.1,2968.6,267.3,15.0,182.9,7.81,0.49,0.26,28.2,1060.3,69.2,31.9,32440.1,54501.6,5752.7,10116.5,16570.9,100.0,2.9686
Maharashtra,Pune,Groundnut,Rabi,2016,5298.9,6136.7,1158.1,233.8,14.8,208.7,6.93,0.53,0.16,21.0,206.8,57.5,14.2,39237.7,65719.4,6597.6,15776.7,16863.4,105.27,1.1581
Andhra Pradesh,Kurnool,Rice,Kharif,2019,5304.2,11465.0,2161.5,212.3,14.3,208.1,7.15,0.38,0.2,31.8,1078.8,78.3,32.2,42878.8,70893.3,7459.4,17597.9,17821.5,128.37,2.1615
Tamil Nadu,Salem,Groundnut,Kharif,2021,6441.9,12274.4,1905.4,232.3,12.0,199.6,7.05,0.6,0.28,31.2,1210.0,82.2,36.4,47843.0,78738.6,9537.9,15158.0,23147.1,148.02,1.9054
Bihar,Muzaffarpur,Cotton,Kharif,2022,34491.5,15190.1,440.4,186.4,15.9,149.2,7.58,0.36,0.78,29.6,1404.8,79.1,36.7,59228.3,95484.5,10444.3,19007.4,29776.6,156.76,0.44039999999999996
Tamil Nadu,Coimbatore,Sugarcane,Whole Year,2015,41100.4,2674403.0,65070.0,203.6,14.3,178.1,7.28,0.61,0.59,27.9,1232.5,71.4,20.7,83228.9,135386.4,16669.2,34262.9,32296.8,100.0,65.07
Andhra Pradesh,West Godavari,Maize,Rabi,2017,35978.0,85714.0,2382.4,213.7,14.1,231.8,7.11,0.47,0.71,22.2,119.0,60.3,13.7,28187.0,45922.2,5120.0,11432.9,11634.1,113.54,2.3824
Karnataka,Davanagere,Groundnut,Kharif,2015,6538.2,9402.6,1438.1,265.7,16.3,226.8,6.98,0.48,0.13,29.0,1164.4,77.0,33.6,30803.6,51174.8,7009.6,11447.2,12346.8,100.0,1.4381
Bihar,Gaya,Bajra,Kharif,2017,16381.2,25494.1,1556.3,185.9,14.4,141.8,7.45,0.38,0.15,28.4,1449.9,80.0,36.4,20354.5,32859.8,4151.5,6422.7,9780.3,113.54,1.5563
Madhya Pradesh,Ujjain,Wheat,Rabi,2015,40545.4,153265.7,3780.1,294.9,17.7,286.0,7.93,0.42,0.89,20.6,148.9,52.7,11.4,27600.1,44596.9,5746.4,9926.7,11927.0,100.0,3.7801
Andhra Pradesh,Kurnool,Soyabean,Kharif,2023,36633.5,36062.0,984.4,215.3,14.3,204.9,7.01,0.43,0.8,31.2,1061.6,74.6,31.9,38266.6,64054.2,6226.6,12696.4,19343.6,166.25,0.9843999999999999
Punjab,Amritsar,Jowar,Kharif,2022,31572.1,30965.9,980.8,238.6,20.5,241.3,7.79,0.52,0.16,27.1,674.4,68.2,23.7,32771.7,52850.4,5764.8,10217.0,16789.9,156.76,0.9808
Maharashtra,Nagpur,Groundnut,Rabi,2016,30728.9,54098.2,1760.5,233.0,13.2,245.4,7.26,0.54,0.27,21.5,170.1,56.3,13.7,39237.7,65719.4,6597.6,15776.7,16863.4,105.27,1.7605
Bihar,Gaya,Soyabean,Kharif,2016,37433.7,29853.4,797.5,211.8,15.2,191.3,7.26,0.36,0.21,29.4,1468.1,80.6,36.9,21405.0,34564.7,4368.7,6889.1,10147.2,105.27,0.7975
Andhra Pradesh,Kurnool,Cotton,Kharif,2022,1785.7,739.8,414.3,199.3,16.8,164.1,6.85,0.51,1.1,30.8,1109.1,75.1,33.3,60327.3,97047.3,10271.3,24539.3,25516.7,156.76,0.4143
Andhra Pradesh,Krishna,Jowar,Kharif,2019,18373.6,18373.6,1000.0,222.1,14.8,183.3,7.14,0.47,0.71,30.6,1138.9,76.4,30.9,25506.8,42083.6,5464.4,8261.5,11780.9,128.37,1.0
Madhya Pradesh,Sehore,Jowar,Kharif,2023,32051.8,37064.7,1156.4,314.4,18.1,261.9,7.4,0.47,0.65,28.9,1123.6,70.6,33.1,30361.6,48951.7,6063.0,10547.1,13751.5,166.25,1.1564
Madhya Pradesh,Sehore,Rice,Kharif,2017,41012.3,71857.7,1752.1,311.8,16.1,222.9,7.97,0.57,0.63,28.8,1197.3,69.9,34.0,35307.9,59253.2,7898.8,11732.7,15676.4,113.54,1.7521
Maharashtra,Nagpur,Soyabean,Kharif,2018,4479.7,5551.7,1239.3,271.3,14.2,267.0,7.21,0.39,0.63,29.9,1270.9,74.3,34.2,30419.1,49704.2,6567.7,11356.4,12495.0,119.72,1.2392999999999998
Tamil Nadu,Erode,Jowar,Rabi,2015,16940.5,22883.2,1350.8,220.7,9.4,198.3,7.16,0.46,0.53,23.0,143.8,61.8,15.1,18763.7,30428.0,3438.4,7357.7,7967.6,100.0,1.3508
Andhra Pradesh,Guntur,Maize,Rabi,2018,24590.1,61524.4,2502.0,262.5,12.8,205.2,6.51,0.5,0.6,23.4,125.3,58.8,11.4,27944.3,47433.0,5703.9,11207.9,11032.5,119.72,2.502
Andhra Pradesh,Krishna,Jowar,Kharif,2017,20875.9,32597.7,1561.5,221.1,11.4,158.1,6.96,0.41,0.34,30.8,1034.4,75.4,31.3,21375.4,35439.8,3653.1,6586.8,11135.5,113.54,1.5615
Uttar Pradesh,Bareilly,Bajra,Kharif,2020,26769.0,37155.4,1388.0,268.0,15.2,225.4,7.62,0.41,0.83,28.8,1213.2,71.5,34.8,26385.3,42774.9,4778.0,10638.0,10969.3,138.02,1.388
Karnataka,Belagavi,Gram,Rabi,2018,37141.8,32239.1,868.0,225.6,11.5,221.3,6.33,0.59,0.18,20.9,136.3,62.4,12.4,23047.4,38477.5,4576.5,7647.2,10823.7,119.72,0.868
West Bengal,Nadia,Maize,Kharif,2019,2036.8,4895.4,2403.5,213.1,26.1,154.4,5.75,0.51,0.88,30.2,1849.3,86.2,39.7,31109.7,52323.2,5197.3,10546.9,15365.5,128.37,2.4035
Maharashtra,Nashik,Soyabean,Kharif,2018,7227.4,9784.5,1353.8,295.5,19.0,229.1,7.07,0.57,1.09,30.0,1154.5,74.7,32.2,30419.1,49704.2,6567.7,11356.4,12495.0,119.72,1.3538
Haryana,Kurukshetra,Maize,Kharif,2017,28940.1,92674.9,3202.3,220.4,12.4,190.2,7.96,0.31,0.83,28.1,679.7,60.0,23.1,26823.9,44754.5,4471.9,9636.3,12715.7,113.54,3.2023
West Bengal,Bardhaman,Maize,Kharif,2023,44986.9,96712.8,2149.8,209.6,21.5,153.7,6.03,0.66,0.31,29.5,1828.9,86.7,39.4,41129.3,67295.6,8559.4,13284.5,19285.4,166.25,2.1498000000000004
West Bengal,Nadia,Sugarcane,Whole Year,2016,18553.2,966506.7,52093.8,230.7,22.2,153.7,6.1,0.66,0.59,27.0,1693.1,76.5,22.6,90358.1,151615.0,15574.8,27868.7,46914.6,105.27,52.0938
Punjab,Patiala,Jowar,Rabi,2023,34329.6,40660.0,1184.4,316.6,20.1,202.7,7.97,0.52,0.95,18.9,115.4,47.1,12.5,34818.1,56311.5,7505.4,13749.5,13563.2,166.25,1.1844000000000001
Andhra Pradesh,Krishna,Soyabean,Kharif,2017,14165.9,19211.8,1356.2,221.1,11.4,158.1,6.96,0.41,0.34,30.8,1034.4,75.4,31.3,24152.3,40284.6,3909.5,9190.6,11052.2,113.54,1.3562
Haryana,Sirsa,Wheat,Rabi,2018,20951.4,60461.6,2885.8,278.3,14.2,242.1,7.67,0.31,0.49,19.8,107.9,46.6,9.7,31805.3,53953.8,7600.6,11959.1,12245.6,119.72,2.8858
Andhra Pradesh,Krishna,Jowar,Kharif,2018,20142.5,19564.4,971.3,200.9,11.5,172.5,6.56,0.38,1.0,30.7,1121.5,76.7,31.7,22552.2,37975.7,3661.8,7068.5,11821.9,119.72,0.9712999999999999
Andhra Pradesh,West Godavari,Bajra,Kharif,2017,43423.9,73612.2,1695.2,213.7,14.1,231.8,7.11,0.47,0.71,31.1,1129.4,75.4,32.5,21694.3,36848.5,3546.4,6768.0,11379.9,113.54,1.6952
Tamil Nadu,Salem,Groundnut,Rabi,2021,19267.3,22879.9,1187.5,232.3,12.0,199.6,7.05,0.6,0.28,22.7,167.2,64.9,13.2,47843.0,78738.6,9537.9,15158.0,23147.1,148.02,1.1875
Madhya Pradesh,Indore,Soyabean,Kharif,2015,24731.4,26759.4,1082.0,268.8,15.7,278.7,7.98,0.45,0.79,29.3,968.6,67.8,32.2,20762.1,35059.0,3922.9,8539.7,8299.5,100.0,1.082
Andhra Pradesh,Guntur,Jowar,Rabi,2021,7254.5,6162.0,849.4,227.4,18.3,235.4,6.8,0.47,0.99,23.8,148.4,60.6,14.7,27720.2,46574.6,6238.2,8773.7,12708.3,148.02,0.8493999999999999
Uttar Pradesh,Kanpur Dehat,Sugarcane,Whole Year,2020,37651.8,2335330.3,62024.4,238.2,16.3,169.4,7.66,0.43,0.19,26.4,1174.4,59.6,19.0,122006.5,196181.5,27892.7,37185.4,56928.4,138.02,62.0244
Madhya Pradesh,Indore,Gram,Rabi,2016,33703.7,38152.6,1132.0,265.7,15.7,279.7,7.31,0.47,1.13,20.9,148.9,53.1,11.6,20019.3,32526.5,4591.0,7901.8,7526.5,105.27,1.132
Andhra Pradesh,Krishna,Soyabean,Kharif,2019,2413.6,3403.4,1410.1,222.1,14.8,183.3,7.14,0.47,0.71,30.6,1138.9,76.4,30.9,27753.4,46966.3,5274.5,11354.0,11124.9,128.37,1.4101
West Bengal,Murshidabad,Jowar,Kharif,2020,40509.5,41672.1,1028.7,190.2,18.6,149.0,5.97,0.67,0.59,30.0,1259.2,85.0,35.8,27467.6,45689.4,6406.3,10944.3,10117.0,138.02,1.0287
Uttar Pradesh,Kanpur Dehat,Bajra,Kharif,2015,14557.6,15862.0,1089.6,235.3,13.7,204.9,7.61,0.41,0.67,29.4,764.5,71.5,25.9,19516.8,31671.1,3585.3,7339.1,8592.4,100.0,1.0896
Haryana,Karnal,Maize,Rabi,2022,15913.2,38745.5,2434.8,241.6,14.4,225.0,7.62,0.44,0.32,19.4,103.1,47.5,13.0,37669.8,62957.5,6628.1,12778.3,18263.4,156.76,2.4348
Uttar Pradesh,Bareilly,Cotton,Kharif,2016,24441.2,9857.1,403.3,266.3,16.9,206.0,7.87,0.5,0.37,28.9,1043.4,70.2,31.6,44440.4,73344.7,7231.2,13364.5,23844.7,105.27,0.4033
Karnataka,Belagavi,Maize,Rabi,2017,44388.0,138468.4,3119.5,252.6,15.7,210.0,6.22,0.58,0.1,20.7,114.5,61.2,14.0,23629.6,40055.8,3790.4,8906.5,10932.7,113.54,3.1195
Maharashtra,Nashik,Cotton,Kharif,2016,27014.9,12869.9,476.4,285.9,16.3,250.7,6.84,0.54,0.88,30.8,1211.5,73.6,32.8,45308.6,76660.5,8253.4,17158.5,19896.7,105.27,0.4764
Uttar Pradesh,Bareilly,Maize,Kharif,2015,1008.8,3020.3,2994.0,267.3,15.0,182.9,7.81,0.49,0.26,28.2,1060.3,69.2,31.9,25565.9,41160.6,5722.0,10074.6,9769.3,100.0,2.994
Punjab,Patiala,Maize,Rabi,2016,15572.8,36906.0,2369.9,318.3,15.6,216.3,8.07,0.51,1.07,18.4,104.8,48.5,13.8,26559.3,44978.5,4775.8,9691.5,12092.0,105.27,2.3699
Tamil Nadu,Erode,Bajra,Kharif,2017,7379.6,7999.5,1084.0,222.2,9.0,169.8,6.9,0.42,1.16,31.4,1091.2,82.6,31.5,21366.6,34603.2,4921.6,6542.0,9903.0,113.54,1.084
West Bengal,Murshidabad,Jowar,Rabi,2019,19762.1,27398.2,1386.4,181.6,18.5,167.7,5.64,0.56,0.67,21.4,214.8,69.3,14.4,24758.2,40859.3,4639.7,7729.3,12389.2,128.37,1.3864
Bihar,Patna,Groundnut,Kharif,2016,31647.5,34745.8,1097.9,247.2,13.6,177.0,7.62,0.47,0.4,28.3,1264.7,80.5,33.3,32893.1,55585.5,5999.8,12816.8,14076.5,105.27,1.0979
Uttar Pradesh,Gorakhpur,Wheat,Rabi,2015,22409.1,100507.1,4485.1,219.9,17.3,160.0,7.87,0.48,0.89,20.3,122.9,54.0,12.4,28885.9,46382.6,5435.1,11833.0,11617.8,100.0,4.4851
Bihar,Rohtas,Cotton,Kharif,2021,40049.1,22623.7,564.9,240.7,16.6,195.4,6.97,0.41,0.88,28.7,1422.2,76.3,36.6,56183.7,91620.7,10768.2,22087.9,23327.6,148.02,0.5649
Uttar Pradesh,Kanpur Dehat,Gram,Rabi,2023,44741.8,44911.8,1003.8,234.7,16.5,158.5,7.5,0.5,0.95,21.5,141.6,55.4,12.5,37642.2,60717.5,7478.7,14229.3,15934.2,166.25,1.0038
Andhra Pradesh,Krishna,Cotton,Kharif,2020,20481.6,7631.4,372.6,172.4,12.6,169.0,6.93,0.55,0.79,30.7,1233.4,76.1,34.7,50960.3,82648.3,8410.3,19098.8,23451.2,138.02,0.37260000000000004
Punjab,Amritsar,Gram,Rabi,2022,29637.8,22726.3,766.8,238.6,20.5,241.3,7.79,0.52,0.16,18.5,111.4,49.2,11.8,34875.1,58889.6,6352.6,14173.0,14349.5,156.76,0.7667999999999999
Andhra Pradesh,Krishna,Maize,Kharif,2016,18577.3,57608.2,3101.0,217.6,15.7,180.1,7.18,0.44,0.79,31.3,1175.8,78.2,30.9,24173.2,39245.7,3954.7,8108.4,12110.1,105.27,3.101
Uttar Pradesh,Meerut,Groundnut,Rabi,2023,22923.3,36143.2,1576.7,256.1,14.5,191.5,7.87,0.39,0.8,21.2,139.0,51.5,16.2,59561.3,100888.3,12687.4,19718.6,27155.3,166.25,1.5767
Madhya Pradesh,Ujjain,Jowar,Rabi,2019,8299.4,8970.8,1080.9,294.0,14.0,248.0,7.8,0.44,0.43,20.7,186.1,51.8,13.7,23662.1,39156.3,5496.1,7220.8,10945.2,128.37,1.0809000000000002
Tamil Nadu,Thanjavur,Gram,Rabi,2019,41378.7,48260.0,1166.3,203.0,15.3,244.2,6.82,0.51,1.11,23.1,126.7,66.5,12.5,25960.8,43935.0,5257.7,10890.3,9812.8,128.37,1.1663
Bihar,Rohtas,Wheat,Rabi,2017,15633.1,60748.7,3885.9,242.8,18.6,207.5,7.38,0.39,0.8,21.1,149.1,62.5,12.1,32288.5,53468.3,6106.2,11330.9,14851.4,113.54,3.8859
Punjab,Patiala,Cotton,Kharif,2016,13947.5,5831.4,418.1,318.3,15.6,216.3,8.07,0.51,1.07,27.8,782.1,67.4,23.0,44626.8,73345.1,7229.8,17429.3,19967.7,105.27,0.4181
Maharashtra,Nashik,Groundnut,Rabi,2020,29045.2,47767.7,1644.6,298.5,13.9,220.5,7.33,0.56,1.14,22.2,158.9,55.3,10.2,49589.2,83246.1,9113.8,15866.7,24608.7,138.02,1.6445999999999998
West Bengal,Nadia,Rice,Kharif,2015,1363.2,2996.4,2198.1,212.0,22.7,193.1,5.98,0.64,0.29,30.1,1682.6,86.1,37.2,34210.1,56518.8,6696.7,12251.7,15261.7,100.0,2.1980999999999997
Haryana,Kurukshetra,Cotton,Kharif,2022,16938.4,7503.7,443.0,265.4,17.2,228.3,7.8,0.38,0.1,28.1,647.8,64.4,20.5,61447.9,103910.2,10134.3,25331.8,25981.8,156.76,0.443
Haryana,Kurukshetra,Groundnut,Kharif,2019,6480.2,12291.6,1896.8,219.8,13.8,190.3,8.01,0.45,0.93,28.0,651.5,62.0,22.3,42155.9,71373.4,9553.6,15842.0,16760.3,128.37,1.8968
Tamil Nadu,Coimbatore,Groundnut,Rabi,2018,21571.4,36859.1,1708.7,210.6,11.9,187.0,7.24,0.42,0.98,22.8,119.2,66.1,11.6,40210.7,67705.2,8556.7,15470.4,16183.6,119.72,1.7087
Karnataka,Davanagere,Sugarcane,Whole Year,2022,28258.9,1960551.6,69378.2,208.3,14.5,231.0,6.43,0.5,0.46,26.5,1083.2,66.4,19.9,116723.4,195071.2,22232.3,42513.3,51977.8,156.76,69.37819999999999
Tamil Nadu,Thanjavur,Gram,Rabi,2020,25283.9,25074.0,991.7,193.4,14.7,230.0,6.95,0.53,0.75,22.7,125.2,64.9,12.6,28616.1,46607.6,5266.8,11779.2,11570.1,138.02,0.9917
Bihar,Rohtas,Bajra,Kharif,2016,26293.9,35838.6,1363.0,230.6,13.0,179.1,7.16,0.35,0.12,29.0,1338.8,80.1,37.7,18405.1,29771.5,3929.6,7048.9,7426.6,105.27,1.363
Haryana,Sirsa,Cotton,Kharif,2018,16760.9,9679.4,577.5,278.3,14.2,242.1,7.67,0.31,0.49,27.7,618.4,63.1,21.0,43869.5,71599.3,8333.3,13265.5,22270.7,119.72,0.5775
Uttar Pradesh,Gorakhpur,Sugarcane,Whole Year,2022,23794.0,1637053.4,68801.1,222.2,16.9,176.4,7.63,0.37,0.82,25.7,1098.3,61.3,19.5,140143.4,231487.1,27829.7,46691.2,65622.5,156.76,68.8011
Uttar Pradesh,Bareilly,Gram,Rabi,2016,27736.4,21922.9,790.4,266.3,16.9,206.0,7.87,0.5,0.37,20.9,133.5,55.9,12.8,23611.0,38659.9,3792.0,9634.1,10184.9,105.27,0.7904
Haryana,Karnal,Cotton,Kharif,2021,21746.5,9722.9,447.1,232.7,14.9,211.0,8.05,0.35,1.15,27.9,634.0,61.4,22.9,54484.2,90088.4,11840.6,19720.9,22922.7,148.02,0.4471
Andhra Pradesh,Kurnool,Soyabean,Kharif,2016,22899.5,35345.4,1543.5,239.2,15.5,217.4,7.13,0.56,0.43,30.7,1138.7,76.1,32.0,23416.5,38200.6,5583.9,7085.5,10747.1,105.27,1.5435
West Bengal,Murshidabad,Wheat,Rabi,2020,18250.3,61361.2,3362.2,190.2,18.6,149.0,5.97,0.67,0.59,22.0,209.1,68.8,13.1,37986.5,62497.8,6555.2,14288.1,17143.2,138.02,3.3621999999999996
Haryana,Sirsa,Groundnut,Rabi,2016,5125.7,7131.9,1391.4,239.7,13.9,217.4,8.04,0.43,0.27,19.3,72.6,45.6,12.0,34080.0,56519.0,6999.4,13420.9,13659.7,105.27,1.3914000000000002
Haryana,Hisar,Jowar,Kharif,2019,22289.1,18881.1,847.1,288.1,19.1,210.9,7.54,0.34,0.54,28.4,683.5,63.5,23.8,23406.4,37831.8,4909.0,8636.9,9860.5,128.37,0.8471000000000001
Haryana,Sirsa,Maize,Rabi,2021,38231.2,105701.6,2764.8,309.6,17.7,248.2,8.28,0.38,1.14,19.0,77.1,46.4,13.3,34043.4,57526.7,7766.7,11657.6,14619.1,148.02,2.7648
Uttar Pradesh,Meerut,Jowar,Rabi,2023,16555.5,16754.2,1012.0,256.1,14.5,191.5,7.87,0.39,0.8,21.2,139.0,51.5,16.2,32710.3,54684.9,6423.0,11503.8,14783.5,166.25,1.012
Uttar Pradesh,Meerut,Groundnut,Rabi,2017,43379.9,82335.1,1898.0,267.8,14.1,175.1,7.73,0.48,1.12,21.5,162.4,55.8,15.2,39065.1,62844.0,9361.3,14859.3,14844.5,113.54,1.898
Haryana,Hisar,Gram,Rabi,2019,13008.3,12391.7,952.6,288.1,19.1,210.9,7.54,0.34,0.54,19.7,95.6,47.8,8.9,25994.7,41713.4,4545.8,10834.6,10614.3,128.37,0.9526
Haryana,Hisar,Sugarcane,Whole Year,2016,40781.7,3415626.4,83753.9,227.9,19.0,239.8,8.06,0.3,0.65,25.1,797.6,53.1,17.2,87506.6,140513.0,20639.4,32280.7,34586.5,105.27,83.75389999999999
Uttar Pradesh,Gorakhpur,Jowar,Kharif,2017,12751.9,20151.8,1580.3,265.0,11.7,173.3,7.17,0.38,0.97,28.4,899.8,73.5,29.4,22066.0,36104.9,4447.0,9227.6,8391.4,113.54,1.5803
Maharashtra,Kolhapur,Maize,Rabi,2019,35475.9,114675.8,3232.5,287.6,18.2,238.3,7.53,0.41,0.39,22.3,136.3,55.9,12.9,34642.4,57936.4,5610.1,11306.8,17725.5,128.37,3.2325
Madhya Pradesh,Ujjain,Cotton,Kharif,2017,2405.2,975.1,405.4,304.0,11.6,236.7,7.31,0.53,0.79,28.6,1257.7,67.4,32.1,41852.2,67778.8,7516.5,14349.9,19985.8,113.54,0.4054
Uttar Pradesh,Meerut,Maize,Rabi,2018,33365.0,74310.5,2227.2,226.5,17.2,216.9,7.16,0.38,0.8,20.9,153.9,55.8,13.7,29155.5,49253.9,6700.8,9912.8,12541.9,119.72,2.2272
Maharashtra,Nagpur,Bajra,Kharif,2016,2839.2,4265.0,1502.2,233.0,13.2,245.4,7.26,0.54,0.27,30.1,1187.4,72.3,32.4,20999.5,34705.9,4166.0,8298.7,8534.8,105.27,1.5022
Maharashtra,Nashik,Groundnut,Kharif,2016,20147.5,31345.5,1555.8,285.9,16.3,250.7,6.84,0.54,0.88,30.8,1211.5,73.6,32.8,39237.7,65719.4,6597.6,15776.7,16863.4,105.27,1.5557999999999998
Uttar Pradesh,Gorakhpur,Groundnut,Rabi,2016,9052.6,17576.5,1941.6,245.3,12.4,176.7,7.63,0.45,0.53,20.0,122.5,56.1,12.2,39000.1,64361.3,7461.5,11975.3,19563.3,105.27,1.9416
West Bengal,Nadia,Groundnut,Rabi,2017,9520.1,12280.0,1289.9,197.8,23.5,200.9,6.37,0.56,0.63,21.4,201.6,70.0,12.9,39527.6,67032.3,7478.7,12152.7,19896.2,113.54,1.2899
Uttar Pradesh,Gorakhpur,Jowar,Kharif,2015,22095.9,23470.3,1062.2,219.9,17.3,160.0,7.87,0.48,0.89,29.1,971.4,68.9,27.4,20844.3,35245.2,3410.3,6626.7,10807.3,100.0,1.0622
Maharashtra,Pune,Gram,Rabi,2018,8249.5,10458.7,1267.8,223.6,17.0,213.8,7.59,0.56,0.86,21.6,118.3,57.5,10.8,27061.2,44179.6,6435.2,8581.8,12044.2,119.72,1.2678
Tamil Nadu,Erode,Gram,Rabi,2023,25656.2,34443.4,1342.5,181.7,13.0,231.4,7.25,0.44,0.25,22.5,141.4,66.9,14.3,35052.0,57698.3,8126.9,12086.8,14838.3,166.25,1.3425
West Bengal,Hooghly,Rice,Kharif,2017,28955.6,63140.6,2180.6,166.6,17.3,174.6,5.73,0.63,0.56,30.2,1582.5,84.9,36.1,39075.2,63412.4,6617.7,11966.9,20490.6,113.54,2.1806
Bihar,Patna,Soyabean,Kharif,2016,29334.7,39777.9,1356.0,247.2,13.6,177.0,7.62,0.47,0.4,28.3,1264.7,80.5,33.3,21405.0,34564.7,4368.7,6889.1,10147.2,105.27,1.356
Karnataka,Davanagere,Maize,Kharif,2021,15969.7,38801.6,2429.7,211.8,12.8,203.9,6.51,0.45,1.05,28.7,1102.5,76.1,32.4,31427.6,52115.7,6003.3,12534.9,12889.4,148.02,2.4297
Karnataka,Davanagere,Wheat,Rabi,2020,7202.6,23599.3,3276.5,224.5,12.0,198.5,6.97,0.57,0.94,21.0,121.6,59.3,13.5,35545.0,57772.0,8359.1,12933.6,14252.3,138.02,3.2765
Uttar Pradesh,Kanpur Dehat,Maize,Kharif,2016,24403.3,77307.2,3167.9,224.9,16.5,157.6,7.61,0.41,0.34,29.7,1226.7,71.6,34.7,25622.0,43060.4,4874.8,8452.1,12295.1,105.27,3.1679
Andhra Pradesh,Guntur,Wheat,Rabi,2016,26398.0,67098.4,2541.8,228.0,17.5,235.1,7.14,0.55,0.39,22.7,171.8,59.9,14.8,29812.4,50147.5,5201.1,10618.7,13992.6,105.27,2.5418000000000003
West Bengal,Hooghly,Wheat,Rabi,2021,30204.7,87207.0,2887.2,198.5,23.8,160.2,5.86,0.59,0.72,22.4,230.0,68.8,12.7,44412.5,72142.7,7712.8,18375.5,18324.2,148.02,2.8872
Bihar,Gaya,Wheat,Rabi,2016,41123.3,143236.6,3483.1,211.8,15.2,191.3,7.26,0.36,0.21,20.8,176.3,62.5,14.6,27339.2,46071.8,5959.2,10470.0,10910.0,105.27,3.4831
Maharashtra,Nashik,Maize,Rabi,2023,37605.8,66524.7,1769.0,264.5,20.4,240.0,7.19,0.56,0.93,22.0,169.3,57.2,12.4,42972.4,71330.5,9838.4,17398.9,15735.1,166.25,1.769
Haryana,Sirsa,Sugarcane,Whole Year,2017,38167.8,1887378.6,49449.5,243.4,20.7,220.7,7.83,0.44,0.9,25.1,801.9,52.8,16.6,99231.3,165514.9,21592.2,32185.7,45453.4,113.54,49.4495
Haryana,Hisar,Wheat,Rabi,2020,40984.9,96076.8,2344.2,269.0,14.7,230.4,8.17,0.49,1.07,19.7,81.5,45.5,11.0,39028.9,65892.4,7224.0,13846.1,17958.8,138.02,2.3442
Karnataka,Belagavi,Maize,Rabi,2015,2852.5,9633.7,3377.3,265.7,14.2,237.4,6.58,0.65,0.19,21.3,166.0,60.7,13.6,22607.7,37155.5,4035.1,9444.0,9128.6,100.0,3.3773
West Bengal,Bardhaman,Bajra,Kharif,2018,40222.4,42088.7,1046.4,210.7,22.1,197.1,5.62,0.55,0.13,30.1,1722.0,85.1,38.6,23456.3,37722.1,5283.6,9214.3,8958.4,119.72,1.0464
Haryana,Karnal,Rice,Kharif,2019,5787.1,17372.9,3002.0,240.8,15.3,176.9,7.94,0.32,0.43,28.0,649.4,62.7,20.7,39433.0,64192.6,6894.6,15948.6,16589.8,128.37,3.002
Punjab,Amritsar,Groundnut,Kharif,2022,44729.4,52082.9,1164.4,238.6,20.5,241.3,7.79,0.52,0.16,27.1,674.4,68.2,23.7,60613.5,99413.9,10131.3,22699.7,27782.5,156.76,1.1644
Bihar,Muzaffarpur,Bajra,Kharif,2020,21741.9,35845.9,1648.7,196.7,16.2,178.0,6.96,0.48,1.11,29.7,1189.6,80.2,33.0,23109.1,39252.9,4898.0,7266.4,10944.7,138.02,1.6487
Uttar Pradesh,Meerut,Maize,Rabi,2015,44495.6,105058.6,2361.1,272.3,14.8,162.3,7.4,0.49,0.65,20.9,116.4,54.9,12.2,25565.9,41160.6,5722.0,10074.6,9769.3,100.0,2.3611
Haryana,Sirsa,Soyabean,Kharif,2021,11382.5,13243.5,1163.5,309.6,17.7,248.2,8.28,0.38,1.14,28.2,760.9,62.5,27.6,31441.4,53200.3,6869.2,11271.2,13301.0,148.02,1.1635
Andhra Pradesh,Krishna,Gram,Rabi,2019,5088.1,4391.0,863.0,222.1,14.8,183.3,7.14,0.47,0.71,23.2,138.3,59.9,13.3,26983.4,43278.2,6000.1,10538.1,10445.2,128.37,0.863
Haryana,Karnal,Gram,Rabi,2017,35010.4,31964.5,913.0,282.7,17.5,213.8,7.7,0.48,0.52,20.5,82.6,44.5,11.0,22700.4,37273.0,3643.7,7803.9,11252.8,113.54,0.913
West Bengal,Hooghly,Sugarcane,Whole Year,2020,44199.5,2367082.1,53554.5,207.6,21.5,180.3,6.07,0.52,0.98,27.2,1729.1,76.8,22.4,123112.6,199053.0,22677.3,37832.3,62603.0,138.02,53.5545
Bihar,Patna,Jowar,Rabi,2023,9411.4,11036.7,1172.7,235.1,13.1,187.1,7.67,0.5,1.01,20.6,175.0,63.7,14.7,31572.2,51669.7,7293.7,11147.1,13131.4,166.25,1.1727
Haryana,Kurukshetra,Groundnut,Rabi,2023,30657.4,37052.5,1208.6,260.0,16.2,200.5,8.3,0.34,0.35,20.2,79.0,49.0,14.6,58181.6,97119.0,10435.5,22953.8,24792.3,166.25,1.2086
Karnataka,Mysuru,Rice,Kharif,2020,8733.7,23565.3,2698.2,221.5,12.3,207.8,6.78,0.58,0.99,29.0,1015.8,75.5,31.6,41691.6,70500.8,6678.2,16649.0,18364.4,138.02,2.6982
West Bengal,Hooghly,Groundnut,Kharif,2017,36585.4,71747.6,1961.1,166.6,17.3,174.6,5.73,0.63,0.56,30.2,1582.5,84.9,36.1,39527.6,67032.3,7478.7,12152.7,19896.2,113.54,1.9610999999999998
Andhra Pradesh,West Godavari,Soyabean,Kharif,2019,634.7,749.8,1181.3,211.2,12.6,187.9,6.7,0.49,1.04,30.9,1264.8,77.4,33.1,27753.4,46966.3,5274.5,11354.0,11124.9,128.37,1.1813
West Bengal,Hooghly,Gram,Rabi,2015,15690.0,21534.5,1372.5,168.8,19.5,158.1,6.39,0.63,1.11,22.1,195.5,70.0,14.2,22695.8,37620.5,4505.0,7901.7,10289.1,100.0,1.3725
Punjab,Amritsar,Gram,Rabi,2021,23904.8,24000.4,1004.0,305.5,18.0,211.3,7.6,0.53,0.28,18.3,111.3,50.7,10.0,34259.7,56996.2,5979.7,13492.3,14787.7,148.02,1.004
Punjab,Bathinda,Bajra,Kharif,2019,4336.6,5620.7,1296.1,295.3,19.8,200.8,8.05,0.55,0.49,27.0,790.5,66.3,25.4,24461.5,41008.0,4742.0,8083.9,11635.6,128.37,1.2960999999999998
Tamil Nadu,Erode,Rice,Kharif,2021,38310.2,67085.0,1751.1,202.6,11.0,232.8,7.27,0.58,0.34,31.4,1075.3,81.2,31.9,48300.5,79893.4,10705.5,18847.5,18747.5,148.02,1.7510999999999999
West Bengal,Bardhaman,Gram,Rabi,2021,44598.4,40111.8,899.4,211.2,20.9,153.8,5.92,0.67,0.49,22.5,157.3,70.4,12.2,30549.8,50421.0,7053.1,10732.5,12764.2,148.02,0.8994
Tamil Nadu,Erode,Groundnut,Rabi,2019,43986.7,83178.8,1891.0,191.9,12.6,197.8,6.65,0.59,0.49,22.9,152.7,63.0,11.4,46101.4,74374.1,8395.3,15295.2,22410.9,128.37,1.891
Madhya Pradesh,Hoshangabad,Sugarcane,Whole Year,2015,26357.4,2024124.4,76795.3,328.1,15.9,294.8,7.71,0.59,0.39,26.0,1565.2,59.8,23.5,78427.8,132822.5,15696.3,25986.6,36744.9,100.0,76.7953
Karnataka,Belagavi,Jowar,Rabi,2021,8691.0,7294.4,839.3,247.9,11.7,216.0,6.92,0.49,0.96,21.3,141.3,59.9,12.6,24828.3,40014.9,4635.9,10044.0,10148.4,148.02,0.8392999999999999
Andhra Pradesh,West Godavari,Rice,Kharif,2018,13258.7,27831.3,2099.1,237.3,12.0,201.0,6.76,0.37,0.44,30.9,1233.3,76.8,35.4,37696.7,62565.9,8744.6,15554.0,13398.1,119.72,2.0991
Maharashtra,Pune,Groundnut,Kharif,2020,729.6,758.6,1039.8,253.0,17.5,194.4,7.23,0.41,1.17,29.3,1222.8,74.2,36.0,49589.2,83246.1,9113.8,15866.7,24608.7,138.02,1.0398
Maharashtra,Pune,Sugarcane,Whole Year,2019,875.2,65352.1,74671.0,280.2,14.6,230.8,7.11,0.45,0.51,26.9,1469.7,64.3,20.6,115768.0,186465.2,20475.8,46789.6,48502.6,128.37,74.671
Tamil Nadu,Coimbatore,Jowar,Kharif,2017,37408.7,28834.6,770.8,177.8,12.3,181.3,6.58,0.52,0.43,30.6,1010.5,79.4,31.9,21573.6,34706.2,5127.6,7672.5,8773.5,113.54,0.7707999999999999
Haryana,Hisar,Cotton,Kharif,2018,36013.5,17679.0,490.9,232.7,15.3,205.6,8.22,0.37,0.25,28.3,613.8,62.6,24.2,43869.5,71599.3,8333.3,13265.5,22270.7,119.72,0.4909
Uttar Pradesh,Kanpur Dehat,Maize,Rabi,2021,25049.4,56797.0,2267.4,226.3,15.3,162.5,7.26,0.44,1.0,21.4,159.6,56.3,15.0,36739.1,59797.0,6499.5,12775.1,17464.5,148.02,2.2674000000000003
Madhya Pradesh,Hoshangabad,Groundnut,Kharif,2017,10394.9,17093.4,1644.4,284.1,17.4,264.3,7.63,0.45,0.38,29.0,1257.2,72.0,35.3,36552.2,61299.0,8547.4,12003.4,16001.4,113.54,1.6444
Uttar Pradesh,Kanpur Dehat,Wheat,Rabi,2022,42751.2,145452.4,3402.3,246.7,15.7,156.9,7.34,0.38,1.1,20.8,167.8,55.6,13.0,48163.2,81551.2,9584.2,16634.7,21944.3,156.76,3.4023000000000003
Maharashtra,Nagpur,Soyabean,Kharif,2019,41839.0,66754.1,1595.5,294.7,20.3,230.9,7.01,0.57,0.41,29.5,1172.4,72.5,32.3,31435.8,52823.7,5432.8,11282.6,14720.4,128.37,1.5955
Madhya Pradesh,Hoshangabad,Gram,Rabi,2019,30999.2,31340.2,1011.0,278.4,15.9,289.7,7.61,0.51,1.17,21.2,189.7,50.4,13.3,26393.7,44698.3,4496.9,10372.5,11524.3,128.37,1.011
Uttar Pradesh,Bareilly,Bajra,Kharif,2022,32467.7,28844.3,888.4,249.3,16.9,164.3,7.61,0.34,0.66,28.7,973.2,70.7,28.9,29939.7,48463.9,5817.9,9342.2,14779.6,156.76,0.8884
Punjab,Ludhiana,Rice,Kharif,2021,15641.1,34377.6,2197.9,228.2,20.3,194.1,8.02,0.39,1.17,26.7,678.8,65.6,23.6,49222.0,83330.1,9098.3,16906.5,23217.2,148.02,2.1979
Bihar,Rohtas,Bajra,Kharif,2019,24586.3,30123.1,1225.2,205.5,19.8,198.1,7.49,0.36,0.85,29.6,1430.1,78.3,36.9,22619.0,36685.3,5307.7,8727.5,8583.8,128.37,1.2252
West Bengal,Nadia,Bajra,Kharif,2021,28655.0,47822.3,1668.9,236.7,21.7,155.4,6.21,0.54,0.18,29.5,1506.4,85.8,37.8,28295.3,46532.5,6733.8,9707.1,11854.4,148.02,1.6689
Tamil Nadu,Coimbatore,Rice,Kharif,2017,26913.1,63151.6,2346.5,177.8,12.3,181.3,6.58,0.52,0.43,30.6,1010.5,79.4,31.9,37066.5,60456.2,8180.7,12558.1,16327.7,113.54,2.3465
Andhra Pradesh,Guntur,Jowar,Rabi,2023,2880.9,3836.2,1331.6,261.1,18.0,218.6,6.96,0.43,0.18,22.5,160.1,61.4,12.5,32943.3,54064.8,6996.3,10543.2,15403.8,166.25,1.3316
Haryana,Kurukshetra,Jowar,Kharif,2019,29893.6,41414.6,1385.4,219.8,13.8,190.3,8.01,0.45,0.93,28.0,651.5,62.0,22.3,23406.4,37831.8,4909.0,8636.9,9860.5,128.37,1.3854000000000002
Bihar,Muzaffarpur,Groundnut,Rabi,2016,34248.7,43067.7,1257.5,216.8,14.6,198.9,7.04,0.52,0.71,20.9,165.9,63.6,12.8,32893.1,55585.5,5999.8,12816.8,14076.5,105.27,1.2575
Maharashtra,Kolhapur,Maize,Rabi,2020,35740.2,79168.1,2215.1,245.7,19.6,273.7,6.98,0.56,0.8,22.1,157.1,57.2,13.1,35591.8,57792.4,7623.6,10893.5,17074.7,138.02,2.2151
West Bengal,Bardhaman,Jowar,Kharif,2018,39492.8,56036.3,1418.9,210.7,22.1,197.1,5.62,0.55,0.13,30.1,1722.0,85.1,38.6,23614.7,39511.8,5265.1,9204.3,9145.3,119.72,1.4189
Haryana,Sirsa,Gram,Rabi,2017,44982.5,50555.8,1123.9,243.4,20.7,220.7,7.83,0.44,0.9,19.3,103.9,45.0,9.4,22700.4,37273.0,3643.7,7803.9,11252.8,113.54,1.1239000000000001
Haryana,Sirsa,Wheat,Rabi,2016,15796.4,49847.1,3155.6,239.7,13.9,217.4,8.04,0.43,0.27,19.3,72.6,45.6,12.0,28336.3,48036.3,6314.9,11784.5,10236.9,105.27,3.1555999999999997
Uttar Pradesh,Kanpur Dehat,Groundnut,Rabi,2018,10712.1,20221.2,1887.7,232.5,13.6,170.2,7.14,0.36,0.27,20.7,111.5,56.5,10.2,41321.4,69707.1,9334.4,12895.0,19092.0,119.72,1.8877000000000002
Bihar,Gaya,Gram,Rabi,2023,9234.0,8451.0,915.2,220.1,14.0,187.5,7.21,0.51,0.93,21.4,192.6,62.8,15.1,34590.7,57862.2,7575.6,14254.2,12760.9,166.25,0.9152
Madhya Pradesh,Hoshangabad,Soyabean,Kharif,2016,37137.5,33067.2,890.4,321.3,18.9,274.0,7.92,0.42,0.9,28.0,1187.0,68.7,34.3,22205.9,36242.8,4487.9,7581.3,10136.7,105.27,0.8904
Andhra Pradesh,Krishna,Soyabean,Kharif,2016,8972.2,11678.2,1301.6,217.6,15.7,180.1,7.18,0.44,0.79,31.3,1175.8,78.2,30.9,23416.5,38200.6,5583.9,7085.5,10747.1,105.27,1.3015999999999999
Madhya Pradesh,Sehore,Cotton,Kharif,2017,17852.8,9322.7,522.2,311.8,16.1,222.9,7.97,0.57,0.63,28.8,1197.3,69.9,34.0,41852.2,67778.8,7516.5,14349.9,19985.8,113.54,0.5222
Haryana,Hisar,Maize,Rabi,2019,15262.0,42321.5,2773.0,288.1,19.1,210.9,7.54,0.34,0.54,19.7,95.6,47.8,8.9,31908.4,51409.0,7186.6,12933.3,11788.5,128.37,2.773
West Bengal,Bardhaman,Cotton,Kharif,2016,2569.2,1189.3,462.9,192.7,22.7,168.2,6.27,0.53,1.09,29.9,1528.8,86.3,38.4,39777.5,66280.3,6506.6,13166.6,20104.3,105.27,0.4629
Uttar Pradesh,Gorakhpur,Wheat,Rabi,2021,26354.9,80725.1,3063.0,230.7,12.5,213.2,7.44,0.36,0.13,21.0,209.3,56.0,12.6,42489.3,69250.4,7774.8,15200.5,19514.0,148.02,3.063
Maharashtra,Nagpur,Gram,Rabi,2016,43472.8,48198.3,1108.7,233.0,13.2,245.4,7.26,0.54,0.27,21.5,170.1,56.3,13.7,23522.7,39923.7,5061.5,7159.3,11301.9,105.27,1.1087
Karnataka,Davanagere,Jowar,Kharif,2023,44188.0,51068.1,1155.7,237.4,16.4,174.4,6.4,0.63,0.4,29.4,857.3,74.5,26.1,29491.1,48009.1,5319.9,12247.6,11923.6,166.25,1.1557
Tamil Nadu,Coimbatore,Jowar,Rabi,2018,34589.4,38390.8,1109.9,210.6,11.9,187.0,7.24,0.42,0.98,22.8,119.2,66.1,11.6,23797.7,40109.5,4450.1,8878.7,10468.9,119.72,1.1099
Bihar,Gaya,Rice,Kharif,2017,17760.7,39839.0,2243.1,185.9,14.4,141.8,7.45,0.38,0.15,28.4,1449.9,80.0,36.4,35930.9,60591.6,7855.7,12912.7,15162.5,113.54,2.2431
Punjab,Amritsar,Wheat,Rabi,2018,23697.8,77619.8,3275.4,261.5,21.4,209.1,7.88,0.41,0.21,19.2,116.3,51.2,10.9,34742.3,57029.5,6812.8,12452.4,15477.1,119.72,3.2754000000000003
Haryana,Kurukshetra,Maize,Rabi,2016,42849.0,80744.7,1884.4,216.8,15.0,173.9,7.93,0.46,0.5,20.0,82.4,47.9,9.0,24413.7,39624.8,4416.8,7624.8,12372.1,105.27,1.8844
Maharashtra,Nashik,Rice,Kharif,2016,21701.6,53685.4,2473.8,285.9,16.3,250.7,6.84,0.54,0.88,30.8,1211.5,73.6,32.8,39251.1,63776.8,6679.6,14266.8,18304.7,105.27,2.4738
Karnataka,Mysuru,Cotton,Kharif,2020,22621.1,11344.5,501.5,221.5,12.3,207.8,6.78,0.58,0.99,29.0,1015.8,75.5,31.6,45959.8,74476.2,7706.4,16451.8,21801.6,138.02,0.5015
Haryana,Sirsa,Cotton,Kharif,2019,34781.3,10702.2,307.7,278.9,18.4,193.6,8.07,0.4,0.28,28.3,479.2,64.1,19.6,50071.7,83884.2,8491.7,17500.0,24080.0,128.37,0.3077
Madhya Pradesh,Hoshangabad,Sugarcane,Whole Year,2020,19168.4,1482459.1,77338.7,331.4,13.9,265.0,7.54,0.54,0.84,26.2,1475.0,59.7,21.4,116798.7,197750.5,20394.0,36795.6,59609.1,138.02,77.3387
Madhya Pradesh,Hoshangabad,Maize,Kharif,2023,4388.3,10914.1,2487.1,304.8,16.3,307.9,7.25,0.47,0.51,29.7,1069.9,69.8,30.9,36676.9,60334.4,8126.7,15324.9,13225.3,166.25,2.4871
Bihar,Patna,Jowar,Rabi,2020,27210.9,25107.5,922.7,220.7,16.3,171.5,7.35,0.39,1.04,21.5,173.5,62.7,13.0,24738.3,40880.8,4121.5,8126.3,12490.5,138.02,0.9227000000000001
Uttar Pradesh,Meerut,Wheat,Rabi,2021,12514.0,39058.7,3121.2,260.1,14.0,171.4,7.21,0.33,0.87,20.5,169.6,55.5,14.0,42489.3,69250.4,7774.8,15200.5,19514.0,148.02,3.1212
Haryana,Karnal,Gram,Rabi,2023,42096.7,42084.1,999.7,262.7,14.5,192.9,8.25,0.39,0.58,20.3,117.1,47.1,9.3,33048.5,56083.9,7658.5,12705.3,12684.7,166.25,0.9997
Uttar Pradesh,Meerut,Wheat,Rabi,2022,5168.7,16918.2,3273.2,242.5,12.4,216.3,7.62,0.32,0.9,21.1,143.2,55.4,13.2,48163.2,81551.2,9584.2,16634.7,21944.3,156.76,3.2731999999999997
Punjab,Amritsar,Sugarcane,Whole Year,2023,4309.8,320943.9,74468.4,254.1,16.4,214.6,7.54,0.36,0.47,24.1,932.3,57.5,16.2,146797.4,239353.6,33083.7,49179.3,64534.4,166.25,74.46839999999999
Haryana,Sirsa,Bajra,Kharif,2021,15086.8,13513.2,895.7,309.6,17.7,248.2,8.28,0.38,1.14,28.2,760.9,62.5,27.6,26108.5,43187.5,5253.8,9262.0,11592.7,148.02,0.8957
Karnataka,Belagavi,Cotton,Kharif,2018,33384.8,22391.2,670.7,225.6,11.5,221.3,6.33,0.59,0.18,29.1,1078.6,75.5,32.1,43452.7,71746.4,9908.5,16388.4,17155.8,119.72,0.6707000000000001
Punjab,Bathinda,Groundnut,Kharif,2015,24773.6,28477.3,1149.5,249.8,19.0,200.8,8.01,0.39,0.88,26.9,714.7,65.5,24.6,35333.5,59341.9,7800.9,14118.8,13413.8,100.0,1.1495
Andhra Pradesh,West Godavari,Cotton,Kharif,2016,10698.9,3448.3,322.3,242.0,16.3,239.6,6.43,0.52,0.14,30.9,905.8,77.9,27.3,42102.2,68533.1,9308.7,14351.9,18441.6,105.27,0.32230000000000003
Maharashtra,Nashik,Cotton,Kharif,2021,15931.0,7619.8,478.3,259.8,19.1,277.4,7.06,0.43,0.39,30.2,1263.8,71.0,32.6,61131.5,101407.9,10678.5,19378.6,31074.4,148.02,0.4783
Uttar Pradesh,Meerut,Gram,Rabi,2019,42552.0,39045.7,917.6,222.6,17.1,176.0,7.65,0.38,0.34,20.4,135.7,54.0,12.6,28377.4,45463.8,6578.6,10648.3,11150.5,128.37,0.9176
Haryana,Hisar,Rice,Kharif,2023,37993.2,82859.4,2180.9,288.7,15.5,192.4,7.78,0.36,0.79,27.3,643.7,62.6,22.1,52933.7,87161.5,10540.1,16577.7,25815.9,166.25,2.1809000000000003
Karnataka,Davanagere,Bajra,Kharif,2023,19739.7,26050.5,1319.7,237.4,16.4,174.4,6.4,0.63,0.4,29.4,857.3,74.5,26.1,28154.2,45102.9,4678.9,11363.5,12111.8,166.25,1.3197
Uttar Pradesh,Kanpur Dehat,Cotton,Kharif,2018,21508.6,11797.5,548.5,232.5,13.6,170.2,7.14,0.36,0.27,28.6,1073.2,70.3,31.1,46389.1,77200.4,9427.5,17943.6,19018.0,119.72,0.5485
Madhya Pradesh,Indore,Cotton,Kharif,2018,8464.7,4468.5,527.9,268.1,12.3,237.0,7.37,0.41,0.98,28.3,1313.7,67.7,36.8,41445.1,67200.4,7347.7,15040.8,19056.6,119.72,0.5278999999999999
Tamil Nadu,Coimbatore,Rice,Kharif,2020,40429.9,112035.3,2771.1,222.6,14.2,212.4,7.24,0.6,0.83,31.5,1277.8,78.8,36.7,45577.7,76745.0,8886.3,18112.7,18578.7,138.02,2.7711
Punjab,Amritsar,Wheat,Rabi,2017,12034.0,35473.8,2947.8,251.1,18.9,224.9,7.9,0.39,0.29,18.4,112.4,52.4,11.0,35715.2,59633.1,6566.6,11871.1,17277.5,113.54,2.9478
Maharashtra,Pune,Soyabean,Kharif,2022,9037.4,13640.1,1509.3,260.8,14.8,242.2,6.84,0.53,0.44,30.2,1038.8,72.5,30.8,39411.2,63972.7,8464.4,13562.7,17384.1,156.76,1.5092999999999999
Haryana,Karnal,Jowar,Rabi,2023,43087.4,37947.1,880.7,262.7,14.5,192.9,8.25,0.39,0.58,20.3,117.1,47.1,9.3,32532.6,54313.7,7659.5,11783.1,13090.0,166.25,0.8807
Tamil Nadu,Salem,Wheat,Rabi,2023,26614.7,106975.1,4019.4,236.3,12.6,189.7,6.94,0.44,0.18,22.2,176.3,68.5,14.4,47150.6,78188.3,9009.4,17979.4,20161.8,166.25,4.0194
Maharashtra,Nagpur,Rice,Kharif,2022,26679.8,54413.5,2039.5,258.7,19.1,237.8,7.58,0.54,0.89,29.9,1029.0,73.3,31.9,55778.5,90280.7,9601.8,20628.6,25548.1,156.76,2.0395
Madhya Pradesh,Ujjain,Wheat,Rabi,2020,3172.6,11988.6,3778.8,307.5,12.8,215.9,7.93,0.43,0.55,20.4,178.3,51.7,14.5,36607.2,59691.4,7043.0,13826.1,15738.1,138.02,3.7788000000000004
Haryana,Kurukshetra,Groundnut,Rabi,2019,26934.9,33862.6,1257.2,219.8,13.8,190.3,8.01,0.45,0.93,20.5,107.7,46.6,10.1,42155.9,71373.4,9553.6,15842.0,16760.3,128.37,1.2572
Madhya Pradesh,Indore,Groundnut,Rabi,2023,19005.6,28979.7,1524.8,246.4,17.4,285.9,7.57,0.54,0.96,21.4,142.9,52.0,14.3,53348.2,86574.1,12775.8,19731.2,20841.2,166.25,1.5248
Bihar,Patna,Wheat,Rabi,2019,41562.2,107716.8,2591.7,221.8,13.6,152.4,7.11,0.53,0.84,20.1,164.7,63.4,10.8,34669.9,58245.2,6114.5,14020.2,14535.2,128.37,2.5917
Haryana,Hisar,Maize,Rabi,2020,32725.3,98457.3,3008.6,269.0,14.7,230.4,8.17,0.49,1.07,19.7,81.5,45.5,11.0,33832.9,57309.5,7439.6,13009.8,13383.5,138.02,3.0086
Andhra Pradesh,Krishna,Wheat,Rabi,2022,13169.2,30885.7,2345.3,216.7,16.3,186.0,6.93,0.44,0.93,23.4,175.6,58.7,16.5,44139.4,72551.8,9050.6,16452.5,18636.3,156.76,2.3453000000000004
Bihar,Muzaffarpur,Jowar,Kharif,2015,31446.1,43147.2,1372.1,233.6,15.7,176.2,7.24,0.37,0.67,29.2,1540.0,80.6,38.9,17953.2,29710.2,3848.8,5471.7,8632.7,100.0,1.3720999999999999
Haryana,Sirsa,Maize,Rabi,2018,26736.0,75128.2,2810.0,278.3,14.2,242.1,7.67,0.31,0.49,19.8,107.9,46.6,9.7,30025.8,49358.1,5052.2,11834.9,13138.7,119.72,2.81
Andhra Pradesh,West Godavari,Cotton,Kharif,2021,19452.9,8508.7,437.4,201.7,15.9,216.2,7.05,0.52,1.0,30.8,1094.7,75.6,30.3,56912.9,92701.1,11959.0,18244.5,26709.4,148.02,0.43739999999999996
West Bengal,Bardhaman,Sugarcane,Whole Year,2023,42090.8,2538622.4,60313.0,209.6,21.5,153.7,6.03,0.66,0.31,27.0,2137.1,77.5,25.4,147779.3,246227.4,34346.2,48464.3,64968.8,166.25,60.313
Bihar,Gaya,Groundnut,Kharif,2021,44398.9,69617.5,1568.0,183.7,14.4,182.5,7.11,0.5,0.38,28.7,1243.5,77.1,35.2,46235.1,76477.0,7855.0,16392.1,21988.0,148.02,1.568
Karnataka,Mysuru,Sugarcane,Whole Year,2015,43113.9,3081078.8,71463.7,208.8,12.1,198.4,6.41,0.56,0.6,26.3,1280.8,67.9,21.1,80647.0,135176.9,17143.2,27041.3,36462.5,100.0,71.4637
Madhya Pradesh,Ujjain,Cotton,Kharif,2023,35819.5,15567.2,434.6,313.8,15.6,250.8,7.82,0.54,0.45,29.3,1276.2,68.4,34.1,57130.1,95278.2,13304.1,19186.3,24639.7,166.25,0.43460000000000004
Madhya Pradesh,Sehore,Wheat,Rabi,2017,10551.9,34663.0,3285.0,311.8,16.1,222.9,7.97,0.57,0.63,20.8,191.4,52.8,15.1,30647.5,50641.8,7185.0,9429.4,14033.1,113.54,3.285
Punjab,Amritsar,Rice,Kharif,2018,28524.6,60532.1,2122.1,261.5,21.4,209.1,7.88,0.41,0.21,26.7,567.7,65.2,21.6,42536.9,70482.1,9657.3,13029.0,19850.6,119.72,2.1221
Punjab,Patiala,Groundnut,Kharif,2016,24109.8,35096.6,1455.7,318.3,15.6,216.3,8.07,0.51,1.07,27.8,782.1,67.4,23.0,40714.8,68313.5,8200.5,15463.9,17050.4,105.27,1.4557
Karnataka,Raichur,Maize,Kharif,2021,5545.4,12014.7,2166.6,239.0,10.6,158.5,7.0,0.52,0.15,28.9,848.0,76.6,27.6,31427.6,52115.7,6003.3,12534.9,12889.4,148.02,2.1666
Bihar,Muzaffarpur,Gram,Rabi,2021,11858.4,13352.6,1126.0,247.5,12.0,181.7,7.16,0.42,0.61,20.3,205.5,62.6,15.3,30675.4,51992.4,7048.6,10385.1,13241.7,148.02,1.126
Haryana,Sirsa,Maize,Rabi,2020,27200.4,82735.5,3041.7,305.3,19.8,248.0,8.04,0.34,0.96,19.7,122.5,45.0,11.2,33832.9,57309.5,7439.6,13009.8,13383.5,138.02,3.0416999999999996
Madhya Pradesh,Hoshangabad,Groundnut,Rabi,2022,31995.1,43602.9,1362.8,277.8,16.8,317.1,7.95,0.53,1.04,21.0,185.2,52.8,14.8,50039.4,83093.8,9356.0,15829.9,24853.5,156.76,1.3628
Tamil Nadu,Salem,Rice,Kharif,2020,21803.7,41555.7,1905.9,187.8,12.6,262.6,6.56,0.47,0.4,31.1,1042.3,80.3,30.5,45577.7,76745.0,8886.3,18112.7,18578.7,138.02,1.9059000000000001
Punjab,Amritsar,Jowar,Rabi,2020,35655.3,43731.2,1226.5,306.7,21.7,213.6,8.19,0.54,0.75,18.2,89.8,50.2,12.0,27152.9,44864.5,5251.6,8278.1,13623.2,138.02,1.2265
Punjab,Patiala,Soyabean,Kharif,2020,20882.9,28453.0,1362.5,338.9,23.1,209.9,7.48,0.37,0.13,26.5,751.8,66.6,24.6,33543.7,55202.1,6083.9,14024.6,13435.2,138.02,1.3625
West Bengal,Hooghly,Bajra,Kharif,2020,37282.5,48765.5,1308.0,207.6,21.5,180.3,6.07,0.52,0.98,30.2,1370.5,85.5,34.9,25056.2,42347.1,4766.8,8777.2,11512.2,138.02,1.308
Haryana,Karnal,Groundnut,Kharif,2020,31817.6,33993.9,1068.4,289.2,17.8,198.7,7.59,0.49,0.87,28.5,718.0,64.3,22.0,49253.6,79118.3,9948.5,16096.5,23208.6,138.02,1.0684
Punjab,Ludhiana,Wheat,Rabi,2022,8115.7,27035.8,3331.3,296.3,19.4,232.6,7.86,0.5,0.23,18.0,82.1,52.5,10.7,47237.1,78899.5,9680.9,17801.6,19754.6,156.76,3.3313
Maharashtra,Nagpur,Maize,Rabi,2018,39142.1,81282.5,2076.6,271.3,14.2,267.0,7.21,0.39,0.63,22.1,189.3,57.8,13.3,32540.7,53327.3,7534.6,11864.4,13141.7,119.72,2.0766
Andhra Pradesh,Kurnool,Groundnut,Kharif,2023,15565.0,16035.1,1030.2,215.3,14.3,204.9,7.01,0.43,0.8,31.2,1061.6,74.6,31.9,57662.8,94910.6,13400.1,20391.4,23871.3,166.25,1.0302
Haryana,Kurukshetra,Bajra,Kharif,2019,17253.2,19120.0,1108.2,219.8,13.8,190.3,8.01,0.45,0.93,28.0,651.5,62.0,22.3,21912.7,37184.5,3706.8,8547.3,9658.6,128.37,1.1082
Maharashtra,Nashik,Bajra,Kharif,2018,9279.7,9340.0,1006.5,295.5,19.0,229.1,7.07,0.57,1.09,30.0,1154.5,74.7,32.2,23910.7,38775.5,5065.1,8905.0,9940.6,119.72,1.0065
Andhra Pradesh,West Godavari,Jowar,Rabi,2019,29809.1,35043.6,1175.6,211.2,12.6,187.9,6.7,0.49,1.04,22.2,179.5,60.8,14.4,25506.8,42083.6,5464.4,8261.5,11780.9,128.37,1.1756
Maharashtra,Nashik,Sugarcane,Whole Year,2023,16388.5,1035156.7,63163.6,264.5,20.4,240.0,7.19,0.56,0.93,26.7,1305.1,64.9,21.2,156412.6,253386.7,35577.6,61506.6,59328.4,166.25,63.163599999999995
Maharashtra,Pune,Bajra,Kharif,2022,42222.5,65280.2,1546.1,260.8,14.8,242.2,6.84,0.53,0.44,30.2,1038.8,72.5,30.8,29905.0,48535.1,4902.2,11888.0,13114.8,156.76,1.5460999999999998
West Bengal,Hooghly,Groundnut,Rabi,2017,14166.8,24177.1,1706.6,166.6,17.3,174.6,5.73,0.63,0.56,21.9,238.5,66.9,14.4,39527.6,67032.3,7478.7,12152.7,19896.2,113.54,1.7066
Andhra Pradesh,Guntur,Groundnut,Rabi,2015,26203.4,44718.7,1706.6,220.7,14.6,219.2,6.63,0.45,0.4,23.0,134.7,58.9,13.3,35576.3,57237.4,5815.1,13204.7,16556.5,100.0,1.7066
Maharashtra,Kolhapur,Groundnut,Rabi,2022,34636.6,63045.5,1820.2,272.0,17.7,300.1,7.04,0.46,0.33,21.6,158.2,56.9,13.1,60707.7,100593.0,10148.2,20096.1,30463.4,156.76,1.8202
Andhra Pradesh,Krishna,Groundnut,Rabi,2023,3742.4,6700.8,1790.5,203.6,13.2,206.5,7.15,0.42,0.38,22.5,143.9,62.0,12.9,57662.8,94910.6,13400.1,20391.4,23871.3,166.25,1.7905
Maharashtra,Kolhapur,Cotton,Kharif,2019,44117.7,17192.7,389.7,287.6,18.2,238.3,7.53,0.41,0.39,30.1,1124.2,73.9,33.2,55279.2,92885.8,10898.9,23076.5,21303.8,128.37,0.3897
Uttar Pradesh,Kanpur Dehat,Maize,Kharif,2017,40707.8,97613.2,2397.9,251.6,15.2,161.9,7.49,0.35,0.98,28.9,1152.1,69.4,30.8,30597.6,51445.5,6466.9,11081.4,13049.3,113.54,2.3979
Andhra Pradesh,Kurnool,Groundnut,Kharif,2015,2879.5,3993.6,1386.9,213.0,12.7,197.7,7.14,0.43,0.37,31.4,1229.7,74.7,34.7,35576.3,57237.4,5815.1,13204.7,16556.5,100.0,1.3869
Madhya Pradesh,Hoshangabad,Rice,Kharif,2019,37964.9,85197.0,2244.1,278.4,15.9,289.7,7.61,0.51,1.17,29.4,1116.1,69.3,31.2,38406.6,63809.3,8668.4,12434.9,17303.3,128.37,2.2441
Bihar,Gaya,Jowar,Rabi,2023,17324.8,13943.0,804.8,220.1,14.0,187.5,7.21,0.51,0.93,21.4,192.6,62.8,15.1,31572.2,51669.7,7293.7,11147.1,13131.4,166.25,0.8048
Tamil Nadu,Erode,Groundnut,Kharif,2023,35094.1,44088.7,1256.3,181.7,13.0,231.4,7.25,0.44,0.25,31.2,967.7,79.9,27.7,58645.5,98731.0,11022.3,22592.5,25030.7,166.25,1.2563
Punjab,Amritsar,Rice,Kharif,2021,43129.5,93940.4,2178.1,305.5,18.0,211.3,7.6,0.53,0.28,26.8,637.5,66.6,22.2,49222.0,83330.1,9098.3,16906.5,23217.2,148.02,2.1780999999999997
Haryana,Sirsa,Bajra,Kharif,2018,24348.6,38828.7,1594.7,278.3,14.2,242.1,7.67,0.31,0.49,27.7,618.4,63.1,21.0,20845.6,34681.4,4818.1,6897.4,9130.1,119.72,1.5947
West Bengal,Hooghly,Cotton,Kharif,2020,34267.5,12387.7,361.5,207.6,21.5,180.3,6.07,0.52,0.98,30.2,1370.5,85.5,34.9,53364.9,87879.9,11217.1,16108.0,26039.8,138.02,0.3615
Karnataka,Belagavi,Soyabean,Kharif,2015,7340.1,7038.4,958.9,265.7,14.2,237.4,6.58,0.65,0.19,29.3,1013.6,76.7,30.0,20523.0,34284.7,3504.4,7713.0,9305.6,100.0,0.9589
Haryana,Karnal,Groundnut,Rabi,2016,23339.5,29391.4,1259.3,271.9,18.9,220.4,8.0,0.45,0.83,20.0,79.8,48.6,11.6,34080.0,56519.0,6999.4,13420.9,13659.7,105.27,1.2592999999999999
Punjab,Amritsar,Gram,Rabi,2020,26763.0,34941.8,1305.6,306.7,21.7,213.6,8.19,0.54,0.75,18.2,89.8,50.2,12.0,30603.1,50874.5,6242.5,9917.5,14443.1,138.02,1.3055999999999999
Karnataka,Belagavi,Soyabean,Kharif,2020,16486.0,22384.7,1357.8,248.6,11.3,169.6,6.26,0.63,0.64,28.9,1113.1,72.9,32.3,27090.4,45362.0,6156.7,10431.2,10502.5,138.02,1.3578
Bihar,Patna,Bajra,Kharif,2018,42965.9,53200.4,1238.2,247.5,15.9,165.1,7.45,0.43,0.16,28.9,1154.9,79.8,30.6,20557.1,34580.6,3344.2,8618.6,8594.3,119.72,1.2382
Andhra Pradesh,Kurnool,Groundnut,Rabi,2018,4276.6,6418.3,1500.8,217.1,14.9,192.2,6.55,0.42,0.9,23.4,125.6,61.4,12.0,42110.3,68898.3,7658.1,12897.1,21555.1,119.72,1.5008
Bihar,Rohtas,Cotton,Kharif,2018,39244.8,19645.9,500.6,218.5,14.5,175.1,7.01,0.36,1.18,28.5,1298.3,78.7,35.5,45967.3,77958.4,10740.6,15725.2,19501.5,119.72,0.5006
Karnataka,Belagavi,Jowar,Kharif,2023,43893.1,64018.1,1458.5,226.2,14.6,211.9,6.99,0.61,0.21,28.7,1083.3,78.4,32.4,29491.1,48009.1,5319.9,12247.6,11923.6,166.25,1.4585
Maharashtra,Pune,Jowar,Rabi,2017,43356.4,53514.8,1234.3,262.2,17.1,250.7,7.25,0.57,0.41,21.4,177.8,59.1,12.1,24936.1,39974.9,4701.5,7606.7,12627.9,113.54,1.2343
Haryana,Kurukshetra,Maize,Rabi,2017,33073.3,100238.6,3030.8,220.4,12.4,190.2,7.96,0.31,0.83,20.4,89.7,47.5,12.5,26823.9,44754.5,4471.9,9636.3,12715.7,113.54,3.0308
Uttar Pradesh,Bareilly,Soyabean,Kharif,2016,43247.0,57829.9,1337.2,266.3,16.9,206.0,7.87,0.5,0.37,28.9,1043.4,70.2,31.6,24077.7,39457.2,5277.9,7302.2,11497.6,105.27,1.3372
Bihar,Muzaffarpur,Gram,Rabi,2023,36459.1,45176.5,1239.1,219.0,12.0,148.2,7.3,0.42,0.27,21.1,211.3,62.7,15.3,34590.7,57862.2,7575.6,14254.2,12760.9,166.25,1.2390999999999999
Uttar Pradesh,Meerut,Groundnut,Kharif,2023,26245.7,40064.1,1526.5,256.1,14.5,191.5,7.87,0.39,0.8,29.4,1119.9,70.3,31.2,59561.3,100888.3,12687.4,19718.6,27155.3,166.25,1.5265
Haryana,Sirsa,Sugarcane,Whole Year,2019,33459.3,2013031.9,60163.6,278.9,18.4,193.6,8.07,0.4,0.28,25.1,582.6,54.6,14.6,114180.5,193740.5,24427.7,46659.4,43093.4,128.37,60.163599999999995
Madhya Pradesh,Ujjain,Rice,Kharif,2022,32009.3,67030.7,2094.1,246.6,11.9,227.4,7.39,0.47,0.42,29.4,1109.2,68.0,31.5,47807.5,77396.6,9206.1,19059.3,19542.1,156.76,2.0941
Uttar Pradesh,Bareilly,Soyabean,Kharif,2023,25301.6,34807.4,1375.7,237.3,14.8,208.4,7.43,0.4,0.9,28.1,976.1,72.5,29.5,37825.1,61829.5,6250.3,13127.2,18447.6,166.25,1.3757000000000001
Karnataka,Davanagere,Rice,Kharif,2022,39119.7,102970.9,2632.2,208.3,14.5,231.0,6.43,0.5,0.46,29.9,931.0,75.8,29.0,45541.5,74415.9,8505.9,15264.0,21771.6,156.76,2.6321999999999997
Punjab,Bathinda,Bajra,Kharif,2023,39569.2,64030.9,1618.2,270.8,21.0,261.6,7.98,0.44,0.36,26.4,840.3,67.0,25.7,33360.6,54168.5,7366.4,11414.5,14579.7,166.25,1.6182
Tamil Nadu,Erode,Rice,Kharif,2019,1541.7,4822.9,3128.3,191.9,12.6,197.8,6.65,0.59,0.49,30.9,1110.6,81.9,31.9,43056.1,70734.1,7927.7,14185.0,20943.4,128.37,3.1283000000000003
Karnataka,Raichur,Bajra,Kharif,2015,1832.3,1810.9,988.3,210.2,15.1,162.9,6.49,0.57,0.63,29.5,1065.0,79.2,31.5,15647.4,26060.3,2703.6,5161.6,7782.2,100.0,0.9883
Madhya Pradesh,Sehore,Wheat,Rabi,2020,13932.2,51625.8,3705.5,283.9,18.0,245.8,7.74,0.44,0.67,20.3,133.9,51.3,13.5,36607.2,59691.4,7043.0,13826.1,15738.1,138.02,3.7055
Punjab,Bathinda,Maize,Rabi,2016,6658.7,15977.6,2399.5,271.3,21.0,221.0,7.43,0.43,0.44,18.7,117.8,49.5,14.7,26559.3,44978.5,4775.8,9691.5,12092.0,105.27,2.3995
Haryana,Karnal,Gram,Rabi,2015,5720.6,7210.2,1260.4,254.2,17.0,233.1,7.57,0.4,0.64,20.0,61.6,46.9,12.1,21636.2,35266.0,4394.5,7846.7,9395.0,100.0,1.2604000000000002
Haryana,Hisar,Jowar,Kharif,2020,2885.7,2674.5,926.8,269.0,14.7,230.4,8.17,0.49,1.07,27.9,668.0,61.9,25.2,25502.8,42561.5,4823.6,7872.1,12807.1,138.02,0.9268
Haryana,Sirsa,Jowar,Rabi,2017,39812.4,33112.0,831.7,243.4,20.7,220.7,7.83,0.44,0.9,19.3,103.9,45.0,9.4,22524.2,37575.8,3734.0,9339.4,9450.8,113.54,0.8317
Madhya Pradesh,Hoshangabad,Groundnut,Rabi,2019,4910.2,6613.5,1346.9,278.4,15.9,289.7,7.61,0.51,1.17,21.2,189.7,50.4,13.3,42995.9,71682.4,8727.9,15056.3,19211.7,128.37,1.3469
Andhra Pradesh,Guntur,Gram,Rabi,2022,39520.8,48974.2,1239.2,216.7,14.0,215.6,6.8,0.37,0.65,22.7,143.3,59.6,14.7,32301.0,52820.8,6540.0,10600.3,15160.7,156.76,1.2392
Karnataka,Belagavi,Sugarcane,Whole Year,2017,13562.8,861378.9,63510.4,252.6,15.7,210.0,6.22,0.58,0.1,25.5,1007.3,67.4,20.0,84683.3,136962.4,17220.1,32429.4,35033.8,113.54,63.510400000000004
Haryana,Hisar,Rice,Kharif,2015,15179.0,37458.7,2467.8,247.4,14.3,200.6,7.72,0.34,1.16,27.9,736.6,62.5,23.1,32303.0,53276.1,5252.1,10815.1,16235.8,100.0,2.4678
Karnataka,Raichur,Wheat,Rabi,2015,942.0,3606.4,3828.5,210.2,15.1,162.9,6.49,0.57,0.63,20.7,119.9,61.0,10.9,24533.5,39308.1,4402.7,8941.1,11189.7,100.0,3.8285
Punjab,Amritsar,Maize,Rabi,2016,34374.7,91653.3,2666.3,291.9,22.0,220.3,7.79,0.46,0.92,18.8,126.2,50.2,10.9,26559.3,44978.5,4775.8,9691.5,12092.0,105.27,2.6663
Punjab,Ludhiana,Jowar,Kharif,2018,18583.8,21410.4,1152.1,284.0,20.3,221.9,7.43,0.42,0.65,26.5,744.0,66.6,26.3,25510.8,41994.2,5723.1,8872.4,10915.3,119.72,1.1521
Haryana,Karnal,Maize,Rabi,2021,36305.4,81523.8,2245.5,232.7,14.9,211.0,8.05,0.35,1.15,19.5,68.9,46.0,10.4,34043.4,57526.7,7766.7,11657.6,14619.1,148.02,2.2455
Uttar Pradesh,Kanpur Dehat,Maize,Rabi,2023,39941.9,73389.2,1837.4,234.7,16.5,158.5,7.5,0.5,0.95,21.5,141.6,55.4,12.5,44402.5,71838.9,7836.2,17083.4,19482.9,166.25,1.8374000000000001
Maharashtra,Kolhapur,Jowar,Rabi,2016,27114.3,43678.4,1610.9,309.2,20.8,246.1,7.18,0.54,0.38,21.7,142.6,57.7,12.9,21603.5,35767.1,4700.7,7849.7,9053.1,105.27,1.6109
Uttar Pradesh,Kanpur Dehat,Rice,Kharif,2021,17767.5,45667.8,2570.3,226.3,15.3,162.5,7.26,0.44,1.0,28.4,1172.4,70.1,31.2,51933.3,83910.7,12326.2,17162.2,22444.9,148.02,2.5703
Maharashtra,Nashik,Gram,Rabi,2023,39234.0,37040.8,944.1,264.5,20.4,240.0,7.19,0.56,0.93,22.0,169.3,57.2,12.4,40310.9,66421.5,8326.0,16182.0,15802.9,166.25,0.9441
Karnataka,Davanagere,Soyabean,Kharif,2015,26891.7,23350.1,868.3,265.7,16.3,226.8,6.98,0.48,0.13,29.0,1164.4,77.0,33.6,20523.0,34284.7,3504.4,7713.0,9305.6,100.0,0.8683
Maharashtra,Kolhapur,Groundnut,Rabi,2019,40416.9,52105.5,1289.2,287.6,18.2,238.3,7.53,0.41,0.39,22.3,136.3,55.9,12.9,48750.2,78380.3,8356.7,15798.5,24595.0,128.37,1.2892000000000001
West Bengal,Bardhaman,Bajra,Kharif,2016,35490.9,49832.8,1404.1,192.7,22.7,168.2,6.27,0.53,1.09,29.9,1528.8,86.3,38.4,20653.5,33232.1,4375.4,6205.4,10072.7,105.27,1.4041
Uttar Pradesh,Meerut,Jowar,Kharif,2018,43924.1,45575.6,1037.6,226.5,17.2,216.9,7.16,0.38,0.8,29.1,1043.3,70.5,32.1,23276.7,39098.0,4784.8,9446.0,9045.9,119.72,1.0375999999999999
Madhya Pradesh,Indore,Groundnut,Rabi,2021,22158.2,34941.3,1576.9,257.6,13.8,275.0,7.88,0.55,0.9,21.5,159.3,52.9,14.2,47449.6,75998.2,7636.3,16731.4,23081.9,148.02,1.5769000000000002
Madhya Pradesh,Indore,Gram,Rabi,2023,17906.3,21618.3,1207.3,246.4,17.4,285.9,7.57,0.54,0.96,21.4,142.9,52.0,14.3,34657.5,57110.7,5682.5,12758.0,16217.0,166.25,1.2073
Madhya Pradesh,Indore,Cotton,Kharif,2015,6288.3,3147.3,500.5,268.8,15.7,278.7,7.98,0.45,0.79,29.3,968.6,67.8,32.2,35547.2,58998.2,6110.6,11793.8,17642.8,100.0,0.5005
Haryana,Karnal,Jowar,Kharif,2016,10168.5,13101.1,1288.4,271.9,18.9,220.4,8.0,0.45,0.83,27.8,672.6,62.3,23.2,19709.5,31900.1,4167.3,7948.8,7593.4,105.27,1.2884
Maharashtra,Pune,Wheat,Rabi,2016,8498.6,22525.5,2650.5,233.8,14.8,208.7,6.93,0.53,0.16,21.0,206.8,57.5,14.2,34319.6,55319.3,8019.2,11681.4,14619.0,105.27,2.6505
Haryana,Sirsa,Soyabean,Kharif,2015,12603.1,12240.1,971.2,240.7,14.1,218.7,8.04,0.34,0.4,28.4,732.2,64.0,25.0,22650.9,37815.0,5047.1,7157.3,10446.5,100.0,0.9712000000000001
West Bengal,Murshidabad,Jowar,Kharif,2016,33527.6,38714.3,1154.7,214.1,17.1,183.0,6.26,0.68,0.93,29.6,1660.4,84.3,38.1,20027.0,32729.9,4445.3,7511.6,8070.1,105.27,1.1547
Uttar Pradesh,Meerut,Rice,Kharif,2018,26695.8,57331.9,2147.6,226.5,17.2,216.9,7.16,0.38,0.8,29.1,1043.3,70.5,32.1,41618.3,67016.4,9342.8,14885.2,17390.3,119.72,2.1475999999999997
Tamil Nadu,Thanjavur,Maize,Kharif,2017,3744.6,13788.7,3682.3,216.6,12.4,204.7,6.68,0.43,0.13,31.4,1009.6,81.5,30.7,25984.9,42622.1,5361.8,9611.9,11011.2,113.54,3.6823
Karnataka,Raichur,Soyabean,Kharif,2022,3895.9,5078.3,1303.5,223.0,10.7,211.3,6.62,0.57,1.12,29.5,976.6,75.2,29.7,32494.2,52729.0,5875.4,11265.5,15353.3,156.76,1.3035
Uttar Pradesh,Gorakhpur,Jowar,Rabi,2018,37715.3,49094.0,1301.7,261.5,12.3,174.6,7.19,0.45,0.59,20.9,106.1,51.8,13.4,23276.7,39098.0,4784.8,9446.0,9045.9,119.72,1.3017
Punjab,Patiala,Wheat,Rabi,2022,22002.8,63431.9,2882.9,282.2,19.6,216.9,7.53,0.39,0.52,18.3,99.5,50.7,13.2,47237.1,78899.5,9680.9,17801.6,19754.6,156.76,2.8829000000000002
Uttar Pradesh,Bareilly,Bajra,Kharif,2017,6829.7,10830.5,1585.8,290.4,14.0,186.3,7.88,0.35,0.53,29.4,1102.0,71.1,32.6,22490.0,37424.1,4708.7,8368.5,9412.8,113.54,1.5857999999999999
Haryana,Hisar,Rice,Kharif,2017,43509.6,114195.3,2624.6,228.3,17.5,223.1,7.69,0.3,0.7,28.1,611.0,63.0,22.4,35049.2,58692.1,7375.4,11796.2,15877.6,113.54,2.6246
Madhya Pradesh,Sehore,Jowar,Kharif,2018,14429.0,20294.4,1406.5,323.9,15.6,230.3,7.52,0.56,0.61,28.9,1293.3,67.8,35.3,20949.2,34780.6,4640.1,8368.7,7940.4,119.72,1.4065
Haryana,Kurukshetra,Soyabean,Kharif,2017,18182.3,18855.0,1037.0,220.4,12.4,190.2,7.96,0.31,0.83,28.1,679.7,60.0,23.1,25063.8,40537.5,4200.3,8184.8,12678.7,113.54,1.037
Uttar Pradesh,Gorakhpur,Gram,Rabi,2015,16923.6,20105.2,1188.0,219.9,17.3,160.0,7.87,0.48,0.89,20.3,122.9,54.0,12.4,22518.8,36500.6,5020.1,9188.9,8309.8,100.0,1.188
Haryana,Karnal,Jowar,Rabi,2017,25299.3,20904.8,826.3,282.7,17.5,213.8,7.7,0.48,0.52,20.5,82.6,44.5,11.0,22524.2,37575.8,3734.0,9339.4,9450.8,113.54,0.8262999999999999
West Bengal,Murshidabad,Sugarcane,Whole Year,2016,42719.9,2457786.9,57532.6,214.1,17.1,183.0,6.26,0.68,0.93,26.8,1947.7,74.2,23.8,90358.1,151615.0,15574.8,27868.7,46914.6,105.27,57.532599999999995
Madhya Pradesh,Sehore,Wheat,Rabi,2019,21649.4,64868.1,2996.3,252.2,12.8,231.9,7.67,0.53,0.59,20.5,126.3,52.5,13.1,33082.3,54508.0,6643.0,13092.2,13347.1,128.37,2.9963
Tamil Nadu,Erode,Rice,Kharif,2016,9736.0,29163.2,2995.4,212.3,11.8,179.1,6.93,0.62,1.0,31.0,1006.2,79.9,30.7,35156.4,56537.0,6387.1,13931.5,14837.8,105.27,2.9954
Haryana,Hisar,Groundnut,Kharif,2022,23586.5,37047.3,1570.7,240.1,13.5,231.3,7.99,0.42,0.62,28.2,668.1,62.9,22.8,52655.8,84630.9,10258.9,17029.5,25367.4,156.76,1.5707
Andhra Pradesh,Kurnool,Groundnut,Rabi,2023,27500.0,34776.5,1264.6,215.3,14.3,204.9,7.01,0.43,0.8,22.8,116.4,60.0,12.6,57662.8,94910.6,13400.1,20391.4,23871.3,166.25,1.2646
Maharashtra,Kolhapur,Groundnut,Rabi,2023,4566.7,7124.1,1560.0,312.4,15.8,290.5,7.07,0.49,1.06,22.6,160.3,57.8,12.2,61038.7,103206.0,9886.7,24337.3,26814.7,166.25,1.56
Punjab,Ludhiana,Groundnut,Kharif,2018,26979.1,41073.0,1522.4,284.0,20.3,221.9,7.43,0.42,0.65,26.5,744.0,66.6,26.3,42079.2,68204.1,7542.6,13636.5,20900.1,119.72,1.5224000000000002
Uttar Pradesh,Kanpur Dehat,Jowar,Rabi,2016,10809.4,8687.5,803.7,224.9,16.5,157.6,7.61,0.41,0.34,20.8,175.2,56.1,15.3,20298.8,33656.1,3251.9,6471.9,10575.0,105.27,0.8037000000000001
Haryana,Karnal,Groundnut,Rabi,2018,33688.3,45795.9,1359.4,264.0,18.4,233.1,8.29,0.3,0.44,18.9,90.2,48.3,12.8,40477.1,67274.8,9277.9,12557.4,18641.8,119.72,1.3594000000000002
Haryana,Kurukshetra,Soyabean,Kharif,2018,39369.2,57435.7,1458.9,226.3,12.9,223.9,7.92,0.48,0.67,27.8,595.6,64.2,22.4,27594.3,44748.0,4913.0,9517.2,13164.1,119.72,1.4589
Maharashtra,Kolhapur,Sugarcane,Whole Year,2019,39023.6,2071833.2,53091.8,287.6,18.2,238.3,7.53,0.41,0.39,27.3,1287.4,64.4,21.2,115768.0,186465.2,20475.8,46789.6,48502.6,128.37,53.091800000000006
Madhya Pradesh,Indore,Cotton,Kharif,2022,41426.2,19586.3,472.8,259.9,13.3,233.4,7.55,0.57,1.2,28.8,1190.5,68.5,33.9,54156.2,89203.2,12047.4,19469.1,22639.7,156.76,0.4728
Bihar,Gaya,Cotton,Kharif,2019,43099.5,25661.4,595.4,230.0,15.7,151.3,6.97,0.47,1.12,28.5,1432.2,78.7,36.2,49029.0,82215.9,8969.4,20205.3,19854.3,128.37,0.5953999999999999
Madhya Pradesh,Sehore,Groundnut,Kharif,2023,35304.4,44268.2,1253.9,314.4,18.1,261.9,7.4,0.47,0.65,28.9,1123.6,70.6,33.1,53348.2,86574.1,12775.8,19731.2,20841.2,166.25,1.2539
Karnataka,Davanagere,Jowar,Rabi,2015,16023.1,20725.9,1293.5,265.7,16.3,226.8,6.98,0.48,0.13,20.9,180.3,60.6,13.2,17951.2,28772.3,4246.4,7363.8,6341.0,100.0,1.2935
Madhya Pradesh,Sehore,Maize,Rabi,2015,29288.0,53570.7,1829.1,286.0,12.1,275.6,7.97,0.45,0.3,20.7,222.1,50.1,16.6,22680.8,38434.5,4141.4,7635.6,10903.8,100.0,1.8291
Madhya Pradesh,Ujjain,Maize,Rabi,2019,31466.8,106052.6,3370.3,294.0,14.0,248.0,7.8,0.44,0.43,20.7,186.1,51.8,13.7,30069.1,49872.4,7044.5,9115.2,13909.4,128.37,3.3703000000000003
Haryana,Hisar,Jowar,Rabi,2017,13498.0,13552.0,1004.0,228.3,17.5,223.1,7.69,0.3,0.7,19.6,60.0,45.7,11.5,22524.2,37575.8,3734.0,9339.4,9450.8,113.54,1.004
West Bengal,Murshidabad,Jowar,Rabi,2023,7557.8,10065.5,1331.8,190.6,24.0,203.0,6.16,0.53,0.86,21.1,232.7,68.6,14.8,33957.2,55993.4,7526.2,10884.8,15546.2,166.25,1.3317999999999999
Maharashtra,Nashik,Sugarcane,Whole Year,2016,43211.2,3519742.4,81454.4,285.9,16.3,250.7,6.84,0.54,0.88,27.3,1416.6,63.9,21.9,100945.4,166848.8,17629.7,37193.2,46122.5,105.27,81.45439999999999
Haryana,Kurukshetra,Groundnut,Rabi,2015,39630.3,36626.3,924.2,284.8,16.0,213.8,8.09,0.48,0.5,20.0,98.7,47.1,12.2,35383.1,56791.5,6698.7,12375.7,16308.7,100.0,0.9242
Madhya Pradesh,Hoshangabad,Rice,Kharif,2021,8142.3,17110.2,2101.4,283.7,17.0,265.1,7.21,0.46,0.51,28.3,1072.5,69.3,30.3,43108.1,69244.3,8425.4,16041.3,18641.4,148.02,2.1014
Punjab,Bathinda,Groundnut,Kharif,2018,44917.7,62687.1,1395.6,301.9,19.4,254.9,8.17,0.41,0.87,27.3,858.1,64.7,29.2,42079.2,68204.1,7542.6,13636.5,20900.1,119.72,1.3956
Karnataka,Belagavi,Gram,Rabi,2015,25070.7,17333.9,691.4,265.7,14.2,237.4,6.58,0.65,0.19,21.3,166.0,60.7,13.6,19787.3,33388.5,3225.9,6311.9,10249.5,100.0,0.6914
West Bengal,Bardhaman,Sugarcane,Whole Year,2015,33818.0,2449383.6,72428.4,244.5,18.8,156.8,6.17,0.52,0.21,27.2,1942.4,75.9,24.6,89799.4,151442.2,17451.1,36783.6,35564.7,100.0,72.4284
Tamil Nadu,Coimbatore,Groundnut,Rabi,2015,25560.3,39181.4,1532.9,203.6,14.3,178.1,7.28,0.61,0.59,23.1,151.5,64.7,12.7,35389.7,57165.9,5883.8,12681.6,16824.3,100.0,1.5329000000000002
Madhya Pradesh,Ujjain,Groundnut,Rabi,2019,6570.0,11389.8,1733.6,294.0,14.0,248.0,7.8,0.44,0.43,20.7,186.1,51.8,13.7,42995.9,71682.4,8727.9,15056.3,19211.7,128.37,1.7335999999999998
West Bengal,Nadia,Bajra,Kharif,2022,43986.8,74940.3,1703.7,201.7,23.7,179.7,5.93,0.53,0.29,30.2,1421.1,86.1,38.8,27915.0,46798.2,5898.9,9422.6,12593.5,156.76,1.7037
Bihar,Rohtas,Rice,Kharif,2020,2667.8,7161.2,2684.3,213.7,16.5,183.0,7.62,0.36,0.11,29.2,1152.5,79.9,30.6,41319.0,68279.1,9251.0,15296.8,16771.2,138.02,2.6843000000000004
West Bengal,Murshidabad,Soyabean,Kharif,2016,1354.9,1700.8,1255.3,214.1,17.1,183.0,6.26,0.68,0.93,29.6,1660.4,84.3,38.1,24712.3,41392.3,4132.7,7766.9,12812.7,105.27,1.2552999999999999
Punjab,Ludhiana,Gram,Rabi,2017,13864.3,11690.4,843.2,230.7,19.7,193.9,7.59,0.36,1.2,18.6,75.7,49.6,11.3,26463.3,44355.7,4967.1,8254.4,13241.8,113.54,0.8432000000000001
West Bengal,Nadia,Rice,Kharif,2016,28250.5,52594.0,1861.7,230.7,22.2,153.7,6.1,0.66,0.59,30.4,1433.6,85.0,36.0,33649.7,54019.8,6219.0,11637.1,15793.6,105.27,1.8617000000000001
Uttar Pradesh,Bareilly,Bajra,Kharif,2015,18212.8,22600.3,1240.9,267.3,15.0,182.9,7.81,0.49,0.26,28.2,1060.3,69.2,31.9,19516.8,31671.1,3585.3,7339.1,8592.4,100.0,1.2409000000000001
Madhya Pradesh,Hoshangabad,Wheat,Rabi,2018,2043.7,5812.7,2844.2,339.1,16.6,283.4,7.29,0.46,1.16,20.8,125.8,53.0,13.5,32559.9,54570.6,6550.9,12929.9,13079.1,119.72,2.8442
Bihar,Patna,Bajra,Kharif,2021,34803.3,52528.6,1509.3,245.0,15.4,181.8,7.2,0.49,1.02,29.4,1273.8,79.3,33.3,25302.6,41123.1,5278.6,8166.7,11857.3,148.02,1.5092999999999999
Bihar,Patna,Soyabean,Kharif,2023,27886.9,37418.6,1341.8,235.1,13.1,187.1,7.67,0.5,1.01,28.9,1522.8,78.4,37.6,34145.0,55726.4,7666.1,14154.6,12324.3,166.25,1.3417999999999999
West Bengal,Hooghly,Groundnut,Kharif,2018,4895.7,7559.0,1544.0,187.7,23.2,153.5,6.3,0.66,0.71,30.1,1938.1,86.1,39.9,42121.8,67556.9,6844.5,17137.7,18139.6,119.72,1.544
Andhra Pradesh,Guntur,Sugarcane,Whole Year,2020,8192.9,615757.9,75157.5,198.6,13.6,217.5,6.93,0.48,0.91,27.7,1180.5,67.8,21.4,117071.9,194532.8,18938.5,48292.0,49841.4,138.02,75.1575
Uttar Pradesh,Meerut,Groundnut,Kharif,2021,24101.2,27391.0,1136.5,260.1,14.0,171.4,7.21,0.33,0.87,28.6,1040.4,70.4,31.1,55190.1,92238.4,10395.1,19454.7,25340.3,148.02,1.1365
Maharashtra,Pune,Jowar,Kharif,2017,19234.8,25507.3,1326.1,262.2,17.1,250.7,7.25,0.57,0.41,29.8,1265.4,75.3,35.1,24936.1,39974.9,4701.5,7606.7,12627.9,113.54,1.3260999999999998
Punjab,Patiala,Groundnut,Kharif,2020,20680.7,25588.2,1237.3,338.9,23.1,209.9,7.48,0.37,0.13,26.5,751.8,66.6,24.6,48265.2,80811.4,9243.6,20196.3,18825.3,138.02,1.2372999999999998
Madhya Pradesh,Sehore,Groundnut,Rabi,2019,30949.9,38476.9,1243.2,252.2,12.8,231.9,7.67,0.53,0.59,20.5,126.3,52.5,13.1,42995.9,71682.4,8727.9,15056.3,19211.7,128.37,1.2432
Karnataka,Belagavi,Bajra,Kharif,2015,14732.9,11948.4,811.0,265.7,14.2,237.4,6.58,0.65,0.19,29.3,1013.6,76.7,30.0,15647.4,26060.3,2703.6,5161.6,7782.2,100.0,0.811
Andhra Pradesh,West Godavari,Rice,Kharif,2022,6205.0,16757.8,2700.7,201.4,16.6,238.7,6.93,0.55,0.19,31.1,1210.9,78.9,33.9,50738.2,85377.5,11265.2,21125.6,18347.4,156.76,2.7007
Madhya Pradesh,Sehore,Jowar,Rabi,2016,8539.1,7798.8,913.3,277.9,16.9,235.5,7.82,0.43,0.75,21.2,178.5,53.7,14.5,18196.6,30324.6,3086.9,6284.7,8825.0,105.27,0.9133
Andhra Pradesh,Kurnool,Rice,Kharif,2023,13942.9,24602.2,1764.5,215.3,14.3,204.9,7.01,0.43,0.8,31.2,1061.6,74.6,31.9,53857.1,89603.7,10457.7,17732.1,25667.3,166.25,1.7645
Uttar Pradesh,Bareilly,Wheat,Rabi,2021,26144.6,59484.2,2275.2,237.2,12.7,186.8,7.21,0.32,0.2,21.2,141.6,53.5,12.4,42489.3,69250.4,7774.8,15200.5,19514.0,148.02,2.2752
Bihar,Muzaffarpur,Sugarcane,Whole Year,2018,24010.3,1367559.5,56957.2,242.1,12.2,192.7,7.65,0.37,0.19,26.5,1238.0,70.1,19.1,100776.9,170468.8,23801.5,34485.8,42489.6,119.72,56.9572
Karnataka,Davanagere,Sugarcane,Whole Year,2015,39532.9,3202232.1,81001.7,265.7,16.3,226.8,6.98,0.48,0.13,26.0,1371.8,67.1,21.3,80647.0,135176.9,17143.2,27041.3,36462.5,100.0,81.0017
Madhya Pradesh,Sehore,Maize,Kharif,2022,18561.0,36173.5,1948.9,296.7,16.9,257.7,7.27,0.55,0.54,29.3,1068.0,68.0,33.3,37535.4,61369.5,7352.5,15549.1,14633.8,156.76,1.9489
West Bengal,Murshidabad,Soyabean,Kharif,2018,36240.0,56770.0,1566.5,238.7,24.6,197.7,6.22,0.59,0.72,29.5,1648.7,85.2,39.0,26203.1,43334.3,5210.2,8159.6,12833.3,119.72,1.5665
Uttar Pradesh,Kanpur Dehat,Jowar,Rabi,2017,512.8,521.9,1017.8,251.6,15.2,161.9,7.49,0.35,0.98,20.2,150.7,55.3,15.2,22066.0,36104.9,4447.0,9227.6,8391.4,113.54,1.0178
Madhya Pradesh,Hoshangabad,Jowar,Kharif,2020,12647.3,18304.4,1447.3,331.4,13.9,265.0,7.54,0.54,0.84,29.0,1287.1,70.2,32.9,24919.8,41318.9,5162.8,10255.5,9501.5,138.02,1.4473
Uttar Pradesh,Meerut,Maize,Kharif,2020,40856.2,135193.2,3309.0,227.1,14.9,205.3,7.27,0.46,0.47,29.4,1128.0,71.3,31.2,35956.7,60204.2,6446.2,11045.6,18464.9,138.02,3.309
West Bengal,Hooghly,Maize,Rabi,2023,10076.6,26571.0,2636.9,206.4,16.9,157.0,6.28,0.62,0.23,21.3,275.0,71.3,15.2,41129.3,67295.6,8559.4,13284.5,19285.4,166.25,2.6369000000000002
Tamil Nadu,Salem,Cotton,Kharif,2017,36585.4,19430.5,531.1,217.2,13.4,249.5,7.16,0.5,0.61,31.0,1113.2,81.3,31.4,41650.7,68730.6,9225.9,15454.9,16969.9,113.54,0.5311
Uttar Pradesh,Bareilly,Rice,Kharif,2017,25559.9,55886.7,2186.5,290.4,14.0,186.3,7.88,0.35,0.53,29.4,1102.0,71.1,32.6,40468.0,65592.4,9005.1,12400.6,19062.3,113.54,2.1865
Tamil Nadu,Thanjavur,Maize,Rabi,2023,36661.7,68363.1,1864.7,210.6,14.2,193.1,6.94,0.51,0.79,22.0,91.7,64.0,10.2,39385.3,64444.1,8806.4,14531.5,16047.4,166.25,1.8647
Maharashtra,Nashik,Soyabean,Kharif,2019,31935.0,47452.2,1485.9,237.8,15.9,262.4,7.41,0.44,0.59,30.0,1383.2,72.6,36.0,31435.8,52823.7,5432.8,11282.6,14720.4,128.37,1.4859
Andhra Pradesh,West Godavari,Maize,Kharif,2017,15736.4,40120.0,2549.5,213.7,14.1,231.8,7.11,0.47,0.71,31.1,1129.4,75.4,32.5,28187.0,45922.2,5120.0,11432.9,11634.1,113.54,2.5495
West Bengal,Nadia,Bajra,Kharif,2016,7069.7,11412.6,1614.3,230.7,22.2,153.7,6.1,0.66,0.59,30.4,1433.6,85.0,36.0,20653.5,33232.1,4375.4,6205.4,10072.7,105.27,1.6142999999999998
Tamil Nadu,Erode,Groundnut,Kharif,2022,26386.3,43112.6,1633.9,171.1,12.0,175.0,6.55,0.53,1.14,31.2,952.2,81.1,28.4,53123.4,87693.8,8515.0,16777.7,27830.7,156.76,1.6339000000000001
Andhra Pradesh,Kurnool,Wheat,Rabi,2023,25026.3,58013.5,2318.1,215.3,14.3,204.9,7.01,0.43,0.8,22.8,116.4,60.0,12.6,45107.4,75122.1,10440.7,18284.1,16382.6,166.25,2.3181
Karnataka,Davanagere,Cotton,Kharif,2021,29841.8,11414.5,382.5,211.8,12.8,203.9,6.51,0.45,1.05,28.7,1102.5,76.1,32.4,53851.0,87358.1,8976.3,19774.0,25100.7,148.02,0.3825
Maharashtra,Nashik,Rice,Kharif,2015,37526.4,91872.1,2448.2,230.8,16.2,251.6,7.45,0.53,1.07,29.3,1216.3,71.8,35.0,35711.2,60108.0,7294.4,14967.8,13449.0,100.0,2.4482
Maharashtra,Nagpur,Maize,Kharif,2022,23860.8,73515.1,3081.0,258.7,19.1,237.8,7.58,0.54,0.89,29.9,1029.0,73.3,31.9,41639.7,70701.1,9732.9,16322.1,15584.7,156.76,3.081
Madhya Pradesh,Sehore,Maize,Kharif,2017,28390.8,74366.9,2619.4,311.8,16.1,222.9,7.97,0.57,0.63,28.8,1197.3,69.9,34.0,24678.6,41493.4,5222.3,7647.1,11809.2,113.54,2.6194
Bihar,Rohtas,Cotton,Kharif,2019,41919.7,19618.4,468.0,205.5,19.8,198.1,7.49,0.36,0.85,29.6,1430.1,78.3,36.9,49029.0,82215.9,8969.4,20205.3,19854.3,128.37,0.468
Bihar,Rohtas,Groundnut,Rabi,2020,27925.2,47637.6,1705.9,213.7,16.5,183.0,7.62,0.36,0.11,21.1,236.0,62.6,13.2,44002.7,71160.4,9100.9,16088.4,18813.4,138.02,1.7059000000000002
Bihar,Patna,Wheat,Rabi,2023,41528.3,126860.7,3054.8,235.1,13.1,187.1,7.67,0.5,1.01,20.6,175.0,63.7,14.7,45691.9,76935.8,10534.4,17424.4,17733.1,166.25,3.0548
Bihar,Gaya,Jowar,Kharif,2023,42092.1,58394.4,1387.3,220.1,14.0,187.5,7.21,0.51,0.93,29.1,1253.1,80.6,34.8,31572.2,51669.7,7293.7,11147.1,13131.4,166.25,1.3873
Karnataka,Belagavi,Groundnut,Kharif,2016,22832.7,46587.8,2040.4,231.1,14.3,225.1,6.62,0.61,0.51,28.2,914.4,74.9,30.1,34256.0,56559.2,6542.0,10857.1,16856.9,105.27,2.0404
Karnataka,Mysuru,Jowar,Kharif,2023,6749.9,6021.6,892.1,222.3,10.7,214.7,6.49,0.54,0.41,28.8,1031.2,76.5,29.5,29491.1,48009.1,5319.9,12247.6,11923.6,166.25,0.8921
Madhya Pradesh,Sehore,Rice,Kharif,2019,25778.2,72354.3,2806.8,252.2,12.8,231.9,7.67,0.53,0.59,29.6,1155.8,69.5,30.6,38406.6,63809.3,8668.4,12434.9,17303.3,128.37,2.8068
Andhra Pradesh,Guntur,Jowar,Kharif,2021,7753.7,7745.9,999.0,227.4,18.3,235.4,6.8,0.47,0.99,30.5,1019.9,78.7,32.2,27720.2,46574.6,6238.2,8773.7,12708.3,148.02,0.999
Andhra Pradesh,West Godavari,Wheat,Rabi,2023,43397.7,149496.4,3444.8,223.8,18.2,196.0,6.68,0.42,0.51,22.8,152.4,59.1,13.4,45107.4,75122.1,10440.7,18284.1,16382.6,166.25,3.4448000000000003
Uttar Pradesh,Kanpur Dehat,Jowar,Rabi,2021,12804.6,14786.8,1154.8,226.3,15.3,162.5,7.26,0.44,1.0,21.4,159.6,56.3,15.0,31617.1,52194.0,7051.6,12592.0,11973.5,148.02,1.1548
Andhra Pradesh,Kurnool,Soyabean,Kharif,2021,35458.9,33877.4,955.4,206.2,14.8,227.0,7.07,0.45,0.9,31.6,1070.0,75.2,32.7,31977.8,51834.9,6799.5,10202.4,14975.9,148.02,0.9554
Bihar,Muzaffarpur,Maize,Rabi,2022,28313.3,53107.3,1875.7,186.4,15.9,149.2,7.58,0.36,0.78,20.9,161.8,62.3,11.9,36718.0,58968.0,6283.1,14188.8,16246.1,156.76,1.8757000000000001
Uttar Pradesh,Gorakhpur,Bajra,Kharif,2017,27031.4,29104.7,1076.7,265.0,11.7,173.3,7.17,0.38,0.97,28.4,899.8,73.5,29.4,22490.0,37424.1,4708.7,8368.5,9412.8,113.54,1.0767
Uttar Pradesh,Gorakhpur,Wheat,Rabi,2018,21785.2,72673.2,3335.9,261.5,12.3,174.6,7.19,0.45,0.59,20.9,106.1,51.8,13.4,37716.1,60378.1,8959.0,13941.6,14815.5,119.72,3.3359
Andhra Pradesh,Krishna,Gram,Rabi,2020,41261.9,34853.9,844.7,172.4,12.6,169.0,6.93,0.55,0.79,22.9,179.5,60.9,12.1,30728.3,49353.7,6297.0,11669.7,12761.6,138.02,0.8447
Uttar Pradesh,Kanpur Dehat,Groundnut,Rabi,2023,5743.4,5863.4,1020.9,234.7,16.5,158.5,7.5,0.5,0.95,21.5,141.6,55.4,12.5,59561.3,100888.3,12687.4,19718.6,27155.3,166.25,1.0209
Karnataka,Mysuru,Gram,Rabi,2018,31751.9,28783.1,906.5,232.0,12.8,158.8,6.89,0.51,0.63,20.6,160.2,61.2,13.2,23047.4,38477.5,4576.5,7647.2,10823.7,119.72,0.9065
Madhya Pradesh,Hoshangabad,Gram,Rabi,2023,33521.5,25754.6,768.3,304.8,16.3,307.9,7.25,0.47,0.51,21.3,203.4,52.7,14.2,34657.5,57110.7,5682.5,12758.0,16217.0,166.25,0.7683
West Bengal,Hooghly,Maize,Rabi,2015,36422.8,109028.0,2993.4,168.8,19.5,158.1,6.39,0.63,1.11,22.1,195.5,70.0,14.2,26060.7,42857.4,4974.7,9314.8,11771.2,100.0,2.9934000000000003
Tamil Nadu,Erode,Groundnut,Kharif,2016,37465.8,42872.1,1144.3,212.3,11.8,179.1,6.93,0.62,1.0,31.0,1006.2,79.9,30.7,37518.3,60993.1,7213.1,12125.4,18179.8,105.27,1.1442999999999999
Madhya Pradesh,Sehore,Rice,Kharif,2018,1377.2,2999.7,2178.1,323.9,15.6,230.3,7.52,0.56,0.61,28.9,1293.3,67.8,35.3,35789.6,60070.7,6179.4,11114.2,18496.0,119.72,2.1780999999999997
West Bengal,Murshidabad,Gram,Rabi,2022,28654.3,33345.0,1163.7,190.7,19.6,163.9,6.08,0.6,0.42,22.5,243.8,72.6,13.3,32925.8,53636.0,5485.5,12359.6,15080.7,156.76,1.1637
Maharashtra,Kolhapur,Gram,Rabi,2022,18221.9,14010.8,768.9,272.0,17.7,300.1,7.04,0.46,0.33,21.6,158.2,56.9,13.1,37196.9,62380.2,8838.9,14008.4,14349.6,156.76,0.7689
West Bengal,Nadia,Cotton,Kharif,2020,41226.4,21751.0,527.6,196.1,18.8,179.9,6.39,0.65,1.15,29.5,1592.7,87.7,39.0,53364.9,87879.9,11217.1,16108.0,26039.8,138.02,0.5276000000000001
Haryana,Hisar,Soyabean,Kharif,2019,30836.2,43124.4,1398.5,288.1,19.1,210.9,7.54,0.34,0.54,28.4,683.5,63.5,23.8,26867.8,45102.8,4636.4,11088.1,11143.3,128.37,1.3985
Uttar Pradesh,Kanpur Dehat,Jowar,Rabi,2015,13227.3,10936.3,826.8,235.3,13.7,204.9,7.61,0.41,0.67,21.0,157.1,54.3,12.2,20844.3,35245.2,3410.3,6626.7,10807.3,100.0,0.8268
Madhya Pradesh,Ujjain,Gram,Rabi,2016,22137.1,19808.3,894.8,283.8,17.2,224.4,7.64,0.42,0.98,21.8,117.1,52.2,12.0,20019.3,32526.5,4591.0,7901.8,7526.5,105.27,0.8947999999999999
Karnataka,Davanagere,Maize,Kharif,2019,32354.1,73288.5,2265.2,238.4,15.7,192.4,6.86,0.54,0.49,29.5,925.1,75.6,30.5,29197.7,48704.7,4896.6,11345.2,12955.9,128.37,2.2651999999999997
Uttar Pradesh,Meerut,Maize,Rabi,2022,8637.7,24503.4,2836.8,242.5,12.4,216.3,7.62,0.32,0.9,21.1,143.2,55.4,13.2,39335.2,63180.2,6725.6,16199.9,16409.7,156.76,2.8368
Uttar Pradesh,Kanpur Dehat,Wheat,Rabi,2015,26559.6,85118.2,3204.8,235.3,13.7,204.9,7.61,0.41,0.67,21.0,157.1,54.3,12.2,28885.9,46382.6,5435.1,11833.0,11617.8,100.0,3.2048
Bihar,Muzaffarpur,Bajra,Kharif,2022,27492.3,32355.7,1176.9,186.4,15.9,149.2,7.58,0.36,0.78,29.6,1404.8,79.1,36.7,27987.9,44923.0,4721.7,9470.6,13795.6,156.76,1.1769
Andhra Pradesh,Guntur,Jowar,Rabi,2015,1569.3,1585.6,1010.4,220.7,14.6,219.2,6.63,0.45,0.4,23.0,134.7,58.9,13.3,19480.2,31332.2,3758.4,6626.4,9095.4,100.0,1.0104
Karnataka,Davanagere,Groundnut,Rabi,2017,20979.8,19104.2,910.6,208.7,11.8,225.8,6.85,0.48,1.16,20.3,119.0,57.7,12.2,36077.5,60395.6,7790.6,11516.9,16770.0,113.54,0.9106000000000001
Tamil Nadu,Thanjavur,Jowar,Rabi,2021,44254.5,56251.9,1271.1,189.1,11.2,210.0,6.68,0.44,0.88,23.0,183.1,64.2,12.1,28668.5,46856.6,6704.3,9469.9,12494.3,148.02,1.2711
Tamil Nadu,Erode,Maize,Kharif,2022,22759.6,49363.3,2168.9,171.1,12.0,175.0,6.55,0.53,1.14,31.2,952.2,81.1,28.4,36019.2,60811.3,7980.1,13101.9,14937.2,156.76,2.1689000000000003
Punjab,Bathinda,Sugarcane,Whole Year,2023,31444.8,2448361.3,77862.2,270.8,21.0,261.6,7.98,0.44,0.36,23.9,965.1,57.1,17.3,146797.4,239353.6,33083.7,49179.3,64534.4,166.25,77.8622
Madhya Pradesh,Indore,Bajra,Kharif,2023,4435.9,6086.5,1372.1,246.4,17.4,285.9,7.57,0.54,0.96,28.8,1111.9,69.4,32.1,29775.3,48409.2,6892.6,12450.0,10432.7,166.25,1.3720999999999999
Uttar Pradesh,Kanpur Dehat,Jowar,Rabi,2018,16214.2,18033.4,1112.2,232.5,13.6,170.2,7.14,0.36,0.27,20.7,111.5,56.5,10.2,23276.7,39098.0,4784.8,9446.0,9045.9,119.72,1.1122
Tamil Nadu,Salem,Soyabean,Kharif,2020,36166.3,39363.4,1088.4,187.8,12.6,262.6,6.56,0.47,0.4,31.1,1042.3,80.3,30.5,29381.3,49274.7,5414.7,9727.3,14239.3,138.02,1.0884
Haryana,Sirsa,Rice,Kharif,2022,16440.9,30542.3,1857.7,312.4,19.7,181.4,7.78,0.42,0.77,27.2,730.9,63.2,24.4,48275.2,78304.2,10768.3,20201.7,17305.2,156.76,1.8577000000000001
Bihar,Rohtas,Groundnut,Kharif,2017,20736.8,41114.9,1982.7,242.8,18.6,207.5,7.38,0.39,0.8,29.2,1235.5,80.0,34.7,37883.1,61367.7,6686.7,14053.2,17143.2,113.54,1.9827000000000001
Tamil Nadu,Coimbatore,Jowar,Kharif,2016,32545.8,42628.5,1309.8,175.8,11.8,238.6,6.5,0.57,0.96,31.1,814.8,82.1,28.8,19483.5,32423.3,4340.8,6758.4,8384.3,105.27,1.3097999999999999
Haryana,Karnal,Rice,Kharif,2016,34491.6,75778.0,2197.0,271.9,18.9,220.4,8.0,0.45,0.83,27.8,672.6,62.3,23.2,33764.9,56353.7,6075.2,12352.3,15337.4,105.27,2.197
Tamil Nadu,Coimbatore,Groundnut,Kharif,2022,17086.8,23178.2,1356.5,224.7,13.1,185.2,6.77,0.44,0.47,31.3,1111.2,79.8,33.1,53123.4,87693.8,8515.0,16777.7,27830.7,156.76,1.3565
Bihar,Gaya,Maize,Rabi,2020,25080.3,65883.4,2626.9,223.1,17.2,192.5,7.0,0.38,0.61,20.5,214.0,62.6,15.5,31941.1,53242.0,6395.7,10348.1,15197.3,138.02,2.6269
Karnataka,Belagavi,Maize,Rabi,2022,25160.1,73648.6,2927.2,264.9,16.9,207.6,6.72,0.52,0.96,20.5,133.7,61.6,11.7,34686.4,57187.8,6997.8,13940.5,13748.1,156.76,2.9272
Karnataka,Raichur,Rice,Kharif,2023,31502.7,74028.2,2349.9,200.0,11.4,209.5,6.69,0.54,0.49,28.9,921.8,76.6,28.8,48545.2,80034.9,9184.1,18478.0,20883.1,166.25,2.3499
Punjab,Amritsar,Groundnut,Rabi,2015,20201.1,41240.5,2041.5,270.0,17.1,257.9,7.71,0.36,0.2,19.0,114.0,49.9,10.8,35333.5,59341.9,7800.9,14118.8,13413.8,100.0,2.0415
Tamil Nadu,Salem,Cotton,Kharif,2022,8795.9,3436.6,390.7,190.4,12.3,257.9,6.55,0.45,0.81,31.0,938.5,79.3,28.4,60711.4,98785.5,14099.3,20559.0,26053.1,156.76,0.3907
Karnataka,Mysuru,Wheat,Rabi,2023,15558.4,51881.0,3334.6,222.3,10.7,214.7,6.49,0.54,0.41,20.4,143.2,61.1,11.3,41490.5,67642.8,9594.8,15899.3,15996.4,166.25,3.3346
Bihar,Muzaffarpur,Cotton,Kharif,2016,41646.6,14626.3,351.2,216.8,14.6,198.9,7.04,0.52,0.71,28.6,1429.1,81.7,38.7,38280.7,61504.8,7210.5,11819.6,19250.6,105.27,0.3512
West Bengal,Bardhaman,Rice,Kharif,2019,15621.5,40578.4,2597.6,229.8,19.3,189.0,6.17,0.7,0.3,30.6,1669.8,85.6,39.1,42959.7,69357.6,9382.3,14140.4,19437.0,128.37,2.5976
Haryana,Karnal,Wheat,Rabi,2023,28078.2,97872.2,3485.7,262.7,14.5,192.9,8.25,0.39,0.58,20.3,117.1,47.1,9.3,47728.5,81017.9,7763.2,18727.0,21238.3,166.25,3.4857
Haryana,Sirsa,Maize,Kharif,2022,6857.0,16335.4,2382.3,312.4,19.7,181.4,7.78,0.42,0.77,27.2,730.9,63.2,24.4,37669.8,62957.5,6628.1,12778.3,18263.4,156.76,2.3823000000000003
Tamil Nadu,Erode,Jowar,Kharif,2019,22881.0,29791.1,1302.0,191.9,12.6,197.8,6.65,0.59,0.49,30.9,1110.6,81.9,31.9,24471.7,40550.9,5655.3,8191.5,10624.9,128.37,1.302
Andhra Pradesh,Guntur,Wheat,Rabi,2020,38141.5,117662.7,3084.9,198.6,13.6,217.5,6.93,0.48,0.91,22.6,114.1,59.4,15.0,38830.9,64963.8,8794.0,14257.8,15779.1,138.02,3.0849
Madhya Pradesh,Ujjain,Maize,Kharif,2017,11651.5,33401.4,2866.7,304.0,11.6,236.7,7.31,0.53,0.79,28.6,1257.7,67.4,32.1,24678.6,41493.4,5222.3,7647.1,11809.2,113.54,2.8667
Karnataka,Raichur,Gram,Rabi,2020,20381.7,15477.9,759.4,256.0,14.8,177.8,6.3,0.49,0.84,20.5,123.6,62.7,11.7,27167.8,44110.1,6052.8,8658.9,12456.1,138.02,0.7594
Bihar,Patna,Sugarcane,Whole Year,2021,7837.8,436551.4,55698.2,245.0,15.4,181.8,7.2,0.49,1.02,26.3,1522.2,69.6,22.1,125889.4,209582.7,23562.1,38268.0,64059.3,148.02,55.6982
Madhya Pradesh,Hoshangabad,Wheat,Rabi,2020,18503.0,54924.3,2968.4,331.4,13.9,265.0,7.54,0.54,0.84,20.9,167.4,52.3,13.6,36607.2,59691.4,7043.0,13826.1,15738.1,138.02,2.9684
Haryana,Hisar,Groundnut,Rabi,2016,43296.9,52436.9,1211.1,227.9,19.0,239.8,8.06,0.3,0.65,19.8,65.6,47.5,10.9,34080.0,56519.0,6999.4,13420.9,13659.7,105.27,1.2110999999999998
Tamil Nadu,Erode,Soyabean,Kharif,2019,3490.3,4419.8,1266.3,191.9,12.6,197.8,6.65,0.59,0.49,30.9,1110.6,81.9,31.9,28782.6,47418.9,5739.2,10591.7,12451.7,128.37,1.2663
Maharashtra,Nashik,Jowar,Rabi,2022,6257.6,9094.8,1453.4,284.4,14.2,242.7,7.54,0.42,0.79,20.9,146.1,58.9,11.3,32129.8,54085.5,7172.6,10248.9,14708.3,156.76,1.4534
Uttar Pradesh,Meerut,Jowar,Rabi,2022,4591.6,4052.1,882.5,242.5,12.4,216.3,7.62,0.32,0.9,21.1,143.2,55.4,13.2,30149.7,51006.6,6224.4,12374.8,11550.5,156.76,0.8825
Andhra Pradesh,Kurnool,Sugarcane,Whole Year,2021,39720.3,2916629.9,73429.2,206.2,14.8,227.0,7.07,0.45,0.9,28.3,1301.1,65.8,22.5,120458.2,196375.5,26405.8,50001.4,44051.0,148.02,73.4292
Haryana,Sirsa,Rice,Kharif,2018,4642.7,10766.4,2319.0,278.3,14.2,242.1,7.67,0.31,0.49,27.7,618.4,63.1,21.0,36691.0,62301.8,6386.2,13501.7,16803.1,119.72,2.319
Andhra Pradesh,Kurnool,Gram,Rabi,2020,17674.3,14913.6,843.8,229.8,12.4,202.3,6.81,0.49,0.8,22.2,152.7,61.4,14.5,30728.3,49353.7,6297.0,11669.7,12761.6,138.02,0.8438
West Bengal,Nadia,Sugarcane,Whole Year,2020,25724.7,1915075.3,74445.0,196.1,18.8,179.9,6.39,0.65,1.15,27.0,1837.2,78.0,24.1,123112.6,199053.0,22677.3,37832.3,62603.0,138.02,74.445
Haryana,Karnal,Jowar,Kharif,2021,28356.7,31532.7,1112.0,232.7,14.9,211.0,8.05,0.35,1.15,27.9,634.0,61.4,22.9,28293.2,47320.3,5358.4,9103.9,13830.9,148.02,1.112
Maharashtra,Pune,Jowar,Rabi,2021,33433.6,28886.6,864.0,258.6,17.1,217.4,7.36,0.52,1.1,22.8,162.2,56.9,12.8,31164.8,50529.7,6456.6,12052.9,12655.3,148.02,0.864
Haryana,Hisar,Soyabean,Kharif,2022,28683.5,31124.5,1085.1,240.1,13.5,231.3,7.99,0.42,0.62,28.2,668.1,62.9,22.8,34439.7,57950.6,7082.8,13226.7,14130.2,156.76,1.0851
Madhya Pradesh,Sehore,Jowar,Kharif,2020,36020.8,26925.5,747.5,283.9,18.0,245.8,7.74,0.44,0.67,28.5,1420.7,69.6,35.8,24919.8,41318.9,5162.8,10255.5,9501.5,138.02,0.7475
Haryana,Sirsa,Gram,Rabi,2016,3107.3,3952.8,1272.1,239.7,13.9,217.4,8.04,0.43,0.27,19.3,72.6,45.6,12.0,21654.9,36458.7,4410.9,7112.8,10131.2,105.27,1.2721
Haryana,Hisar,Cotton,Kharif,2019,32169.6,17982.8,559.0,288.1,19.1,210.9,7.54,0.34,0.54,28.4,683.5,63.5,23.8,50071.7,83884.2,8491.7,17500.0,24080.0,128.37,0.559
Haryana,Kurukshetra,Jowar,Kharif,2018,40536.1,61509.5,1517.4,226.3,12.9,223.9,7.92,0.48,0.67,27.8,595.6,64.2,22.4,23419.1,39763.2,4191.3,7900.7,11327.1,119.72,1.5174
Maharashtra,Kolhapur,Bajra,Kharif,2016,35963.1,52844.2,1469.4,309.2,20.8,246.1,7.18,0.54,0.38,30.1,1043.1,72.8,30.7,20999.5,34705.9,4166.0,8298.7,8534.8,105.27,1.4694
West Bengal,Nadia,Maize,Kharif,2018,29261.6,70699.0,2416.1,201.8,18.1,174.6,5.83,0.6,1.01,30.8,1837.3,82.7,38.3,28440.4,46356.4,5013.7,8739.0,14687.7,119.72,2.4160999999999997
Madhya Pradesh,Sehore,Sugarcane,Whole Year,2022,37132.3,2990379.2,80533.1,296.7,16.9,257.7,7.27,0.55,0.54,26.3,1288.9,59.0,21.8,128053.3,206018.8,30348.3,52293.1,45411.9,156.76,80.5331
West Bengal,Bardhaman,Cotton,Kharif,2023,16768.4,9215.9,549.6,209.6,21.5,153.7,6.03,0.66,0.31,29.5,1828.9,86.7,39.4,68389.9,113708.9,12946.6,26791.2,28652.1,166.25,0.5496
Andhra Pradesh,Kurnool,Wheat,Rabi,2016,1904.7,4968.8,2608.7,239.2,15.5,217.4,7.13,0.56,0.43,22.9,137.7,62.7,14.4,29812.4,50147.5,5201.1,10618.7,13992.6,105.27,2.6087
Madhya Pradesh,Indore,Cotton,Kharif,2023,32104.6,14270.5,444.5,246.4,17.4,285.9,7.57,0.54,0.96,28.8,1111.9,69.4,32.1,57130.1,95278.2,13304.1,19186.3,24639.7,166.25,0.4445
West Bengal,Nadia,Rice,Kharif,2021,37205.2,81654.3,2194.7,236.7,21.7,155.4,6.21,0.54,0.18,29.5,1506.4,85.8,37.8,47775.0,78465.1,8680.5,16512.6,22581.9,148.02,2.1946999999999997
Madhya Pradesh,Hoshangabad,Wheat,Rabi,2021,14749.7,38262.2,2594.1,283.7,17.0,265.1,7.21,0.46,0.51,20.6,181.6,52.2,14.9,41503.0,68554.6,8829.8,16545.7,16127.5,148.02,2.5941
Maharashtra,Pune,Wheat,Rabi,2023,18623.8,52103.8,2797.7,271.4,13.8,239.8,6.94,0.39,0.39,22.0,181.2,58.2,12.0,51661.3,82725.0,10903.6,19549.0,21208.7,166.25,2.7977
Andhra Pradesh,Krishna,Maize,Kharif,2023,18240.8,40430.7,2216.5,203.6,13.2,206.5,7.15,0.42,0.38,31.6,1292.4,80.1,37.9,40290.8,65085.1,8043.8,12466.3,19780.7,166.25,2.2165
Andhra Pradesh,West Godavari,Gram,Rabi,2018,24646.6,18635.3,756.1,237.3,12.0,201.0,6.76,0.37,0.44,22.8,107.1,60.6,12.0,25366.9,43068.3,5040.3,8899.6,11427.0,119.72,0.7561
Haryana,Kurukshetra,Bajra,Kharif,2020,30635.2,47748.0,1558.6,259.0,13.9,190.7,7.8,0.4,0.39,28.0,701.7,62.9,23.3,25902.7,42509.9,5540.9,9101.8,11260.0,138.02,1.5586
Tamil Nadu,Coimbatore,Rice,Kharif,2023,33190.8,95420.2,2874.9,180.4,10.7,226.7,6.6,0.6,1.11,30.6,933.3,79.3,26.8,50951.1,86296.6,9600.7,21312.8,20037.6,166.25,2.8749000000000002
Madhya Pradesh,Indore,Groundnut,Kharif,2017,17854.2,25324.4,1418.4,269.1,15.3,277.3,7.42,0.56,0.1,28.8,1116.5,68.7,33.2,36552.2,61299.0,8547.4,12003.4,16001.4,113.54,1.4184
West Bengal,Bardhaman,Maize,Rabi,2017,6193.7,14163.1,2286.7,233.1,20.8,182.2,6.14,0.52,1.13,21.5,260.8,69.7,15.7,26748.8,43674.8,5534.2,8288.6,12926.0,113.54,2.2866999999999997
Uttar Pradesh,Meerut,Rice,Kharif,2022,18450.9,40355.8,2187.2,242.5,12.4,216.3,7.62,0.32,0.9,28.7,929.1,70.6,29.3,53539.8,87448.5,11015.8,17952.1,24571.9,156.76,2.1872
Maharashtra,Nashik,Rice,Kharif,2019,31037.5,60967.0,1964.3,237.8,15.9,262.4,7.41,0.44,0.59,30.0,1383.2,72.6,36.0,46689.9,75758.0,8494.8,17811.9,20383.2,128.37,1.9643
West Bengal,Murshidabad,Jowar,Kharif,2017,14449.6,20742.4,1435.5,239.8,24.6,172.0,5.65,0.53,0.15,30.8,1553.3,85.1,37.5,23223.5,39332.8,5202.6,9503.9,8517.0,113.54,1.4355
Maharashtra,Kolhapur,Maize,Kharif,2021,30917.5,76533.2,2475.4,259.5,22.0,291.0,7.05,0.55,0.24,29.7,1205.1,72.6,32.4,41350.2,70092.8,9373.8,13066.6,18909.8,148.02,2.4754
Punjab,Amritsar,Soyabean,Kharif,2019,11687.5,10334.1,884.2,238.3,20.5,241.5,7.7,0.49,0.84,27.2,686.2,66.1,25.5,29318.6,47062.1,6548.3,11796.3,10974.0,128.37,0.8842000000000001
Tamil Nadu,Erode,Wheat,Rabi,2023,44951.5,163421.2,3635.5,181.7,13.0,231.4,7.25,0.44,0.25,22.5,141.4,66.9,14.3,47150.6,78188.3,9009.4,17979.4,20161.8,166.25,3.6355
Madhya Pradesh,Indore,Maize,Rabi,2022,6799.3,19136.6,2814.5,259.9,13.3,233.4,7.55,0.57,1.2,20.8,183.6,52.9,12.5,37535.4,61369.5,7352.5,15549.1,14633.8,156.76,2.8145
West Bengal,Nadia,Jowar,Kharif,2021,20687.6,32599.5,1575.8,236.7,21.7,155.4,6.21,0.54,0.18,29.5,1506.4,85.8,37.8,28429.8,47828.8,5988.9,9063.7,13377.2,148.02,1.5757999999999999
Uttar Pradesh,Bareilly,Bajra,Kharif,2021,11628.7,19065.3,1639.5,237.2,12.7,186.8,7.21,0.32,0.2,29.1,1017.4,73.3,30.7,29469.1,47530.6,5578.2,9569.3,14321.6,148.02,1.6395
Tamil Nadu,Thanjavur,Wheat,Rabi,2015,17237.3,39276.9,2278.6,229.9,9.9,185.3,7.11,0.6,0.86,22.8,96.8,62.2,11.3,27802.2,46260.6,4865.6,8849.4,14087.2,100.0,2.2786
Madhya Pradesh,Indore,Sugarcane,Whole Year,2017,20671.1,1119660.5,54165.5,269.1,15.3,277.3,7.42,0.56,0.1,25.9,1304.4,60.0,21.8,95342.3,158991.2,15377.9,29990.6,49973.8,113.54,54.1655
Bihar,Gaya,Jowar,Rabi,2015,33381.1,52521.8,1573.4,197.8,12.9,157.4,7.61,0.54,0.39,20.9,197.0,64.8,14.5,17953.2,29710.2,3848.8,5471.7,8632.7,100.0,1.5734000000000001
Madhya Pradesh,Hoshangabad,Jowar,Rabi,2019,28177.5,21479.7,762.3,278.4,15.9,289.7,7.61,0.51,1.17,21.2,189.7,50.4,13.3,23662.1,39156.3,5496.1,7220.8,10945.2,128.37,0.7623
Madhya Pradesh,Hoshangabad,Jowar,Rabi,2020,34657.0,44759.5,1291.5,331.4,13.9,265.0,7.54,0.54,0.84,20.9,167.4,52.3,13.6,24919.8,41318.9,5162.8,10255.5,9501.5,138.02,1.2915
Maharashtra,Nashik,Maize,Kharif,2016,8830.0,20851.2,2361.4,285.9,16.3,250.7,6.84,0.54,0.88,30.8,1211.5,73.6,32.8,29444.5,48555.9,6939.6,10408.6,12096.3,105.27,2.3614
Karnataka,Mysuru,Wheat,Rabi,2016,40956.3,148720.5,3631.2,205.4,13.4,180.5,6.98,0.48,1.09,20.3,124.7,58.2,12.0,26191.7,44503.3,4332.1,9035.2,12824.4,105.27,3.6311999999999998
Karnataka,Davanagere,Groundnut,Rabi,2015,25668.1,34487.7,1343.6,265.7,16.3,226.8,6.98,0.48,0.13,20.9,180.3,60.6,13.2,30803.6,51174.8,7009.6,11447.2,12346.8,100.0,1.3436
Punjab,Bathinda,Sugarcane,Whole Year,2021,33215.8,1858404.1,55949.4,315.9,18.9,245.8,7.42,0.48,0.59,23.7,857.2,56.7,16.6,135072.0,220631.1,26118.5,42370.6,66582.9,148.02,55.949400000000004
Haryana,Sirsa,Maize,Rabi,2022,23173.8,66837.9,2884.2,312.4,19.7,181.4,7.78,0.42,0.77,19.4,69.2,46.6,11.2,37669.8,62957.5,6628.1,12778.3,18263.4,156.76,2.8842
Maharashtra,Nashik,Maize,Kharif,2017,39286.9,83449.3,2124.1,243.7,16.7,220.3,7.44,0.47,0.96,30.2,1045.3,71.8,29.0,30693.9,50842.5,7236.3,10322.3,13135.3,113.54,2.1241
Bihar,Patna,Jowar,Kharif,2020,18626.5,25408.4,1364.1,220.7,16.3,171.5,7.35,0.39,1.04,28.3,1208.6,79.0,34.8,24738.3,40880.8,4121.5,8126.3,12490.5,138.02,1.3640999999999999
Madhya Pradesh,Sehore,Bajra,Kharif,2016,43540.8,64949.8,1491.7,277.9,16.9,235.5,7.82,0.43,0.75,28.7,1160.9,68.8,30.9,17650.7,28353.6,3541.3,6789.9,7319.5,105.27,1.4917
Punjab,Amritsar,Groundnut,Rabi,2021,35558.3,58667.6,1649.9,305.5,18.0,211.3,7.6,0.53,0.28,18.3,111.3,50.7,10.0,53146.6,90183.0,9831.6,22178.2,21136.8,148.02,1.6499000000000001
Andhra Pradesh,Kurnool,Sugarcane,Whole Year,2019,30549.4,1638327.7,53628.8,212.3,14.3,208.1,7.15,0.38,0.2,28.4,1288.6,69.0,20.8,110600.8,182121.5,25052.0,38615.9,46932.9,128.37,53.628800000000005
Maharashtra,Nashik,Wheat,Rabi,2023,13745.3,46340.9,3371.4,264.5,20.4,240.0,7.19,0.56,0.93,22.0,169.3,57.2,12.4,51661.3,82725.0,10903.6,19549.0,21208.7,166.25,3.3714
Bihar,Patna,Groundnut,Kharif,2019,31901.8,47010.5,1473.6,221.8,13.6,152.4,7.11,0.53,0.84,29.0,993.9,76.7,29.1,41097.5,67137.2,9263.4,15786.0,16048.1,128.37,1.4735999999999998
Andhra Pradesh,Guntur,Bajra,Kharif,2021,42317.8,70323.7,1661.8,227.4,18.3,235.4,6.8,0.47,0.99,30.5,1019.9,78.7,32.2,25467.3,42160.0,5547.1,9756.6,10163.6,148.02,1.6618
Karnataka,Davanagere,Rice,Kharif,2023,12863.8,24200.7,1881.3,237.4,16.4,174.4,6.4,0.63,0.4,29.4,857.3,74.5,26.1,48545.2,80034.9,9184.1,18478.0,20883.1,166.25,1.8813
Bihar,Gaya,Groundnut,Kharif,2018,10482.1,13418.1,1280.1,221.7,14.3,179.1,7.36,0.42,0.18,29.2,1416.1,77.8,37.4,38362.1,61919.2,7142.0,14310.4,16909.7,119.72,1.2801
Madhya Pradesh,Sehore,Rice,Kharif,2023,27859.8,61681.6,2214.0,314.4,18.1,261.9,7.4,0.47,0.65,28.9,1123.6,70.6,33.1,49566.7,80955.6,10953.1,17646.1,20967.5,166.25,2.214
Punjab,Patiala,Maize,Rabi,2018,38776.3,131044.5,3379.5,277.9,21.9,199.8,7.95,0.54,0.13,19.3,99.2,51.6,10.1,29527.5,50138.8,6043.3,10966.9,12517.3,119.72,3.3795
Karnataka,Belagavi,Groundnut,Kharif,2023,9329.4,16755.6,1796.0,226.2,14.6,211.9,6.99,0.61,0.21,28.7,1083.3,78.4,32.4,50304.3,83857.8,11212.9,15258.7,23832.7,166.25,1.796
West Bengal,Nadia,Sugarcane,Whole Year,2023,17888.6,1499796.3,83840.9,215.9,21.4,174.4,6.19,0.61,1.05,27.1,2118.7,77.2,24.2,147779.3,246227.4,34346.2,48464.3,64968.8,166.25,83.84089999999999
Bihar,Rohtas,Groundnut,Kharif,2016,645.4,831.4,1288.2,230.6,13.0,179.1,7.16,0.35,0.12,29.0,1338.8,80.1,37.7,32893.1,55585.5,5999.8,12816.8,14076.5,105.27,1.2882
Andhra Pradesh,Krishna,Cotton,Kharif,2022,4597.1,2899.9,630.8,216.7,16.3,186.0,6.93,0.44,0.93,31.6,1063.0,76.9,32.8,60327.3,97047.3,10271.3,24539.3,25516.7,156.76,0.6307999999999999
Bihar,Rohtas,Gram,Rabi,2021,12927.8,9792.8,757.5,240.7,16.6,195.4,6.97,0.41,0.88,21.7,204.7,63.5,15.6,30675.4,51992.4,7048.6,10385.1,13241.7,148.02,0.7575
Uttar Pradesh,Meerut,Cotton,Kharif,2022,30667.8,17692.3,576.9,242.5,12.4,216.3,7.62,0.32,0.9,28.7,929.1,70.6,29.3,64267.9,107556.9,13693.3,20823.5,29751.1,156.76,0.5769
Punjab,Bathinda,Cotton,Kharif,2017,37424.4,18502.6,494.4,328.3,17.6,236.2,7.84,0.54,0.21,27.4,768.8,66.0,24.6,48008.8,79951.0,10829.8,15955.7,21223.3,113.54,0.49439999999999995
Bihar,Muzaffarpur,Groundnut,Kharif,2020,23916.4,43095.0,1801.9,196.7,16.2,178.0,6.96,0.48,1.11,29.7,1189.6,80.2,33.0,44002.7,71160.4,9100.9,16088.4,18813.4,138.02,1.8019
Haryana,Sirsa,Maize,Kharif,2019,33019.0,66014.9,1999.3,278.9,18.4,193.6,8.07,0.4,0.28,28.3,479.2,64.1,19.6,31908.4,51409.0,7186.6,12933.3,11788.5,128.37,1.9992999999999999
Haryana,Sirsa,Groundnut,Rabi,2020,43867.7,41591.0,948.1,305.3,19.8,248.0,8.04,0.34,0.96,19.7,122.5,45.0,11.2,49253.6,79118.3,9948.5,16096.5,23208.6,138.02,0.9481
Maharashtra,Nashik,Rice,Kharif,2021,21753.7,38525.8,1771.0,259.8,19.1,277.4,7.06,0.43,0.39,30.2,1263.8,71.0,32.6,52872.5,88086.5,10418.9,19394.4,23059.2,148.02,1.771
Madhya Pradesh,Sehore,Jowar,Rabi,2018,23907.7,28665.3,1199.0,323.9,15.6,230.3,7.52,0.56,0.61,20.9,157.2,50.8,13.2,20949.2,34780.6,4640.1,8368.7,7940.4,119.72,1.199
Bihar,Gaya,Sugarcane,Whole Year,2016,11581.9,823425.6,71095.9,211.8,15.2,191.3,7.26,0.36,0.21,26.2,1681.8,70.0,23.4,86411.0,144849.3,18549.5,32792.8,35068.7,105.27,71.0959
Punjab,Patiala,Bajra,Kharif,2016,18334.9,18998.6,1036.2,318.3,15.6,216.3,8.07,0.51,1.07,27.8,782.1,67.4,23.0,20460.5,33016.9,3778.2,7949.1,8733.2,105.27,1.0362
West Bengal,Murshidabad,Sugarcane,Whole Year,2017,1210.0,94388.8,78007.3,239.8,24.6,172.0,5.65,0.53,0.15,27.3,1810.7,77.2,24.2,97980.1,160514.0,21205.9,30132.0,46642.2,113.54,78.0073
Karnataka,Raichur,Cotton,Kharif,2021,6234.7,3690.3,591.9,239.0,10.6,158.5,7.0,0.52,0.15,28.9,848.0,76.6,27.6,53851.0,87358.1,8976.3,19774.0,25100.7,148.02,0.5919
Uttar Pradesh,Gorakhpur,Maize,Kharif,2021,44802.5,143645.8,3206.2,230.7,12.5,213.2,7.44,0.36,0.13,29.4,1181.1,71.6,34.6,36739.1,59797.0,6499.5,12775.1,17464.5,148.02,3.2062
Uttar Pradesh,Gorakhpur,Jowar,Kharif,2021,11126.0,15541.9,1396.9,230.7,12.5,213.2,7.44,0.36,0.13,29.4,1181.1,71.6,34.6,31617.1,52194.0,7051.6,12592.0,11973.5,148.02,1.3969
Punjab,Amritsar,Maize,Kharif,2021,6179.4,15530.1,2513.2,305.5,18.0,211.3,7.6,0.53,0.28,26.8,637.5,66.6,22.2,38635.4,64555.8,6865.5,15335.6,16434.3,148.02,2.5132
Haryana,Karnal,Jowar,Rabi,2020,8976.4,9277.1,1033.5,289.2,17.8,198.7,7.59,0.49,0.87,20.0,106.9,46.3,12.4,25502.8,42561.5,4823.6,7872.1,12807.1,138.02,1.0335
Uttar Pradesh,Meerut,Gram,Rabi,2021,20327.3,15865.5,780.5,260.1,14.0,171.4,7.21,0.33,0.87,20.5,169.6,55.5,14.0,34074.9,54629.5,5926.2,13420.2,14728.5,148.02,0.7805
Karnataka,Mysuru,Gram,Rabi,2015,40555.6,34598.0,853.1,208.8,12.1,198.4,6.41,0.56,0.6,20.9,151.4,61.6,14.6,19787.3,33388.5,3225.9,6311.9,10249.5,100.0,0.8531
West Bengal,Nadia,Jowar,Kharif,2018,42193.3,54231.0,1285.3,201.8,18.1,174.6,5.83,0.6,1.01,30.8,1837.3,82.7,38.3,23614.7,39511.8,5265.1,9204.3,9145.3,119.72,1.2852999999999999
Haryana,Sirsa,Groundnut,Kharif,2015,32552.8,35980.6,1105.3,240.7,14.1,218.7,8.04,0.34,0.4,28.4,732.2,64.0,25.0,35383.1,56791.5,6698.7,12375.7,16308.7,100.0,1.1053
Punjab,Amritsar,Groundnut,Rabi,2022,19418.7,30351.4,1563.0,238.6,20.5,241.3,7.79,0.52,0.16,18.5,111.4,49.2,11.8,60613.5,99413.9,10131.3,22699.7,27782.5,156.76,1.563
West Bengal,Murshidabad,Bajra,Kharif,2020,28083.1,39967.9,1423.2,190.2,18.6,149.0,5.97,0.67,0.59,30.0,1259.2,85.0,35.8,25056.2,42347.1,4766.8,8777.2,11512.2,138.02,1.4232
Madhya Pradesh,Sehore,Soyabean,Kharif,2018,35700.4,33761.9,945.7,323.9,15.6,230.3,7.52,0.56,0.61,28.9,1293.3,67.8,35.3,25697.9,43625.7,5538.1,10216.4,9943.4,119.72,0.9457000000000001
Madhya Pradesh,Indore,Maize,Kharif,2020,37085.2,128774.6,3472.4,253.6,16.1,215.7,7.94,0.46,0.38,29.2,1165.9,68.2,33.3,32812.1,54433.0,6583.3,12591.1,13637.7,138.02,3.4724
Maharashtra,Nagpur,Cotton,Kharif,2016,16999.9,11537.8,678.7,233.0,13.2,245.4,7.26,0.54,0.27,30.1,1187.4,72.3,32.4,45308.6,76660.5,8253.4,17158.5,19896.7,105.27,0.6787000000000001
Punjab,Bathinda,Rice,Kharif,2018,15783.0,43138.1,2733.2,301.9,19.4,254.9,8.17,0.41,0.87,27.3,858.1,64.7,29.2,42536.9,70482.1,9657.3,13029.0,19850.6,119.72,2.7331999999999996
West Bengal,Bardhaman,Maize,Rabi,2020,42165.0,150541.7,3570.3,209.0,24.8,172.6,5.74,0.63,0.97,21.1,241.5,69.5,15.0,36183.6,61227.5,6413.0,12901.3,16869.3,138.02,3.5703
West Bengal,Bardhaman,Maize,Kharif,2017,5915.8,16321.7,2759.0,233.1,20.8,182.2,6.14,0.52,1.13,29.8,1427.1,85.4,36.6,26748.8,43674.8,5534.2,8288.6,12926.0,113.54,2.759
Maharashtra,Pune,Wheat,Rabi,2017,31900.0,122907.5,3852.9,262.2,17.1,250.7,7.25,0.57,0.41,21.4,177.8,59.1,12.1,36757.7,59946.1,8056.1,14032.6,14669.0,113.54,3.8529
Punjab,Bathinda,Groundnut,Rabi,2018,20359.2,37448.7,1839.4,301.9,19.4,254.9,8.17,0.41,0.87,19.3,101.4,48.1,11.7,42079.2,68204.1,7542.6,13636.5,20900.1,119.72,1.8394000000000001
Tamil Nadu,Thanjavur,Jowar,Kharif,2018,19104.6,28127.7,1472.3,191.5,15.3,185.8,7.07,0.51,0.75,31.1,1134.4,82.3,32.7,23797.7,40109.5,4450.1,8878.7,10468.9,119.72,1.4723
West Bengal,Murshidabad,Jowar,Rabi,2016,4720.7,4663.1,987.8,214.1,17.1,183.0,6.26,0.68,0.93,21.6,243.8,66.9,14.6,20027.0,32729.9,4445.3,7511.6,8070.1,105.27,0.9877999999999999
Tamil Nadu,Salem,Gram,Rabi,2022,31548.8,31826.4,1008.8,190.4,12.3,257.9,6.55,0.45,0.81,23.1,107.7,64.5,12.1,31677.8,51635.0,7247.9,10514.0,13915.9,156.76,1.0088
Punjab,Ludhiana,Gram,Rabi,2020,24883.2,16059.6,645.4,299.0,17.1,217.2,7.67,0.45,0.31,18.6,118.0,50.3,14.4,30603.1,50874.5,6242.5,9917.5,14443.1,138.02,0.6454
West Bengal,Bardhaman,Maize,Kharif,2021,18313.7,56492.3,3084.7,211.2,20.9,153.8,5.92,0.67,0.49,30.2,1590.8,86.4,37.3,38244.8,62780.5,7079.2,15937.1,15228.5,148.02,3.0846999999999998
Bihar,Muzaffarpur,Jowar,Rabi,2018,10227.9,14577.8,1425.3,242.1,12.2,192.7,7.65,0.37,0.19,20.9,164.1,64.1,11.8,22843.7,37154.5,3813.0,7819.1,11211.6,119.72,1.4253
Andhra Pradesh,Kurnool,Maize,Kharif,2023,21760.2,56654.9,2603.6,215.3,14.3,204.9,7.01,0.43,0.8,31.2,1061.6,74.6,31.9,40290.8,65085.1,8043.8,12466.3,19780.7,166.25,2.6035999999999997
Uttar Pradesh,Kanpur Dehat,Maize,Rabi,2016,20553.7,55686.1,2709.3,224.9,16.5,157.6,7.61,0.41,0.34,20.8,175.2,56.1,15.3,25622.0,43060.4,4874.8,8452.1,12295.1,105.27,2.7093000000000003
Andhra Pradesh,Krishna,Cotton,Kharif,2017,20227.5,8481.4,419.3,221.1,11.4,158.1,6.96,0.41,0.34,30.8,1034.4,75.4,31.3,44447.0,72816.5,8872.9,17394.7,18179.4,113.54,0.4193
Tamil Nadu,Coimbatore,Cotton,Kharif,2018,29977.6,11142.7,371.7,210.6,11.9,187.0,7.24,0.42,0.98,30.8,1068.3,82.9,30.5,46341.3,76791.9,8375.2,19205.2,18760.9,119.72,0.3717
Bihar,Gaya,Maize,Rabi,2023,26679.5,55861.5,2093.8,220.1,14.0,187.5,7.21,0.51,0.93,21.4,192.6,62.8,15.1,37976.5,63547.3,6216.5,12648.0,19112.0,166.25,2.0938000000000003
Tamil Nadu,Thanjavur,Maize,Kharif,2022,29440.0,72157.4,2451.0,210.5,14.0,212.9,7.25,0.47,0.66,31.2,1210.3,79.0,34.0,36019.2,60811.3,7980.1,13101.9,14937.2,156.76,2.451
Bihar,Rohtas,Soyabean,Kharif,2019,14790.8,21476.2,1452.0,205.5,19.8,198.1,7.49,0.36,0.85,29.6,1430.1,78.3,36.9,27118.6,44037.6,4734.7,9618.3,12765.6,128.37,1.452
Madhya Pradesh,Hoshangabad,Groundnut,Rabi,2017,42412.1,77440.3,1825.9,284.1,17.4,264.3,7.63,0.45,0.38,21.2,156.8,56.7,14.3,36552.2,61299.0,8547.4,12003.4,16001.4,113.54,1.8259
Maharashtra,Kolhapur,Gram,Rabi,2015,28729.3,20320.2,707.3,275.5,18.6,285.5,7.58,0.43,0.86,21.6,113.7,57.3,15.1,24520.5,40432.2,5334.8,7715.1,11470.6,100.0,0.7072999999999999
Andhra Pradesh,Guntur,Groundnut,Rabi,2017,33301.6,56716.0,1703.1,251.4,16.8,224.9,6.79,0.54,0.72,23.0,153.4,61.0,13.7,39347.9,64988.6,8044.8,13759.5,17543.6,113.54,1.7030999999999998
Bihar,Muzaffarpur,Groundnut,Rabi,2015,43051.4,82822.3,1923.8,233.6,15.7,176.2,7.24,0.37,0.67,20.8,204.4,61.6,12.0,33449.1,55993.2,7698.5,10483.4,15267.2,100.0,1.9238
Andhra Pradesh,Kurnool,Bajra,Kharif,2021,38913.4,64810.3,1665.5,206.2,14.8,227.0,7.07,0.45,0.9,31.6,1070.0,75.2,32.7,25467.3,42160.0,5547.1,9756.6,10163.6,148.02,1.6655
Bihar,Patna,Maize,Rabi,2016,9155.0,24936.4,2723.8,247.2,13.6,177.0,7.62,0.47,0.4,21.3,169.8,62.8,14.6,23734.4,39342.6,4117.6,8091.0,11525.8,105.27,2.7238
West Bengal,Murshidabad,Jowar,Rabi,2017,1464.8,1510.5,1031.2,239.8,24.6,172.0,5.65,0.53,0.15,22.1,210.4,71.8,16.6,23223.5,39332.8,5202.6,9503.9,8517.0,113.54,1.0312000000000001
Punjab,Patiala,Cotton,Kharif,2017,14044.2,6112.0,435.2,306.9,19.0,246.5,8.08,0.41,0.69,27.0,633.5,65.7,21.3,48008.8,79951.0,10829.8,15955.7,21223.3,113.54,0.4352
West Bengal,Bardhaman,Maize,Kharif,2015,18263.4,39847.1,2181.8,244.5,18.8,156.8,6.17,0.52,0.21,30.4,1678.2,85.3,39.4,26060.7,42857.4,4974.7,9314.8,11771.2,100.0,2.1818
Bihar,Gaya,Rice,Kharif,2021,16136.5,34795.1,2156.3,183.7,14.4,182.5,7.11,0.5,0.38,28.7,1243.5,77.1,35.2,44915.8,74838.7,8305.3,16424.7,20185.8,148.02,2.1563000000000003
Uttar Pradesh,Meerut,Wheat,Rabi,2017,2662.1,11329.6,4255.9,267.8,14.1,175.1,7.73,0.48,1.12,21.5,162.4,55.8,15.2,32489.3,53651.7,5344.7,10854.1,16290.5,113.54,4.2559
Maharashtra,Nashik,Maize,Rabi,2021,7282.8,24264.1,3331.7,259.8,19.1,277.4,7.06,0.43,0.39,21.9,120.6,54.0,12.7,41350.2,70092.8,9373.8,13066.6,18909.8,148.02,3.3316999999999997
Uttar Pradesh,Gorakhpur,Sugarcane,Whole Year,2021,27092.5,2020940.7,74594.1,230.7,12.5,213.2,7.44,0.36,0.13,26.3,1439.3,61.8,21.6,135992.5,222609.7,24894.7,43210.9,67886.9,148.02,74.59410000000001
Maharashtra,Nashik,Bajra,Kharif,2020,13134.8,12763.1,971.7,298.5,13.9,220.5,7.33,0.56,1.14,30.2,997.2,76.4,29.0,28134.6,46239.4,5276.7,9177.8,13680.1,138.02,0.9717
Punjab,Amritsar,Jowar,Rabi,2021,37014.5,35123.1,948.9,305.5,18.0,211.3,7.6,0.53,0.28,18.3,111.3,50.7,10.0,31689.8,52140.6,6285.6,11704.7,13699.5,148.02,0.9489
Andhra Pradesh,Kurnool,Sugarcane,Whole Year,2022,34489.5,2398655.1,69547.4,199.3,16.8,164.1,6.85,0.51,1.1,28.0,1306.7,66.3,21.3,136047.0,230610.7,28524.8,51783.3,55738.9,156.76,69.5474
Maharashtra,Pune,Maize,Kharif,2018,22437.6,66426.5,2960.5,223.6,17.0,213.8,7.59,0.56,0.86,29.7,1246.4,73.0,34.3,32540.7,53327.3,7534.6,11864.4,13141.7,119.72,2.9605
Punjab,Bathinda,Jowar,Kharif,2021,24239.8,25994.8,1072.4,315.9,18.9,245.8,7.42,0.48,0.59,26.9,725.0,65.1,25.3,31689.8,52140.6,6285.6,11704.7,13699.5,148.02,1.0724
Bihar,Gaya,Groundnut,Rabi,2023,36304.4,57999.9,1597.6,220.1,14.0,187.5,7.21,0.51,0.93,21.4,192.6,62.8,15.1,52305.9,84735.8,11782.7,21155.3,19367.9,166.25,1.5976
Haryana,Hisar,Sugarcane,Whole Year,2015,13487.2,782930.6,58049.9,247.4,14.3,200.6,7.72,0.34,1.16,25.2,840.1,52.7,16.8,85032.2,140496.4,18323.6,28824.8,37883.8,100.0,58.0499
Punjab,Amritsar,Bajra,Kharif,2015,33828.6,44055.0,1302.3,270.0,17.1,257.9,7.71,0.36,0.2,26.8,790.8,65.6,26.9,19213.1,31354.4,3189.4,5813.0,10210.7,100.0,1.3023
Haryana,Kurukshetra,Gram,Rabi,2020,34373.1,28670.6,834.1,259.0,13.9,190.7,7.8,0.4,0.39,19.8,102.6,48.7,10.9,28865.6,48584.4,6417.6,9759.3,12688.7,138.02,0.8341000000000001
Andhra Pradesh,Guntur,Rice,Kharif,2020,22205.7,64549.7,2906.9,198.6,13.6,217.5,6.93,0.48,0.91,30.5,1027.0,78.5,31.3,46945.1,76047.1,10257.6,19584.0,17103.5,138.02,2.9069000000000003
Uttar Pradesh,Gorakhpur,Rice,Kharif,2020,39337.0,74032.2,1882.0,241.1,14.9,178.2,7.26,0.42,0.43,29.0,1213.7,73.2,33.7,49162.3,82551.5,10546.9,19050.9,19564.5,138.02,1.882
Haryana,Karnal,Maize,Rabi,2015,27648.4,57680.1,2086.2,254.2,17.0,233.1,7.57,0.4,0.64,20.0,61.6,46.9,12.1,24099.3,39118.2,5171.6,8635.9,10291.8,100.0,2.0862
Bihar,Rohtas,Cotton,Kharif,2023,1875.7,604.5,322.3,204.6,14.9,167.6,7.33,0.35,0.69,29.0,1195.7,79.1,34.5,63416.0,103136.7,13209.0,21205.5,29001.5,166.25,0.32230000000000003
Haryana,Hisar,Maize,Rabi,2016,14494.6,49731.0,3431.0,227.9,19.0,239.8,8.06,0.3,0.65,19.8,65.6,47.5,10.9,24413.7,39624.8,4416.8,7624.8,12372.1,105.27,3.431
Bihar,Rohtas,Bajra,Kharif,2017,4966.3,4972.3,1001.2,242.8,18.6,207.5,7.38,0.39,0.8,29.2,1235.5,80.0,34.7,20354.5,32859.8,4151.5,6422.7,9780.3,113.54,1.0012
Karnataka,Belagavi,Soyabean,Kharif,2019,37851.4,35992.9,950.9,218.7,15.1,232.5,6.26,0.57,0.54,28.6,978.0,74.9,29.6,25492.6,42507.7,5766.2,9858.5,9867.9,128.37,0.9509
Maharashtra,Kolhapur,Wheat,Rabi,2018,38911.0,114390.6,2939.8,255.7,18.2,272.8,7.31,0.57,0.28,21.7,143.6,57.6,14.1,36010.7,60532.9,8292.5,10994.6,16723.6,119.72,2.9398
Haryana,Hisar,Cotton,Kharif,2023,4641.4,2287.7,492.9,288.7,15.5,192.4,7.78,0.36,0.79,27.3,643.7,62.6,22.1,63100.8,104675.2,12870.0,24219.2,26011.6,166.25,0.4929
Haryana,Hisar,Sugarcane,Whole Year,2017,17442.6,954886.4,54744.5,228.3,17.5,223.1,7.69,0.3,0.7,25.0,689.5,52.8,16.1,99231.3,165514.9,21592.2,32185.7,45453.4,113.54,54.7445
Bihar,Gaya,Bajra,Kharif,2020,10793.0,16340.6,1514.0,223.1,17.2,192.5,7.0,0.38,0.61,29.2,1289.4,79.2,36.0,23109.1,39252.9,4898.0,7266.4,10944.7,138.02,1.514
Haryana,Sirsa,Wheat,Rabi,2021,12693.9,41851.8,3297.0,309.6,17.7,248.2,8.28,0.38,1.14,19.0,77.1,46.4,13.3,42083.8,67414.4,7389.1,16614.2,18080.5,148.02,3.297
West Bengal,Bardhaman,Bajra,Kharif,2015,34524.4,61073.7,1769.0,244.5,18.8,156.8,6.17,0.52,0.21,30.4,1678.2,85.3,39.4,17818.9,29541.7,4094.6,5852.8,7871.5,100.0,1.769
West Bengal,Hooghly,Sugarcane,Whole Year,2018,15617.5,1188154.4,76078.4,187.7,23.2,153.5,6.3,0.66,0.71,27.0,2186.5,77.5,24.0,100673.1,164707.1,19293.6,35554.8,45824.7,119.72,76.07839999999999
Uttar Pradesh,Bareilly,Cotton,Kharif,2023,29874.5,15558.6,520.8,237.3,14.8,208.4,7.43,0.4,0.9,28.1,976.1,72.5,29.5,67114.8,111241.3,13891.0,21845.6,31378.2,166.25,0.5207999999999999
Bihar,Patna,Groundnut,Kharif,2015,3389.9,4981.8,1469.6,227.6,16.4,162.6,7.21,0.49,0.41,28.8,1532.3,80.0,37.4,33449.1,55993.2,7698.5,10483.4,15267.2,100.0,1.4696
Uttar Pradesh,Meerut,Groundnut,Kharif,2017,35273.2,53103.8,1505.5,267.8,14.1,175.1,7.73,0.48,1.12,29.4,929.7,69.9,27.0,39065.1,62844.0,9361.3,14859.3,14844.5,113.54,1.5055
Tamil Nadu,Salem,Maize,Rabi,2020,8421.2,17292.1,2053.4,187.8,12.6,262.6,6.56,0.47,0.4,22.2,140.9,64.7,12.0,32065.5,52961.7,5829.8,12449.1,13786.6,138.02,2.0534
Punjab,Amritsar,Soyabean,Kharif,2018,33694.1,39108.7,1160.7,261.5,21.4,209.1,7.88,0.41,0.21,26.7,567.7,65.2,21.6,29302.2,48609.6,6383.8,12050.1,10868.3,119.72,1.1607
West Bengal,Murshidabad,Bajra,Kharif,2019,3377.1,3023.5,895.3,181.6,18.5,167.7,5.64,0.56,0.67,29.6,1493.9,86.5,40.5,23797.3,38132.2,5566.1,8110.6,10120.6,128.37,0.8953
Bihar,Rohtas,Soyabean,Kharif,2022,22614.5,23539.4,1040.9,241.3,15.1,154.7,6.94,0.52,0.4,28.9,1140.5,79.3,34.3,32598.2,54734.2,7716.0,12202.3,12679.9,156.76,1.0409000000000002
Tamil Nadu,Coimbatore,Gram,Rabi,2019,37595.4,44903.9,1194.4,187.9,13.8,213.6,6.87,0.46,1.04,22.4,154.6,64.6,11.2,25960.8,43935.0,5257.7,10890.3,9812.8,128.37,1.1944000000000001
Andhra Pradesh,West Godavari,Rice,Kharif,2020,37864.2,74202.5,1959.7,213.8,17.0,225.4,6.48,0.4,1.07,31.0,1088.2,77.9,30.4,46945.1,76047.1,10257.6,19584.0,17103.5,138.02,1.9597
Tamil Nadu,Erode,Jowar,Kharif,2018,14993.0,16837.1,1123.0,182.9,11.7,225.8,6.84,0.57,0.27,31.4,1021.2,82.4,30.4,23797.7,40109.5,4450.1,8878.7,10468.9,119.72,1.123
Punjab,Ludhiana,Sugarcane,Whole Year,2021,8973.2,497672.5,55462.1,228.2,20.3,194.1,8.02,0.39,1.17,23.7,843.4,56.0,16.4,135072.0,220631.1,26118.5,42370.6,66582.9,148.02,55.4621
West Bengal,Bardhaman,Jowar,Rabi,2020,42956.2,47612.7,1108.4,209.0,24.8,172.6,5.74,0.63,0.97,21.1,241.5,69.5,15.0,27467.6,45689.4,6406.3,10944.3,10117.0,138.02,1.1084
Uttar Pradesh,Meerut,Rice,Kharif,2021,16486.7,36986.3,2243.4,260.1,14.0,171.4,7.21,0.33,0.87,28.6,1040.4,70.4,31.1,51933.3,83910.7,12326.2,17162.2,22444.9,148.02,2.2434000000000003
West Bengal,Hooghly,Maize,Rabi,2019,25375.3,49601.1,1954.7,170.9,18.4,183.9,5.81,0.62,0.32,21.6,180.9,72.9,15.7,31109.7,52323.2,5197.3,10546.9,15365.5,128.37,1.9547
Tamil Nadu,Thanjavur,Gram,Rabi,2022,2513.1,2697.1,1073.2,210.5,14.0,212.9,7.25,0.47,0.66,23.5,117.8,64.9,13.5,31677.8,51635.0,7247.9,10514.0,13915.9,156.76,1.0732000000000002
Andhra Pradesh,Guntur,Jowar,Rabi,2022,31667.9,35762.6,1129.3,216.7,14.0,215.6,6.8,0.37,0.65,22.7,143.3,59.6,14.7,28541.3,47717.4,5136.7,10307.5,13097.1,156.76,1.1293
Bihar,Gaya,Sugarcane,Whole Year,2018,9006.8,497226.7,55205.7,221.7,14.3,179.1,7.36,0.42,0.18,26.3,1662.4,67.6,23.2,100776.9,170468.8,23801.5,34485.8,42489.6,119.72,55.2057
Maharashtra,Pune,Cotton,Kharif,2020,15702.5,7661.2,487.9,253.0,17.5,194.4,7.23,0.41,1.17,29.3,1222.8,74.2,36.0,56289.2,90432.1,11324.6,17494.4,27470.2,138.02,0.4879
Punjab,Patiala,Groundnut,Rabi,2022,29100.1,32321.5,1110.7,282.2,19.6,216.9,7.53,0.39,0.52,18.3,99.5,50.7,13.2,60613.5,99413.9,10131.3,22699.7,27782.5,156.76,1.1107
Haryana,Karnal,Soyabean,Kharif,2021,31328.2,25996.1,829.8,232.7,14.9,211.0,8.05,0.35,1.15,27.9,634.0,61.4,22.9,31441.4,53200.3,6869.2,11271.2,13301.0,148.02,0.8298
Karnataka,Mysuru,Groundnut,Rabi,2018,2532.8,3615.6,1427.5,232.0,12.8,158.8,6.89,0.51,0.63,20.6,160.2,61.2,13.2,36927.2,59436.9,8207.8,13629.9,15089.5,119.72,1.4275
Haryana,Hisar,Sugarcane,Whole Year,2019,3923.0,223707.1,57024.5,288.1,19.1,210.9,7.54,0.34,0.54,25.3,805.8,53.6,14.9,114180.5,193740.5,24427.7,46659.4,43093.4,128.37,57.0245
Andhra Pradesh,Krishna,Bajra,Kharif,2016,15069.0,18280.2,1213.1,217.6,15.7,180.1,7.18,0.44,0.79,31.3,1175.8,78.2,30.9,18671.5,30783.3,4309.7,6898.2,7463.6,105.27,1.2130999999999998
Tamil Nadu,Erode,Wheat,Rabi,2018,22520.1,78248.3,3474.6,182.9,11.7,225.8,6.84,0.57,0.27,23.2,125.9,65.8,13.4,31886.6,52313.7,6397.7,12251.8,13237.1,119.72,3.4745999999999997
West Bengal,Hooghly,Jowar,Kharif,2015,38936.6,45649.3,1172.4,168.8,19.5,158.1,6.39,0.63,1.11,30.0,1605.5,87.2,38.6,19266.5,31440.9,3639.0,7445.1,8182.4,100.0,1.1724
Karnataka,Belagavi,Rice,Kharif,2021,6217.9,14426.8,2320.2,247.9,11.7,216.0,6.92,0.49,0.96,28.6,852.3,75.6,27.2,41993.5,70008.3,8335.5,15348.0,18310.0,148.02,2.3202
Uttar Pradesh,Bareilly,Sugarcane,Whole Year,2021,36629.2,2890538.4,78913.5,237.2,12.7,186.8,7.21,0.32,0.2,25.9,1195.5,61.5,20.6,135992.5,222609.7,24894.7,43210.9,67886.9,148.02,78.9135
Bihar,Rohtas,Gram,Rabi,2017,1421.9,1232.2,866.6,242.8,18.6,207.5,7.38,0.39,0.8,21.1,149.1,62.5,12.1,22187.2,35536.0,4387.3,7551.1,10248.8,113.54,0.8666
Punjab,Bathinda,Groundnut,Kharif,2023,30718.3,56451.0,1837.7,270.8,21.0,261.6,7.98,0.44,0.36,26.4,840.3,67.0,25.7,61954.5,103063.0,10621.5,24819.6,26513.4,166.25,1.8377000000000001
Uttar Pradesh,Gorakhpur,Cotton,Kharif,2022,1673.2,817.4,488.5,222.2,16.9,176.4,7.63,0.37,0.82,28.8,940.1,71.8,30.1,64267.9,107556.9,13693.3,20823.5,29751.1,156.76,0.4885
Bihar,Rohtas,Groundnut,Kharif,2018,25751.7,26642.7,1034.6,218.5,14.5,175.1,7.01,0.36,1.18,28.5,1298.3,78.7,35.5,38362.1,61919.2,7142.0,14310.4,16909.7,119.72,1.0346
Haryana,Sirsa,Sugarcane,Whole Year,2015,24369.4,1639914.4,67294.0,240.7,14.1,218.7,8.04,0.34,0.4,25.1,835.0,54.4,16.5,85032.2,140496.4,18323.6,28824.8,37883.8,100.0,67.294
Tamil Nadu,Erode,Sugarcane,Whole Year,2015,7020.4,423540.7,60330.0,220.7,9.4,198.3,7.16,0.46,0.53,27.9,1190.7,70.2,20.2,83228.9,135386.4,16669.2,34262.9,32296.8,100.0,60.33
Haryana,Hisar,Groundnut,Kharif,2016,24692.2,41559.4,1683.1,227.9,19.0,239.8,8.06,0.3,0.65,28.6,703.3,61.4,25.7,34080.0,56519.0,6999.4,13420.9,13659.7,105.27,1.6830999999999998
Uttar Pradesh,Kanpur Dehat,Sugarcane,Whole Year,2018,21400.5,1265632.0,59140.3,232.5,13.6,170.2,7.14,0.36,0.27,25.8,1217.8,62.5,18.7,104075.1,172924.6,20355.0,35067.6,48652.5,119.72,59.1403
Tamil Nadu,Coimbatore,Jowar,Rabi,2019,12837.1,19819.2,1543.9,187.9,13.8,213.6,6.87,0.46,1.04,22.4,154.6,64.6,11.2,24471.7,40550.9,5655.3,8191.5,10624.9,128.37,1.5439
Haryana,Hisar,Maize,Rabi,2018,11201.0,34505.8,3080.6,232.7,15.3,205.6,8.22,0.37,0.25,19.4,97.8,44.8,10.3,30025.8,49358.1,5052.2,11834.9,13138.7,119.72,3.0806
Karnataka,Raichur,Maize,Kharif,2020,16173.4,44633.7,2759.7,256.0,14.8,177.8,6.3,0.49,0.84,29.0,1100.7,74.5,30.3,31711.9,53115.0,7081.9,12372.1,12257.9,138.02,2.7596999999999996
Madhya Pradesh,Indore,Rice,Kharif,2021,15690.6,44332.2,2825.4,257.6,13.8,275.0,7.88,0.55,0.9,29.3,1289.6,70.3,34.2,43108.1,69244.3,8425.4,16041.3,18641.4,148.02,2.8254
Andhra Pradesh,West Godavari,Bajra,Kharif,2021,25913.4,32809.0,1266.1,201.7,15.9,216.2,7.05,0.52,1.0,30.8,1094.7,75.6,30.3,25467.3,42160.0,5547.1,9756.6,10163.6,148.02,1.2661
Uttar Pradesh,Meerut,Jowar,Kharif,2020,28115.0,42762.9,1521.0,227.1,14.9,205.3,7.27,0.46,0.47,29.4,1128.0,71.3,31.2,27546.8,45956.9,6602.9,8990.6,11953.3,138.02,1.521
Karnataka,Raichur,Jowar,Kharif,2018,17537.2,20374.7,1161.8,233.2,13.3,200.8,6.9,0.61,1.19,28.7,1019.1,75.9,29.4,20775.2,34139.0,4290.8,6467.3,10017.1,119.72,1.1618
Andhra Pradesh,Krishna,Groundnut,Rabi,2016,42249.7,49673.0,1175.7,217.6,15.7,180.1,7.18,0.44,0.79,22.7,144.5,60.6,12.4,35671.0,57715.7,8249.4,12287.4,15134.2,105.27,1.1757
Andhra Pradesh,Guntur,Wheat,Rabi,2017,9853.3,27739.0,2815.2,251.4,16.8,224.9,6.79,0.54,0.72,23.0,153.4,61.0,13.7,32728.2,55276.9,6882.5,10330.4,15515.3,113.54,2.8152
West Bengal,Murshidabad,Jowar,Rabi,2021,21713.2,20354.0,937.4,224.7,23.8,191.6,6.24,0.6,0.15,21.7,261.1,71.8,17.3,28429.8,47828.8,5988.9,9063.7,13377.2,148.02,0.9374
Haryana,Sirsa,Groundnut,Rabi,2022,3830.0,5756.9,1503.1,312.4,19.7,181.4,7.78,0.42,0.77,19.4,69.2,46.6,11.2,52655.8,84630.9,10258.9,17029.5,25367.4,156.76,1.5030999999999999
Maharashtra,Nagpur,Groundnut,Rabi,2018,6939.2,14281.6,2058.1,271.3,14.2,267.0,7.21,0.39,0.63,22.1,189.3,57.8,13.3,47254.6,75698.5,8129.0,19846.9,19278.7,119.72,2.0581
West Bengal,Hooghly,Bajra,Kharif,2019,36706.9,66314.7,1806.6,170.9,18.4,183.9,5.81,0.62,0.32,30.3,1636.8,84.3,36.9,23797.3,38132.2,5566.1,8110.6,10120.6,128.37,1.8066
Bihar,Patna,Jowar,Rabi,2018,36741.9,43377.5,1180.6,247.5,15.9,165.1,7.45,0.43,0.16,20.6,187.4,61.8,12.5,22843.7,37154.5,3813.0,7819.1,11211.6,119.72,1.1805999999999999
Andhra Pradesh,Guntur,Groundnut,Kharif,2020,27859.0,51915.2,1863.5,198.6,13.6,217.5,6.93,0.48,0.91,30.5,1027.0,78.5,31.3,49614.8,79443.6,9387.0,19854.8,20373.0,138.02,1.8635
Karnataka,Mysuru,Maize,Kharif,2016,7375.8,15723.7,2131.8,205.4,13.4,180.5,6.98,0.48,1.09,29.0,1077.5,77.4,32.0,23346.9,39217.3,4528.4,7093.6,11724.9,105.27,2.1318
Punjab,Bathinda,Gram,Rabi,2015,21258.0,16681.2,784.7,249.8,19.0,200.8,8.01,0.39,0.88,19.2,88.2,49.3,11.3,23422.8,39765.7,4718.9,8540.4,10163.5,100.0,0.7847000000000001
Tamil Nadu,Erode,Maize,Kharif,2019,42202.8,132837.5,3147.6,191.9,12.6,197.8,6.65,0.59,0.49,30.9,1110.6,81.9,31.9,31655.2,53767.2,5584.7,9841.9,16228.6,128.37,3.1475999999999997
Andhra Pradesh,Guntur,Jowar,Rabi,2017,718.6,787.4,1095.7,251.4,16.8,224.9,6.79,0.54,0.72,23.0,153.4,61.0,13.7,21375.4,35439.8,3653.1,6586.8,11135.5,113.54,1.0957000000000001
Bihar,Muzaffarpur,Maize,Rabi,2020,14813.0,41729.7,2817.1,196.7,16.2,178.0,6.96,0.48,1.11,21.1,188.3,62.4,13.9,31941.1,53242.0,6395.7,10348.1,15197.3,138.02,2.8171
Madhya Pradesh,Ujjain,Groundnut,Rabi,2017,10319.5,14741.4,1428.5,304.0,11.6,236.7,7.31,0.53,0.79,20.6,134.1,53.4,11.2,36552.2,61299.0,8547.4,12003.4,16001.4,113.54,1.4285
Uttar Pradesh,Bareilly,Cotton,Kharif,2017,21994.7,11078.7,503.7,290.4,14.0,186.3,7.88,0.35,0.53,29.4,1102.0,71.1,32.6,47011.8,78651.3,8596.9,16270.5,22144.4,113.54,0.5037
Karnataka,Belagavi,Gram,Rabi,2020,24942.7,26910.7,1078.9,248.6,11.3,169.6,6.26,0.63,0.64,20.4,154.2,60.5,15.0,27167.8,44110.1,6052.8,8658.9,12456.1,138.02,1.0789000000000002
Haryana,Kurukshetra,Wheat,Rabi,2016,43249.5,139263.4,3220.0,216.8,15.0,173.9,7.93,0.46,0.5,20.0,82.4,47.9,9.0,28336.3,48036.3,6314.9,11784.5,10236.9,105.27,3.22
Maharashtra,Nagpur,Bajra,Kharif,2021,18022.9,19043.0,1056.6,277.7,15.6,210.6,7.37,0.47,0.86,29.7,1106.1,73.9,32.4,28778.0,47754.8,4908.1,11894.1,11975.8,148.02,1.0566
Tamil Nadu,Thanjavur,Wheat,Rabi,2018,11686.5,37443.5,3204.0,191.5,15.3,185.8,7.07,0.51,0.75,23.3,153.4,63.0,15.0,31886.6,52313.7,6397.7,12251.8,13237.1,119.72,3.204
Karnataka,Belagavi,Gram,Rabi,2017,12534.4,14875.8,1186.8,252.6,15.7,210.0,6.22,0.58,0.1,20.7,114.5,61.2,14.0,20627.9,33804.8,4474.5,7347.6,8805.8,113.54,1.1867999999999999
Haryana,Sirsa,Cotton,Kharif,2021,28471.4,13586.6,477.2,309.6,17.7,248.2,8.28,0.38,1.14,28.2,760.9,62.5,27.6,54484.2,90088.4,11840.6,19720.9,22922.7,148.02,0.4772
Tamil Nadu,Coimbatore,Maize,Rabi,2017,42470.7,117138.4,2758.1,177.8,12.3,181.3,6.58,0.52,0.43,22.9,134.5,65.5,11.5,25984.9,42622.1,5361.8,9611.9,11011.2,113.54,2.7580999999999998
Madhya Pradesh,Sehore,Sugarcane,Whole Year,2016,14262.4,1123720.2,78789.0,277.9,16.9,235.5,7.82,0.43,0.75,26.1,1382.1,60.2,21.3,84151.7,134786.3,18536.0,33884.8,31730.9,105.27,78.789
Bihar,Rohtas,Soyabean,Kharif,2016,18813.5,19509.6,1037.0,230.6,13.0,179.1,7.16,0.35,0.12,29.0,1338.8,80.1,37.7,21405.0,34564.7,4368.7,6889.1,10147.2,105.27,1.037
Punjab,Patiala,Bajra,Kharif,2019,32611.0,51727.6,1586.2,306.3,20.9,268.7,7.87,0.4,0.55,26.7,674.4,63.7,23.3,24461.5,41008.0,4742.0,8083.9,11635.6,128.37,1.5862
Uttar Pradesh,Meerut,Jowar,Rabi,2020,35389.4,33765.0,954.1,227.1,14.9,205.3,7.27,0.46,0.47,20.2,145.1,54.2,12.6,27546.8,45956.9,6602.9,8990.6,11953.3,138.02,0.9541000000000001
Tamil Nadu,Coimbatore,Rice,Kharif,2019,4812.0,9974.3,2072.8,187.9,13.8,213.6,6.87,0.46,1.04,30.8,810.9,80.8,27.6,43056.1,70734.1,7927.7,14185.0,20943.4,128.37,2.0728
West Bengal,Bardhaman,Jowar,Kharif,2022,38999.9,41180.0,1055.9,243.8,20.6,174.5,6.22,0.68,1.03,30.1,1575.3,87.7,38.8,32306.7,52120.3,6716.3,10616.0,14974.4,156.76,1.0559
Karnataka,Raichur,Wheat,Rabi,2021,18584.2,53531.8,2880.5,239.0,10.6,158.5,7.0,0.52,0.15,20.9,151.9,61.3,10.7,37193.1,61227.6,8547.3,13958.1,14687.7,148.02,2.8805
Maharashtra,Nagpur,Bajra,Kharif,2017,17935.4,32506.1,1812.4,273.4,16.4,238.8,7.47,0.48,0.58,29.9,1068.7,73.3,30.8,23694.1,39311.7,5199.8,7161.3,11333.0,113.54,1.8124
Uttar Pradesh,Kanpur Dehat,Bajra,Kharif,2016,11786.7,18809.2,1595.8,224.9,16.5,157.6,7.61,0.41,0.34,29.7,1226.7,71.6,34.7,19248.8,31785.3,4617.2,7721.6,6910.0,105.27,1.5957999999999999
Bihar,Patna,Cotton,Kharif,2020,38079.7,17238.7,452.7,220.7,16.3,171.5,7.35,0.39,1.04,28.3,1208.6,79.0,34.8,51292.7,82636.1,9395.6,16660.2,25236.9,138.02,0.4527
Punjab,Patiala,Rice,Kharif,2020,4880.7,14009.6,2870.4,338.9,23.1,209.9,7.48,0.37,0.13,26.5,751.8,66.6,24.6,49347.9,80986.3,9102.4,19716.2,20529.3,138.02,2.8704
Andhra Pradesh,Kurnool,Rice,Kharif,2017,32752.3,78287.8,2390.3,180.8,15.7,208.5,6.71,0.54,0.98,30.9,1075.7,77.4,30.8,36308.4,58480.9,6835.2,13556.9,15916.3,113.54,2.3903000000000003
Punjab,Amritsar,Jowar,Kharif,2020,16599.2,23472.9,1414.1,306.7,21.7,213.6,8.19,0.54,0.75,27.4,795.3,66.3,22.7,27152.9,44864.5,5251.6,8278.1,13623.2,138.02,1.4141
Andhra Pradesh,Krishna,Soyabean,Kharif,2015,21313.9,29903.4,1403.0,185.1,15.3,163.9,7.01,0.38,1.0,31.1,1237.4,74.7,34.4,21284.3,34858.5,4507.9,7248.1,9528.3,100.0,1.403
Karnataka,Davanagere,Rice,Kharif,2018,36923.8,66739.8,1807.5,225.4,14.9,202.9,6.89,0.55,0.13,29.0,1117.7,75.2,31.3,34506.0,55349.4,6932.9,10983.5,16589.6,119.72,1.8075
Madhya Pradesh,Sehore,Groundnut,Rabi,2017,19115.7,23867.9,1248.6,311.8,16.1,222.9,7.97,0.57,0.63,20.8,191.4,52.8,15.1,36552.2,61299.0,8547.4,12003.4,16001.4,113.54,1.2486
Punjab,Bathinda,Jowar,Kharif,2023,37992.6,50199.6,1321.3,270.8,21.0,261.6,7.98,0.44,0.36,26.4,840.3,67.0,25.7,34818.1,56311.5,7505.4,13749.5,13563.2,166.25,1.3213
West Bengal,Bardhaman,Soyabean,Kharif,2020,20618.6,21773.2,1056.0,209.0,24.8,172.6,5.74,0.63,0.97,30.6,1411.4,85.8,35.1,32732.6,52449.3,5837.5,12158.4,14736.7,138.02,1.056
Andhra Pradesh,West Godavari,Gram,Rabi,2023,26120.9,25089.1,960.5,223.8,18.2,196.0,6.68,0.42,0.51,22.8,152.4,59.1,13.4,33623.1,54758.9,7905.7,13705.7,12011.7,166.25,0.9605
Haryana,Sirsa,Jowar,Rabi,2018,13632.2,15209.4,1115.7,278.3,14.2,242.1,7.67,0.31,0.49,19.8,107.9,46.6,9.7,23419.1,39763.2,4191.3,7900.7,11327.1,119.72,1.1157000000000001
Maharashtra,Nagpur,Cotton,Kharif,2020,32772.3,17870.7,545.3,222.3,14.9,234.4,7.34,0.39,0.47,29.6,1023.6,74.9,29.5,56289.2,90432.1,11324.6,17494.4,27470.2,138.02,0.5453
West Bengal,Bardhaman,Soyabean,Kharif,2018,7703.9,8612.2,1117.9,210.7,22.1,197.1,5.62,0.55,0.13,30.1,1722.0,85.1,38.6,26203.1,43334.3,5210.2,8159.6,12833.3,119.72,1.1179000000000001
Bihar,Patna,Maize,Rabi,2017,7248.3,18681.8,2577.4,216.1,14.2,193.6,7.19,0.51,0.87,20.9,193.2,62.7,11.8,25637.0,42293.3,5198.3,10674.6,9764.1,113.54,2.5774
Karnataka,Davanagere,Groundnut,Kharif,2017,28460.2,41532.0,1459.3,208.7,11.8,225.8,6.85,0.48,1.16,28.9,950.6,76.1,30.0,36077.5,60395.6,7790.6,11516.9,16770.0,113.54,1.4593
Madhya Pradesh,Indore,Jowar,Kharif,2023,28282.1,25349.2,896.3,246.4,17.4,285.9,7.57,0.54,0.96,28.8,1111.9,69.4,32.1,30361.6,48951.7,6063.0,10547.1,13751.5,166.25,0.8963
Tamil Nadu,Thanjavur,Sugarcane,Whole Year,2015,31894.8,2161182.1,67759.7,229.9,9.9,185.3,7.11,0.6,0.86,27.9,1188.3,70.8,20.5,83228.9,135386.4,16669.2,34262.9,32296.8,100.0,67.7597
West Bengal,Murshidabad,Rice,Kharif,2023,44961.8,128536.8,2858.8,190.6,24.0,203.0,6.16,0.53,0.86,29.7,1884.8,84.4,40.3,57150.3,92598.4,9928.6,18252.9,28968.8,166.25,2.8588
Punjab,Bathinda,Cotton,Kharif,2019,37655.9,19995.3,531.0,295.3,19.8,200.8,8.05,0.55,0.49,27.0,790.5,66.3,25.4,53283.6,87505.4,11658.0,20585.3,21040.3,128.37,0.531
Andhra Pradesh,Guntur,Groundnut,Kharif,2021,33109.8,60432.0,1825.2,227.4,18.3,235.4,6.8,0.47,0.99,30.5,1019.9,78.7,32.2,49213.0,82909.2,8573.0,20144.5,20495.5,148.02,1.8252000000000002
Karnataka,Raichur,Bajra,Kharif,2022,27551.7,49736.3,1805.2,223.0,10.7,211.3,6.62,0.57,1.12,29.5,976.6,75.2,29.7,24696.3,41159.2,5654.8,10318.9,8722.6,156.76,1.8052000000000001
Bihar,Muzaffarpur,Maize,Kharif,2018,17033.5,56198.6,3299.3,242.1,12.2,192.7,7.65,0.37,0.19,29.8,1042.9,78.4,29.1,26624.7,45178.6,4960.1,8125.1,13539.5,119.72,3.2993
Madhya Pradesh,Sehore,Maize,Rabi,2017,36257.4,96854.4,2671.3,311.8,16.1,222.9,7.97,0.57,0.63,20.8,191.4,52.8,15.1,24678.6,41493.4,5222.3,7647.1,11809.2,113.54,2.6713
Karnataka,Raichur,Wheat,Rabi,2023,4836.3,15204.4,3143.8,200.0,11.4,209.5,6.69,0.54,0.49,20.7,141.4,61.2,12.8,41490.5,67642.8,9594.8,15899.3,15996.4,166.25,3.1438
Uttar Pradesh,Meerut,Bajra,Kharif,2017,33780.2,51585.7,1527.1,267.8,14.1,175.1,7.73,0.48,1.12,29.4,929.7,69.9,27.0,22490.0,37424.1,4708.7,8368.5,9412.8,113.54,1.5271
Maharashtra,Kolhapur,Rice,Kharif,2017,43975.7,81170.3,1845.8,283.8,19.5,290.9,7.0,0.51,0.34,29.5,1031.2,75.2,30.5,39967.1,64981.5,7610.3,12180.9,20175.9,113.54,1.8457999999999999
Andhra Pradesh,Krishna,Groundnut,Rabi,2015,44753.8,66683.2,1490.0,185.1,15.3,163.9,7.01,0.38,1.0,22.6,98.1,61.0,12.7,35576.3,57237.4,5815.1,13204.7,16556.5,100.0,1.49
Haryana,Karnal,Groundnut,Rabi,2015,4546.9,7225.9,1589.2,254.2,17.0,233.1,7.57,0.4,0.64,20.0,61.6,46.9,12.1,35383.1,56791.5,6698.7,12375.7,16308.7,100.0,1.5892
Haryana,Karnal,Cotton,Kharif,2022,29242.5,15875.8,542.9,241.6,14.4,225.0,7.62,0.44,0.32,28.3,693.0,64.1,22.9,61447.9,103910.2,10134.3,25331.8,25981.8,156.76,0.5428999999999999
Maharashtra,Pune,Jowar,Rabi,2020,11136.3,16815.8,1510.0,253.0,17.5,194.4,7.23,0.41,1.17,21.7,140.9,56.3,13.5,28042.3,46663.2,6656.3,8774.0,12612.0,138.02,1.51
Punjab,Bathinda,Jowar,Rabi,2017,26166.3,36004.8,1376.0,328.3,17.6,236.2,7.84,0.54,0.21,18.2,68.7,47.4,12.4,23638.9,38470.8,5639.5,9628.4,8371.0,113.54,1.376
West Bengal,Nadia,Maize,Rabi,2017,22414.3,61966.6,2764.6,197.8,23.5,200.9,6.37,0.56,0.63,21.4,201.6,70.0,12.9,26748.8,43674.8,5534.2,8288.6,12926.0,113.54,2.7645999999999997
Bihar,Muzaffarpur,Maize,Rabi,2021,35438.7,78156.5,2205.4,247.5,12.0,181.7,7.16,0.42,0.61,20.3,205.5,62.6,15.3,35910.5,60323.0,8589.8,12376.1,14944.6,148.02,2.2054
Bihar,Patna,Sugarcane,Whole Year,2019,39620.2,3011285.8,76003.8,221.8,13.6,152.4,7.11,0.53,0.84,25.7,1197.7,68.5,19.4,110517.6,179557.0,19694.7,36984.2,53838.7,128.37,76.0038
Punjab,Ludhiana,Maize,Kharif,2018,14503.2,41054.2,2830.7,284.0,20.3,221.9,7.43,0.42,0.65,26.5,744.0,66.6,26.3,29527.5,50138.8,6043.3,10966.9,12517.3,119.72,2.8306999999999998
West Bengal,Hooghly,Bajra,Kharif,2023,30249.7,48965.2,1618.7,206.4,16.9,157.0,6.28,0.62,0.23,30.3,1459.6,84.8,37.9,30555.0,48990.8,5676.2,12578.6,12300.2,166.25,1.6187
Karnataka,Belagavi,Wheat,Rabi,2022,3435.2,11595.5,3375.5,264.9,16.9,207.6,6.72,0.52,0.96,20.5,133.7,61.6,11.7,38381.2,63303.9,7054.9,14275.2,17051.1,156.76,3.3755
Karnataka,Davanagere,Bajra,Kharif,2018,21581.5,34206.7,1585.0,225.4,14.9,202.9,6.89,0.55,0.13,29.0,1117.7,75.2,31.3,19038.9,31781.8,4476.3,5994.7,8567.9,119.72,1.585
Karnataka,Mysuru,Soyabean,Kharif,2023,22833.3,30482.5,1335.0,222.3,10.7,214.7,6.49,0.54,0.41,28.8,1031.2,76.5,29.5,32887.1,53478.9,6807.5,9917.8,16161.8,166.25,1.335
Haryana,Hisar,Wheat,Rabi,2019,1262.8,4993.4,3954.2,288.1,19.1,210.9,7.54,0.34,0.54,19.7,95.6,47.8,8.9,36680.0,59436.1,8341.4,11397.9,16940.7,128.37,3.9541999999999997
Karnataka,Mysuru,Groundnut,Rabi,2017,43961.5,68166.7,1550.6,227.1,12.4,158.1,6.72,0.61,0.48,20.7,145.0,60.3,10.4,36077.5,60395.6,7790.6,11516.9,16770.0,113.54,1.5506
Madhya Pradesh,Hoshangabad,Soyabean,Kharif,2019,10339.6,11461.4,1108.5,278.4,15.9,289.7,7.61,0.51,1.17,29.4,1116.1,69.3,31.2,26125.5,43495.0,5670.4,10322.6,10132.5,128.37,1.1085
Punjab,Patiala,Bajra,Kharif,2022,27993.8,38718.2,1383.1,282.2,19.6,216.9,7.53,0.39,0.52,27.0,740.1,67.0,24.0,31868.3,51530.7,7580.2,10668.7,13619.4,156.76,1.3831
West Bengal,Nadia,Maize,Kharif,2020,39805.1,85378.0,2144.9,196.1,18.8,179.9,6.39,0.65,1.15,29.5,1592.7,87.7,39.0,36183.6,61227.5,6413.0,12901.3,16869.3,138.02,2.1449000000000003
Tamil Nadu,Erode,Maize,Rabi,2023,37222.7,102299.1,2748.3,181.7,13.0,231.4,7.25,0.44,0.25,22.5,141.4,66.9,14.3,39385.3,64444.1,8806.4,14531.5,16047.4,166.25,2.7483
Bihar,Muzaffarpur,Maize,Kharif,2023,7200.7,21493.4,2984.9,219.0,12.0,148.2,7.3,0.42,0.27,29.6,1279.2,77.6,34.6,37976.5,63547.3,6216.5,12648.0,19112.0,166.25,2.9849
Tamil Nadu,Coimbatore,Maize,Kharif,2021,14509.0,47096.2,3246.0,191.3,12.3,195.0,7.15,0.53,1.05,30.8,1133.2,81.1,31.8,36821.5,60910.3,7736.8,13804.9,15279.8,148.02,3.246
Tamil Nadu,Salem,Jowar,Kharif,2021,19684.0,21939.8,1114.6,232.3,12.0,199.6,7.05,0.6,0.28,31.2,1210.0,82.2,36.4,28668.5,46856.6,6704.3,9469.9,12494.3,148.02,1.1145999999999998
Haryana,Karnal,Rice,Kharif,2020,15589.3,50434.5,3235.2,289.2,17.8,198.7,7.59,0.49,0.87,28.5,718.0,64.3,22.0,44135.1,71104.7,7197.7,16414.8,20522.6,138.02,3.2352
Haryana,Sirsa,Jowar,Rabi,2023,41114.1,46800.2,1138.3,297.4,18.5,192.6,8.24,0.41,1.07,20.0,93.6,48.2,13.5,32532.6,54313.7,7659.5,11783.1,13090.0,166.25,1.1382999999999999
West Bengal,Bardhaman,Jowar,Rabi,2017,5126.5,7502.1,1463.4,233.1,20.8,182.2,6.14,0.52,1.13,21.5,260.8,69.7,15.7,23223.5,39332.8,5202.6,9503.9,8517.0,113.54,1.4634
Andhra Pradesh,West Godavari,Rice,Kharif,2016,30895.4,73166.5,2368.2,242.0,16.3,239.6,6.43,0.52,0.14,30.9,905.8,77.9,27.3,34713.5,58102.0,6548.7,12922.8,15242.0,105.27,2.3682
Haryana,Kurukshetra,Bajra,Kharif,2023,27602.7,28290.0,1024.9,260.0,16.2,200.5,8.3,0.34,0.35,28.4,612.7,64.1,23.7,30207.1,51170.7,4956.4,10862.7,14388.0,166.25,1.0249000000000001
Haryana,Kurukshetra,Soyabean,Kharif,2015,44878.5,63610.8,1417.4,284.8,16.0,213.8,8.09,0.48,0.5,27.7,765.5,64.1,23.1,22650.9,37815.0,5047.1,7157.3,10446.5,100.0,1.4174
Andhra Pradesh,Krishna,Cotton,Kharif,2015,3755.7,1853.1,493.4,185.1,15.3,163.9,7.01,0.38,1.0,31.1,1237.4,74.7,34.4,39766.4,64260.1,8105.6,14423.4,17237.4,100.0,0.49339999999999995
Bihar,Patna,Maize,Rabi,2015,18050.8,34469.8,1909.6,227.6,16.4,162.6,7.21,0.49,0.41,20.1,172.1,61.5,13.5,24031.4,39260.5,4436.4,8251.6,11343.4,100.0,1.9096
West Bengal,Hooghly,Cotton,Kharif,2023,31490.5,11538.1,366.4,206.4,16.9,157.0,6.28,0.62,0.23,30.3,1459.6,84.8,37.9,68389.9,113708.9,12946.6,26791.2,28652.1,166.25,0.3664
Uttar Pradesh,Kanpur Dehat,Maize,Rabi,2022,38712.8,84242.9,2176.1,246.7,15.7,156.9,7.34,0.38,1.1,20.8,167.8,55.6,13.0,39335.2,63180.2,6725.6,16199.9,16409.7,156.76,2.1761
Haryana,Sirsa,Groundnut,Rabi,2019,40429.3,62992.9,1558.1,278.9,18.4,193.6,8.07,0.4,0.28,20.2,83.8,48.8,11.3,42155.9,71373.4,9553.6,15842.0,16760.3,128.37,1.5580999999999998
Madhya Pradesh,Hoshangabad,Wheat,Rabi,2023,42508.4,175976.3,4139.8,304.8,16.3,307.9,7.25,0.47,0.51,21.3,203.4,52.7,14.2,44488.6,72422.0,8899.0,13830.4,21759.2,166.25,4.1398
Punjab,Bathinda,Bajra,Kharif,2015,28877.7,45554.6,1577.5,249.8,19.0,200.8,8.01,0.39,0.88,26.9,714.7,65.5,24.6,19213.1,31354.4,3189.4,5813.0,10210.7,100.0,1.5775
Haryana,Karnal,Bajra,Kharif,2017,32889.7,30794.6,936.3,282.7,17.5,213.8,7.7,0.48,0.52,28.0,640.6,64.6,20.2,19779.9,32461.5,3471.2,7212.8,9095.9,113.54,0.9362999999999999
Maharashtra,Kolhapur,Cotton,Kharif,2020,8881.1,3372.2,379.7,245.7,19.6,273.7,6.98,0.56,0.8,30.0,1118.5,73.9,33.9,56289.2,90432.1,11324.6,17494.4,27470.2,138.02,0.3797
Andhra Pradesh,Krishna,Maize,Kharif,2015,19819.6,42602.2,2149.5,185.1,15.3,163.9,7.01,0.38,1.0,31.1,1237.4,74.7,34.4,24546.7,39463.2,5380.9,8778.8,10387.0,100.0,2.1495
Bihar,Rohtas,Gram,Rabi,2015,32682.8,28022.2,857.4,236.1,15.4,186.2,7.1,0.38,0.89,20.1,187.8,63.7,13.9,20682.0,34686.2,4785.1,8379.8,7517.1,100.0,0.8573999999999999
Tamil Nadu,Thanjavur,Bajra,Kharif,2015,23241.1,24101.0,1037.0,229.9,9.9,185.3,7.11,0.6,0.86,30.9,1049.7,81.4,32.4,18804.0,30967.1,3142.3,7651.9,8009.8,100.0,1.037
West Bengal,Bardhaman,Groundnut,Rabi,2019,40592.6,85926.4,2116.8,229.8,19.3,189.0,6.17,0.7,0.3,21.7,219.3,70.4,15.6,47221.8,75945.6,9173.4,19236.7,18811.7,128.37,2.1168
Punjab,Amritsar,Rice,Kharif,2019,11357.3,26286.5,2314.5,238.3,20.5,241.5,7.7,0.49,0.84,27.2,686.2,66.1,25.5,43296.0,71446.8,9514.7,14002.4,19778.9,128.37,2.3145
Maharashtra,Nagpur,Rice,Kharif,2023,17624.8,41046.4,2328.9,259.2,17.6,226.8,6.86,0.56,0.99,29.9,1241.0,74.0,35.0,61287.2,102527.9,12766.4,19040.1,29480.7,166.25,2.3289
Maharashtra,Nagpur,Rice,Kharif,2018,27468.1,46160.1,1680.5,271.3,14.2,267.0,7.21,0.39,0.63,29.9,1270.9,74.3,34.2,43749.0,70202.7,9508.0,16179.3,18061.7,119.72,1.6805
Uttar Pradesh,Gorakhpur,Soyabean,Kharif,2022,19289.7,21442.4,1111.6,222.2,16.9,176.4,7.63,0.37,0.82,28.8,940.1,71.8,30.1,35997.3,60179.4,6743.6,14875.8,14377.9,156.76,1.1116
Punjab,Bathinda,Maize,Kharif,2018,7720.0,26139.1,3385.9,301.9,19.4,254.9,8.17,0.41,0.87,27.3,858.1,64.7,29.2,29527.5,50138.8,6043.3,10966.9,12517.3,119.72,3.3859
Haryana,Kurukshetra,Groundnut,Rabi,2020,16064.3,20067.5,1249.2,259.0,13.9,190.7,7.8,0.4,0.39,19.8,102.6,48.7,10.9,49253.6,79118.3,9948.5,16096.5,23208.6,138.02,1.2492
Karnataka,Mysuru,Sugarcane,Whole Year,2023,39236.2,2064785.4,52624.5,222.3,10.7,214.7,6.49,0.54,0.41,25.6,1203.5,67.0,19.0,123966.7,208034.7,21709.2,41739.6,60517.9,166.25,52.6245
Madhya Pradesh,Hoshangabad,Groundnut,Kharif,2015,36858.2,69610.4,1888.6,328.1,15.9,294.8,7.71,0.59,0.39,28.8,1327.2,70.4,37.1,31480.4,52828.4,5352.1,12689.9,13438.4,100.0,1.8885999999999998
Andhra Pradesh,Kurnool,Cotton,Kharif,2023,36052.4,23102.4,640.8,215.3,14.3,204.9,7.01,0.43,0.8,31.2,1061.6,74.6,31.9,66826.0,112111.9,14095.1,25829.7,26901.2,166.25,0.6407999999999999
Maharashtra,Kolhapur,Jowar,Kharif,2023,13699.4,11373.2,830.2,312.4,15.8,290.5,7.07,0.49,1.06,29.7,1123.3,74.3,30.2,36822.8,61320.1,6435.5,13718.1,16669.2,166.25,0.8302
Andhra Pradesh,Krishna,Jowar,Rabi,2023,8623.7,10144.9,1176.4,203.6,13.2,206.5,7.15,0.42,0.38,22.5,143.9,62.0,12.9,32943.3,54064.8,6996.3,10543.2,15403.8,166.25,1.1764000000000001
West Bengal,Bardhaman,Groundnut,Rabi,2016,28726.9,49312.6,1716.6,192.7,22.7,168.2,6.27,0.53,1.09,21.5,265.6,69.1,16.7,37277.6,60304.8,7168.8,14792.0,15316.8,105.27,1.7166
Punjab,Ludhiana,Cotton,Kharif,2022,24498.7,12548.2,512.2,296.3,19.4,232.6,7.86,0.5,0.23,26.5,583.2,65.5,20.0,62987.8,101659.0,12957.6,23546.0,26484.2,156.76,0.5122000000000001
Haryana,Kurukshetra,Sugarcane,Whole Year,2015,30202.3,1627411.7,53883.7,284.8,16.0,213.8,8.09,0.48,0.5,24.9,883.1,54.6,16.5,85032.2,140496.4,18323.6,28824.8,37883.8,100.0,53.8837
Andhra Pradesh,Guntur,Groundnut,Kharif,2022,28995.9,35404.0,1221.0,216.7,14.0,215.6,6.8,0.37,0.65,31.1,989.4,77.0,28.4,53353.4,89870.0,8895.1,19190.9,25267.4,156.76,1.221
Maharashtra,Pune,Maize,Rabi,2016,43572.1,122289.5,2806.6,233.8,14.8,208.7,6.93,0.53,0.16,21.0,206.8,57.5,14.2,29444.5,48555.9,6939.6,10408.6,12096.3,105.27,2.8066
Andhra Pradesh,Krishna,Sugarcane,Whole Year,2017,30521.1,2096964.4,68705.4,221.1,11.4,158.1,6.96,0.41,0.34,28.0,1189.8,67.9,20.8,99672.2,162791.1,20173.2,37860.3,41638.7,113.54,68.7054
Uttar Pradesh,Kanpur Dehat,Soyabean,Kharif,2018,36597.2,49867.3,1362.6,232.5,13.6,170.2,7.14,0.36,0.27,28.6,1073.2,70.3,31.1,28589.6,47413.8,5000.5,11214.9,12374.2,119.72,1.3625999999999998
West Bengal,Nadia,Groundnut,Kharif,2023,17295.4,17186.4,993.7,215.9,21.4,174.4,6.19,0.61,1.05,29.5,1818.1,87.2,39.5,58722.9,99737.0,10870.2,23286.3,24566.4,166.25,0.9937
Maharashtra,Nashik,Maize,Rabi,2017,38726.0,90696.3,2342.0,243.7,16.7,220.3,7.44,0.47,0.96,21.6,121.6,56.9,12.2,30693.9,50842.5,7236.3,10322.3,13135.3,113.54,2.342
Haryana,Sirsa,Jowar,Rabi,2020,6607.0,6791.3,1027.9,305.3,19.8,248.0,8.04,0.34,0.96,19.7,122.5,45.0,11.2,25502.8,42561.5,4823.6,7872.1,12807.1,138.02,1.0279
Madhya Pradesh,Indore,Jowar,Kharif,2016,2848.5,3198.3,1122.8,265.7,15.7,279.7,7.31,0.47,1.13,28.7,1302.7,69.0,35.2,18196.6,30324.6,3086.9,6284.7,8825.0,105.27,1.1228
Maharashtra,Pune,Sugarcane,Whole Year,2020,10357.7,529917.5,51161.7,253.0,17.5,194.4,7.23,0.41,1.17,26.6,1386.5,63.9,22.4,131508.4,222241.9,30564.9,52934.8,48008.7,138.02,51.161699999999996
Bihar,Muzaffarpur,Jowar,Kharif,2022,44566.5,48827.1,1095.6,186.4,15.9,149.2,7.58,0.36,0.78,29.6,1404.8,79.1,36.7,28295.0,47432.8,4750.0,9760.7,13784.3,156.76,1.0956
West Bengal,Murshidabad,Cotton,Kharif,2019,1388.0,814.5,586.8,181.6,18.5,167.7,5.64,0.56,0.67,29.6,1493.9,86.5,40.5,48358.8,78400.2,9951.1,14654.9,23752.8,128.37,0.5868
Tamil Nadu,Thanjavur,Groundnut,Kharif,2021,8455.9,11873.8,1404.2,189.1,11.2,210.0,6.68,0.44,0.88,30.7,1033.0,81.2,31.8,47843.0,78738.6,9537.9,15158.0,23147.1,148.02,1.4042000000000001
Haryana,Kurukshetra,Rice,Kharif,2018,23927.0,46516.5,1944.1,226.3,12.9,223.9,7.92,0.48,0.67,27.8,595.6,64.2,22.4,36691.0,62301.8,6386.2,13501.7,16803.1,119.72,1.9441
Punjab,Bathinda,Groundnut,Kharif,2019,3839.3,5914.8,1540.6,295.3,19.8,200.8,8.05,0.55,0.49,27.0,790.5,66.3,25.4,47252.2,80276.4,8801.8,14560.5,23889.9,128.37,1.5406
Haryana,Kurukshetra,Groundnut,Rabi,2018,28775.7,27736.9,963.9,226.3,12.9,223.9,7.92,0.48,0.67,19.1,104.7,46.5,11.2,40477.1,67274.8,9277.9,12557.4,18641.8,119.72,0.9639
Karnataka,Davanagere,Sugarcane,Whole Year,2020,35759.2,2486398.0,69531.7,224.5,12.0,198.5,6.97,0.57,0.94,26.2,1042.1,66.1,18.8,102801.3,167230.7,19107.2,41736.9,41957.2,138.02,69.5317
Madhya Pradesh,Ujjain,Maize,Rabi,2020,4276.4,13038.7,3049.0,307.5,12.8,215.9,7.93,0.43,0.55,20.4,178.3,51.7,14.5,32812.1,54433.0,6583.3,12591.1,13637.7,138.02,3.049
Maharashtra,Kolhapur,Groundnut,Kharif,2020,33816.1,43534.8,1287.4,245.7,19.6,273.7,6.98,0.56,0.8,30.0,1118.5,73.9,33.9,49589.2,83246.1,9113.8,15866.7,24608.7,138.02,1.2874
Karnataka,Raichur,Sugarcane,Whole Year,2022,13713.1,888063.1,64760.2,223.0,10.7,211.3,6.62,0.57,1.12,26.5,1131.0,66.3,20.1,116723.4,195071.2,22232.3,42513.3,51977.8,156.76,64.7602
Karnataka,Davanagere,Rice,Kharif,2020,14376.2,31111.5,2164.1,224.5,12.0,198.5,6.97,0.57,0.94,29.1,884.6,75.5,27.2,41691.6,70500.8,6678.2,16649.0,18364.4,138.02,2.1641
Karnataka,Davanagere,Cotton,Kharif,2016,11951.6,5577.8,466.7,257.5,12.1,200.0,6.57,0.64,0.59,29.2,1018.4,77.1,29.4,37934.4,63001.9,8964.8,12087.0,16882.6,105.27,0.4667
West Bengal,Nadia,Rice,Kharif,2023,37174.1,109514.9,2946.0,215.9,21.4,174.4,6.19,0.61,1.05,29.5,1818.1,87.2,39.5,57150.3,92598.4,9928.6,18252.9,28968.8,166.25,2.946
Bihar,Rohtas,Rice,Kharif,2022,15248.0,26472.1,1736.1,241.3,15.1,154.7,6.94,0.52,0.4,28.9,1140.5,79.3,34.3,48626.6,80206.2,10991.4,16911.9,20723.3,156.76,1.7361
Maharashtra,Kolhapur,Jowar,Kharif,2018,14649.5,21060.1,1437.6,255.7,18.2,272.8,7.31,0.57,0.28,29.8,1113.1,71.1,32.4,25475.6,42447.3,5180.9,9502.5,10792.2,119.72,1.4376
Madhya Pradesh,Ujjain,Jowar,Kharif,2015,21827.5,33134.1,1518.0,294.9,17.7,286.0,7.93,0.42,0.89,29.0,1264.6,68.2,36.2,18119.6,29334.6,3546.0,6435.9,8137.7,100.0,1.518
West Bengal,Bardhaman,Rice,Kharif,2016,27646.4,91545.5,3311.3,192.7,22.7,168.2,6.27,0.53,1.09,29.9,1528.8,86.3,38.4,33649.7,54019.8,6219.0,11637.1,15793.6,105.27,3.3113
Uttar Pradesh,Bareilly,Groundnut,Kharif,2017,40288.8,71536.8,1775.6,290.4,14.0,186.3,7.88,0.35,0.53,29.4,1102.0,71.1,32.6,39065.1,62844.0,9361.3,14859.3,14844.5,113.54,1.7755999999999998
Punjab,Ludhiana,Maize,Rabi,2021,22776.1,55692.1,2445.2,228.2,20.3,194.1,8.02,0.39,1.17,18.3,130.7,49.1,10.9,38635.4,64555.8,6865.5,15335.6,16434.3,148.02,2.4452
Tamil Nadu,Coimbatore,Groundnut,Kharif,2015,7257.2,13204.5,1819.5,203.6,14.3,178.1,7.28,0.61,0.59,30.4,1050.7,80.1,31.8,35389.7,57165.9,5883.8,12681.6,16824.3,100.0,1.8195
Bihar,Muzaffarpur,Jowar,Rabi,2023,35824.6,59458.1,1659.7,219.0,12.0,148.2,7.3,0.42,0.27,21.1,211.3,62.7,15.3,31572.2,51669.7,7293.7,11147.1,13131.4,166.25,1.6597
Uttar Pradesh,Kanpur Dehat,Rice,Kharif,2020,25334.7,59853.2,2362.5,238.2,16.3,169.4,7.66,0.43,0.19,29.8,970.6,69.3,29.5,49162.3,82551.5,10546.9,19050.9,19564.5,138.02,2.3625
Maharashtra,Kolhapur,Cotton,Kharif,2016,24423.4,9361.5,383.3,309.2,20.8,246.1,7.18,0.54,0.38,30.1,1043.1,72.8,30.7,45308.6,76660.5,8253.4,17158.5,19896.7,105.27,0.38330000000000003
Bihar,Rohtas,Wheat,Rabi,2022,31602.0,78610.0,2487.5,241.3,15.1,154.7,6.94,0.52,0.4,20.4,193.7,61.3,14.7,41879.0,69247.1,8036.6,13753.9,20088.5,156.76,2.4875
Madhya Pradesh,Sehore,Bajra,Kharif,2020,22916.7,42579.2,1858.0,283.9,18.0,245.8,7.74,0.44,0.67,28.5,1420.7,69.6,35.8,22899.1,38145.3,5019.0,7488.0,10392.1,138.02,1.858
Punjab,Bathinda,Groundnut,Kharif,2022,16801.6,23043.4,1371.5,294.6,18.4,228.1,7.58,0.36,0.58,27.4,823.4,65.4,27.2,60613.5,99413.9,10131.3,22699.7,27782.5,156.76,1.3715
Haryana,Karnal,Jowar,Kharif,2017,13372.2,20063.6,1500.4,282.7,17.5,213.8,7.7,0.48,0.52,28.0,640.6,64.6,20.2,22524.2,37575.8,3734.0,9339.4,9450.8,113.54,1.5004000000000002
Bihar,Gaya,Jowar,Rabi,2020,28029.8,23856.2,851.1,223.1,17.2,192.5,7.0,0.38,0.61,20.5,214.0,62.6,15.5,24738.3,40880.8,4121.5,8126.3,12490.5,138.02,0.8511
Punjab,Ludhiana,Groundnut,Kharif,2021,26473.4,43686.4,1650.2,228.2,20.3,194.1,8.02,0.39,1.17,26.7,678.8,65.6,23.6,53146.6,90183.0,9831.6,22178.2,21136.8,148.02,1.6502000000000001
Uttar Pradesh,Gorakhpur,Rice,Kharif,2017,3883.3,11681.7,3008.2,265.0,11.7,173.3,7.17,0.38,0.97,28.4,899.8,73.5,29.4,40468.0,65592.4,9005.1,12400.6,19062.3,113.54,3.0082
Uttar Pradesh,Gorakhpur,Sugarcane,Whole Year,2020,20295.6,1748232.5,86138.5,241.1,14.9,178.2,7.26,0.42,0.43,26.1,1406.6,61.2,20.4,122006.5,196181.5,27892.7,37185.4,56928.4,138.02,86.1385
Andhra Pradesh,Guntur,Groundnut,Rabi,2022,3609.8,3473.3,962.2,216.7,14.0,215.6,6.8,0.37,0.65,22.7,143.3,59.6,14.7,53353.4,89870.0,8895.1,19190.9,25267.4,156.76,0.9622
Maharashtra,Pune,Rice,Kharif,2019,18095.2,50418.7,2786.3,280.2,14.6,230.8,7.11,0.45,0.51,30.0,1276.6,72.8,35.0,46689.9,75758.0,8494.8,17811.9,20383.2,128.37,2.7863
Karnataka,Davanagere,Rice,Kharif,2016,3971.7,10858.6,2734.0,257.5,12.1,200.0,6.57,0.64,0.59,29.2,1018.4,77.1,29.4,29488.2,47773.0,6426.0,8961.4,14100.8,105.27,2.734
Bihar,Gaya,Maize,Rabi,2018,24984.3,74808.0,2994.2,221.7,14.3,179.1,7.36,0.42,0.18,21.2,204.3,60.4,12.9,26624.7,45178.6,4960.1,8125.1,13539.5,119.72,2.9941999999999998
West Bengal,Nadia,Soyabean,Kharif,2021,4826.9,5651.8,1170.9,236.7,21.7,155.4,6.21,0.54,0.18,29.5,1506.4,85.8,37.8,35358.6,57446.7,6145.9,13259.8,15952.9,148.02,1.1709
Tamil Nadu,Salem,Sugarcane,Whole Year,2016,15394.7,1002744.6,65135.7,191.9,14.6,188.0,7.21,0.46,1.17,28.3,1221.9,71.6,19.3,92754.2,153610.4,21854.6,30283.6,40616.0,105.27,65.1357
Andhra Pradesh,Guntur,Jowar,Kharif,2016,33902.0,56460.4,1665.4,228.0,17.5,235.1,7.14,0.55,0.39,30.7,1179.0,79.3,32.9,21166.7,35073.0,4315.4,8215.8,8635.5,105.27,1.6654
Uttar Pradesh,Gorakhpur,Rice,Kharif,2022,30573.6,83716.6,2738.2,222.2,16.9,176.4,7.63,0.37,0.82,28.8,940.1,71.8,30.1,53539.8,87448.5,11015.8,17952.1,24571.9,156.76,2.7382
Madhya Pradesh,Hoshangabad,Groundnut,Rabi,2018,22778.2,35848.3,1573.8,339.1,16.6,283.4,7.29,0.46,1.16,20.8,125.8,53.0,13.5,39706.7,66205.3,6813.1,12671.0,20222.6,119.72,1.5737999999999999
Punjab,Amritsar,Jowar,Rabi,2019,23116.7,37049.1,1602.7,238.3,20.5,241.5,7.7,0.49,0.84,18.1,99.0,52.0,10.6,25874.6,43500.1,5395.3,10067.7,10411.6,128.37,1.6027
Tamil Nadu,Erode,Gram,Rabi,2019,18135.7,15506.0,855.0,191.9,12.6,197.8,6.65,0.59,0.49,22.9,152.7,63.0,11.4,25960.8,43935.0,5257.7,10890.3,9812.8,128.37,0.855
Maharashtra,Pune,Cotton,Kharif,2022,29266.7,9944.8,339.8,260.8,14.8,242.2,6.84,0.53,0.44,30.2,1038.8,72.5,30.8,64774.8,104925.0,12235.0,20013.4,32526.4,156.76,0.3398
Tamil Nadu,Salem,Groundnut,Rabi,2022,21189.1,23433.0,1105.9,190.4,12.3,257.9,6.55,0.45,0.81,23.1,107.7,64.5,12.1,53123.4,87693.8,8515.0,16777.7,27830.7,156.76,1.1059
Punjab,Amritsar,Groundnut,Rabi,2018,8234.7,7530.6,914.5,261.5,21.4,209.1,7.88,0.41,0.21,19.2,116.3,51.2,10.9,42079.2,68204.1,7542.6,13636.5,20900.1,119.72,0.9145
Karnataka,Davanagere,Groundnut,Rabi,2019,21925.3,25255.8,1151.9,238.4,15.7,192.4,6.86,0.54,0.49,20.3,139.6,59.0,12.3,37769.9,62773.6,7583.8,11908.7,18277.4,128.37,1.1519000000000001
Punjab,Amritsar,Cotton,Kharif,2016,30642.0,18538.4,605.0,291.9,22.0,220.3,7.79,0.46,0.92,27.2,613.4,66.3,20.9,44626.8,73345.1,7229.8,17429.3,19967.7,105.27,0.605
West Bengal,Murshidabad,Cotton,Kharif,2020,26527.7,11521.0,434.3,190.2,18.6,149.0,5.97,0.67,0.59,30.0,1259.2,85.0,35.8,53364.9,87879.9,11217.1,16108.0,26039.8,138.02,0.4343
Punjab,Ludhiana,Groundnut,Rabi,2018,16944.0,20763.2,1225.4,284.0,20.3,221.9,7.43,0.42,0.65,19.0,105.9,50.2,10.4,42079.2,68204.1,7542.6,13636.5,20900.1,119.72,1.2254
Punjab,Patiala,Jowar,Kharif,2023,26121.3,33780.1,1293.2,316.6,20.1,202.7,7.97,0.52,0.95,26.9,708.1,66.9,24.1,34818.1,56311.5,7505.4,13749.5,13563.2,166.25,1.2932000000000001
Punjab,Bathinda,Jowar,Rabi,2021,22049.2,21273.1,964.8,315.9,18.9,245.8,7.42,0.48,0.59,18.4,123.8,51.7,10.5,31689.8,52140.6,6285.6,11704.7,13699.5,148.02,0.9648
Bihar,Gaya,Soyabean,Kharif,2022,19781.6,20907.2,1056.9,227.7,11.8,143.3,6.94,0.46,0.12,28.7,1252.4,80.8,34.9,32598.2,54734.2,7716.0,12202.3,12679.9,156.76,1.0569000000000002
Madhya Pradesh,Indore,Groundnut,Kharif,2023,38825.5,65828.6,1695.5,246.4,17.4,285.9,7.57,0.54,0.96,28.8,1111.9,69.4,32.1,53348.2,86574.1,12775.8,19731.2,20841.2,166.25,1.6955
Bihar,Rohtas,Jowar,Kharif,2015,11570.1,10844.7,937.3,236.1,15.4,186.2,7.1,0.38,0.89,28.9,1431.3,77.7,37.7,17953.2,29710.2,3848.8,5471.7,8632.7,100.0,0.9372999999999999
Uttar Pradesh,Kanpur Dehat,Rice,Kharif,2015,34924.4,100533.4,2878.6,235.3,13.7,204.9,7.61,0.41,0.67,29.4,764.5,71.5,25.9,32440.1,54501.6,5752.7,10116.5,16570.9,100.0,2.8786
Haryana,Sirsa,Wheat,Rabi,2022,40719.1,107490.3,2639.8,312.4,19.7,181.4,7.78,0.42,0.77,19.4,69.2,46.6,11.2,45969.3,74185.1,7932.1,14025.4,24011.8,156.76,2.6398
West Bengal,Bardhaman,Gram,Rabi,2017,4896.8,6442.2,1315.6,233.1,20.8,182.2,6.14,0.52,1.13,21.5,260.8,69.7,15.7,23400.5,38857.8,4689.3,7311.9,11399.3,113.54,1.3155999999999999
Karnataka,Davanagere,Bajra,Kharif,2015,5604.5,5049.1,900.9,265.7,16.3,226.8,6.98,0.48,0.13,29.0,1164.4,77.0,33.6,15647.4,26060.3,2703.6,5161.6,7782.2,100.0,0.9008999999999999
Tamil Nadu,Erode,Cotton,Kharif,2020,26952.1,13826.4,513.0,219.3,10.5,222.3,6.6,0.55,1.15,30.7,1013.1,80.3,28.3,54081.3,91070.2,12919.3,17246.3,23915.7,138.02,0.513
Andhra Pradesh,Guntur,Jowar,Rabi,2016,33204.0,31782.9,957.2,228.0,17.5,235.1,7.14,0.55,0.39,22.7,171.8,59.9,14.8,21166.7,35073.0,4315.4,8215.8,8635.5,105.27,0.9572
Tamil Nadu,Coimbatore,Gram,Rabi,2021,19875.9,15469.4,778.3,191.3,12.3,195.0,7.15,0.53,1.05,23.3,136.2,64.0,14.5,30184.8,50237.5,7144.1,9229.5,13811.2,148.02,0.7783
Punjab,Patiala,Soyabean,Kharif,2017,23910.8,32949.1,1378.0,306.9,19.0,246.5,8.08,0.41,0.69,27.0,633.5,65.7,21.3,27818.1,45839.3,6163.0,11598.8,10056.3,113.54,1.378
Tamil Nadu,Thanjavur,Wheat,Rabi,2019,43581.1,113785.9,2610.9,203.0,15.3,244.2,6.82,0.51,1.11,23.1,126.7,66.5,12.5,36269.3,58188.1,5993.6,11219.3,19056.4,128.37,2.6109
West Bengal,Nadia,Jowar,Rabi,2022,19275.3,19901.7,1032.5,201.7,23.7,179.7,5.93,0.53,0.29,21.8,244.0,68.4,13.7,32306.7,52120.3,6716.3,10616.0,14974.4,156.76,1.0325
Uttar Pradesh,Gorakhpur,Soyabean,Kharif,2018,42639.6,44844.1,1051.7,261.5,12.3,174.6,7.19,0.45,0.59,29.0,986.8,70.3,30.4,28589.6,47413.8,5000.5,11214.9,12374.2,119.72,1.0517
Karnataka,Raichur,Maize,Kharif,2022,26972.7,71760.9,2660.5,223.0,10.7,211.3,6.62,0.57,1.12,29.5,976.6,75.2,29.7,34686.4,57187.8,6997.8,13940.5,13748.1,156.76,2.6605
Andhra Pradesh,Krishna,Bajra,Kharif,2018,19633.3,26218.3,1335.4,200.9,11.5,172.5,6.56,0.38,1.0,30.7,1121.5,76.7,31.7,20588.3,34700.3,3724.0,7499.3,9365.0,119.72,1.3354000000000001
Haryana,Karnal,Cotton,Kharif,2020,41844.9,21407.9,511.6,289.2,17.8,198.7,7.59,0.49,0.87,28.5,718.0,64.3,22.0,54534.8,91842.6,11719.2,17700.4,25115.2,138.02,0.5116
Uttar Pradesh,Bareilly,Bajra,Kharif,2016,19299.6,24197.8,1253.8,266.3,16.9,206.0,7.87,0.5,0.37,28.9,1043.4,70.2,31.6,19248.8,31785.3,4617.2,7721.6,6910.0,105.27,1.2538
Haryana,Kurukshetra,Groundnut,Kharif,2017,1400.4,2356.2,1682.5,220.4,12.4,190.2,7.96,0.31,0.83,28.1,679.7,60.0,23.1,36991.9,59418.1,6916.3,12650.4,17425.2,113.54,1.6825
Maharashtra,Nashik,Rice,Kharif,2018,2299.5,5060.5,2200.7,295.5,19.0,229.1,7.07,0.57,1.09,30.0,1154.5,74.7,32.2,43749.0,70202.7,9508.0,16179.3,18061.7,119.72,2.2007
Haryana,Hisar,Cotton,Kharif,2021,12504.6,4370.4,349.5,226.5,17.3,178.9,8.22,0.45,0.94,27.3,697.6,65.2,23.8,54484.2,90088.4,11840.6,19720.9,22922.7,148.02,0.3495
Uttar Pradesh,Gorakhpur,Soyabean,Kharif,2019,13535.1,12242.5,904.5,223.5,13.7,210.2,7.44,0.46,0.79,30.0,981.8,73.4,30.6,30959.3,51500.6,6354.3,10937.8,13667.2,128.37,0.9045
Madhya Pradesh,Indore,Jowar,Rabi,2015,38389.3,34657.9,902.8,268.8,15.7,278.7,7.98,0.45,0.79,21.5,156.0,52.5,13.4,18119.6,29334.6,3546.0,6435.9,8137.7,100.0,0.9027999999999999
Madhya Pradesh,Sehore,Groundnut,Kharif,2015,39499.4,82277.3,2083.0,286.0,12.1,275.6,7.97,0.45,0.3,29.3,1106.7,68.6,31.3,31480.4,52828.4,5352.1,12689.9,13438.4,100.0,2.083
Uttar Pradesh,Meerut,Bajra,Kharif,2022,34034.9,33313.4,978.8,242.5,12.4,216.3,7.62,0.32,0.9,28.7,929.1,70.6,29.3,29939.7,48463.9,5817.9,9342.2,14779.6,156.76,0.9788
Andhra Pradesh,Krishna,Jowar,Rabi,2017,24180.3,27655.0,1143.7,221.1,11.4,158.1,6.96,0.41,0.34,22.8,119.6,62.7,13.7,21375.4,35439.8,3653.1,6586.8,11135.5,113.54,1.1437
Andhra Pradesh,Guntur,Bajra,Kharif,2019,35681.1,59048.7,1654.9,219.5,14.4,214.5,6.65,0.46,0.79,30.4,1039.8,78.8,28.6,24087.6,40862.0,5350.5,8383.3,10353.8,128.37,1.6549
Punjab,Ludhiana,Soyabean,Kharif,2016,12895.3,14980.5,1161.7,266.0,17.5,194.2,7.4,0.42,0.74,26.6,757.2,63.7,26.3,25776.8,43443.4,4415.0,8774.4,12587.4,105.27,1.1617
Madhya Pradesh,Hoshangabad,Maize,Rabi,2023,4435.9,12507.9,2819.7,304.8,16.3,307.9,7.25,0.47,0.51,21.3,203.4,52.7,14.2,36676.9,60334.4,8126.7,15324.9,13225.3,166.25,2.8196999999999997
Tamil Nadu,Salem,Maize,Kharif,2021,25695.4,60862.1,2368.6,232.3,12.0,199.6,7.05,0.6,0.28,31.2,1210.0,82.2,36.4,36821.5,60910.3,7736.8,13804.9,15279.8,148.02,2.3686
Haryana,Sirsa,Groundnut,Kharif,2022,11408.1,10935.8,958.6,312.4,19.7,181.4,7.78,0.42,0.77,27.2,730.9,63.2,24.4,52655.8,84630.9,10258.9,17029.5,25367.4,156.76,0.9586
Andhra Pradesh,West Godavari,Maize,Rabi,2020,34473.3,65537.2,1901.1,213.8,17.0,225.4,6.48,0.4,1.07,23.1,124.4,61.4,13.1,34068.3,57299.2,6336.3,13465.9,14266.1,138.02,1.9011
Punjab,Ludhiana,Cotton,Kharif,2020,34579.6,13015.8,376.4,299.0,17.1,217.2,7.67,0.45,0.31,27.1,758.1,66.3,25.6,56984.5,91662.7,10739.0,21748.6,24496.9,138.02,0.37639999999999996
Andhra Pradesh,Krishna,Groundnut,Kharif,2020,24501.5,48831.5,1993.0,172.4,12.6,169.0,6.93,0.55,0.79,30.7,1233.4,76.1,34.7,49614.8,79443.6,9387.0,19854.8,20373.0,138.02,1.993
Bihar,Gaya,Soyabean,Kharif,2021,22301.1,33469.5,1500.8,183.7,14.4,182.5,7.11,0.5,0.38,28.7,1243.5,77.1,35.2,31816.5,53093.4,6970.4,11403.1,13443.0,148.02,1.5008
Haryana,Sirsa,Sugarcane,Whole Year,2022,12460.0,1060212.7,85089.3,312.4,19.7,181.4,7.78,0.42,0.77,24.5,808.3,53.2,16.7,130000.2,212394.1,30791.2,42020.4,57188.6,156.76,85.08930000000001
West Bengal,Nadia,Maize,Rabi,2020,11147.3,32725.1,2935.7,196.1,18.8,179.9,6.39,0.65,1.15,21.8,182.8,69.9,14.4,36183.6,61227.5,6413.0,12901.3,16869.3,138.02,2.9356999999999998
Andhra Pradesh,West Godavari,Wheat,Rabi,2018,9934.6,27452.3,2763.3,237.3,12.0,201.0,6.76,0.37,0.44,22.8,107.1,60.6,12.0,34336.4,58258.1,8139.9,11118.2,15078.3,119.72,2.7633
Maharashtra,Kolhapur,Jowar,Rabi,2018,44001.8,53493.0,1215.7,255.7,18.2,272.8,7.31,0.57,0.28,21.7,143.6,57.6,14.1,25475.6,42447.3,5180.9,9502.5,10792.2,119.72,1.2157
Karnataka,Belagavi,Maize,Kharif,2022,21720.4,40571.5,1867.9,264.9,16.9,207.6,6.72,0.52,0.96,29.1,1148.6,78.0,33.8,34686.4,57187.8,6997.8,13940.5,13748.1,156.76,1.8679000000000001
Bihar,Patna,Wheat,Rabi,2016,1228.8,3403.7,2769.9,247.2,13.6,177.0,7.62,0.47,0.4,21.3,169.8,62.8,14.6,27339.2,46071.8,5959.2,10470.0,10910.0,105.27,2.7699000000000003
Andhra Pradesh,Krishna,Gram,Rabi,2017,38180.1,47393.0,1241.3,221.1,11.4,158.1,6.96,0.41,0.34,22.8,119.6,62.7,13.7,24063.8,39417.7,4691.9,7652.1,11719.8,113.54,1.2412999999999998
Punjab,Ludhiana,Jowar,Rabi,2019,43332.8,38479.5,888.0,234.4,20.9,203.8,7.52,0.51,0.24,18.4,107.9,51.5,13.7,25874.6,43500.1,5395.3,10067.7,10411.6,128.37,0.888
Uttar Pradesh,Kanpur Dehat,Maize,Rabi,2019,19907.5,57345.5,2880.6,254.3,16.9,170.5,7.19,0.43,0.23,20.7,92.7,56.5,11.3,31105.5,51254.1,5750.1,10843.3,14512.1,128.37,2.8806
Madhya Pradesh,Sehore,Cotton,Kharif,2023,27458.8,16799.3,611.8,314.4,18.1,261.9,7.4,0.47,0.65,28.9,1123.6,70.6,33.1,57130.1,95278.2,13304.1,19186.3,24639.7,166.25,0.6117999999999999
West Bengal,Bardhaman,Jowar,Kharif,2020,27157.6,31595.2,1163.4,209.0,24.8,172.6,5.74,0.63,0.97,30.6,1411.4,85.8,35.1,27467.6,45689.4,6406.3,10944.3,10117.0,138.02,1.1634
Tamil Nadu,Thanjavur,Rice,Kharif,2022,28022.3,64000.1,2283.9,210.5,14.0,212.9,7.25,0.47,0.66,31.2,1210.3,79.0,34.0,50056.0,83312.5,11844.0,17301.2,20910.8,156.76,2.2839
Madhya Pradesh,Indore,Groundnut,Kharif,2019,42478.3,66775.9,1572.0,254.0,14.9,254.7,7.88,0.57,0.78,29.1,1232.0,68.1,34.2,42995.9,71682.4,8727.9,15056.3,19211.7,128.37,1.572
Uttar Pradesh,Bareilly,Jowar,Kharif,2020,28203.9,27276.0,967.1,268.0,15.2,225.4,7.62,0.41,0.83,28.8,1213.2,71.5,34.8,27546.8,45956.9,6602.9,8990.6,11953.3,138.02,0.9671000000000001
Karnataka,Davanagere,Groundnut,Kharif,2022,13956.4,16962.6,1215.4,208.3,14.5,231.0,6.43,0.5,0.46,29.9,931.0,75.8,29.0,50662.4,84617.6,11691.1,17766.5,21204.8,156.76,1.2154
Bihar,Gaya,Bajra,Kharif,2023,4810.1,5872.2,1220.8,220.1,14.0,187.5,7.21,0.51,0.93,29.1,1253.1,80.6,34.8,29759.5,48981.6,6212.9,9241.1,14305.5,166.25,1.2207999999999999
Tamil Nadu,Erode,Cotton,Kharif,2023,20073.9,9117.6,454.2,181.7,13.0,231.4,7.25,0.44,0.25,31.2,967.7,79.9,27.7,61550.0,100171.2,13151.7,18846.7,29551.6,166.25,0.4542
Uttar Pradesh,Meerut,Gram,Rabi,2020,41054.4,46231.4,1126.1,227.1,14.9,205.3,7.27,0.46,0.47,20.2,145.1,54.2,12.6,29358.8,49271.9,4929.9,10047.7,14381.2,138.02,1.1260999999999999
West Bengal,Hooghly,Soyabean,Kharif,2019,42361.3,57586.0,1359.4,170.9,18.4,183.9,5.81,0.62,0.32,30.3,1636.8,84.3,36.9,30113.4,50772.6,5902.2,9269.2,14942.0,128.37,1.3594000000000002
Haryana,Hisar,Maize,Kharif,2015,10550.6,33905.4,3213.6,247.4,14.3,200.6,7.72,0.34,1.16,27.9,736.6,62.5,23.1,24099.3,39118.2,5171.6,8635.9,10291.8,100.0,3.2136
West Bengal,Bardhaman,Wheat,Rabi,2016,39673.9,140040.9,3529.8,192.7,22.7,168.2,6.27,0.53,1.09,21.5,265.6,69.1,16.7,31951.2,54229.7,6719.4,11637.5,13594.3,105.27,3.5298000000000003
West Bengal,Bardhaman,Groundnut,Rabi,2017,7266.3,14146.8,1946.9,233.1,20.8,182.2,6.14,0.52,1.13,21.5,260.8,69.7,15.7,39527.6,67032.3,7478.7,12152.7,19896.2,113.54,1.9469
Uttar Pradesh,Gorakhpur,Gram,Rabi,2021,16429.4,16283.2,991.1,230.7,12.5,213.2,7.44,0.36,0.13,21.0,209.3,56.0,12.6,34074.9,54629.5,5926.2,13420.2,14728.5,148.02,0.9911
Karnataka,Belagavi,Groundnut,Kharif,2022,38955.4,70836.5,1818.4,264.9,16.9,207.6,6.72,0.52,0.96,29.1,1148.6,78.0,33.8,50662.4,84617.6,11691.1,17766.5,21204.8,156.76,1.8184
Maharashtra,Nagpur,Bajra,Kharif,2018,44602.3,58058.8,1301.7,271.3,14.2,267.0,7.21,0.39,0.63,29.9,1270.9,74.3,34.2,23910.7,38775.5,5065.1,8905.0,9940.6,119.72,1.3017
Uttar Pradesh,Kanpur Dehat,Gram,Rabi,2017,36685.1,39234.7,1069.5,251.6,15.2,161.9,7.49,0.35,0.98,20.2,150.7,55.3,15.2,26270.6,44122.5,4321.3,9069.4,12879.9,113.54,1.0695
West Bengal,Bardhaman,Groundnut,Rabi,2021,25231.2,35765.2,1417.5,211.2,20.9,153.8,5.92,0.67,0.49,22.5,157.3,70.4,12.2,53398.5,89154.9,9009.4,22133.7,22255.4,148.02,1.4175
Bihar,Rohtas,Wheat,Rabi,2018,20287.7,80722.7,3978.9,218.5,14.5,175.1,7.01,0.36,1.18,20.7,199.4,63.5,13.6,31016.0,51912.4,5103.2,11562.9,14349.9,119.72,3.9789
Punjab,Amritsar,Jowar,Kharif,2018,43673.2,48014.3,1099.4,261.5,21.4,209.1,7.88,0.41,0.21,26.7,567.7,65.2,21.6,25510.8,41994.2,5723.1,8872.4,10915.3,119.72,1.0994000000000002
Uttar Pradesh,Gorakhpur,Jowar,Kharif,2018,3565.0,3043.4,853.7,261.5,12.3,174.6,7.19,0.45,0.59,29.0,986.8,70.3,30.4,23276.7,39098.0,4784.8,9446.0,9045.9,119.72,0.8537
Andhra Pradesh,Guntur,Maize,Rabi,2021,43559.7,134176.9,3080.3,227.4,18.3,235.4,6.8,0.47,0.99,23.8,148.4,60.6,14.7,35769.0,59574.3,5994.4,10914.6,18860.0,148.02,3.0803000000000003
Maharashtra,Kolhapur,Wheat,Rabi,2020,6477.7,16454.0,2540.1,245.7,19.6,273.7,6.98,0.56,0.8,22.1,157.1,57.2,13.1,42515.8,68833.5,10128.0,15818.6,16569.2,138.02,2.5401
Bihar,Patna,Jowar,Kharif,2023,13862.6,15750.7,1136.2,235.1,13.1,187.1,7.67,0.5,1.01,28.9,1522.8,78.4,37.6,31572.2,51669.7,7293.7,11147.1,13131.4,166.25,1.1362
Madhya Pradesh,Sehore,Jowar,Rabi,2017,40144.8,50714.9,1263.3,311.8,16.1,222.9,7.97,0.57,0.63,20.8,191.4,52.8,15.1,19420.5,32873.3,3413.8,6597.2,9409.5,113.54,1.2632999999999999
Karnataka,Raichur,Groundnut,Kharif,2023,13597.3,23111.3,1699.7,200.0,11.4,209.5,6.69,0.54,0.49,28.9,921.8,76.6,28.8,50304.3,83857.8,11212.9,15258.7,23832.7,166.25,1.6997
Punjab,Patiala,Gram,Rabi,2023,40366.5,41202.1,1020.7,316.6,20.1,202.7,7.97,0.52,0.95,18.9,115.4,47.1,12.5,38939.6,63509.1,6724.4,14045.0,18170.2,166.25,1.0207
Punjab,Patiala,Cotton,Kharif,2022,42799.7,22713.8,530.7,282.2,19.6,216.9,7.53,0.39,0.52,27.0,740.1,67.0,24.0,62987.8,101659.0,12957.6,23546.0,26484.2,156.76,0.5307000000000001
Karnataka,Raichur,Groundnut,Rabi,2017,34607.0,47591.5,1375.2,220.6,12.6,200.8,6.42,0.56,0.31,20.7,171.9,59.7,12.6,36077.5,60395.6,7790.6,11516.9,16770.0,113.54,1.3752
Maharashtra,Pune,Groundnut,Rabi,2019,34502.4,55783.5,1616.8,280.2,14.6,230.8,7.11,0.45,0.51,21.9,150.7,57.8,10.2,48750.2,78380.3,8356.7,15798.5,24595.0,128.37,1.6168
Karnataka,Davanagere,Groundnut,Rabi,2018,29419.7,34300.4,1165.9,225.4,14.9,202.9,6.89,0.55,0.13,20.6,124.5,59.2,12.9,36927.2,59436.9,8207.8,13629.9,15089.5,119.72,1.1659000000000002
Maharashtra,Nashik,Cotton,Kharif,2020,19062.6,9132.9,479.1,298.5,13.9,220.5,7.33,0.56,1.14,30.2,997.2,76.4,29.0,56289.2,90432.1,11324.6,17494.4,27470.2,138.02,0.4791
Bihar,Gaya,Rice,Kharif,2015,35189.4,75956.3,2158.5,197.8,12.9,157.4,7.61,0.54,0.39,28.3,1281.3,79.2,33.4,31535.1,53425.9,6255.3,11704.8,13575.0,100.0,2.1585
Tamil Nadu,Salem,Bajra,Kharif,2018,28718.2,43545.4,1516.3,238.1,11.5,209.6,7.2,0.6,1.01,30.7,892.7,82.5,29.6,22436.6,37813.0,4990.4,8386.5,9059.7,119.72,1.5163
Andhra Pradesh,Kurnool,Wheat,Rabi,2019,41064.2,161517.8,3933.3,212.3,14.3,208.1,7.15,0.38,0.2,23.1,163.9,62.7,12.5,37795.6,63782.4,6501.0,14339.9,16954.7,128.37,3.9333
Karnataka,Davanagere,Jowar,Rabi,2023,2499.3,3294.8,1318.3,237.4,16.4,174.4,6.4,0.63,0.4,20.8,85.4,58.4,11.8,29491.1,48009.1,5319.9,12247.6,11923.6,166.25,1.3183
Bihar,Muzaffarpur,Gram,Rabi,2015,11065.4,14527.8,1312.9,233.6,15.7,176.2,7.24,0.37,0.67,20.8,204.4,61.6,12.0,20682.0,34686.2,4785.1,8379.8,7517.1,100.0,1.3129000000000002
Karnataka,Belagavi,Rice,Kharif,2020,43105.3,102991.5,2389.3,248.6,11.3,169.6,6.26,0.63,0.64,28.9,1113.1,72.9,32.3,41691.6,70500.8,6678.2,16649.0,18364.4,138.02,2.3893
Maharashtra,Nashik,Bajra,Kharif,2022,26866.4,31320.8,1165.8,284.4,14.2,242.7,7.54,0.42,0.79,30.2,1171.4,70.6,35.9,29905.0,48535.1,4902.2,11888.0,13114.8,156.76,1.1658
Punjab,Patiala,Sugarcane,Whole Year,2015,8946.5,557389.3,62302.5,341.1,21.7,238.2,7.6,0.54,0.68,23.9,687.5,55.6,15.9,92727.0,148983.6,18355.1,28068.3,46303.6,100.0,62.3025
Punjab,Amritsar,Cotton,Kharif,2023,31975.2,15882.1,496.7,254.1,16.4,214.6,7.54,0.36,0.47,27.0,808.3,67.3,24.8,66995.5,110647.6,16034.8,25325.2,25635.5,166.25,0.4967
Bihar,Muzaffarpur,Maize,Kharif,2021,7587.7,18970.0,2500.1,247.5,12.0,181.7,7.16,0.42,0.61,29.4,1462.8,78.5,37.6,35910.5,60323.0,8589.8,12376.1,14944.6,148.02,2.5000999999999998
Bihar,Gaya,Rice,Kharif,2019,44649.5,84677.8,1896.5,230.0,15.7,151.3,6.97,0.47,1.12,28.5,1432.2,78.7,36.2,40757.2,66439.6,7459.3,12300.3,20997.6,128.37,1.8965
Madhya Pradesh,Hoshangabad,Jowar,Rabi,2018,43757.2,49358.1,1128.0,339.1,16.6,283.4,7.29,0.46,1.16,20.8,125.8,53.0,13.5,20949.2,34780.6,4640.1,8368.7,7940.4,119.72,1.128
Punjab,Amritsar,Jowar,Rabi,2016,5727.2,8181.3,1428.5,291.9,22.0,220.3,7.79,0.46,0.92,18.8,126.2,50.2,10.9,22708.3,37267.4,4088.9,9069.9,9549.5,105.27,1.4285
Haryana,Sirsa,Rice,Kharif,2017,18933.0,46446.4,2453.2,243.4,20.7,220.7,7.83,0.44,0.9,28.6,683.0,62.9,24.6,35049.2,58692.1,7375.4,11796.2,15877.6,113.54,2.4532
Madhya Pradesh,Hoshangabad,Rice,Kharif,2015,6375.2,14001.2,2196.2,328.1,15.9,294.8,7.71,0.59,0.39,28.8,1327.2,70.4,37.1,30253.0,51210.4,6360.1,12417.6,11475.3,100.0,2.1961999999999997
Karnataka,Davanagere,Soyabean,Kharif,2017,13105.3,19996.1,1525.8,208.7,11.8,225.8,6.85,0.48,1.16,28.9,950.6,76.1,30.0,23004.9,37674.4,4455.9,7579.8,10969.2,113.54,1.5258
West Bengal,Bardhaman,Maize,Rabi,2021,8581.9,24987.1,2911.6,211.2,20.9,153.8,5.92,0.67,0.49,22.5,157.3,70.4,12.2,38244.8,62780.5,7079.2,15937.1,15228.5,148.02,2.9116
Madhya Pradesh,Sehore,Cotton,Kharif,2019,11816.6,6054.8,512.4,252.2,12.8,231.9,7.67,0.53,0.59,29.6,1155.8,69.5,30.6,48625.6,80146.4,9971.0,18179.1,20475.5,128.37,0.5124
Uttar Pradesh,Gorakhpur,Rice,Kharif,2019,40991.8,92170.1,2248.5,223.5,13.7,210.2,7.44,0.46,0.79,30.0,981.8,73.4,30.6,46228.6,76043.5,8967.7,15798.6,21462.3,128.37,2.2485
West Bengal,Murshidabad,Jowar,Rabi,2022,36261.2,35057.3,966.8,190.7,19.6,163.9,6.08,0.6,0.42,22.5,243.8,72.6,13.3,32306.7,52120.3,6716.3,10616.0,14974.4,156.76,0.9668
West Bengal,Nadia,Cotton,Kharif,2017,2285.8,1086.7,475.4,197.8,23.5,200.9,6.37,0.56,0.63,29.3,1596.1,87.6,37.5,43272.1,70458.4,8701.9,16370.7,18199.5,113.54,0.4754
Madhya Pradesh,Hoshangabad,Maize,Rabi,2015,27426.0,100883.8,3678.4,328.1,15.9,294.8,7.71,0.59,0.39,21.1,207.6,51.7,16.0,22680.8,38434.5,4141.4,7635.6,10903.8,100.0,3.6784
Madhya Pradesh,Hoshangabad,Bajra,Kharif,2022,22378.4,21357.9,954.4,277.8,16.8,317.1,7.95,0.53,1.04,28.9,1004.8,70.4,30.4,25427.7,42818.2,5551.3,10126.7,9749.7,156.76,0.9544
Karnataka,Raichur,Groundnut,Kharif,2018,7548.3,14220.2,1883.9,233.2,13.3,200.8,6.9,0.61,1.19,28.7,1019.1,75.9,29.4,36927.2,59436.9,8207.8,13629.9,15089.5,119.72,1.8839000000000001
Haryana,Kurukshetra,Maize,Kharif,2015,44215.9,106670.9,2412.5,284.8,16.0,213.8,8.09,0.48,0.5,27.7,765.5,64.1,23.1,24099.3,39118.2,5171.6,8635.9,10291.8,100.0,2.4125
Tamil Nadu,Coimbatore,Groundnut,Kharif,2016,27453.3,33537.0,1221.6,175.8,11.8,238.6,6.5,0.57,0.96,31.1,814.8,82.1,28.8,37518.3,60993.1,7213.1,12125.4,18179.8,105.27,1.2216
Tamil Nadu,Coimbatore,Soyabean,Kharif,2019,34872.3,34356.2,985.2,187.9,13.8,213.6,6.87,0.46,1.04,30.8,810.9,80.8,27.6,28782.6,47418.9,5739.2,10591.7,12451.7,128.37,0.9852000000000001
Madhya Pradesh,Ujjain,Jowar,Rabi,2016,35552.3,32903.7,925.5,283.8,17.2,224.4,7.64,0.42,0.98,21.8,117.1,52.2,12.0,18196.6,30324.6,3086.9,6284.7,8825.0,105.27,0.9255
Tamil Nadu,Erode,Rice,Kharif,2023,33183.5,74613.1,2248.5,181.7,13.0,231.4,7.25,0.44,0.25,31.2,967.7,79.9,27.7,50951.1,86296.6,9600.7,21312.8,20037.6,166.25,2.2485
Uttar Pradesh,Kanpur Dehat,Wheat,Rabi,2019,24239.3,62758.0,2589.1,254.3,16.9,170.5,7.19,0.43,0.23,20.7,92.7,56.5,11.3,39937.8,64769.9,9434.3,13011.9,17491.6,128.37,2.5890999999999997
Punjab,Bathinda,Jowar,Kharif,2022,7361.6,10063.3,1367.0,294.6,18.4,228.1,7.58,0.36,0.58,27.4,823.4,65.4,27.2,32771.7,52850.4,5764.8,10217.0,16789.9,156.76,1.367
Tamil Nadu,Coimbatore,Sugarcane,Whole Year,2018,27792.0,1805674.0,64971.0,210.6,11.9,187.0,7.24,0.42,0.98,27.9,1219.0,73.2,19.3,107375.6,173297.2,24427.0,44791.3,38157.3,119.72,64.971
Tamil Nadu,Coimbatore,Gram,Rabi,2017,21614.3,18800.1,869.8,177.8,12.3,181.3,6.58,0.52,0.43,22.9,134.5,65.5,11.5,22629.7,37881.3,4449.6,8457.5,9722.6,113.54,0.8697999999999999
Madhya Pradesh,Indore,Maize,Rabi,2019,5735.5,11714.8,2042.5,254.0,14.9,254.7,7.88,0.57,0.78,20.4,142.8,51.2,12.5,30069.1,49872.4,7044.5,9115.2,13909.4,128.37,2.0425
Karnataka,Raichur,Sugarcane,Whole Year,2021,28601.8,1711019.7,59822.1,239.0,10.6,158.5,7.0,0.52,0.15,26.2,1041.0,67.1,18.0,115613.6,191233.4,21165.0,38086.3,56362.3,148.02,59.8221
Punjab,Patiala,Gram,Rabi,2015,22488.2,26956.6,1198.7,341.1,21.7,238.2,7.6,0.54,0.68,19.5,98.9,47.7,12.4,23422.8,39765.7,4718.9,8540.4,10163.5,100.0,1.1987
Punjab,Patiala,Groundnut,Rabi,2015,36623.7,56807.0,1551.1,341.1,21.7,238.2,7.6,0.54,0.68,19.5,98.9,47.7,12.4,35333.5,59341.9,7800.9,14118.8,13413.8,100.0,1.5511
Uttar Pradesh,Bareilly,Groundnut,Rabi,2019,14423.9,24072.0,1668.9,274.7,17.6,220.4,7.76,0.52,0.65,20.6,122.1,55.3,12.3,44873.3,74695.8,9620.5,15386.3,19866.5,128.37,1.6689
West Bengal,Nadia,Cotton,Kharif,2019,40486.8,14599.5,360.6,213.1,26.1,154.4,5.75,0.51,0.88,30.2,1849.3,86.2,39.7,48358.8,78400.2,9951.1,14654.9,23752.8,128.37,0.36060000000000003
Bihar,Patna,Jowar,Kharif,2015,33276.3,39372.5,1183.2,227.6,16.4,162.6,7.21,0.49,0.41,28.8,1532.3,80.0,37.4,17953.2,29710.2,3848.8,5471.7,8632.7,100.0,1.1832
Tamil Nadu,Coimbatore,Cotton,Kharif,2020,22026.4,12665.2,575.0,222.6,14.2,212.4,7.24,0.6,0.83,31.5,1277.8,78.8,36.7,54081.3,91070.2,12919.3,17246.3,23915.7,138.02,0.575
Karnataka,Belagavi,Jowar,Rabi,2018,31374.2,41479.8,1322.1,225.6,11.5,221.3,6.33,0.59,0.18,20.9,136.3,62.4,12.4,20775.2,34139.0,4290.8,6467.3,10017.1,119.72,1.3220999999999998
Punjab,Amritsar,Jowar,Rabi,2015,4647.8,7987.2,1718.5,270.0,17.1,257.9,7.71,0.36,0.2,19.0,114.0,49.9,10.8,20684.5,34908.5,4573.5,8090.0,8021.0,100.0,1.7185
Maharashtra,Pune,Groundnut,Rabi,2018,35837.9,72711.5,2028.9,223.6,17.0,213.8,7.59,0.56,0.86,21.6,118.3,57.5,10.8,47254.6,75698.5,8129.0,19846.9,19278.7,119.72,2.0289
Bihar,Patna,Soyabean,Kharif,2018,37290.7,42586.0,1142.0,247.5,15.9,165.1,7.45,0.43,0.16,28.9,1154.9,79.8,30.6,24471.9,39536.9,5666.9,10145.4,8659.6,119.72,1.142
Punjab,Amritsar,Maize,Rabi,2022,7966.6,24047.2,3018.5,238.6,20.5,241.3,7.79,0.52,0.16,18.5,111.4,49.2,11.8,40745.0,69032.6,7186.8,14303.2,19255.0,156.76,3.0185
Haryana,Hisar,Maize,Kharif,2018,22743.7,63070.6,2773.1,232.7,15.3,205.6,8.22,0.37,0.25,28.3,613.8,62.6,24.2,30025.8,49358.1,5052.2,11834.9,13138.7,119.72,2.7731
Madhya Pradesh,Hoshangabad,Cotton,Kharif,2015,25233.7,14759.2,584.9,328.1,15.9,294.8,7.71,0.59,0.39,28.8,1327.2,70.4,37.1,35547.2,58998.2,6110.6,11793.8,17642.8,100.0,0.5849
Uttar Pradesh,Bareilly,Sugarcane,Whole Year,2016,4932.4,339166.6,68763.0,266.3,16.9,206.0,7.87,0.5,0.37,26.0,1215.8,61.5,20.6,99629.6,167917.7,18826.1,29985.6,50817.9,105.27,68.763
Punjab,Ludhiana,Wheat,Rabi,2021,12380.5,51273.8,4141.5,228.2,20.3,194.1,8.02,0.39,1.17,18.3,130.7,49.1,10.9,47364.5,79553.5,10332.8,16228.7,20803.0,148.02,4.1415
Haryana,Karnal,Jowar,Rabi,2016,36357.0,55168.1,1517.4,271.9,18.9,220.4,8.0,0.45,0.83,20.0,79.8,48.6,11.6,19709.5,31900.1,4167.3,7948.8,7593.4,105.27,1.5174
Karnataka,Davanagere,Gram,Rabi,2023,31593.3,32120.9,1016.7,237.4,16.4,174.4,6.4,0.63,0.4,20.8,85.4,58.4,11.8,31870.1,53470.3,5169.5,10876.4,15824.2,166.25,1.0167
West Bengal,Bardhaman,Soyabean,Kharif,2015,2636.8,2452.2,930.0,244.5,18.8,156.8,6.17,0.52,0.21,30.4,1678.2,85.3,39.4,22050.1,37060.8,4205.1,7704.1,10140.9,100.0,0.93
Uttar Pradesh,Meerut,Cotton,Kharif,2023,44016.4,22664.0,514.9,256.1,14.5,191.5,7.87,0.39,0.8,29.4,1119.9,70.3,31.2,67114.8,111241.3,13891.0,21845.6,31378.2,166.25,0.5149
Punjab,Ludhiana,Soyabean,Kharif,2020,3109.3,3972.1,1277.5,299.0,17.1,217.2,7.67,0.45,0.31,27.1,758.1,66.3,25.6,33543.7,55202.1,6083.9,14024.6,13435.2,138.02,1.2775
West Bengal,Hooghly,Groundnut,Rabi,2022,17001.7,31133.5,1831.2,205.7,21.1,178.8,6.03,0.54,1.04,20.9,214.8,70.2,15.9,53539.1,87555.1,12262.6,19191.3,22085.2,156.76,1.8312
West Bengal,Nadia,Jowar,Rabi,2018,4798.1,5961.2,1242.4,201.8,18.1,174.6,5.83,0.6,1.01,21.4,260.0,69.2,14.6,23614.7,39511.8,5265.1,9204.3,9145.3,119.72,1.2424000000000002
Madhya Pradesh,Indore,Sugarcane,Whole Year,2021,18336.3,1242376.0,67755.0,257.6,13.8,275.0,7.88,0.55,0.9,26.4,1474.8,60.1,21.6,115225.3,191763.6,24568.7,38391.1,52265.5,148.02,67.755
Uttar Pradesh,Meerut,Jowar,Rabi,2021,3533.9,4059.4,1148.7,260.1,14.0,171.4,7.21,0.33,0.87,20.5,169.6,55.5,14.0,31617.1,52194.0,7051.6,12592.0,11973.5,148.02,1.1487
Andhra Pradesh,West Godavari,Groundnut,Kharif,2016,36708.1,50187.3,1367.2,242.0,16.3,239.6,6.43,0.52,0.14,30.9,905.8,77.9,27.3,35671.0,57715.7,8249.4,12287.4,15134.2,105.27,1.3672
Tamil Nadu,Erode,Gram,Rabi,2022,22394.4,23601.5,1053.9,171.1,12.0,175.0,6.55,0.53,1.14,23.2,115.1,65.9,10.5,31677.8,51635.0,7247.9,10514.0,13915.9,156.76,1.0539
Uttar Pradesh,Bareilly,Jowar,Kharif,2016,34687.6,52607.2,1516.6,266.3,16.9,206.0,7.87,0.5,0.37,28.9,1043.4,70.2,31.6,20298.8,33656.1,3251.9,6471.9,10575.0,105.27,1.5166
Maharashtra,Nashik,Wheat,Rabi,2019,11841.3,30494.9,2575.3,237.8,15.9,262.4,7.41,0.44,0.59,21.9,206.2,55.9,13.2,38766.8,65814.7,6975.2,15380.1,16411.5,128.37,2.5753000000000004
Bihar,Gaya,Maize,Rabi,2021,2312.8,7462.0,3226.4,183.7,14.4,182.5,7.11,0.5,0.38,20.8,183.2,65.4,11.0,35910.5,60323.0,8589.8,12376.1,14944.6,148.02,3.2264
Punjab,Amritsar,Gram,Rabi,2017,31882.6,35816.9,1123.4,251.1,18.9,224.9,7.9,0.39,0.29,18.4,112.4,52.4,11.0,26463.3,44355.7,4967.1,8254.4,13241.8,113.54,1.1234000000000002
Andhra Pradesh,Krishna,Maize,Rabi,2021,37148.4,102915.9,2770.4,190.4,15.4,160.3,7.04,0.37,1.16,22.9,156.4,60.1,11.2,35769.0,59574.3,5994.4,10914.6,18860.0,148.02,2.7704
Andhra Pradesh,Kurnool,Groundnut,Rabi,2020,22273.2,24493.8,1099.7,229.8,12.4,202.3,6.81,0.49,0.8,22.2,152.7,61.4,14.5,49614.8,79443.6,9387.0,19854.8,20373.0,138.02,1.0997000000000001
Tamil Nadu,Erode,Soyabean,Kharif,2023,2290.4,3001.6,1310.5,181.7,13.0,231.4,7.25,0.44,0.25,31.2,967.7,79.9,27.7,36027.4,60917.1,6282.6,13785.6,15959.2,166.25,1.3105
Uttar Pradesh,Kanpur Dehat,Soyabean,Kharif,2017,16618.9,20496.1,1233.3,251.6,15.2,161.9,7.49,0.35,0.98,28.9,1152.1,69.4,30.8,26938.1,43286.7,4750.4,10568.6,11619.1,113.54,1.2333
Punjab,Amritsar,Maize,Kharif,2016,34569.0,75664.6,2188.8,291.9,22.0,220.3,7.79,0.46,0.92,27.2,613.4,66.3,20.9,26559.3,44978.5,4775.8,9691.5,12092.0,105.27,2.1888
Tamil Nadu,Salem,Bajra,Kharif,2017,18375.8,27119.0,1475.8,217.2,13.4,249.5,7.16,0.5,0.61,31.0,1113.2,81.3,31.4,21366.6,34603.2,4921.6,6542.0,9903.0,113.54,1.4758
Madhya Pradesh,Sehore,Rice,Kharif,2020,26665.5,80087.2,3003.4,283.9,18.0,245.8,7.74,0.44,0.67,28.5,1420.7,69.6,35.8,41140.1,67528.6,9733.3,15160.8,16246.0,138.02,3.0034
Tamil Nadu,Erode,Jowar,Kharif,2021,43715.4,37123.1,849.2,202.6,11.0,232.8,7.27,0.58,0.34,31.4,1075.3,81.2,31.9,28668.5,46856.6,6704.3,9469.9,12494.3,148.02,0.8492000000000001
Tamil Nadu,Thanjavur,Sugarcane,Whole Year,2023,38893.4,2228506.3,57297.8,210.6,14.2,193.1,6.94,0.51,0.79,27.6,1248.1,70.8,19.8,135076.6,216737.4,24000.6,50010.4,61065.6,166.25,57.2978
West Bengal,Murshidabad,Groundnut,Rabi,2015,670.9,1091.7,1627.2,226.4,18.8,185.1,6.29,0.62,1.14,22.3,245.4,70.1,13.1,36861.0,60206.8,7344.5,13401.6,16114.9,100.0,1.6272
West Bengal,Hooghly,Maize,Kharif,2019,44195.3,129739.7,2935.6,170.9,18.4,183.9,5.81,0.62,0.32,30.3,1636.8,84.3,36.9,31109.7,52323.2,5197.3,10546.9,15365.5,128.37,2.9356
Madhya Pradesh,Hoshangabad,Groundnut,Kharif,2016,15721.0,23042.3,1465.7,321.3,18.9,274.0,7.92,0.42,0.9,28.0,1187.0,68.7,34.3,34648.0,56434.0,5865.8,13490.0,15292.2,105.27,1.4657
Punjab,Amritsar,Gram,Rabi,2023,15566.0,17581.8,1129.5,254.1,16.4,214.6,7.54,0.36,0.47,18.7,99.0,50.3,10.5,38939.6,63509.1,6724.4,14045.0,18170.2,166.25,1.1295
Karnataka,Raichur,Jowar,Kharif,2016,9272.0,13032.7,1405.6,213.5,13.0,162.3,6.45,0.54,0.94,29.3,846.5,77.5,27.3,17539.2,28345.9,3114.3,5703.0,8721.9,105.27,1.4056
Tamil Nadu,Thanjavur,Groundnut,Rabi,2020,38795.4,52742.3,1359.5,193.4,14.7,230.0,6.95,0.53,0.75,22.7,125.2,64.9,12.6,45395.0,74386.2,7440.0,14791.0,23164.0,138.02,1.3595
Andhra Pradesh,Krishna,Wheat,Rabi,2020,40899.8,158462.2,3874.4,172.4,12.6,169.0,6.93,0.55,0.79,22.9,179.5,60.9,12.1,38830.9,64963.8,8794.0,14257.8,15779.1,138.02,3.8744
Haryana,Hisar,Cotton,Kharif,2016,19717.2,11087.0,562.3,227.9,19.0,239.8,8.06,0.3,0.65,28.6,703.3,61.4,25.7,39587.9,66793.3,6876.7,14112.6,18598.6,105.27,0.5622999999999999
Haryana,Kurukshetra,Jowar,Rabi,2015,37908.4,50948.9,1344.0,284.8,16.0,213.8,8.09,0.48,0.5,20.0,98.7,47.1,12.2,18405.2,30756.3,4236.0,7465.6,6703.6,100.0,1.344
Bihar,Patna,Gram,Rabi,2017,40815.0,29909.2,732.8,216.1,14.2,193.6,7.19,0.51,0.87,20.9,193.2,62.7,11.8,22187.2,35536.0,4387.3,7551.1,10248.8,113.54,0.7328
Maharashtra,Kolhapur,Maize,Rabi,2021,31558.4,70299.5,2227.6,259.5,22.0,291.0,7.05,0.55,0.24,22.4,163.1,54.8,13.2,41350.2,70092.8,9373.8,13066.6,18909.8,148.02,2.2276
West Bengal,Nadia,Groundnut,Kharif,2016,41984.9,89818.3,2139.3,230.7,22.2,153.7,6.1,0.66,0.59,30.4,1433.6,85.0,36.0,37277.6,60304.8,7168.8,14792.0,15316.8,105.27,2.1393
Haryana,Karnal,Wheat,Rabi,2016,33399.7,93866.5,2810.4,271.9,18.9,220.4,8.0,0.45,0.83,20.0,79.8,48.6,11.6,28336.3,48036.3,6314.9,11784.5,10236.9,105.27,2.8104
Karnataka,Belagavi,Maize,Rabi,2019,14080.8,50302.2,3572.4,218.7,15.1,232.5,6.26,0.57,0.54,21.1,164.8,59.1,15.5,29197.7,48704.7,4896.6,11345.2,12955.9,128.37,3.5724
Bihar,Muzaffarpur,Jowar,Rabi,2021,28142.5,47248.4,1678.9,247.5,12.0,181.7,7.16,0.42,0.61,20.3,205.5,62.6,15.3,28181.8,45553.8,6062.3,8480.5,13639.0,148.02,1.6789
Uttar Pradesh,Bareilly,Groundnut,Kharif,2021,22853.4,37701.3,1649.7,237.2,12.7,186.8,7.21,0.32,0.2,29.1,1017.4,73.3,30.7,55190.1,92238.4,10395.1,19454.7,25340.3,148.02,1.6497
Maharashtra,Kolhapur,Wheat,Rabi,2015,14821.1,47571.3,3209.7,275.5,18.6,285.5,7.58,0.43,0.86,21.6,113.7,57.3,15.1,32562.7,53550.6,5461.2,9920.8,17180.7,100.0,3.2096999999999998
Punjab,Amritsar,Cotton,Kharif,2017,3881.8,2177.7,561.0,251.1,18.9,224.9,7.9,0.39,0.29,26.5,758.2,67.6,24.1,48008.8,79951.0,10829.8,15955.7,21223.3,113.54,0.561
Madhya Pradesh,Ujjain,Gram,Rabi,2021,13332.6,14901.8,1117.7,269.0,13.1,240.4,7.63,0.42,0.69,20.8,148.2,53.8,14.7,30279.7,49726.5,5795.3,12233.1,12251.3,148.02,1.1177000000000001
Tamil Nadu,Coimbatore,Groundnut,Kharif,2021,11385.3,11282.8,991.0,191.3,12.3,195.0,7.15,0.53,1.05,30.8,1133.2,81.1,31.8,47843.0,78738.6,9537.9,15158.0,23147.1,148.02,0.991
Tamil Nadu,Salem,Maize,Rabi,2017,11479.6,37772.5,3290.4,217.2,13.4,249.5,7.16,0.5,0.61,23.0,136.8,64.0,12.5,25984.9,42622.1,5361.8,9611.9,11011.2,113.54,3.2904
Maharashtra,Kolhapur,Wheat,Rabi,2023,17515.5,44636.5,2548.4,312.4,15.8,290.5,7.07,0.49,1.06,22.6,160.3,57.8,12.2,51661.3,82725.0,10903.6,19549.0,21208.7,166.25,2.5484
Uttar Pradesh,Gorakhpur,Groundnut,Rabi,2022,28914.1,37151.7,1284.9,222.2,16.9,176.4,7.63,0.37,0.82,20.4,130.6,52.7,10.8,58451.9,95115.4,11239.7,23964.4,23247.8,156.76,1.2849000000000002
Bihar,Gaya,Bajra,Kharif,2022,20137.0,21292.9,1057.4,227.7,11.8,143.3,6.94,0.46,0.12,28.7,1252.4,80.8,34.9,27987.9,44923.0,4721.7,9470.6,13795.6,156.76,1.0574000000000001
Bihar,Patna,Sugarcane,Whole Year,2020,18536.6,1374952.3,74175.0,220.7,16.3,171.5,7.35,0.39,1.04,26.1,1414.6,69.7,21.8,109967.7,177954.3,24259.4,35768.0,49940.3,138.02,74.175
West Bengal,Bardhaman,Maize,Rabi,2023,12300.6,31923.7,2595.3,209.6,21.5,153.7,6.03,0.66,0.31,22.3,274.2,70.7,16.8,41129.3,67295.6,8559.4,13284.5,19285.4,166.25,2.5953000000000004
Tamil Nadu,Erode,Wheat,Rabi,2017,14641.0,47340.2,3233.4,222.2,9.0,169.8,6.9,0.42,1.16,23.4,122.5,62.8,8.5,32202.5,52648.1,7580.5,13133.2,11488.8,113.54,3.2334
Bihar,Rohtas,Jowar,Rabi,2020,42419.7,58458.6,1378.1,213.7,16.5,183.0,7.62,0.36,0.11,21.1,236.0,62.6,13.2,24738.3,40880.8,4121.5,8126.3,12490.5,138.02,1.3780999999999999
Madhya Pradesh,Hoshangabad,Maize,Rabi,2019,36264.0,92763.3,2558.0,278.4,15.9,289.7,7.61,0.51,1.17,21.2,189.7,50.4,13.3,30069.1,49872.4,7044.5,9115.2,13909.4,128.37,2.558
Haryana,Kurukshetra,Soyabean,Kharif,2023,2167.2,2098.3,968.2,260.0,16.2,200.5,8.3,0.34,0.35,28.4,612.7,64.1,23.7,35316.1,59693.4,6391.8,14401.7,14522.6,166.25,0.9682000000000001
West Bengal,Hooghly,Groundnut,Kharif,2021,9312.8,17319.9,1859.8,198.5,23.8,160.2,5.86,0.59,0.72,29.9,1813.5,86.5,39.2,53398.5,89154.9,9009.4,22133.7,22255.4,148.02,1.8598
Uttar Pradesh,Meerut,Jowar,Kharif,2023,13590.9,13066.3,961.4,256.1,14.5,191.5,7.87,0.39,0.8,29.4,1119.9,70.3,31.2,32710.3,54684.9,6423.0,11503.8,14783.5,166.25,0.9614
Andhra Pradesh,Krishna,Groundnut,Rabi,2020,15091.1,19209.5,1272.9,172.4,12.6,169.0,6.93,0.55,0.79,22.9,179.5,60.9,12.1,49614.8,79443.6,9387.0,19854.8,20373.0,138.02,1.2729000000000001
Haryana,Karnal,Groundnut,Kharif,2017,21451.8,33512.0,1562.2,282.7,17.5,213.8,7.7,0.48,0.52,28.0,640.6,64.6,20.2,36991.9,59418.1,6916.3,12650.4,17425.2,113.54,1.5622
Madhya Pradesh,Ujjain,Wheat,Rabi,2019,3792.9,13706.0,3613.6,294.0,14.0,248.0,7.8,0.44,0.43,20.7,186.1,51.8,13.7,33082.3,54508.0,6643.0,13092.2,13347.1,128.37,3.6136
Punjab,Bathinda,Maize,Kharif,2023,44307.6,109807.5,2478.3,270.8,21.0,261.6,7.98,0.44,0.36,26.4,840.3,67.0,25.7,42674.4,69454.1,8283.1,14989.4,19401.9,166.25,2.4783000000000004
Punjab,Patiala,Rice,Kharif,2021,31383.1,82860.8,2640.3,293.1,16.5,270.0,7.92,0.38,0.69,26.6,664.4,64.0,24.2,49222.0,83330.1,9098.3,16906.5,23217.2,148.02,2.6403000000000003
West Bengal,Bardhaman,Jowar,Kharif,2023,11699.4,13476.5,1151.9,209.6,21.5,153.7,6.03,0.66,0.31,29.5,1828.9,86.7,39.4,33957.2,55993.4,7526.2,10884.8,15546.2,166.25,1.1519000000000001
Bihar,Patna,Soyabean,Kharif,2015,22422.9,23631.5,1053.9,227.6,16.4,162.6,7.21,0.49,0.41,28.8,1532.3,80.0,37.4,21752.4,35678.5,4586.5,8130.1,9035.8,100.0,1.0539
West Bengal,Nadia,Cotton,Kharif,2016,22404.1,12642.6,564.3,230.7,22.2,153.7,6.1,0.66,0.59,30.4,1433.6,85.0,36.0,39777.5,66280.3,6506.6,13166.6,20104.3,105.27,0.5642999999999999
Maharashtra,Pune,Maize,Kharif,2017,5883.0,14069.2,2391.5,262.2,17.1,250.7,7.25,0.57,0.41,29.8,1265.4,75.3,35.1,30693.9,50842.5,7236.3,10322.3,13135.3,113.54,2.3915
Haryana,Sirsa,Soyabean,Kharif,2017,25726.4,27208.2,1057.6,243.4,20.7,220.7,7.83,0.44,0.9,28.6,683.0,62.9,24.6,25063.8,40537.5,4200.3,8184.8,12678.7,113.54,1.0575999999999999
Punjab,Ludhiana,Sugarcane,Whole Year,2023,4879.6,305984.1,62706.8,263.1,20.0,191.6,8.14,0.53,0.55,23.6,848.4,55.1,18.0,146797.4,239353.6,33083.7,49179.3,64534.4,166.25,62.7068
Punjab,Patiala,Sugarcane,Whole Year,2016,29993.2,2225441.5,74198.2,318.3,15.6,216.3,8.07,0.51,1.07,24.2,916.6,56.0,17.1,102095.3,168629.6,21243.8,38967.9,41883.6,105.27,74.1982
Madhya Pradesh,Hoshangabad,Groundnut,Rabi,2023,43119.8,47798.3,1108.5,304.8,16.3,307.9,7.25,0.47,0.51,21.3,203.4,52.7,14.2,53348.2,86574.1,12775.8,19731.2,20841.2,166.25,1.1085
Andhra Pradesh,West Godavari,Cotton,Kharif,2020,8586.8,4296.8,500.4,213.8,17.0,225.4,6.48,0.4,1.07,31.0,1088.2,77.9,30.4,50960.3,82648.3,8410.3,19098.8,23451.2,138.02,0.5004
Bihar,Muzaffarpur,Gram,Rabi,2019,44697.0,40593.8,908.2,213.3,12.0,148.9,7.31,0.38,0.76,20.5,124.8,62.4,12.4,25790.3,41949.3,6162.6,9296.8,10330.9,128.37,0.9082
Bihar,Rohtas,Sugarcane,Whole Year,2019,31438.6,2603468.2,82811.2,205.5,19.8,198.1,7.49,0.36,0.85,26.1,1701.7,69.9,23.0,110517.6,179557.0,19694.7,36984.2,53838.7,128.37,82.8112
Andhra Pradesh,Guntur,Bajra,Kharif,2023,31870.4,38515.4,1208.5,261.1,18.0,218.6,6.96,0.43,0.18,30.4,1017.5,77.3,29.9,31529.2,51993.4,5347.9,9598.9,16582.4,166.25,1.2085
Andhra Pradesh,Kurnool,Maize,Rabi,2020,17071.3,34554.0,2024.1,229.8,12.4,202.3,6.81,0.49,0.8,22.2,152.7,61.4,14.5,34068.3,57299.2,6336.3,13465.9,14266.1,138.02,2.0241
Haryana,Kurukshetra,Soyabean,Kharif,2020,34247.8,57683.6,1684.3,259.0,13.9,190.7,7.8,0.4,0.39,28.0,701.7,62.9,23.3,29949.3,48141.9,5312.7,10083.3,14553.3,138.02,1.6843
Haryana,Hisar,Groundnut,Kharif,2015,18335.8,29837.8,1627.3,247.4,14.3,200.6,7.72,0.34,1.16,27.9,736.6,62.5,23.1,35383.1,56791.5,6698.7,12375.7,16308.7,100.0,1.6273
Tamil Nadu,Erode,Groundnut,Kharif,2017,3208.5,3924.6,1223.2,222.2,9.0,169.8,6.9,0.42,1.16,31.4,1091.2,82.6,31.5,39262.5,65156.4,9030.7,13313.3,16918.5,113.54,1.2232
Bihar,Muzaffarpur,Maize,Rabi,2017,11429.8,26920.6,2355.3,189.6,15.5,152.5,7.3,0.44,0.95,21.1,142.7,64.4,12.1,25637.0,42293.3,5198.3,10674.6,9764.1,113.54,2.3553
Punjab,Ludhiana,Rice,Kharif,2017,1826.0,3754.8,2056.3,230.7,19.7,193.9,7.59,0.36,1.2,26.6,630.8,63.4,22.9,40018.1,66554.9,6534.2,13112.9,20371.0,113.54,2.0563000000000002
Bihar,Patna,Jowar,Rabi,2019,42890.6,62195.7,1450.1,221.8,13.6,152.4,7.11,0.53,0.84,20.1,164.7,63.4,10.8,23581.5,38553.1,5466.9,7171.4,10943.2,128.37,1.4501
West Bengal,Bardhaman,Maize,Kharif,2016,4631.9,11301.4,2439.9,192.7,22.7,168.2,6.27,0.53,1.09,29.9,1528.8,86.3,38.4,25328.1,41661.2,5035.2,8646.1,11646.8,105.27,2.4399
Punjab,Bathinda,Sugarcane,Whole Year,2017,3511.7,242805.6,69141.9,328.3,17.6,236.2,7.84,0.54,0.21,24.0,856.0,55.1,17.7,99523.0,167379.8,21487.8,30716.1,47319.1,113.54,69.14189999999999
West Bengal,Bardhaman,Jowar,Kharif,2019,10496.2,10183.4,970.2,229.8,19.3,189.0,6.17,0.7,0.3,30.6,1669.8,85.6,39.1,24758.2,40859.3,4639.7,7729.3,12389.2,128.37,0.9702000000000001
Uttar Pradesh,Bareilly,Rice,Kharif,2016,34506.2,85520.2,2478.4,266.3,16.9,206.0,7.87,0.5,0.37,28.9,1043.4,70.2,31.6,34643.4,55633.7,6871.2,13943.8,13828.4,105.27,2.4784
Bihar,Patna,Groundnut,Rabi,2023,18188.3,28937.6,1591.0,235.1,13.1,187.1,7.67,0.5,1.01,20.6,175.0,63.7,14.7,52305.9,84735.8,11782.7,21155.3,19367.9,166.25,1.591
Andhra Pradesh,Krishna,Rice,Kharif,2022,36414.9,80389.5,2207.6,216.7,16.3,186.0,6.93,0.44,0.93,31.6,1063.0,76.9,32.8,50738.2,85377.5,11265.2,21125.6,18347.4,156.76,2.2076
Uttar Pradesh,Kanpur Dehat,Groundnut,Kharif,2023,27856.3,30274.2,1086.8,234.7,16.5,158.5,7.5,0.5,0.95,29.6,1025.5,70.1,31.7,59561.3,100888.3,12687.4,19718.6,27155.3,166.25,1.0868
Andhra Pradesh,West Godavari,Maize,Kharif,2023,17052.7,40172.8,2355.8,223.8,18.2,196.0,6.68,0.42,0.51,30.9,1308.4,77.8,34.9,40290.8,65085.1,8043.8,12466.3,19780.7,166.25,2.3558000000000003
Tamil Nadu,Coimbatore,Bajra,Kharif,2017,19973.3,30475.3,1525.8,177.8,12.3,181.3,6.58,0.52,0.43,30.6,1010.5,79.4,31.9,21366.6,34603.2,4921.6,6542.0,9903.0,113.54,1.5258
Andhra Pradesh,Krishna,Sugarcane,Whole Year,2019,16425.6,1226676.9,74680.8,222.1,14.8,183.3,7.14,0.47,0.71,28.0,1326.0,66.8,20.8,110600.8,182121.5,25052.0,38615.9,46932.9,128.37,74.6808
Maharashtra,Nashik,Bajra,Kharif,2016,9628.4,14013.2,1455.4,285.9,16.3,250.7,6.84,0.54,0.88,30.8,1211.5,73.6,32.8,20999.5,34705.9,4166.0,8298.7,8534.8,105.27,1.4554
Punjab,Amritsar,Rice,Kharif,2015,15415.9,47127.9,3057.1,270.0,17.1,257.9,7.71,0.36,0.2,26.8,790.8,65.6,26.9,36518.7,60843.8,7422.3,12655.5,16440.9,100.0,3.0570999999999997
Tamil Nadu,Salem,Maize,Rabi,2018,9003.3,24918.4,2767.7,238.1,11.5,209.6,7.2,0.6,1.01,23.0,172.6,66.3,14.6,29815.7,48892.2,6662.0,11749.7,11404.0,119.72,2.7676999999999996
Haryana,Sirsa,Jowar,Rabi,2022,35295.3,37843.6,1072.2,312.4,19.7,181.4,7.78,0.42,0.77,19.4,69.2,46.6,11.2,30963.3,51001.0,6569.5,11416.6,12977.2,156.76,1.0722
Andhra Pradesh,Guntur,Cotton,Kharif,2017,37304.9,23479.7,629.4,251.4,16.8,224.9,6.79,0.54,0.72,31.3,1157.0,77.6,33.2,44447.0,72816.5,8872.9,17394.7,18179.4,113.54,0.6294
West Bengal,Bardhaman,Gram,Rabi,2018,38299.6,34416.0,898.6,210.7,22.1,197.1,5.62,0.55,0.13,21.9,261.6,69.3,15.3,26232.4,43320.5,6247.5,9334.2,10650.7,119.72,0.8986000000000001
Bihar,Gaya,Rice,Kharif,2016,12884.4,25860.3,2007.1,211.8,15.2,191.3,7.26,0.36,0.21,29.4,1468.1,80.6,36.9,30785.6,51752.4,6290.8,12421.9,12072.9,105.27,2.0071
Punjab,Patiala,Maize,Kharif,2019,29833.6,97869.1,3280.5,306.3,20.9,268.7,7.87,0.4,0.55,26.7,674.4,63.7,23.3,32554.9,53651.4,6882.1,11377.8,14295.0,128.37,3.2805
Madhya Pradesh,Sehore,Gram,Rabi,2018,14881.1,9468.8,636.3,323.9,15.6,230.3,7.52,0.56,0.61,20.9,157.2,50.8,13.2,23634.7,38668.4,5539.2,9876.7,8218.8,119.72,0.6363
Andhra Pradesh,West Godavari,Cotton,Kharif,2015,2389.1,1058.1,442.9,228.8,15.8,218.3,7.18,0.42,0.73,31.3,1105.5,75.8,34.2,39766.4,64260.1,8105.6,14423.4,17237.4,100.0,0.44289999999999996
Maharashtra,Kolhapur,Cotton,Kharif,2021,40316.1,13348.7,331.1,259.5,22.0,291.0,7.05,0.55,0.24,29.7,1205.1,72.6,32.4,61131.5,101407.9,10678.5,19378.6,31074.4,148.02,0.3311
Andhra Pradesh,Krishna,Jowar,Kharif,2015,15528.6,21086.3,1357.9,185.1,15.3,163.9,7.01,0.38,1.0,31.1,1237.4,74.7,34.4,19480.2,31332.2,3758.4,6626.4,9095.4,100.0,1.3579
Madhya Pradesh,Indore,Wheat,Rabi,2015,35977.8,125598.5,3491.0,268.8,15.7,278.7,7.98,0.45,0.79,21.5,156.0,52.5,13.4,27600.1,44596.9,5746.4,9926.7,11927.0,100.0,3.491
Bihar,Patna,Maize,Kharif,2020,2108.9,6898.0,3270.9,220.7,16.3,171.5,7.35,0.39,1.04,28.3,1208.6,79.0,34.8,31941.1,53242.0,6395.7,10348.1,15197.3,138.02,3.2709
Madhya Pradesh,Ujjain,Soyabean,Kharif,2020,27668.9,22940.3,829.1,307.5,12.8,215.9,7.93,0.43,0.55,28.9,1017.6,68.6,31.0,28223.4,46252.1,6052.3,10348.4,11822.7,138.02,0.8291000000000001
Haryana,Hisar,Jowar,Kharif,2022,43390.4,50883.9,1172.7,240.1,13.5,231.3,7.99,0.42,0.62,28.2,668.1,62.9,22.8,30963.3,51001.0,6569.5,11416.6,12977.2,156.76,1.1727
Punjab,Ludhiana,Jowar,Kharif,2022,35538.2,33647.6,946.8,296.3,19.4,232.6,7.86,0.5,0.23,26.5,583.2,65.5,20.0,32771.7,52850.4,5764.8,10217.0,16789.9,156.76,0.9468
West Bengal,Bardhaman,Cotton,Kharif,2015,40052.5,15412.2,384.8,244.5,18.8,156.8,6.17,0.52,0.21,30.4,1678.2,85.3,39.4,40210.6,66272.9,7540.5,13662.1,19008.0,100.0,0.38480000000000003
Tamil Nadu,Thanjavur,Jowar,Rabi,2022,40544.3,51969.7,1281.8,210.5,14.0,212.9,7.25,0.47,0.66,23.5,117.8,64.9,13.5,29586.9,48087.9,6301.8,9373.2,13911.9,156.76,1.2818
Punjab,Bathinda,Jowar,Rabi,2019,43070.9,53713.7,1247.1,295.3,19.8,200.8,8.05,0.55,0.49,18.8,120.3,50.1,13.2,25874.6,43500.1,5395.3,10067.7,10411.6,128.37,1.2470999999999999
Madhya Pradesh,Sehore,Jowar,Rabi,2022,37745.5,30321.0,803.3,296.7,16.9,257.7,7.27,0.55,0.54,21.4,167.0,52.4,14.3,29520.6,47464.8,5888.8,9234.3,14397.5,156.76,0.8032999999999999
Karnataka,Belagavi,Jowar,Rabi,2022,39622.4,54706.6,1380.7,264.9,16.9,207.6,6.72,0.52,0.96,20.5,133.7,61.6,11.7,27243.5,45227.2,4931.2,10614.4,11697.9,156.76,1.3807
Bihar,Rohtas,Wheat,Rabi,2023,28750.0,74637.9,2596.1,204.6,14.9,167.6,7.33,0.35,0.69,20.4,171.4,61.2,14.0,45691.9,76935.8,10534.4,17424.4,17733.1,166.25,2.5961
Maharashtra,Nagpur,Rice,Kharif,2021,43686.9,98658.1,2258.3,277.7,15.6,210.6,7.37,0.47,0.86,29.7,1106.1,73.9,32.4,52872.5,88086.5,10418.9,19394.4,23059.2,148.02,2.2583
Haryana,Karnal,Wheat,Rabi,2017,24189.1,82891.2,3426.8,282.7,17.5,213.8,7.7,0.48,0.52,20.5,82.6,44.5,11.0,30066.8,50547.9,6649.8,11615.0,11802.0,113.54,3.4268
Punjab,Bathinda,Sugarcane,Whole Year,2018,25159.8,1624007.2,64547.7,301.9,19.4,254.9,8.17,0.41,0.87,24.4,970.3,54.6,18.9,115515.5,194786.5,27632.7,35937.8,51945.0,119.72,64.54769999999999
Haryana,Karnal,Wheat,Rabi,2015,15094.5,47620.1,3154.8,254.2,17.0,233.1,7.57,0.4,0.64,20.0,61.6,46.9,12.1,26942.2,43369.1,4524.2,9217.8,13200.2,100.0,3.1548000000000003
Uttar Pradesh,Kanpur Dehat,Groundnut,Kharif,2022,19180.9,19273.0,1004.8,246.7,15.7,156.9,7.34,0.38,1.1,29.0,973.0,69.8,30.0,58451.9,95115.4,11239.7,23964.4,23247.8,156.76,1.0048
Haryana,Karnal,Maize,Kharif,2015,1904.9,5720.4,3003.0,254.2,17.0,233.1,7.57,0.4,0.64,27.9,681.5,62.1,23.3,24099.3,39118.2,5171.6,8635.9,10291.8,100.0,3.003
Tamil Nadu,Thanjavur,Jowar,Rabi,2016,19138.8,25391.4,1326.7,213.5,10.4,223.0,6.59,0.48,0.14,22.8,101.8,63.5,13.2,19483.5,32423.3,4340.8,6758.4,8384.3,105.27,1.3267
Tamil Nadu,Erode,Soyabean,Kharif,2022,29460.9,32277.4,1095.6,171.1,12.0,175.0,6.55,0.53,1.14,31.2,952.2,81.1,28.4,34335.3,57188.6,8075.3,13516.3,12743.7,156.76,1.0956
Punjab,Amritsar,Wheat,Rabi,2023,24646.2,71267.0,2891.6,254.1,16.4,214.6,7.54,0.36,0.47,18.7,99.0,50.3,10.5,47977.6,80172.7,8444.2,16278.6,23254.8,166.25,2.8916
West Bengal,Murshidabad,Wheat,Rabi,2016,6907.3,23296.3,3372.7,214.1,17.1,183.0,6.26,0.68,0.93,21.6,243.8,66.9,14.6,31951.2,54229.7,6719.4,11637.5,13594.3,105.27,3.3727
Andhra Pradesh,Kurnool,Groundnut,Kharif,2021,33982.8,57108.1,1680.5,206.2,14.8,227.0,7.07,0.45,0.9,31.6,1070.0,75.2,32.7,49213.0,82909.2,8573.0,20144.5,20495.5,148.02,1.6805
West Bengal,Bardhaman,Jowar,Rabi,2015,44247.4,33557.2,758.4,244.5,18.8,156.8,6.17,0.52,0.21,21.6,212.9,70.0,14.4,19266.5,31440.9,3639.0,7445.1,8182.4,100.0,0.7584
Tamil Nadu,Salem,Rice,Kharif,2018,11792.3,36501.9,3095.4,238.1,11.5,209.6,7.2,0.6,1.01,30.7,892.7,82.5,29.6,39477.5,66129.5,7206.2,15091.5,17179.8,119.72,3.0954
Karnataka,Belagavi,Maize,Rabi,2023,19367.3,55262.7,2853.4,226.2,14.6,211.9,6.99,0.61,0.21,21.4,140.7,62.1,11.4,37273.3,61225.7,8252.2,14601.4,14419.7,166.25,2.8534
Punjab,Amritsar,Bajra,Kharif,2021,12493.2,12153.4,972.8,305.5,18.0,211.3,7.6,0.53,0.28,26.8,637.5,66.6,22.2,27652.4,45865.5,5591.7,10693.0,11367.7,148.02,0.9728
Haryana,Karnal,Sugarcane,Whole Year,2016,44874.1,2923991.9,65159.9,271.9,18.9,220.4,8.0,0.45,0.83,24.9,767.8,53.9,16.2,87506.6,140513.0,20639.4,32280.7,34586.5,105.27,65.15990000000001
Madhya Pradesh,Ujjain,Cotton,Kharif,2018,20897.5,12358.8,591.4,247.6,17.5,293.4,7.55,0.51,0.5,28.8,1235.7,70.3,35.3,41445.1,67200.4,7347.7,15040.8,19056.6,119.72,0.5913999999999999
West Bengal,Nadia,Groundnut,Kharif,2020,39946.6,62172.9,1556.4,196.1,18.8,179.9,6.39,0.65,1.15,29.5,1592.7,87.7,39.0,47658.6,77734.8,11283.4,18106.2,18269.0,138.02,1.5564
Madhya Pradesh,Ujjain,Bajra,Kharif,2018,22270.0,39914.5,1792.3,247.6,17.5,293.4,7.55,0.51,0.5,28.8,1235.7,70.3,35.3,21059.6,34274.1,4253.4,7324.6,9481.6,119.72,1.7923
Karnataka,Raichur,Cotton,Kharif,2020,29177.3,18343.8,628.7,256.0,14.8,177.8,6.3,0.49,0.84,29.0,1100.7,74.5,30.3,45959.8,74476.2,7706.4,16451.8,21801.6,138.02,0.6287
Punjab,Amritsar,Sugarcane,Whole Year,2017,37467.5,2310073.7,61655.4,251.1,18.9,224.9,7.9,0.39,0.29,23.4,890.6,58.2,16.6,99523.0,167379.8,21487.8,30716.1,47319.1,113.54,61.6554
Tamil Nadu,Thanjavur,Groundnut,Rabi,2015,14474.2,13783.8,952.3,229.9,9.9,185.3,7.11,0.6,0.86,22.8,96.8,62.2,11.3,35389.7,57165.9,5883.8,12681.6,16824.3,100.0,0.9522999999999999
Punjab,Ludhiana,Sugarcane,Whole Year,2019,30269.5,1641966.0,54244.9,234.4,20.9,203.8,7.52,0.51,0.24,23.7,908.9,58.1,18.5,123874.8,207820.2,22339.5,38344.5,63190.8,128.37,54.2449
Bihar,Patna,Gram,Rabi,2019,14272.4,14446.5,1012.2,221.8,13.6,152.4,7.11,0.53,0.84,20.1,164.7,63.4,10.8,25790.3,41949.3,6162.6,9296.8,10330.9,128.37,1.0122
West Bengal,Murshidabad,Rice,Kharif,2018,41031.1,129120.8,3146.9,238.7,24.6,197.7,6.22,0.59,0.72,29.5,1648.7,85.2,39.0,38034.6,61867.9,7097.8,14312.2,16624.6,119.72,3.1469
Andhra Pradesh,Krishna,Sugarcane,Whole Year,2023,19274.5,1683101.4,87322.7,203.6,13.2,206.5,7.15,0.42,0.38,28.2,1469.4,68.9,22.7,143135.6,238279.9,30285.5,47148.0,65702.1,166.25,87.3227
Andhra Pradesh,West Godavari,Groundnut,Kharif,2017,18784.5,22712.3,1209.1,213.7,14.1,231.8,7.11,0.47,0.71,31.1,1129.4,75.4,32.5,39347.9,64988.6,8044.8,13759.5,17543.6,113.54,1.2090999999999998
Uttar Pradesh,Meerut,Soyabean,Kharif,2016,14054.6,15915.4,1132.4,246.1,14.2,199.8,7.58,0.46,1.05,29.2,1183.8,72.2,34.5,24077.7,39457.2,5277.9,7302.2,11497.6,105.27,1.1324
Haryana,Sirsa,Groundnut,Kharif,2017,44172.9,74855.4,1694.6,243.4,20.7,220.7,7.83,0.44,0.9,28.6,683.0,62.9,24.6,36991.9,59418.1,6916.3,12650.4,17425.2,113.54,1.6945999999999999
Maharashtra,Nashik,Cotton,Kharif,2017,22131.5,11703.1,528.8,243.7,16.7,220.3,7.44,0.47,0.96,30.2,1045.3,71.8,29.0,45548.3,73462.9,8504.0,13916.1,23128.2,113.54,0.5287999999999999
Andhra Pradesh,West Godavari,Maize,Rabi,2016,19821.2,42445.1,2141.4,242.0,16.3,239.6,6.43,0.52,0.14,22.5,172.1,62.0,13.0,24173.2,39245.7,3954.7,8108.4,12110.1,105.27,2.1414
Punjab,Bathinda,Maize,Rabi,2018,13185.3,38071.2,2887.4,301.9,19.4,254.9,8.17,0.41,0.87,19.3,101.4,48.1,11.7,29527.5,50138.8,6043.3,10966.9,12517.3,119.72,2.8874
Madhya Pradesh,Hoshangabad,Soyabean,Kharif,2017,22078.0,27083.1,1226.7,284.1,17.4,264.3,7.63,0.45,0.38,29.0,1257.2,72.0,35.3,22494.5,37438.3,5277.5,7028.6,10188.4,113.54,1.2267000000000001
Andhra Pradesh,Guntur,Groundnut,Rabi,2023,21348.7,31764.7,1487.9,261.1,18.0,218.6,6.96,0.43,0.18,22.5,160.1,61.4,12.5,57662.8,94910.6,13400.1,20391.4,23871.3,166.25,1.4879
Tamil Nadu,Coimbatore,Groundnut,Rabi,2022,24778.7,32958.1,1330.1,224.7,13.1,185.2,6.77,0.44,0.47,22.9,164.9,65.9,14.3,53123.4,87693.8,8515.0,16777.7,27830.7,156.76,1.3300999999999998
Maharashtra,Kolhapur,Soyabean,Kharif,2020,42583.1,48544.7,1140.0,245.7,19.6,273.7,6.98,0.56,0.8,30.0,1118.5,73.9,33.9,34646.2,57319.0,7613.8,13465.4,13567.0,138.02,1.14
Andhra Pradesh,Guntur,Gram,Rabi,2018,20368.8,23450.6,1151.3,262.5,12.8,205.2,6.51,0.5,0.6,23.4,125.3,58.8,11.4,25366.9,43068.3,5040.3,8899.6,11427.0,119.72,1.1513
Maharashtra,Nashik,Maize,Kharif,2015,28259.6,73966.7,2617.4,230.8,16.2,251.6,7.45,0.53,1.07,29.3,1216.3,71.8,35.0,27084.4,45389.9,5989.9,8641.6,12452.9,100.0,2.6174
Punjab,Patiala,Rice,Kharif,2019,41481.3,137456.6,3313.7,306.3,20.9,268.7,7.87,0.4,0.55,26.7,674.4,63.7,23.3,43296.0,71446.8,9514.7,14002.4,19778.9,128.37,3.3137
West Bengal,Hooghly,Rice,Kharif,2018,17530.0,39070.9,2228.8,187.7,23.2,153.5,6.3,0.66,0.71,30.1,1938.1,86.1,39.9,38034.6,61867.9,7097.8,14312.2,16624.6,119.72,2.2288
Uttar Pradesh,Bareilly,Cotton,Kharif,2022,870.9,373.0,428.3,249.3,16.9,164.3,7.61,0.34,0.66,28.7,973.2,70.7,28.9,64267.9,107556.9,13693.3,20823.5,29751.1,156.76,0.4283
Maharashtra,Kolhapur,Cotton,Kharif,2017,41535.4,17901.8,431.0,283.8,19.5,290.9,7.0,0.51,0.34,29.5,1031.2,75.2,30.5,45548.3,73462.9,8504.0,13916.1,23128.2,113.54,0.431
Andhra Pradesh,Krishna,Wheat,Rabi,2017,20844.6,71790.9,3444.1,221.1,11.4,158.1,6.96,0.41,0.34,22.8,119.6,62.7,13.7,32728.2,55276.9,6882.5,10330.4,15515.3,113.54,3.4440999999999997
Maharashtra,Kolhapur,Cotton,Kharif,2022,1926.6,1042.7,541.2,272.0,17.7,300.1,7.04,0.46,0.33,29.7,1176.8,72.9,33.0,64774.8,104925.0,12235.0,20013.4,32526.4,156.76,0.5412
Punjab,Patiala,Maize,Kharif,2015,12714.4,36998.9,2910.0,341.1,21.7,238.2,7.6,0.54,0.68,26.5,567.0,65.1,22.7,26148.7,44308.2,5032.2,9872.0,11244.5,100.0,2.91
Madhya Pradesh,Ujjain,Bajra,Kharif,2021,7129.2,8595.7,1205.7,269.0,13.1,240.4,7.63,0.42,0.69,28.8,1285.5,70.6,34.5,24502.2,40592.6,3958.1,9960.2,10583.9,148.02,1.2057
Madhya Pradesh,Ujjain,Groundnut,Kharif,2023,32602.4,48368.9,1483.6,313.8,15.6,250.8,7.82,0.54,0.45,29.3,1276.2,68.4,34.1,53348.2,86574.1,12775.8,19731.2,20841.2,166.25,1.4835999999999998
Andhra Pradesh,Kurnool,Bajra,Kharif,2019,10710.0,19062.7,1779.9,212.3,14.3,208.1,7.15,0.38,0.2,31.8,1078.8,78.3,32.2,24087.6,40862.0,5350.5,8383.3,10353.8,128.37,1.7799
Karnataka,Raichur,Cotton,Kharif,2017,1191.1,445.1,373.7,220.6,12.6,200.8,6.42,0.56,0.31,29.0,843.9,78.0,26.3,38982.3,66165.7,7872.3,14307.0,16803.0,113.54,0.3737
Andhra Pradesh,Guntur,Cotton,Kharif,2022,23853.2,11051.2,463.3,216.7,14.0,215.6,6.8,0.37,0.65,31.1,989.4,77.0,28.4,60327.3,97047.3,10271.3,24539.3,25516.7,156.76,0.4633
Maharashtra,Nashik,Bajra,Kharif,2015,23986.7,42497.2,1771.7,230.8,16.2,251.6,7.45,0.53,1.07,29.3,1216.3,71.8,35.0,19724.3,32102.4,4226.2,7755.2,7742.9,100.0,1.7717
Madhya Pradesh,Indore,Maize,Kharif,2018,22752.4,56203.0,2470.2,268.1,12.3,237.0,7.37,0.41,0.98,28.3,1313.7,67.7,36.8,27333.3,44827.3,5056.5,8760.7,13516.1,119.72,2.4701999999999997
Tamil Nadu,Salem,Wheat,Rabi,2017,38138.2,99906.8,2619.6,217.2,13.4,249.5,7.16,0.5,0.61,23.0,136.8,64.0,12.5,32202.5,52648.1,7580.5,13133.2,11488.8,113.54,2.6195999999999997
Bihar,Rohtas,Jowar,Rabi,2019,42945.8,59630.2,1388.5,205.5,19.8,198.1,7.49,0.36,0.85,20.6,211.6,63.3,14.3,23581.5,38553.1,5466.9,7171.4,10943.2,128.37,1.3885
Madhya Pradesh,Sehore,Groundnut,Rabi,2022,33256.6,36505.8,1097.7,296.7,16.9,257.7,7.27,0.55,0.54,21.4,167.0,52.4,14.3,50039.4,83093.8,9356.0,15829.9,24853.5,156.76,1.0977000000000001
Uttar Pradesh,Kanpur Dehat,Cotton,Kharif,2023,29843.9,19759.6,662.1,234.7,16.5,158.5,7.5,0.5,0.95,29.6,1025.5,70.1,31.7,67114.8,111241.3,13891.0,21845.6,31378.2,166.25,0.6621
Bihar,Patna,Rice,Kharif,2015,525.5,1348.7,2566.6,227.6,16.4,162.6,7.21,0.49,0.41,28.8,1532.3,80.0,37.4,31535.1,53425.9,6255.3,11704.8,13575.0,100.0,2.5665999999999998
Madhya Pradesh,Ujjain,Rice,Kharif,2021,29718.9,95986.1,3229.8,269.0,13.1,240.4,7.63,0.42,0.69,28.8,1285.5,70.6,34.5,43108.1,69244.3,8425.4,16041.3,18641.4,148.02,3.2298
Haryana,Kurukshetra,Maize,Rabi,2022,8954.3,28104.9,3138.7,265.4,17.2,228.3,7.8,0.38,0.1,20.0,94.1,47.6,11.1,37669.8,62957.5,6628.1,12778.3,18263.4,156.76,3.1386999999999996
Madhya Pradesh,Indore,Sugarcane,Whole Year,2019,6169.0,377834.6,61247.3,254.0,14.9,254.7,7.88,0.57,0.78,25.9,1413.6,58.8,21.5,108615.8,179577.9,21811.2,33487.0,53317.6,128.37,61.2473
Karnataka,Raichur,Groundnut,Rabi,2016,39985.5,48570.4,1214.7,213.5,13.0,162.3,6.45,0.54,0.94,21.0,139.2,58.1,10.2,34256.0,56559.2,6542.0,10857.1,16856.9,105.27,1.2147000000000001
Uttar Pradesh,Meerut,Rice,Kharif,2017,31361.9,63140.9,2013.3,267.8,14.1,175.1,7.73,0.48,1.12,29.4,929.7,69.9,27.0,40468.0,65592.4,9005.1,12400.6,19062.3,113.54,2.0133
Karnataka,Belagavi,Bajra,Kharif,2019,42700.6,48529.2,1136.5,218.7,15.1,232.5,6.26,0.57,0.54,28.6,978.0,74.9,29.6,21778.6,35174.7,3623.5,7687.0,10468.1,128.37,1.1365
Andhra Pradesh,Guntur,Soyabean,Kharif,2020,33733.8,39205.4,1162.2,198.6,13.6,217.5,6.93,0.48,0.91,30.5,1027.0,78.5,31.3,31837.9,52011.5,7456.0,11183.9,13198.0,138.02,1.1622000000000001
Madhya Pradesh,Indore,Maize,Rabi,2018,9068.3,20362.0,2245.4,268.1,12.3,237.0,7.37,0.41,0.98,20.8,194.3,53.3,12.3,27333.3,44827.3,5056.5,8760.7,13516.1,119.72,2.2454
Uttar Pradesh,Gorakhpur,Cotton,Kharif,2017,43465.9,18468.7,424.9,265.0,11.7,173.3,7.17,0.38,0.97,28.4,899.8,73.5,29.4,47011.8,78651.3,8596.9,16270.5,22144.4,113.54,0.4249
West Bengal,Hooghly,Soyabean,Kharif,2023,20433.1,19826.2,970.3,206.4,16.9,157.0,6.28,0.62,0.23,30.3,1459.6,84.8,37.9,39901.6,66788.4,6457.7,16138.6,17305.3,166.25,0.9702999999999999
Uttar Pradesh,Kanpur Dehat,Rice,Kharif,2017,31772.1,105019.5,3305.4,251.6,15.2,161.9,7.49,0.35,0.98,28.9,1152.1,69.4,30.8,40468.0,65592.4,9005.1,12400.6,19062.3,113.54,3.3054
Karnataka,Raichur,Groundnut,Rabi,2019,36807.2,59844.8,1625.9,207.3,15.7,187.2,6.49,0.54,1.11,21.1,149.7,61.0,12.8,37769.9,62773.6,7583.8,11908.7,18277.4,128.37,1.6259000000000001
Andhra Pradesh,Kurnool,Maize,Rabi,2023,26326.2,55140.2,2094.5,215.3,14.3,204.9,7.01,0.43,0.8,22.8,116.4,60.0,12.6,40290.8,65085.1,8043.8,12466.3,19780.7,166.25,2.0945
Haryana,Kurukshetra,Gram,Rabi,2018,28581.0,23236.4,813.0,226.3,12.9,223.9,7.92,0.48,0.67,19.1,104.7,46.5,11.2,25412.2,42308.6,5413.5,8214.5,11784.2,119.72,0.813
Maharashtra,Kolhapur,Soyabean,Kharif,2015,20979.1,28279.8,1348.0,275.5,18.6,285.5,7.58,0.43,0.86,30.1,1300.5,75.3,36.6,24473.1,40170.2,5007.8,9249.1,10216.2,100.0,1.348
Maharashtra,Pune,Bajra,Kharif,2017,25387.0,27971.4,1101.8,262.2,17.1,250.7,7.25,0.57,0.41,29.8,1265.4,75.3,35.1,23694.1,39311.7,5199.8,7161.3,11333.0,113.54,1.1018
West Bengal,Murshidabad,Bajra,Kharif,2018,29640.5,47931.7,1617.1,238.7,24.6,197.7,6.22,0.59,0.72,29.5,1648.7,85.2,39.0,23456.3,37722.1,5283.6,9214.3,8958.4,119.72,1.6171
Punjab,Amritsar,Groundnut,Kharif,2023,35688.0,42897.0,1202.0,254.1,16.4,214.6,7.54,0.36,0.47,27.0,808.3,67.3,24.8,61954.5,103063.0,10621.5,24819.6,26513.4,166.25,1.202
Maharashtra,Pune,Gram,Rabi,2021,35539.9,29533.7,831.0,258.6,17.1,217.4,7.36,0.52,1.1,22.8,162.2,56.9,12.8,36017.5,60413.2,7316.0,13027.6,15673.9,148.02,0.831
Karnataka,Raichur,Groundnut,Kharif,2019,1815.2,1816.1,1000.5,207.3,15.7,187.2,6.49,0.54,1.11,29.3,912.8,77.7,27.6,37769.9,62773.6,7583.8,11908.7,18277.4,128.37,1.0005
Uttar Pradesh,Bareilly,Maize,Kharif,2022,34935.2,67784.8,1940.3,249.3,16.9,164.3,7.61,0.34,0.66,28.7,973.2,70.7,28.9,39335.2,63180.2,6725.6,16199.9,16409.7,156.76,1.9403
Maharashtra,Nashik,Groundnut,Rabi,2023,33550.0,54572.4,1626.6,264.5,20.4,240.0,7.19,0.56,0.93,22.0,169.3,57.2,12.4,61038.7,103206.0,9886.7,24337.3,26814.7,166.25,1.6265999999999998
Punjab,Patiala,Sugarcane,Whole Year,2022,6938.6,372989.3,53755.7,282.2,19.6,216.9,7.53,0.39,0.52,23.6,854.5,57.2,16.8,137756.2,228175.6,31062.0,57720.1,48974.1,156.76,53.7557
Karnataka,Mysuru,Jowar,Rabi,2020,28117.3,38281.7,1361.5,221.5,12.3,207.8,6.78,0.58,0.99,21.4,130.2,63.0,13.3,23812.6,39245.0,4273.9,9885.3,9653.4,138.02,1.3615
Maharashtra,Pune,Cotton,Kharif,2017,12935.9,6219.6,480.8,262.2,17.1,250.7,7.25,0.57,0.41,29.8,1265.4,75.3,35.1,45548.3,73462.9,8504.0,13916.1,23128.2,113.54,0.4808
Haryana,Sirsa,Maize,Kharif,2023,20084.4,62368.1,3105.3,297.4,18.5,192.6,8.24,0.41,1.07,28.2,703.1,62.0,23.2,38546.1,65013.7,7114.0,12047.0,19385.1,166.25,3.1053
Madhya Pradesh,Ujjain,Jowar,Rabi,2018,5438.0,5969.3,1097.7,247.6,17.5,293.4,7.55,0.51,0.5,21.0,190.9,54.6,11.4,20949.2,34780.6,4640.1,8368.7,7940.4,119.72,1.0977000000000001
Uttar Pradesh,Kanpur Dehat,Gram,Rabi,2019,20918.8,20358.2,973.2,254.3,16.9,170.5,7.19,0.43,0.23,20.7,92.7,56.5,11.3,28377.4,45463.8,6578.6,10648.3,11150.5,128.37,0.9732000000000001
Bihar,Patna,Gram,Rabi,2015,42622.7,26796.9,628.7,227.6,16.4,162.6,7.21,0.49,0.41,20.1,172.1,61.5,13.5,20682.0,34686.2,4785.1,8379.8,7517.1,100.0,0.6287
Andhra Pradesh,Guntur,Gram,Rabi,2021,15510.4,16085.8,1037.1,227.4,18.3,235.4,6.8,0.47,0.99,23.8,148.4,60.6,14.7,31517.8,52937.8,6832.7,11587.0,13098.1,148.02,1.0371
Karnataka,Mysuru,Groundnut,Rabi,2015,3406.7,5653.8,1659.6,208.8,12.1,198.4,6.41,0.56,0.6,20.9,151.4,61.6,14.6,30803.6,51174.8,7009.6,11447.2,12346.8,100.0,1.6596
Uttar Pradesh,Gorakhpur,Soyabean,Kharif,2023,36437.1,46293.3,1270.5,239.4,16.0,188.7,7.4,0.38,0.75,29.2,954.3,71.2,30.1,37825.1,61829.5,6250.3,13127.2,18447.6,166.25,1.2705
Maharashtra,Kolhapur,Rice,Kharif,2023,29205.7,71527.7,2449.1,312.4,15.8,290.5,7.07,0.49,1.06,29.7,1123.3,74.3,30.2,61287.2,102527.9,12766.4,19040.1,29480.7,166.25,2.4491
Madhya Pradesh,Hoshangabad,Jowar,Kharif,2017,15569.1,21806.1,1400.6,284.1,17.4,264.3,7.63,0.45,0.38,29.0,1257.2,72.0,35.3,19420.5,32873.3,3413.8,6597.2,9409.5,113.54,1.4005999999999998
West Bengal,Hooghly,Gram,Rabi,2023,6885.1,4767.9,692.5,206.4,16.9,157.0,6.28,0.62,0.23,21.3,275.0,71.3,15.2,36966.3,61742.2,6667.5,12198.4,18100.4,166.25,0.6925
Bihar,Rohtas,Groundnut,Rabi,2016,28284.0,34585.7,1222.8,230.6,13.0,179.1,7.16,0.35,0.12,21.2,177.9,62.0,11.8,32893.1,55585.5,5999.8,12816.8,14076.5,105.27,1.2227999999999999
Bihar,Rohtas,Cotton,Kharif,2022,27154.6,12360.8,455.2,241.3,15.1,154.7,6.94,0.52,0.4,28.9,1140.5,79.3,34.3,59228.3,95484.5,10444.3,19007.4,29776.6,156.76,0.4552
Bihar,Muzaffarpur,Maize,Rabi,2016,1668.2,4113.8,2466.0,216.8,14.6,198.9,7.04,0.52,0.71,20.9,165.9,63.6,12.8,23734.4,39342.6,4117.6,8091.0,11525.8,105.27,2.466
Andhra Pradesh,Guntur,Groundnut,Kharif,2018,29665.1,63542.6,2142.0,262.5,12.8,205.2,6.51,0.5,0.6,30.8,1092.5,80.5,31.8,42110.3,68898.3,7658.1,12897.1,21555.1,119.72,2.142
Bihar,Muzaffarpur,Groundnut,Kharif,2015,16300.3,27255.7,1672.1,233.6,15.7,176.2,7.24,0.37,0.67,29.2,1540.0,80.6,38.9,33449.1,55993.2,7698.5,10483.4,15267.2,100.0,1.6721
Punjab,Patiala,Jowar,Kharif,2018,6606.9,6184.7,936.1,277.9,21.9,199.8,7.95,0.54,0.13,26.6,749.6,65.4,26.7,25510.8,41994.2,5723.1,8872.4,10915.3,119.72,0.9361
Haryana,Kurukshetra,Groundnut,Kharif,2015,31367.9,34943.8,1114.0,284.8,16.0,213.8,8.09,0.48,0.5,27.7,765.5,64.1,23.1,35383.1,56791.5,6698.7,12375.7,16308.7,100.0,1.114
West Bengal,Bardhaman,Maize,Rabi,2016,14885.6,30025.7,2017.1,192.7,22.7,168.2,6.27,0.53,1.09,21.5,265.6,69.1,16.7,25328.1,41661.2,5035.2,8646.1,11646.8,105.27,2.0171
Uttar Pradesh,Kanpur Dehat,Wheat,Rabi,2021,41180.5,163737.8,3976.1,226.3,15.3,162.5,7.26,0.44,1.0,21.4,159.6,56.3,15.0,42489.3,69250.4,7774.8,15200.5,19514.0,148.02,3.9760999999999997
Maharashtra,Nashik,Groundnut,Kharif,2020,15688.7,20572.6,1311.3,298.5,13.9,220.5,7.33,0.56,1.14,30.2,997.2,76.4,29.0,49589.2,83246.1,9113.8,15866.7,24608.7,138.02,1.3113
Tamil Nadu,Coimbatore,Cotton,Kharif,2016,21902.7,7289.2,332.8,175.8,11.8,238.6,6.5,0.57,0.96,31.1,814.8,82.1,28.8,42159.7,68553.0,8554.1,13989.7,19615.9,105.27,0.3328
Tamil Nadu,Erode,Sugarcane,Whole Year,2021,8304.7,580651.3,69918.4,202.6,11.0,232.8,7.27,0.58,0.34,28.2,1261.0,71.4,21.0,132733.8,224344.9,24280.1,49944.4,58509.3,148.02,69.91839999999999
Karnataka,Davanagere,Maize,Rabi,2020,38462.5,121468.4,3158.1,224.5,12.0,198.5,6.97,0.57,0.94,21.0,121.6,59.3,13.5,31711.9,53115.0,7081.9,12372.1,12257.9,138.02,3.1581
West Bengal,Nadia,Gram,Rabi,2021,1716.1,1206.2,702.9,236.7,21.7,155.4,6.21,0.54,0.18,22.0,258.3,69.2,14.1,30549.8,50421.0,7053.1,10732.5,12764.2,148.02,0.7029
Madhya Pradesh,Hoshangabad,Sugarcane,Whole Year,2023,39323.7,3204877.6,81499.9,304.8,16.3,307.9,7.25,0.47,0.51,26.4,1320.1,59.4,21.2,137688.4,228396.9,25610.5,49727.3,62350.6,166.25,81.4999
Haryana,Sirsa,Cotton,Kharif,2017,42059.6,17454.7,415.0,243.4,20.7,220.7,7.83,0.44,0.9,28.6,683.0,62.9,24.6,40712.0,66597.8,8305.4,15926.7,16479.9,113.54,0.415
Andhra Pradesh,Krishna,Gram,Rabi,2023,31409.6,28513.6,907.8,203.6,13.2,206.5,7.15,0.42,0.38,22.5,143.9,62.0,12.9,33623.1,54758.9,7905.7,13705.7,12011.7,166.25,0.9077999999999999
Madhya Pradesh,Ujjain,Groundnut,Rabi,2020,9498.4,10953.6,1153.2,307.5,12.8,215.9,7.93,0.43,0.55,20.4,178.3,51.7,14.5,44826.9,72685.8,8541.2,17728.4,18557.3,138.02,1.1532
Uttar Pradesh,Gorakhpur,Groundnut,Kharif,2023,42848.2,47235.9,1102.4,239.4,16.0,188.7,7.4,0.38,0.75,29.2,954.3,71.2,30.1,59561.3,100888.3,12687.4,19718.6,27155.3,166.25,1.1024
Punjab,Amritsar,Soyabean,Kharif,2016,4640.9,5008.9,1079.3,291.9,22.0,220.3,7.79,0.46,0.92,27.2,613.4,66.3,20.9,25776.8,43443.4,4415.0,8774.4,12587.4,105.27,1.0793
Punjab,Patiala,Jowar,Rabi,2019,14307.2,14308.6,1000.1,306.3,20.9,268.7,7.87,0.4,0.55,18.7,87.2,50.9,11.0,25874.6,43500.1,5395.3,10067.7,10411.6,128.37,1.0001
West Bengal,Nadia,Jowar,Rabi,2023,13859.6,13880.4,1001.5,215.9,21.4,174.4,6.19,0.61,1.05,22.5,227.3,71.8,13.7,33957.2,55993.4,7526.2,10884.8,15546.2,166.25,1.0015
West Bengal,Hooghly,Jowar,Rabi,2017,6156.6,9506.4,1544.1,166.6,17.3,174.6,5.73,0.63,0.56,21.9,238.5,66.9,14.4,23223.5,39332.8,5202.6,9503.9,8517.0,113.54,1.5440999999999998
West Bengal,Nadia,Bajra,Kharif,2023,37143.2,69008.4,1857.9,215.9,21.4,174.4,6.19,0.61,1.05,29.5,1818.1,87.2,39.5,30555.0,48990.8,5676.2,12578.6,12300.2,166.25,1.8579
Bihar,Muzaffarpur,Gram,Rabi,2020,26046.9,33785.4,1297.1,196.7,16.2,178.0,6.96,0.48,1.11,21.1,188.3,62.4,13.9,28004.0,45360.6,4723.1,10468.9,12812.0,138.02,1.2971
Punjab,Bathinda,Sugarcane,Whole Year,2015,6889.2,469350.9,68128.5,249.8,19.0,200.8,8.01,0.39,0.88,24.0,828.1,56.2,16.9,92727.0,148983.6,18355.1,28068.3,46303.6,100.0,68.1285
Karnataka,Raichur,Maize,Rabi,2019,26364.9,49832.3,1890.1,207.3,15.7,187.2,6.49,0.54,1.11,21.1,149.7,61.0,12.8,29197.7,48704.7,4896.6,11345.2,12955.9,128.37,1.8901
Bihar,Patna,Sugarcane,Whole Year,2016,40074.1,2874451.1,71728.4,247.2,13.6,177.0,7.62,0.47,0.4,26.1,1474.3,70.2,21.9,86411.0,144849.3,18549.5,32792.8,35068.7,105.27,71.7284
Madhya Pradesh,Indore,Bajra,Kharif,2021,44273.2,68486.2,1546.9,257.6,13.8,275.0,7.88,0.55,0.9,29.3,1289.6,70.3,34.2,24502.2,40592.6,3958.1,9960.2,10583.9,148.02,1.5469000000000002
Bihar,Patna,Maize,Kharif,2017,1574.2,4304.5,2734.4,216.1,14.2,193.6,7.19,0.51,0.87,29.1,1280.8,76.6,35.2,25637.0,42293.3,5198.3,10674.6,9764.1,113.54,2.7344
Andhra Pradesh,West Godavari,Groundnut,Rabi,2017,4461.5,4186.7,938.4,213.7,14.1,231.8,7.11,0.47,0.71,22.2,119.0,60.3,13.7,39347.9,64988.6,8044.8,13759.5,17543.6,113.54,0.9384
Maharashtra,Nagpur,Soyabean,Kharif,2023,32780.9,32302.3,985.4,259.2,17.6,226.8,6.86,0.56,0.99,29.9,1241.0,74.0,35.0,39539.6,65542.3,8813.5,12799.9,17926.2,166.25,0.9853999999999999
Haryana,Hisar,Jowar,Kharif,2017,6635.1,6584.0,992.3,228.3,17.5,223.1,7.69,0.3,0.7,28.1,611.0,63.0,22.4,22524.2,37575.8,3734.0,9339.4,9450.8,113.54,0.9923
Karnataka,Mysuru,Maize,Kharif,2020,10551.9,33131.9,3139.9,221.5,12.3,207.8,6.78,0.58,0.99,29.0,1015.8,75.5,31.6,31711.9,53115.0,7081.9,12372.1,12257.9,138.02,3.1399
Andhra Pradesh,Krishna,Groundnut,Kharif,2018,33187.4,51115.2,1540.2,200.9,11.5,172.5,6.56,0.38,1.0,30.7,1121.5,76.7,31.7,42110.3,68898.3,7658.1,12897.1,21555.1,119.72,1.5402
Bihar,Rohtas,Bajra,Kharif,2018,33392.8,41764.4,1250.7,218.5,14.5,175.1,7.01,0.36,1.18,28.5,1298.3,78.7,35.5,20557.1,34580.6,3344.2,8618.6,8594.3,119.72,1.2507000000000001
Tamil Nadu,Coimbatore,Jowar,Rabi,2015,18445.4,18242.5,989.0,203.6,14.3,178.1,7.28,0.61,0.59,23.1,151.5,64.7,12.7,18763.7,30428.0,3438.4,7357.7,7967.6,100.0,0.989
Punjab,Bathinda,Groundnut,Kharif,2020,30733.8,53157.2,1729.6,277.0,23.5,204.4,7.46,0.36,1.0,27.7,707.8,66.5,22.6,48265.2,80811.4,9243.6,20196.3,18825.3,138.02,1.7295999999999998
West Bengal,Murshidabad,Maize,Kharif,2018,2764.4,6351.8,2297.7,238.7,24.6,197.7,6.22,0.59,0.72,29.5,1648.7,85.2,39.0,28440.4,46356.4,5013.7,8739.0,14687.7,119.72,2.2977
Bihar,Gaya,Sugarcane,Whole Year,2019,29016.5,1730538.3,59639.8,230.0,15.7,151.3,6.97,0.47,1.12,25.6,1630.9,69.5,21.3,110517.6,179557.0,19694.7,36984.2,53838.7,128.37,59.6398
Maharashtra,Pune,Rice,Kharif,2017,20521.9,53159.9,2590.4,262.2,17.1,250.7,7.25,0.57,0.41,29.8,1265.4,75.3,35.1,39967.1,64981.5,7610.3,12180.9,20175.9,113.54,2.5904000000000003
Haryana,Karnal,Bajra,Kharif,2022,34589.4,50075.1,1447.7,241.6,14.4,225.0,7.62,0.44,0.32,28.3,693.0,64.1,22.9,28085.3,45213.6,6732.3,9566.7,11786.3,156.76,1.4477
West Bengal,Nadia,Groundnut,Kharif,2022,3316.1,5071.0,1529.2,201.7,23.7,179.7,5.93,0.53,0.29,30.2,1421.1,86.1,38.8,53539.1,87555.1,12262.6,19191.3,22085.2,156.76,1.5292000000000001
Maharashtra,Nagpur,Sugarcane,Whole Year,2020,33175.4,1902801.6,57355.8,222.3,14.9,234.4,7.34,0.39,0.47,27.2,1170.1,64.2,19.3,131508.4,222241.9,30564.9,52934.8,48008.7,138.02,57.3558
Andhra Pradesh,Kurnool,Cotton,Kharif,2020,40214.6,21925.0,545.2,229.8,12.4,202.3,6.81,0.49,0.8,31.1,1138.0,78.2,33.2,50960.3,82648.3,8410.3,19098.8,23451.2,138.02,0.5452
Uttar Pradesh,Gorakhpur,Groundnut,Kharif,2020,32856.3,35954.6,1094.3,241.1,14.9,178.2,7.26,0.42,0.43,29.0,1213.7,73.2,33.7,49076.2,78948.4,8852.8,15937.8,24285.6,138.02,1.0943
Tamil Nadu,Thanjavur,Groundnut,Rabi,2021,3206.2,5028.6,1568.4,189.1,11.2,210.0,6.68,0.44,0.88,23.0,183.1,64.2,12.1,47843.0,78738.6,9537.9,15158.0,23147.1,148.02,1.5684
Haryana,Hisar,Sugarcane,Whole Year,2018,3315.4,215491.7,64997.2,232.7,15.3,205.6,8.22,0.37,0.25,24.8,729.4,52.2,15.9,106243.7,172715.9,24507.8,42444.3,39291.6,119.72,64.99719999999999
Madhya Pradesh,Hoshangabad,Maize,Kharif,2016,40856.2,111231.0,2722.5,321.3,18.9,274.0,7.92,0.42,0.9,28.0,1187.0,68.7,34.3,23573.4,38475.1,5488.3,9071.0,9014.1,105.27,2.7225
Maharashtra,Nashik,Gram,Rabi,2021,2665.0,3533.5,1325.9,259.8,19.1,277.4,7.06,0.43,0.39,21.9,120.6,54.0,12.7,36017.5,60413.2,7316.0,13027.6,15673.9,148.02,1.3259
Bihar,Muzaffarpur,Cotton,Kharif,2015,1256.2,681.1,542.2,233.6,15.7,176.2,7.24,0.37,0.67,29.2,1540.0,80.6,38.9,37302.5,63068.0,7102.7,12509.6,17690.2,100.0,0.5422
Uttar Pradesh,Meerut,Jowar,Kharif,2017,30070.0,43881.2,1459.3,267.8,14.1,175.1,7.73,0.48,1.12,29.4,929.7,69.9,27.0,22066.0,36104.9,4447.0,9227.6,8391.4,113.54,1.4593
Karnataka,Davanagere,Bajra,Kharif,2021,44230.0,76836.4,1737.2,211.8,12.8,203.9,6.51,0.45,1.05,28.7,1102.5,76.1,32.4,24563.5,41682.2,5566.0,8717.5,10280.0,148.02,1.7372
Karnataka,Raichur,Gram,Rabi,2022,10549.5,8366.8,793.1,223.0,10.7,211.3,6.62,0.57,1.12,21.4,132.2,61.3,13.4,28544.5,48260.1,6620.4,11658.9,10265.2,156.76,0.7931
Tamil Nadu,Thanjavur,Groundnut,Kharif,2020,6031.6,8800.1,1459.0,193.4,14.7,230.0,6.95,0.53,0.75,31.0,1109.3,80.0,31.0,45395.0,74386.2,7440.0,14791.0,23164.0,138.02,1.459
Maharashtra,Pune,Rice,Kharif,2016,27454.1,76830.3,2798.5,233.8,14.8,208.7,6.93,0.53,0.16,30.2,974.8,74.5,29.3,39251.1,63776.8,6679.6,14266.8,18304.7,105.27,2.7985
Maharashtra,Nagpur,Maize,Rabi,2019,12815.9,32093.6,2504.2,294.7,20.3,230.9,7.01,0.57,0.41,22.4,174.2,54.6,13.2,34642.4,57936.4,5610.1,11306.8,17725.5,128.37,2.5042
Karnataka,Mysuru,Soyabean,Kharif,2021,22896.6,21989.9,960.4,208.1,12.3,159.6,6.48,0.49,0.9,28.5,1147.0,76.7,34.7,30724.0,50985.8,5870.3,9712.6,15141.1,148.02,0.9604
Andhra Pradesh,West Godavari,Groundnut,Kharif,2018,13256.1,13489.4,1017.6,237.3,12.0,201.0,6.76,0.37,0.44,30.9,1233.3,76.8,35.4,42110.3,68898.3,7658.1,12897.1,21555.1,119.72,1.0176
Bihar,Rohtas,Jowar,Rabi,2018,4606.1,3929.9,853.2,218.5,14.5,175.1,7.01,0.36,1.18,20.7,199.4,63.5,13.6,22843.7,37154.5,3813.0,7819.1,11211.6,119.72,0.8532000000000001
Andhra Pradesh,West Godavari,Groundnut,Kharif,2022,1152.4,2125.7,1844.6,201.4,16.6,238.7,6.93,0.55,0.19,31.1,1210.9,78.9,33.9,53353.4,89870.0,8895.1,19190.9,25267.4,156.76,1.8446
Tamil Nadu,Salem,Jowar,Kharif,2016,31044.2,29060.5,936.1,191.9,14.6,188.0,7.21,0.46,1.17,30.7,1047.6,81.0,31.0,19483.5,32423.3,4340.8,6758.4,8384.3,105.27,0.9361
Bihar,Patna,Sugarcane,Whole Year,2015,21912.2,1573256.5,71798.2,227.6,16.4,162.6,7.21,0.49,0.41,25.7,1743.1,68.7,23.4,81702.0,137347.4,14840.5,26822.0,40039.5,100.0,71.7982
Uttar Pradesh,Kanpur Dehat,Cotton,Kharif,2019,34860.4,18333.1,525.9,254.3,16.9,170.5,7.19,0.43,0.23,29.4,919.9,70.9,28.6,54787.6,91423.2,12665.6,17634.7,24487.3,128.37,0.5258999999999999
Uttar Pradesh,Bareilly,Gram,Rabi,2021,23626.9,24810.6,1050.1,237.2,12.7,186.8,7.21,0.32,0.2,21.2,141.6,53.5,12.4,34074.9,54629.5,5926.2,13420.2,14728.5,148.02,1.0500999999999998
West Bengal,Bardhaman,Jowar,Kharif,2021,37733.6,56623.0,1500.6,211.2,20.9,153.8,5.92,0.67,0.49,30.2,1590.8,86.4,37.3,28429.8,47828.8,5988.9,9063.7,13377.2,148.02,1.5006
Madhya Pradesh,Ujjain,Sugarcane,Whole Year,2023,2311.1,142330.9,61585.8,313.8,15.6,250.8,7.82,0.54,0.45,26.3,1491.2,60.8,22.2,137688.4,228396.9,25610.5,49727.3,62350.6,166.25,61.585800000000006
West Bengal,Hooghly,Maize,Rabi,2022,22341.0,74131.9,3318.2,205.7,21.1,178.8,6.03,0.54,1.04,20.9,214.8,70.2,15.9,40399.5,64735.8,8477.8,16516.9,15404.8,156.76,3.3182
Karnataka,Davanagere,Maize,Rabi,2022,25743.4,95011.2,3690.7,208.3,14.5,231.0,6.43,0.5,0.46,21.0,130.5,60.6,14.5,34686.4,57187.8,6997.8,13940.5,13748.1,156.76,3.6906999999999996
Madhya Pradesh,Indore,Jowar,Kharif,2020,33849.4,46339.8,1369.0,253.6,16.1,215.7,7.94,0.46,0.38,29.2,1165.9,68.2,33.3,24919.8,41318.9,5162.8,10255.5,9501.5,138.02,1.369
Bihar,Rohtas,Sugarcane,Whole Year,2020,26042.5,1570081.5,60289.2,213.7,16.5,183.0,7.62,0.36,0.11,26.1,1435.6,69.7,20.2,109967.7,177954.3,24259.4,35768.0,49940.3,138.02,60.289199999999994
Karnataka,Davanagere,Jowar,Kharif,2016,21689.0,22762.6,1049.5,257.5,12.1,200.0,6.57,0.64,0.59,29.2,1018.4,77.1,29.4,17539.2,28345.9,3114.3,5703.0,8721.9,105.27,1.0495
Karnataka,Belagavi,Jowar,Kharif,2017,5855.8,8012.5,1368.3,252.6,15.7,210.0,6.22,0.58,0.1,28.2,855.3,76.0,29.2,19536.8,33035.5,3942.0,6537.8,9057.0,113.54,1.3682999999999998
Andhra Pradesh,Kurnool,Rice,Kharif,2018,36761.4,125591.6,3416.4,217.1,14.9,192.2,6.55,0.42,0.9,31.5,1165.5,77.2,32.1,37696.7,62565.9,8744.6,15554.0,13398.1,119.72,3.4164
Tamil Nadu,Erode,Rice,Kharif,2022,25898.2,47240.9,1824.1,171.1,12.0,175.0,6.55,0.53,1.14,31.2,952.2,81.1,28.4,50056.0,83312.5,11844.0,17301.2,20910.8,156.76,1.8240999999999998
Bihar,Gaya,Maize,Kharif,2015,37086.3,96350.2,2598.0,197.8,12.9,157.4,7.61,0.54,0.39,28.3,1281.3,79.2,33.4,24031.4,39260.5,4436.4,8251.6,11343.4,100.0,2.598
West Bengal,Bardhaman,Jowar,Rabi,2018,37764.8,40725.6,1078.4,210.7,22.1,197.1,5.62,0.55,0.13,21.9,261.6,69.3,15.3,23614.7,39511.8,5265.1,9204.3,9145.3,119.72,1.0784
Uttar Pradesh,Gorakhpur,Groundnut,Kharif,2016,13387.0,22009.6,1644.1,245.3,12.4,176.7,7.63,0.45,0.53,29.3,1082.6,70.1,32.5,39000.1,64361.3,7461.5,11975.3,19563.3,105.27,1.6441
Maharashtra,Nagpur,Jowar,Rabi,2020,4925.1,4513.9,916.5,222.3,14.9,234.4,7.34,0.39,0.47,22.6,110.0,56.5,11.4,28042.3,46663.2,6656.3,8774.0,12612.0,138.02,0.9165
Punjab,Ludhiana,Maize,Kharif,2019,20918.9,45718.3,2185.5,234.4,20.9,203.8,7.52,0.51,0.24,26.7,773.7,67.5,25.6,32554.9,53651.4,6882.1,11377.8,14295.0,128.37,2.1855
Andhra Pradesh,Guntur,Jowar,Kharif,2023,35175.3,48517.3,1379.3,261.1,18.0,218.6,6.96,0.43,0.18,30.4,1017.5,77.3,29.9,32943.3,54064.8,6996.3,10543.2,15403.8,166.25,1.3793
West Bengal,Bardhaman,Wheat,Rabi,2017,9673.4,23272.3,2405.8,233.1,20.8,182.2,6.14,0.52,1.13,21.5,260.8,69.7,15.7,31157.6,52028.9,5972.3,12205.1,12980.2,113.54,2.4058
Madhya Pradesh,Indore,Jowar,Rabi,2018,12125.7,16024.1,1321.5,268.1,12.3,237.0,7.37,0.41,0.98,20.8,194.3,53.3,12.3,20949.2,34780.6,4640.1,8368.7,7940.4,119.72,1.3215
Tamil Nadu,Thanjavur,Groundnut,Kharif,2022,43481.9,68292.7,1570.6,210.5,14.0,212.9,7.25,0.47,0.66,31.2,1210.3,79.0,34.0,53123.4,87693.8,8515.0,16777.7,27830.7,156.76,1.5706
Maharashtra,Pune,Bajra,Kharif,2023,9065.4,8985.6,991.2,271.4,13.8,239.8,6.94,0.39,0.39,30.5,998.9,73.0,31.2,34435.6,56067.8,6618.3,11340.9,16476.4,166.25,0.9912000000000001
Bihar,Patna,Cotton,Kharif,2019,36174.5,16321.9,451.2,221.8,13.6,152.4,7.11,0.53,0.84,29.0,993.9,76.7,29.1,49029.0,82215.9,8969.4,20205.3,19854.3,128.37,0.4512
Punjab,Patiala,Jowar,Rabi,2020,23216.5,20226.2,871.2,338.9,23.1,209.9,7.48,0.37,0.13,18.2,103.3,50.6,11.4,27152.9,44864.5,5251.6,8278.1,13623.2,138.02,0.8712000000000001
Maharashtra,Nagpur,Rice,Kharif,2019,7385.2,13014.9,1762.3,294.7,20.3,230.9,7.01,0.57,0.41,29.5,1172.4,72.5,32.3,46689.9,75758.0,8494.8,17811.9,20383.2,128.37,1.7623
Punjab,Amritsar,Cotton,Kharif,2021,23015.3,11061.2,480.6,305.5,18.0,211.3,7.6,0.53,0.28,26.8,637.5,66.6,22.2,57827.9,94894.9,13492.1,22310.5,22025.3,148.02,0.4806
Punjab,Amritsar,Jowar,Kharif,2017,24979.3,26997.6,1080.8,251.1,18.9,224.9,7.9,0.39,0.29,26.5,758.2,67.6,24.1,23638.9,38470.8,5639.5,9628.4,8371.0,113.54,1.0808
Uttar Pradesh,Meerut,Maize,Kharif,2023,32698.6,64311.6,1966.8,256.1,14.5,191.5,7.87,0.39,0.8,29.4,1119.9,70.3,31.2,44402.5,71838.9,7836.2,17083.4,19482.9,166.25,1.9667999999999999
Andhra Pradesh,West Godavari,Gram,Rabi,2020,22830.5,26102.1,1143.3,213.8,17.0,225.4,6.48,0.4,1.07,23.1,124.4,61.4,13.1,30728.3,49353.7,6297.0,11669.7,12761.6,138.02,1.1433
Andhra Pradesh,West Godavari,Wheat,Rabi,2021,22521.1,58597.7,2601.9,201.7,15.9,216.2,7.05,0.52,1.0,22.6,134.7,59.2,13.4,41944.4,70445.8,7719.5,14087.7,20137.2,148.02,2.6019
Bihar,Patna,Jowar,Kharif,2021,39581.4,65879.3,1664.4,245.0,15.4,181.8,7.2,0.49,1.02,29.4,1273.8,79.3,33.3,28181.8,45553.8,6062.3,8480.5,13639.0,148.02,1.6644
Andhra Pradesh,Guntur,Maize,Rabi,2015,34895.2,100927.4,2892.3,220.7,14.6,219.2,6.63,0.45,0.4,23.0,134.7,58.9,13.3,24546.7,39463.2,5380.9,8778.8,10387.0,100.0,2.8923
Maharashtra,Kolhapur,Maize,Kharif,2016,29142.6,100203.9,3438.4,309.2,20.8,246.1,7.18,0.54,0.38,30.1,1043.1,72.8,30.7,29444.5,48555.9,6939.6,10408.6,12096.3,105.27,3.4384
Bihar,Rohtas,Bajra,Kharif,2021,27895.9,46226.3,1657.1,240.7,16.6,195.4,6.97,0.41,0.88,28.7,1422.2,76.3,36.6,25302.6,41123.1,5278.6,8166.7,11857.3,148.02,1.6571
Bihar,Muzaffarpur,Soyabean,Kharif,2019,33019.7,37810.9,1145.1,213.3,12.0,148.9,7.31,0.38,0.76,29.3,1296.5,78.9,35.8,27118.6,44037.6,4734.7,9618.3,12765.6,128.37,1.1451
Bihar,Patna,Groundnut,Rabi,2019,2005.7,2082.7,1038.4,221.8,13.6,152.4,7.11,0.53,0.84,20.1,164.7,63.4,10.8,41097.5,67137.2,9263.4,15786.0,16048.1,128.37,1.0384
Uttar Pradesh,Kanpur Dehat,Cotton,Kharif,2021,38235.2,22711.7,594.0,226.3,15.3,162.5,7.26,0.44,1.0,28.4,1172.4,70.1,31.2,59945.9,97594.1,11651.9,22733.7,25560.3,148.02,0.594
Madhya Pradesh,Hoshangabad,Jowar,Rabi,2023,41214.8,42364.7,1027.9,304.8,16.3,307.9,7.25,0.47,0.51,21.3,203.4,52.7,14.2,30361.6,48951.7,6063.0,10547.1,13751.5,166.25,1.0279
West Bengal,Murshidabad,Groundnut,Rabi,2020,38992.9,37086.1,951.1,190.2,18.6,149.0,5.97,0.67,0.59,22.0,209.1,68.8,13.1,47658.6,77734.8,11283.4,18106.2,18269.0,138.02,0.9511000000000001
Punjab,Amritsar,Jowar,Kharif,2016,31368.5,35117.0,1119.5,291.9,22.0,220.3,7.79,0.46,0.92,27.2,613.4,66.3,20.9,22708.3,37267.4,4088.9,9069.9,9549.5,105.27,1.1195
West Bengal,Murshidabad,Jowar,Kharif,2019,41593.3,67160.7,1614.7,181.6,18.5,167.7,5.64,0.56,0.67,29.6,1493.9,86.5,40.5,24758.2,40859.3,4639.7,7729.3,12389.2,128.37,1.6147
Punjab,Bathinda,Cotton,Kharif,2015,37843.3,21612.3,571.1,249.8,19.0,200.8,8.01,0.39,0.88,26.9,714.7,65.5,24.6,40785.7,68782.8,7587.4,12510.9,20687.4,100.0,0.5711
Maharashtra,Pune,Groundnut,Kharif,2022,3812.6,4246.9,1113.9,260.8,14.8,242.2,6.84,0.53,0.44,30.2,1038.8,72.5,30.8,60707.7,100593.0,10148.2,20096.1,30463.4,156.76,1.1139000000000001
Haryana,Kurukshetra,Groundnut,Rabi,2017,31856.2,42853.0,1345.2,220.4,12.4,190.2,7.96,0.31,0.83,20.4,89.7,47.5,12.5,36991.9,59418.1,6916.3,12650.4,17425.2,113.54,1.3452
Madhya Pradesh,Indore,Gram,Rabi,2015,5661.7,4304.6,760.3,268.8,15.7,278.7,7.98,0.45,0.79,21.5,156.0,52.5,13.4,19158.0,31759.5,3433.1,7268.5,8456.4,100.0,0.7603
Punjab,Bathinda,Soyabean,Kharif,2021,40311.4,51598.6,1280.0,315.9,18.9,245.8,7.42,0.48,0.59,26.9,725.0,65.1,25.3,36154.5,61394.6,7695.0,14554.0,13905.5,148.02,1.28
Tamil Nadu,Erode,Maize,Kharif,2017,29608.2,89248.0,3014.3,222.2,9.0,169.8,6.9,0.42,1.16,31.4,1091.2,82.6,31.5,25984.9,42622.1,5361.8,9611.9,11011.2,113.54,3.0143
Bihar,Patna,Groundnut,Rabi,2016,31103.8,50577.9,1626.1,247.2,13.6,177.0,7.62,0.47,0.4,21.3,169.8,62.8,14.6,32893.1,55585.5,5999.8,12816.8,14076.5,105.27,1.6260999999999999
Haryana,Karnal,Soyabean,Kharif,2018,11538.1,11352.3,983.9,264.0,18.4,233.1,8.29,0.3,0.44,28.0,532.6,63.5,22.2,27594.3,44748.0,4913.0,9517.2,13164.1,119.72,0.9839
Bihar,Patna,Maize,Rabi,2018,525.2,1173.9,2235.2,247.5,15.9,165.1,7.45,0.43,0.16,20.6,187.4,61.8,12.5,26624.7,45178.6,4960.1,8125.1,13539.5,119.72,2.2352
Maharashtra,Nagpur,Wheat,Rabi,2016,22243.7,83611.8,3758.9,233.0,13.2,245.4,7.26,0.54,0.27,21.5,170.1,56.3,13.7,34319.6,55319.3,8019.2,11681.4,14619.0,105.27,3.7589
Andhra Pradesh,West Godavari,Maize,Kharif,2016,6128.5,15029.5,2452.4,242.0,16.3,239.6,6.43,0.52,0.14,30.9,905.8,77.9,27.3,24173.2,39245.7,3954.7,8108.4,12110.1,105.27,2.4524
Haryana,Kurukshetra,Cotton,Kharif,2020,14221.7,6487.9,456.2,259.0,13.9,190.7,7.8,0.4,0.39,28.0,701.7,62.9,23.3,54534.8,91842.6,11719.2,17700.4,25115.2,138.02,0.4562
Tamil Nadu,Coimbatore,Cotton,Kharif,2015,22085.2,12332.4,558.4,203.6,14.3,178.1,7.28,0.61,0.59,30.4,1050.7,80.1,31.8,38005.6,62182.8,6317.1,14767.1,16921.4,100.0,0.5584
Punjab,Ludhiana,Rice,Kharif,2020,36519.7,69467.8,1902.2,299.0,17.1,217.2,7.67,0.45,0.31,27.1,758.1,66.3,25.6,49347.9,80986.3,9102.4,19716.2,20529.3,138.02,1.9022000000000001
Madhya Pradesh,Sehore,Maize,Rabi,2018,43388.5,101225.4,2333.0,323.9,15.6,230.3,7.52,0.56,0.61,20.9,157.2,50.8,13.2,27333.3,44827.3,5056.5,8760.7,13516.1,119.72,2.333
Karnataka,Davanagere,Jowar,Kharif,2017,22436.9,28371.5,1264.5,208.7,11.8,225.8,6.85,0.48,1.16,28.9,950.6,76.1,30.0,19536.8,33035.5,3942.0,6537.8,9057.0,113.54,1.2645
Haryana,Karnal,Jowar,Kharif,2015,2666.1,3528.8,1323.6,254.2,17.0,233.1,7.57,0.4,0.64,27.9,681.5,62.1,23.3,18405.2,30756.3,4236.0,7465.6,6703.6,100.0,1.3235999999999999
Punjab,Bathinda,Bajra,Kharif,2018,16916.5,27129.0,1603.7,301.9,19.4,254.9,8.17,0.41,0.87,27.3,858.1,64.7,29.2,23105.2,39232.4,5111.8,9310.3,8683.1,119.72,1.6037000000000001
Andhra Pradesh,West Godavari,Rice,Kharif,2015,13051.0,23328.7,1787.5,228.8,15.8,218.3,7.18,0.42,0.73,31.3,1105.5,75.8,34.2,33756.8,55809.8,7531.7,12709.0,13516.1,100.0,1.7875
West Bengal,Nadia,Rice,Kharif,2017,40145.5,115590.9,2879.3,197.8,23.5,200.9,6.37,0.56,0.63,29.3,1596.1,87.6,37.5,39075.2,63412.4,6617.7,11966.9,20490.6,113.54,2.8793
West Bengal,Bardhaman,Jowar,Kharif,2017,40154.7,34557.1,860.6,233.1,20.8,182.2,6.14,0.52,1.13,29.8,1427.1,85.4,36.6,23223.5,39332.8,5202.6,9503.9,8517.0,113.54,0.8606
Andhra Pradesh,Kurnool,Groundnut,Rabi,2016,20411.5,36256.9,1776.3,239.2,15.5,217.4,7.13,0.56,0.43,22.9,137.7,62.7,14.4,35671.0,57715.7,8249.4,12287.4,15134.2,105.27,1.7763
Karnataka,Davanagere,Cotton,Kharif,2015,33260.3,16703.3,502.2,265.7,16.3,226.8,6.98,0.48,0.13,29.0,1164.4,77.0,33.6,32879.4,53281.4,7530.7,10442.5,14906.2,100.0,0.5022
Madhya Pradesh,Hoshangabad,Sugarcane,Whole Year,2022,8654.5,519634.4,60042.1,277.8,16.8,317.1,7.95,0.53,1.04,25.9,1237.8,59.7,21.1,128053.3,206018.8,30348.3,52293.1,45411.9,156.76,60.0421
Andhra Pradesh,Kurnool,Bajra,Kharif,2017,10714.7,16177.1,1509.8,180.8,15.7,208.5,6.71,0.54,0.98,30.9,1075.7,77.4,30.8,21694.3,36848.5,3546.4,6768.0,11379.9,113.54,1.5098
Punjab,Patiala,Cotton,Kharif,2023,24728.7,14948.5,604.5,316.6,20.1,202.7,7.97,0.52,0.95,26.9,708.1,66.9,24.1,66995.5,110647.6,16034.8,25325.2,25635.5,166.25,0.6045
Punjab,Patiala,Groundnut,Rabi,2021,38109.4,79359.0,2082.4,293.1,16.5,270.0,7.92,0.38,0.69,19.4,102.1,48.4,13.4,53146.6,90183.0,9831.6,22178.2,21136.8,148.02,2.0824000000000003
Maharashtra,Nagpur,Jowar,Kharif,2020,26906.0,42683.7,1586.4,222.3,14.9,234.4,7.34,0.39,0.47,29.6,1023.6,74.9,29.5,28042.3,46663.2,6656.3,8774.0,12612.0,138.02,1.5864
Punjab,Ludhiana,Maize,Rabi,2020,20690.7,75879.0,3667.3,299.0,17.1,217.2,7.67,0.45,0.31,18.6,118.0,50.3,14.4,34479.1,55854.2,7926.7,11194.7,15357.7,138.02,3.6673
Madhya Pradesh,Sehore,Cotton,Kharif,2016,5941.3,3279.0,551.9,277.9,16.9,235.5,7.82,0.43,0.75,28.7,1160.9,68.8,30.9,38568.3,64948.8,8083.4,13188.4,17296.5,105.27,0.5519
Andhra Pradesh,West Godavari,Gram,Rabi,2019,35625.8,29198.9,819.6,211.2,12.6,187.9,6.7,0.49,1.04,22.2,179.5,60.8,14.4,26983.4,43278.2,6000.1,10538.1,10445.2,128.37,0.8196
Bihar,Rohtas,Jowar,Kharif,2016,21402.2,19007.3,888.1,230.6,13.0,179.1,7.16,0.35,0.12,29.0,1338.8,80.1,37.7,19051.6,31815.5,3379.2,7775.7,7896.7,105.27,0.8881
Karnataka,Raichur,Sugarcane,Whole Year,2018,26901.3,1542418.3,57336.2,233.2,13.3,200.8,6.9,0.61,1.19,25.9,1168.6,66.3,19.0,91912.9,154063.2,17372.7,36820.8,37719.4,119.72,57.3362
Madhya Pradesh,Sehore,Gram,Rabi,2020,39015.4,31251.3,801.0,283.9,18.0,245.8,7.74,0.44,0.67,20.3,133.9,51.3,13.5,27438.7,44200.3,5075.7,11110.5,11252.5,138.02,0.801
Punjab,Patiala,Gram,Rabi,2017,38959.0,37225.3,955.5,306.9,19.0,246.5,8.08,0.41,0.69,19.2,81.0,50.7,12.9,26463.3,44355.7,4967.1,8254.4,13241.8,113.54,0.9555
Andhra Pradesh,West Godavari,Groundnut,Rabi,2020,42174.8,86057.7,2040.5,213.8,17.0,225.4,6.48,0.4,1.07,23.1,124.4,61.4,13.1,49614.8,79443.6,9387.0,19854.8,20373.0,138.02,2.0405
Haryana,Hisar,Groundnut,Kharif,2021,19655.3,18167.4,924.3,226.5,17.3,178.9,8.22,0.45,0.94,27.3,697.6,65.2,23.8,48481.8,79445.5,10952.0,15579.6,21950.2,148.02,0.9242999999999999
Andhra Pradesh,Guntur,Groundnut,Kharif,2023,7912.1,13416.5,1695.7,261.1,18.0,218.6,6.96,0.43,0.18,30.4,1017.5,77.3,29.9,57662.8,94910.6,13400.1,20391.4,23871.3,166.25,1.6957
Uttar Pradesh,Kanpur Dehat,Jowar,Rabi,2019,33293.2,24833.4,745.9,254.3,16.9,170.5,7.19,0.43,0.23,20.7,92.7,56.5,11.3,26095.9,43638.0,5081.5,8967.4,12047.0,128.37,0.7459
Maharashtra,Kolhapur,Groundnut,Rabi,2018,37724.3,69039.2,1830.1,255.7,18.2,272.8,7.31,0.57,0.28,21.7,143.6,57.6,14.1,47254.6,75698.5,8129.0,19846.9,19278.7,119.72,1.8300999999999998
West Bengal,Hooghly,Soyabean,Kharif,2021,22645.5,32922.0,1453.8,198.5,23.8,160.2,5.86,0.59,0.72,29.9,1813.5,86.5,39.2,35358.6,57446.7,6145.9,13259.8,15952.9,148.02,1.4538
Uttar Pradesh,Gorakhpur,Bajra,Kharif,2022,9087.0,12979.9,1428.4,222.2,16.9,176.4,7.63,0.37,0.82,28.8,940.1,71.8,30.1,29939.7,48463.9,5817.9,9342.2,14779.6,156.76,1.4284000000000001
West Bengal,Bardhaman,Sugarcane,Whole Year,2019,39967.8,2107198.3,52722.4,229.8,19.3,189.0,6.17,0.7,0.3,27.3,1957.6,76.7,25.6,116045.0,185734.7,24980.8,37372.8,53691.4,128.37,52.7224
Haryana,Sirsa,Groundnut,Kharif,2023,15915.9,31308.2,1967.1,297.4,18.5,192.6,8.24,0.41,1.07,28.2,703.1,62.0,23.2,58181.6,97119.0,10435.5,22953.8,24792.3,166.25,1.9670999999999998
Haryana,Kurukshetra,Soyabean,Kharif,2022,18784.6,21314.9,1134.7,265.4,17.2,228.3,7.8,0.38,0.1,28.1,647.8,64.4,20.5,34439.7,57950.6,7082.8,13226.7,14130.2,156.76,1.1347
Karnataka,Mysuru,Maize,Rabi,2022,7114.6,19743.7,2775.1,193.9,14.9,191.0,6.56,0.47,0.59,21.5,143.7,60.3,13.3,34686.4,57187.8,6997.8,13940.5,13748.1,156.76,2.7751
Bihar,Patna,Groundnut,Rabi,2018,26651.4,46597.3,1748.4,247.5,15.9,165.1,7.45,0.43,0.16,20.6,187.4,61.8,12.5,38362.1,61919.2,7142.0,14310.4,16909.7,119.72,1.7484000000000002
Tamil Nadu,Erode,Rice,Kharif,2015,43563.7,115792.3,2658.0,220.7,9.4,198.3,7.16,0.46,0.53,30.6,1025.4,82.1,29.5,30450.4,49733.7,5638.2,10821.0,13991.2,100.0,2.658
Andhra Pradesh,West Godavari,Sugarcane,Whole Year,2017,37105.1,2941302.7,79269.5,213.7,14.1,231.8,7.11,0.47,0.71,27.8,1299.8,66.2,21.8,99672.2,162791.1,20173.2,37860.3,41638.7,113.54,79.2695
Maharashtra,Nagpur,Gram,Rabi,2022,23023.6,20845.6,905.4,258.7,19.1,237.8,7.58,0.54,0.89,21.7,179.8,55.6,12.4,37196.9,62380.2,8838.9,14008.4,14349.6,156.76,0.9054
Punjab,Bathinda,Groundnut,Rabi,2015,26039.5,37814.6,1452.2,249.8,19.0,200.8,8.01,0.39,0.88,19.2,88.2,49.3,11.3,35333.5,59341.9,7800.9,14118.8,13413.8,100.0,1.4522
Punjab,Patiala,Cotton,Kharif,2021,42842.7,14532.2,339.2,293.1,16.5,270.0,7.92,0.38,0.69,26.6,664.4,64.0,24.2,57827.9,94894.9,13492.1,22310.5,22025.3,148.02,0.3392
Punjab,Ludhiana,Maize,Kharif,2021,10259.8,35059.8,3417.2,228.2,20.3,194.1,8.02,0.39,1.17,26.7,678.8,65.6,23.6,38635.4,64555.8,6865.5,15335.6,16434.3,148.02,3.4172
Uttar Pradesh,Bareilly,Soyabean,Kharif,2018,15153.2,17483.8,1153.8,262.3,13.6,178.8,7.74,0.44,0.92,29.8,1188.5,71.6,32.3,28589.6,47413.8,5000.5,11214.9,12374.2,119.72,1.1538
Bihar,Rohtas,Soyabean,Kharif,2020,32744.4,50030.2,1527.9,213.7,16.5,183.0,7.62,0.36,0.11,29.2,1152.5,79.9,30.6,30079.7,50182.8,7051.0,10387.0,12641.7,138.02,1.5279
Andhra Pradesh,Krishna,Sugarcane,Whole Year,2021,9618.8,879270.9,91411.7,190.4,15.4,160.3,7.04,0.37,1.16,27.9,1445.0,67.0,21.1,120458.2,196375.5,26405.8,50001.4,44051.0,148.02,91.4117
Andhra Pradesh,Guntur,Maize,Kharif,2015,35764.2,68899.7,1926.5,220.7,14.6,219.2,6.63,0.45,0.4,31.4,1266.9,74.5,34.9,24546.7,39463.2,5380.9,8778.8,10387.0,100.0,1.9265
Andhra Pradesh,Krishna,Soyabean,Kharif,2020,2854.1,3542.5,1241.2,172.4,12.6,169.0,6.93,0.55,0.79,30.7,1233.4,76.1,34.7,31837.9,52011.5,7456.0,11183.9,13198.0,138.02,1.2412
Madhya Pradesh,Ujjain,Soyabean,Kharif,2018,36429.8,53701.2,1474.1,247.6,17.5,293.4,7.55,0.51,0.5,28.8,1235.7,70.3,35.3,25697.9,43625.7,5538.1,10216.4,9943.4,119.72,1.4741
Tamil Nadu,Coimbatore,Cotton,Kharif,2017,34095.8,16246.6,476.5,177.8,12.3,181.3,6.58,0.52,0.43,30.6,1010.5,79.4,31.9,41650.7,68730.6,9225.9,15454.9,16969.9,113.54,0.4765
Karnataka,Davanagere,Maize,Kharif,2020,39639.0,85842.2,2165.6,224.5,12.0,198.5,6.97,0.57,0.94,29.1,884.6,75.5,27.2,31711.9,53115.0,7081.9,12372.1,12257.9,138.02,2.1656
Haryana,Sirsa,Bajra,Kharif,2015,31682.3,45993.2,1451.7,240.7,14.1,218.7,8.04,0.34,0.4,28.4,732.2,64.0,25.0,18686.2,31025.9,4407.9,6519.6,7758.7,100.0,1.4517
Karnataka,Belagavi,Bajra,Kharif,2017,9933.0,14174.4,1427.0,252.6,15.7,210.0,6.22,0.58,0.1,28.2,855.3,76.0,29.2,18588.1,30568.7,4430.2,6659.4,7498.5,113.54,1.427
Haryana,Kurukshetra,Cotton,Kharif,2017,13607.5,7465.1,548.6,220.4,12.4,190.2,7.96,0.31,0.83,28.1,679.7,60.0,23.1,40712.0,66597.8,8305.4,15926.7,16479.9,113.54,0.5486
Maharashtra,Nagpur,Cotton,Kharif,2019,15196.4,5569.5,366.5,294.7,20.3,230.9,7.01,0.57,0.41,29.5,1172.4,72.5,32.3,55279.2,92885.8,10898.9,23076.5,21303.8,128.37,0.3665
Bihar,Muzaffarpur,Groundnut,Kharif,2023,10544.4,21113.1,2002.3,219.0,12.0,148.2,7.3,0.42,0.27,29.6,1279.2,77.6,34.6,52305.9,84735.8,11782.7,21155.3,19367.9,166.25,2.0023
Bihar,Gaya,Jowar,Rabi,2021,16815.6,24582.7,1461.9,183.7,14.4,182.5,7.11,0.5,0.38,20.8,183.2,65.4,11.0,28181.8,45553.8,6062.3,8480.5,13639.0,148.02,1.4619000000000002
Uttar Pradesh,Bareilly,Sugarcane,Whole Year,2020,28322.8,1924735.4,67957.1,268.0,15.2,225.4,7.62,0.41,0.83,26.1,1385.4,62.3,21.9,122006.5,196181.5,27892.7,37185.4,56928.4,138.02,67.95710000000001
Haryana,Hisar,Groundnut,Kharif,2020,30647.5,44530.8,1453.0,269.0,14.7,230.4,8.17,0.49,1.07,27.9,668.0,61.9,25.2,49253.6,79118.3,9948.5,16096.5,23208.6,138.02,1.453
Bihar,Gaya,Rice,Kharif,2022,5108.8,13541.9,2650.7,227.7,11.8,143.3,6.94,0.46,0.12,28.7,1252.4,80.8,34.9,48626.6,80206.2,10991.4,16911.9,20723.3,156.76,2.6506999999999996
Uttar Pradesh,Meerut,Bajra,Kharif,2016,21876.5,31443.1,1437.3,246.1,14.2,199.8,7.58,0.46,1.05,29.2,1183.8,72.2,34.5,19248.8,31785.3,4617.2,7721.6,6910.0,105.27,1.4373
Haryana,Kurukshetra,Rice,Kharif,2021,34959.3,111156.6,3179.6,250.6,15.3,164.4,8.16,0.42,0.98,27.8,574.9,60.2,23.1,45922.0,77016.1,9586.9,17451.6,18883.5,148.02,3.1795999999999998
Maharashtra,Kolhapur,Jowar,Rabi,2023,768.9,997.8,1297.7,312.4,15.8,290.5,7.07,0.49,1.06,22.6,160.3,57.8,12.2,36822.8,61320.1,6435.5,13718.1,16669.2,166.25,1.2977
Punjab,Patiala,Wheat,Rabi,2023,44674.8,146779.1,3285.5,316.6,20.1,202.7,7.97,0.52,0.95,18.9,115.4,47.1,12.5,47977.6,80172.7,8444.2,16278.6,23254.8,166.25,3.2855
Uttar Pradesh,Bareilly,Maize,Rabi,2022,5500.5,12449.8,2263.4,249.3,16.9,164.3,7.61,0.34,0.66,20.5,116.3,53.9,11.5,39335.2,63180.2,6725.6,16199.9,16409.7,156.76,2.2634000000000003
Maharashtra,Nashik,Jowar,Rabi,2016,21693.3,23650.0,1090.2,285.9,16.3,250.7,6.84,0.54,0.88,22.0,168.4,56.7,15.2,21603.5,35767.1,4700.7,7849.7,9053.1,105.27,1.0902
Madhya Pradesh,Hoshangabad,Rice,Kharif,2023,7903.2,25134.5,3180.3,304.8,16.3,307.9,7.25,0.47,0.51,29.7,1069.9,69.8,30.9,49566.7,80955.6,10953.1,17646.1,20967.5,166.25,3.1803000000000003
West Bengal,Hooghly,Rice,Kharif,2016,10626.9,27535.4,2591.1,176.6,19.4,170.1,5.66,0.61,0.79,29.6,1549.5,85.7,35.1,33649.7,54019.8,6219.0,11637.1,15793.6,105.27,2.5911
Uttar Pradesh,Kanpur Dehat,Rice,Kharif,2019,15261.3,25336.8,1660.2,254.3,16.9,170.5,7.19,0.43,0.23,29.4,919.9,70.9,28.6,46228.6,76043.5,8967.7,15798.6,21462.3,128.37,1.6602000000000001
Maharashtra,Nashik,Sugarcane,Whole Year,2017,35920.8,3010942.5,83821.7,243.7,16.7,220.3,7.44,0.47,0.96,26.8,1198.7,63.6,19.5,110131.3,180193.2,23908.2,44911.4,41311.7,113.54,83.82169999999999
Tamil Nadu,Salem,Maize,Kharif,2018,12760.9,28631.6,2243.7,238.1,11.5,209.6,7.2,0.6,1.01,30.7,892.7,82.5,29.6,29815.7,48892.2,6662.0,11749.7,11404.0,119.72,2.2437
Punjab,Patiala,Groundnut,Kharif,2019,10068.5,13257.2,1316.7,306.3,20.9,268.7,7.87,0.4,0.55,26.7,674.4,63.7,23.3,47252.2,80276.4,8801.8,14560.5,23889.9,128.37,1.3167
Punjab,Patiala,Rice,Kharif,2015,38429.2,109058.2,2837.9,341.1,21.7,238.2,7.6,0.54,0.68,26.5,567.0,65.1,22.7,36518.7,60843.8,7422.3,12655.5,16440.9,100.0,2.8379000000000003
West Bengal,Murshidabad,Maize,Rabi,2015,42019.4,126780.9,3017.2,226.4,18.8,185.1,6.29,0.62,1.14,22.3,245.4,70.1,13.1,26060.7,42857.4,4974.7,9314.8,11771.2,100.0,3.0172
Punjab,Ludhiana,Jowar,Kharif,2017,11604.1,10699.0,922.0,230.7,19.7,193.9,7.59,0.36,1.2,26.6,630.8,63.4,22.9,23638.9,38470.8,5639.5,9628.4,8371.0,113.54,0.922
Karnataka,Davanagere,Jowar,Kharif,2018,5276.4,5719.1,1083.9,225.4,14.9,202.9,6.89,0.55,0.13,29.0,1117.7,75.2,31.3,20775.2,34139.0,4290.8,6467.3,10017.1,119.72,1.0839
West Bengal,Hooghly,Maize,Rabi,2018,19910.2,60969.0,3062.2,187.7,23.2,153.5,6.3,0.66,0.71,21.8,209.0,70.6,14.0,28440.4,46356.4,5013.7,8739.0,14687.7,119.72,3.0622
Punjab,Ludhiana,Rice,Kharif,2015,1613.0,3192.4,1979.2,280.1,18.5,211.9,7.57,0.51,0.99,27.0,577.0,65.4,21.1,36518.7,60843.8,7422.3,12655.5,16440.9,100.0,1.9792
Bihar,Gaya,Maize,Kharif,2018,7310.1,17485.8,2392.0,221.7,14.3,179.1,7.36,0.42,0.18,29.2,1416.1,77.8,37.4,26624.7,45178.6,4960.1,8125.1,13539.5,119.72,2.392
Karnataka,Belagavi,Sugarcane,Whole Year,2022,16276.7,919205.5,56473.7,264.9,16.9,207.6,6.72,0.52,0.96,26.0,1331.7,68.1,20.5,116723.4,195071.2,22232.3,42513.3,51977.8,156.76,56.473699999999994
Madhya Pradesh,Sehore,Wheat,Rabi,2015,38206.4,155454.2,4068.8,286.0,12.1,275.6,7.97,0.45,0.3,20.7,222.1,50.1,16.6,27600.1,44596.9,5746.4,9926.7,11927.0,100.0,4.0688
Bihar,Muzaffarpur,Jowar,Kharif,2019,5684.8,5364.7,943.7,213.3,12.0,148.9,7.31,0.38,0.76,29.3,1296.5,78.9,35.8,23581.5,38553.1,5466.9,7171.4,10943.2,128.37,0.9437000000000001
Bihar,Gaya,Jowar,Kharif,2015,44613.5,62887.2,1409.6,197.8,12.9,157.4,7.61,0.54,0.39,28.3,1281.3,79.2,33.4,17953.2,29710.2,3848.8,5471.7,8632.7,100.0,1.4096
Andhra Pradesh,Krishna,Gram,Rabi,2018,42356.9,46812.8,1105.2,200.9,11.5,172.5,6.56,0.38,1.0,21.8,103.6,59.4,12.1,25366.9,43068.3,5040.3,8899.6,11427.0,119.72,1.1052
Haryana,Hisar,Jowar,Kharif,2018,31357.8,45399.8,1447.8,232.7,15.3,205.6,8.22,0.37,0.25,28.3,613.8,62.6,24.2,23419.1,39763.2,4191.3,7900.7,11327.1,119.72,1.4478
Karnataka,Davanagere,Gram,Rabi,2018,33102.8,29961.3,905.1,225.4,14.9,202.9,6.89,0.55,0.13,20.6,124.5,59.2,12.9,23047.4,38477.5,4576.5,7647.2,10823.7,119.72,0.9051
Bihar,Gaya,Jowar,Kharif,2016,4660.0,7192.2,1543.4,211.8,15.2,191.3,7.26,0.36,0.21,29.4,1468.1,80.6,36.9,19051.6,31815.5,3379.2,7775.7,7896.7,105.27,1.5434
Punjab,Ludhiana,Wheat,Rabi,2020,28788.0,84662.6,2940.9,299.0,17.1,217.2,7.67,0.45,0.31,18.6,118.0,50.3,14.4,42235.7,69573.5,7346.9,14073.6,20815.2,138.02,2.9409
Haryana,Hisar,Maize,Kharif,2019,38679.2,81404.2,2104.6,288.1,19.1,210.9,7.54,0.34,0.54,28.4,683.5,63.5,23.8,31908.4,51409.0,7186.6,12933.3,11788.5,128.37,2.1046
Karnataka,Belagavi,Jowar,Rabi,2015,41032.8,33462.2,815.5,265.7,14.2,237.4,6.58,0.65,0.19,21.3,166.0,60.7,13.6,17951.2,28772.3,4246.4,7363.8,6341.0,100.0,0.8155
Bihar,Rohtas,Maize,Kharif,2016,42715.5,102965.7,2410.5,230.6,13.0,179.1,7.16,0.35,0.12,29.0,1338.8,80.1,37.7,23734.4,39342.6,4117.6,8091.0,11525.8,105.27,2.4105
Maharashtra,Pune,Gram,Rabi,2020,41023.9,29799.8,726.4,253.0,17.5,194.4,7.23,0.41,1.17,21.7,140.9,56.3,13.5,33629.6,56423.0,6146.8,13146.2,14336.6,138.02,0.7263999999999999
Madhya Pradesh,Ujjain,Wheat,Rabi,2017,28925.7,108164.8,3739.4,304.0,11.6,236.7,7.31,0.53,0.79,20.6,134.1,53.4,11.2,30647.5,50641.8,7185.0,9429.4,14033.1,113.54,3.7394000000000003
Punjab,Amritsar,Jowar,Kharif,2023,11148.7,10204.4,915.3,254.1,16.4,214.6,7.54,0.36,0.47,27.0,808.3,67.3,24.8,34818.1,56311.5,7505.4,13749.5,13563.2,166.25,0.9153
Bihar,Gaya,Cotton,Kharif,2023,30176.3,12082.6,400.4,220.1,14.0,187.5,7.21,0.51,0.93,29.1,1253.1,80.6,34.8,63416.0,103136.7,13209.0,21205.5,29001.5,166.25,0.4004
Bihar,Gaya,Cotton,Kharif,2015,16570.2,7781.4,469.6,197.8,12.9,157.4,7.61,0.54,0.39,28.3,1281.3,79.2,33.4,37302.5,63068.0,7102.7,12509.6,17690.2,100.0,0.4696
Karnataka,Belagavi,Rice,Kharif,2016,26179.7,71195.7,2719.5,231.1,14.3,225.1,6.62,0.61,0.51,28.2,914.4,74.9,30.1,29488.2,47773.0,6426.0,8961.4,14100.8,105.27,2.7195
Madhya Pradesh,Sehore,Cotton,Kharif,2015,41954.2,19122.7,455.8,286.0,12.1,275.6,7.97,0.45,0.3,29.3,1106.7,68.6,31.3,35547.2,58998.2,6110.6,11793.8,17642.8,100.0,0.45580000000000004
Madhya Pradesh,Indore,Rice,Kharif,2016,5747.7,18026.5,3136.3,265.7,15.7,279.7,7.31,0.47,1.13,28.7,1302.7,69.0,35.2,32690.6,54924.0,5750.8,12183.0,14756.8,105.27,3.1363000000000003
West Bengal,Bardhaman,Wheat,Rabi,2019,15072.0,41527.9,2755.3,229.8,19.3,189.0,6.17,0.7,0.3,21.7,219.3,70.4,15.6,37299.9,60254.3,6791.0,11836.4,18672.5,128.37,2.7553
Madhya Pradesh,Hoshangabad,Maize,Rabi,2017,13166.9,36413.1,2765.5,284.1,17.4,264.3,7.63,0.45,0.38,21.2,156.8,56.7,14.3,24678.6,41493.4,5222.3,7647.1,11809.2,113.54,2.7655
Karnataka,Raichur,Gram,Rabi,2015,42067.9,46985.6,1116.9,210.2,15.1,162.9,6.49,0.57,0.63,20.7,119.9,61.0,10.9,19787.3,33388.5,3225.9,6311.9,10249.5,100.0,1.1169
Bihar,Patna,Jowar,Rabi,2022,44522.8,51820.1,1163.9,253.9,13.0,203.2,7.07,0.36,0.55,21.1,217.6,62.5,13.5,28295.0,47432.8,4750.0,9760.7,13784.3,156.76,1.1639000000000002
Haryana,Karnal,Cotton,Kharif,2016,30307.6,15581.1,514.1,271.9,18.9,220.4,8.0,0.45,0.83,27.8,672.6,62.3,23.2,39587.9,66793.3,6876.7,14112.6,18598.6,105.27,0.5141
Haryana,Hisar,Sugarcane,Whole Year,2020,26924.4,1436799.1,53364.2,269.0,14.7,230.4,8.17,0.49,1.07,24.8,761.1,52.7,16.9,113339.5,187805.0,25310.9,40186.6,47842.0,138.02,53.3642
Uttar Pradesh,Gorakhpur,Gram,Rabi,2018,8931.0,8274.6,926.5,261.5,12.3,174.6,7.19,0.45,0.59,20.9,106.1,51.8,13.4,27323.2,45564.3,6306.1,8220.6,12796.5,119.72,0.9265
Madhya Pradesh,Sehore,Rice,Kharif,2021,25978.0,66638.8,2565.2,264.3,12.4,245.2,7.29,0.48,0.82,28.9,1242.0,69.9,35.3,43108.1,69244.3,8425.4,16041.3,18641.4,148.02,2.5652
West Bengal,Murshidabad,Wheat,Rabi,2019,20253.2,60222.9,2973.5,181.6,18.5,167.7,5.64,0.56,0.67,21.4,214.8,69.3,14.4,37299.9,60254.3,6791.0,11836.4,18672.5,128.37,2.9735
West Bengal,Hooghly,Groundnut,Rabi,2021,39379.9,67162.4,1705.5,198.5,23.8,160.2,5.86,0.59,0.72,22.4,230.0,68.8,12.7,53398.5,89154.9,9009.4,22133.7,22255.4,148.02,1.7055
Uttar Pradesh,Gorakhpur,Jowar,Rabi,2016,3467.3,4492.2,1295.6,245.3,12.4,176.7,7.63,0.45,0.53,20.0,122.5,56.1,12.2,20298.8,33656.1,3251.9,6471.9,10575.0,105.27,1.2955999999999999
Andhra Pradesh,Krishna,Cotton,Kharif,2023,41565.9,28547.5,686.8,203.6,13.2,206.5,7.15,0.42,0.38,31.6,1292.4,80.1,37.9,66826.0,112111.9,14095.1,25829.7,26901.2,166.25,0.6868
Andhra Pradesh,Krishna,Maize,Rabi,2022,17196.0,36268.1,2109.1,216.7,16.3,186.0,6.93,0.44,0.93,23.4,175.6,58.7,16.5,39871.1,65185.1,7483.4,14320.8,18066.9,156.76,2.1090999999999998
West Bengal,Hooghly,Wheat,Rabi,2022,44255.2,117019.6,2644.2,205.7,21.1,178.8,6.03,0.54,1.04,20.9,214.8,70.2,15.9,43676.1,70422.7,9037.9,15607.8,19030.4,156.76,2.6441999999999997
Bihar,Patna,Sugarcane,Whole Year,2017,21556.2,1307107.6,60637.2,216.1,14.2,193.6,7.19,0.51,0.87,26.1,1523.2,68.4,21.7,88744.4,144506.2,20081.0,28688.6,39974.8,113.54,60.6372
Punjab,Patiala,Maize,Kharif,2016,2682.5,7603.5,2834.5,318.3,15.6,216.3,8.07,0.51,1.07,27.8,782.1,67.4,23.0,26559.3,44978.5,4775.8,9691.5,12092.0,105.27,2.8345
Maharashtra,Kolhapur,Soyabean,Kharif,2021,28449.7,33900.7,1191.6,259.5,22.0,291.0,7.05,0.55,0.24,29.7,1205.1,72.6,32.4,37481.1,60519.6,7726.6,13462.8,16291.7,148.02,1.1916
Punjab,Bathinda,Rice,Kharif,2019,11524.6,26691.0,2316.0,295.3,19.8,200.8,8.05,0.55,0.49,27.0,790.5,66.3,25.4,43296.0,71446.8,9514.7,14002.4,19778.9,128.37,2.316
Tamil Nadu,Thanjavur,Cotton,Kharif,2019,24692.3,12723.9,515.3,203.0,15.3,244.2,6.82,0.51,1.11,31.6,1089.8,79.8,32.6,47345.7,79009.1,8138.5,18688.4,20518.8,128.37,0.5153
Karnataka,Mysuru,Wheat,Rabi,2017,32841.0,127318.0,3876.8,227.1,12.4,158.1,6.72,0.61,0.48,20.7,145.0,60.3,10.4,29631.7,49060.1,6713.9,11992.3,10925.5,113.54,3.8768000000000002
Madhya Pradesh,Ujjain,Bajra,Kharif,2022,2282.6,3148.6,1379.4,246.6,11.9,227.4,7.39,0.47,0.42,29.4,1109.2,68.0,31.5,25427.7,42818.2,5551.3,10126.7,9749.7,156.76,1.3794000000000002
Maharashtra,Nagpur,Groundnut,Rabi,2021,44569.9,55039.4,1234.9,277.7,15.6,210.6,7.37,0.47,0.86,21.8,176.4,54.5,14.5,57326.1,91835.0,10436.6,17535.9,29353.6,148.02,1.2349
Tamil Nadu,Coimbatore,Rice,Kharif,2016,41277.2,111853.0,2709.8,175.8,11.8,238.6,6.5,0.57,0.96,31.1,814.8,82.1,28.8,35156.4,56537.0,6387.1,13931.5,14837.8,105.27,2.7098
Haryana,Hisar,Jowar,Kharif,2016,8645.5,11451.0,1324.5,227.9,19.0,239.8,8.06,0.3,0.65,28.6,703.3,61.4,25.7,19709.5,31900.1,4167.3,7948.8,7593.4,105.27,1.3245
Haryana,Sirsa,Groundnut,Rabi,2023,11036.3,12924.6,1171.1,297.4,18.5,192.6,8.24,0.41,1.07,20.0,93.6,48.2,13.5,58181.6,97119.0,10435.5,22953.8,24792.3,166.25,1.1710999999999998
Haryana,Kurukshetra,Maize,Rabi,2023,12304.3,27103.9,2202.8,260.0,16.2,200.5,8.3,0.34,0.35,20.2,79.0,49.0,14.6,38546.1,65013.7,7114.0,12047.0,19385.1,166.25,2.2028000000000003
Uttar Pradesh,Gorakhpur,Gram,Rabi,2017,43246.1,33818.5,782.0,265.0,11.7,173.3,7.17,0.38,0.97,20.5,105.7,53.5,12.1,26270.6,44122.5,4321.3,9069.4,12879.9,113.54,0.782
Maharashtra,Pune,Gram,Rabi,2022,11186.7,13465.4,1203.7,260.8,14.8,242.2,6.84,0.53,0.44,20.9,196.8,58.5,13.4,37196.9,62380.2,8838.9,14008.4,14349.6,156.76,1.2037
Haryana,Hisar,Groundnut,Rabi,2019,19998.4,31547.5,1577.5,288.1,19.1,210.9,7.54,0.34,0.54,19.7,95.6,47.8,8.9,42155.9,71373.4,9553.6,15842.0,16760.3,128.37,1.5775
Maharashtra,Nashik,Groundnut,Kharif,2018,15390.0,18598.8,1208.5,295.5,19.0,229.1,7.07,0.57,1.09,30.0,1154.5,74.7,32.2,47254.6,75698.5,8129.0,19846.9,19278.7,119.72,1.2085
Tamil Nadu,Thanjavur,Soyabean,Kharif,2023,17467.5,26854.5,1537.4,210.6,14.2,193.1,6.94,0.51,0.79,31.0,1117.6,81.0,32.3,36027.4,60917.1,6282.6,13785.6,15959.2,166.25,1.5374
West Bengal,Hooghly,Cotton,Kharif,2019,33001.9,17151.1,519.7,170.9,18.4,183.9,5.81,0.62,0.32,30.3,1636.8,84.3,36.9,48358.8,78400.2,9951.1,14654.9,23752.8,128.37,0.5197
Tamil Nadu,Coimbatore,Maize,Kharif,2023,39552.0,81920.1,2071.2,180.4,10.7,226.7,6.6,0.6,1.11,30.6,933.3,79.3,26.8,39385.3,64444.1,8806.4,14531.5,16047.4,166.25,2.0711999999999997
Andhra Pradesh,Kurnool,Wheat,Rabi,2022,43061.0,171774.6,3989.1,199.3,16.8,164.1,6.85,0.51,1.1,23.3,151.2,59.4,11.8,44139.4,72551.8,9050.6,16452.5,18636.3,156.76,3.9891
Uttar Pradesh,Bareilly,Soyabean,Kharif,2021,23809.3,26025.9,1093.1,237.2,12.7,186.8,7.21,0.32,0.2,29.1,1017.4,73.3,30.7,35320.5,59961.4,8250.5,14120.8,12949.2,148.02,1.0931
Haryana,Hisar,Gram,Rabi,2016,16103.1,18288.3,1135.7,227.9,19.0,239.8,8.06,0.3,0.65,19.8,65.6,47.5,10.9,21654.9,36458.7,4410.9,7112.8,10131.2,105.27,1.1357000000000002
Karnataka,Raichur,Jowar,Kharif,2019,38596.6,66166.2,1714.3,207.3,15.7,187.2,6.49,0.54,1.11,29.3,912.8,77.7,27.6,21853.6,36450.8,4312.7,8590.2,8950.7,128.37,1.7143
Tamil Nadu,Salem,Bajra,Kharif,2021,17564.5,23497.8,1337.8,232.3,12.0,199.6,7.05,0.6,0.28,31.2,1210.0,82.2,36.4,26594.8,42713.4,5833.4,9942.0,10819.4,148.02,1.3377999999999999
Bihar,Gaya,Cotton,Kharif,2021,35043.7,14049.0,400.9,183.7,14.4,182.5,7.11,0.5,0.38,28.7,1243.5,77.1,35.2,56183.7,91620.7,10768.2,22087.9,23327.6,148.02,0.4009
Bihar,Rohtas,Jowar,Rabi,2017,10694.4,10998.1,1028.4,242.8,18.6,207.5,7.38,0.39,0.8,21.1,149.1,62.5,12.1,20755.0,33313.1,4624.4,8408.8,7721.8,113.54,1.0284
Tamil Nadu,Erode,Jowar,Kharif,2017,13618.5,13923.6,1022.4,222.2,9.0,169.8,6.9,0.42,1.16,31.4,1091.2,82.6,31.5,21573.6,34706.2,5127.6,7672.5,8773.5,113.54,1.0224
Karnataka,Raichur,Sugarcane,Whole Year,2016,28415.7,1763688.6,62067.4,213.5,13.0,162.3,6.45,0.54,0.94,26.3,1031.5,66.7,18.3,78574.1,133209.2,18387.7,32239.9,27946.5,105.27,62.0674
Punjab,Bathinda,Gram,Rabi,2018,7606.6,6781.3,891.5,301.9,19.4,254.9,8.17,0.41,0.87,19.3,101.4,48.1,11.7,27556.9,44781.2,5130.0,11164.3,11262.6,119.72,0.8915
Andhra Pradesh,Kurnool,Maize,Rabi,2018,36433.9,78176.2,2145.7,217.1,14.9,192.2,6.55,0.42,0.9,23.4,125.6,61.4,12.0,27944.3,47433.0,5703.9,11207.9,11032.5,119.72,2.1456999999999997
Andhra Pradesh,Guntur,Bajra,Kharif,2018,33997.3,35238.2,1036.5,262.5,12.8,205.2,6.51,0.5,0.6,30.8,1092.5,80.5,31.8,20588.3,34700.3,3724.0,7499.3,9365.0,119.72,1.0365
Haryana,Kurukshetra,Groundnut,Kharif,2022,39089.9,69673.8,1782.4,265.4,17.2,228.3,7.8,0.38,0.1,28.1,647.8,64.4,20.5,52655.8,84630.9,10258.9,17029.5,25367.4,156.76,1.7824
Tamil Nadu,Thanjavur,Gram,Rabi,2021,40476.7,42877.0,1059.3,189.1,11.2,210.0,6.68,0.44,0.88,23.0,183.1,64.2,12.1,30184.8,50237.5,7144.1,9229.5,13811.2,148.02,1.0593
Madhya Pradesh,Sehore,Jowar,Kharif,2019,34483.6,33769.8,979.3,252.2,12.8,231.9,7.67,0.53,0.59,29.6,1155.8,69.5,30.6,23662.1,39156.3,5496.1,7220.8,10945.2,128.37,0.9793
Madhya Pradesh,Indore,Wheat,Rabi,2022,26986.0,111187.7,4120.2,259.9,13.3,233.4,7.55,0.57,1.2,20.8,183.6,52.9,12.5,41130.4,67494.7,8458.8,16873.0,15798.6,156.76,4.1202
Karnataka,Belagavi,Wheat,Rabi,2018,29750.7,116018.8,3899.7,225.6,11.5,221.3,6.33,0.59,0.18,20.9,136.3,62.4,12.4,32124.6,54027.6,5427.0,12725.8,13971.8,119.72,3.8996999999999997
Haryana,Hisar,Groundnut,Rabi,2020,36553.3,43297.4,1184.5,269.0,14.7,230.4,8.17,0.49,1.07,19.7,81.5,45.5,11.0,49253.6,79118.3,9948.5,16096.5,23208.6,138.02,1.1845
West Bengal,Murshidabad,Jowar,Kharif,2021,19172.1,13903.6,725.2,224.7,23.8,191.6,6.24,0.6,0.15,29.9,1723.9,86.5,39.0,28429.8,47828.8,5988.9,9063.7,13377.2,148.02,0.7252000000000001
Tamil Nadu,Erode,Bajra,Kharif,2018,38429.9,49524.6,1288.7,182.9,11.7,225.8,6.84,0.57,0.27,31.4,1021.2,82.4,30.4,22436.6,37813.0,4990.4,8386.5,9059.7,119.72,1.2887
Andhra Pradesh,Kurnool,Rice,Kharif,2016,10043.1,29643.2,2951.6,239.2,15.5,217.4,7.13,0.56,0.43,30.7,1138.7,76.1,32.0,34713.5,58102.0,6548.7,12922.8,15242.0,105.27,2.9516
West Bengal,Hooghly,Wheat,Rabi,2016,24210.8,83028.5,3429.4,176.6,19.4,170.1,5.66,0.61,0.79,21.8,207.3,70.0,14.6,31951.2,54229.7,6719.4,11637.5,13594.3,105.27,3.4294000000000002
Uttar Pradesh,Bareilly,Jowar,Rabi,2020,26976.1,34497.0,1278.8,268.0,15.2,225.4,7.62,0.41,0.83,21.2,148.7,56.8,14.1,27546.8,45956.9,6602.9,8990.6,11953.3,138.02,1.2788
Maharashtra,Kolhapur,Jowar,Kharif,2020,10842.9,15107.4,1393.3,245.7,19.6,273.7,6.98,0.56,0.8,30.0,1118.5,73.9,33.9,28042.3,46663.2,6656.3,8774.0,12612.0,138.02,1.3933
Karnataka,Belagavi,Rice,Kharif,2019,11051.0,21089.7,1908.4,218.7,15.1,232.5,6.26,0.57,0.54,28.6,978.0,74.9,29.6,35757.7,58095.1,6494.8,13515.6,15747.3,128.37,1.9084
Maharashtra,Kolhapur,Gram,Rabi,2021,12597.8,12809.4,1016.8,259.5,22.0,291.0,7.05,0.55,0.24,22.4,163.1,54.8,13.2,36017.5,60413.2,7316.0,13027.6,15673.9,148.02,1.0168
Haryana,Karnal,Jowar,Kharif,2022,42400.6,59326.9,1399.2,241.6,14.4,225.0,7.62,0.44,0.32,28.3,693.0,64.1,22.9,30963.3,51001.0,6569.5,11416.6,12977.2,156.76,1.3992
Madhya Pradesh,Indore,Jowar,Rabi,2021,7359.7,9674.3,1314.5,257.6,13.8,275.0,7.88,0.55,0.9,21.5,159.3,52.9,14.2,26638.1,44446.0,5325.5,9508.2,11804.4,148.02,1.3145
Andhra Pradesh,Kurnool,Bajra,Kharif,2022,32324.4,39345.3,1217.2,199.3,16.8,164.1,6.85,0.51,1.1,30.8,1109.1,75.1,33.3,27610.8,44827.3,6278.7,8670.6,12661.5,156.76,1.2172
Madhya Pradesh,Ujjain,Jowar,Kharif,2019,38677.5,46285.4,1196.7,294.0,14.0,248.0,7.8,0.44,0.43,29.9,1281.0,70.9,36.2,23662.1,39156.3,5496.1,7220.8,10945.2,128.37,1.1967
Madhya Pradesh,Hoshangabad,Jowar,Kharif,2023,22628.7,26047.9,1151.1,304.8,16.3,307.9,7.25,0.47,0.51,29.7,1069.9,69.8,30.9,30361.6,48951.7,6063.0,10547.1,13751.5,166.25,1.1511
Maharashtra,Kolhapur,Gram,Rabi,2023,33204.3,40499.3,1219.7,312.4,15.8,290.5,7.07,0.49,1.06,22.6,160.3,57.8,12.2,40310.9,66421.5,8326.0,16182.0,15802.9,166.25,1.2197
Bihar,Rohtas,Sugarcane,Whole Year,2015,6977.6,488182.2,69964.2,236.1,15.4,186.2,7.1,0.38,0.89,25.8,1654.2,69.0,23.2,81702.0,137347.4,14840.5,26822.0,40039.5,100.0,69.96419999999999
Punjab,Patiala,Gram,Rabi,2020,14313.1,12013.0,839.3,338.9,23.1,209.9,7.48,0.37,0.13,18.2,103.3,50.6,11.4,30603.1,50874.5,6242.5,9917.5,14443.1,138.02,0.8392999999999999
Haryana,Hisar,Bajra,Kharif,2016,26853.0,34444.3,1282.7,227.9,19.0,239.8,8.06,0.3,0.65,28.6,703.3,61.4,25.7,19152.2,31721.5,3853.4,7492.8,7806.0,105.27,1.2827
Madhya Pradesh,Sehore,Wheat,Rabi,2021,9403.4,30126.6,3203.8,264.3,12.4,245.2,7.29,0.48,0.82,21.1,170.0,55.2,14.8,41503.0,68554.6,8829.8,16545.7,16127.5,148.02,3.2038
Karnataka,Davanagere,Groundnut,Rabi,2020,30511.4,45812.9,1501.5,224.5,12.0,198.5,6.97,0.57,0.94,21.0,121.6,59.3,13.5,43951.8,71155.5,8802.9,18117.8,17031.1,138.02,1.5015
Andhra Pradesh,Krishna,Jowar,Rabi,2020,17861.9,23032.9,1289.5,172.4,12.6,169.0,6.93,0.55,0.79,22.9,179.5,60.9,12.1,27061.5,44640.1,5450.2,9550.8,12060.5,138.02,1.2895
West Bengal,Nadia,Cotton,Kharif,2022,15384.6,6309.2,410.1,201.7,23.7,179.7,5.93,0.53,0.29,30.2,1421.1,86.1,38.8,62236.9,100374.9,10166.7,20406.4,31663.8,156.76,0.4101
Punjab,Ludhiana,Maize,Rabi,2018,1010.9,3178.3,3144.0,284.0,20.3,221.9,7.43,0.42,0.65,19.0,105.9,50.2,10.4,29527.5,50138.8,6043.3,10966.9,12517.3,119.72,3.144
Bihar,Muzaffarpur,Maize,Kharif,2022,24530.6,58468.7,2383.5,186.4,15.9,149.2,7.58,0.36,0.78,29.6,1404.8,79.1,36.7,36718.0,58968.0,6283.1,14188.8,16246.1,156.76,2.3835
Karnataka,Raichur,Jowar,Rabi,2023,40651.3,47887.2,1178.0,200.0,11.4,209.5,6.69,0.54,0.49,20.7,141.4,61.2,12.8,29491.1,48009.1,5319.9,12247.6,11923.6,166.25,1.178
Punjab,Bathinda,Maize,Kharif,2022,21371.2,65479.2,3063.9,294.6,18.4,228.1,7.58,0.36,0.58,27.4,823.4,65.4,27.2,40745.0,69032.6,7186.8,14303.2,19255.0,156.76,3.0639000000000003
Madhya Pradesh,Indore,Sugarcane,Whole Year,2015,38818.8,3076688.8,79257.7,268.8,15.7,278.7,7.98,0.45,0.79,26.4,1175.1,58.6,21.6,78427.8,132822.5,15696.3,25986.6,36744.9,100.0,79.2577
Punjab,Ludhiana,Groundnut,Rabi,2016,44931.2,77874.8,1733.2,266.0,17.5,194.2,7.4,0.42,0.74,18.6,109.6,50.4,12.1,40714.8,68313.5,8200.5,15463.9,17050.4,105.27,1.7332
Madhya Pradesh,Sehore,Groundnut,Kharif,2018,8009.6,10741.7,1341.1,323.9,15.6,230.3,7.52,0.56,0.61,28.9,1293.3,67.8,35.3,39706.7,66205.3,6813.1,12671.0,20222.6,119.72,1.3411
Haryana,Kurukshetra,Groundnut,Rabi,2021,31153.8,37898.6,1216.5,250.6,15.3,164.4,8.16,0.42,0.98,19.4,101.8,45.1,11.5,48481.8,79445.5,10952.0,15579.6,21950.2,148.02,1.2165
Bihar,Muzaffarpur,Gram,Rabi,2017,27845.6,18884.9,678.2,189.6,15.5,152.5,7.3,0.44,0.95,21.1,142.7,64.4,12.1,22187.2,35536.0,4387.3,7551.1,10248.8,113.54,0.6782
Bihar,Gaya,Maize,Kharif,2022,15085.0,49394.3,3274.4,227.7,11.8,143.3,6.94,0.46,0.12,28.7,1252.4,80.8,34.9,36718.0,58968.0,6283.1,14188.8,16246.1,156.76,3.2744
Karnataka,Davanagere,Maize,Kharif,2015,22465.9,60750.0,2704.1,265.7,16.3,226.8,6.98,0.48,0.13,29.0,1164.4,77.0,33.6,22607.7,37155.5,4035.1,9444.0,9128.6,100.0,2.7041
Karnataka,Davanagere,Jowar,Rabi,2022,43006.2,46584.3,1083.2,208.3,14.5,231.0,6.43,0.5,0.46,21.0,130.5,60.6,14.5,27243.5,45227.2,4931.2,10614.4,11697.9,156.76,1.0832
Karnataka,Mysuru,Soyabean,Kharif,2022,39481.0,53765.2,1361.8,193.9,14.9,191.0,6.56,0.47,0.59,29.4,928.1,77.1,29.3,32494.2,52729.0,5875.4,11265.5,15353.3,156.76,1.3618
Tamil Nadu,Salem,Wheat,Rabi,2020,44261.5,125702.7,2840.0,187.8,12.6,262.6,6.56,0.47,0.4,22.2,140.9,64.7,12.0,39008.8,64410.6,8349.2,13485.8,17173.8,138.02,2.84
Bihar,Gaya,Gram,Rabi,2019,26560.1,22974.5,865.0,230.0,15.7,151.3,6.97,0.47,1.12,20.6,159.6,62.3,11.4,25790.3,41949.3,6162.6,9296.8,10330.9,128.37,0.865
Andhra Pradesh,West Godavari,Wheat,Rabi,2020,19299.5,53536.8,2774.0,213.8,17.0,225.4,6.48,0.4,1.07,23.1,124.4,61.4,13.1,38830.9,64963.8,8794.0,14257.8,15779.1,138.02,2.774
Madhya Pradesh,Hoshangabad,Bajra,Kharif,2019,43940.0,56445.3,1284.6,278.4,15.9,289.7,7.61,0.51,1.17,29.4,1116.1,69.3,31.2,21737.9,35169.9,5064.4,6523.1,10150.4,128.37,1.2846
West Bengal,Nadia,Soyabean,Kharif,2020,500.4,625.8,1250.5,196.1,18.8,179.9,6.39,0.65,1.15,29.5,1592.7,87.7,39.0,32732.6,52449.3,5837.5,12158.4,14736.7,138.02,1.2505
West Bengal,Bardhaman,Jowar,Rabi,2022,18021.7,23559.8,1307.3,243.8,20.6,174.5,6.22,0.68,1.03,21.6,177.6,69.3,14.1,32306.7,52120.3,6716.3,10616.0,14974.4,156.76,1.3073
Andhra Pradesh,Krishna,Maize,Rabi,2020,9491.6,18091.9,1906.1,172.4,12.6,169.0,6.93,0.55,0.79,22.9,179.5,60.9,12.1,34068.3,57299.2,6336.3,13465.9,14266.1,138.02,1.9061
Maharashtra,Pune,Jowar,Kharif,2020,35009.6,29796.7,851.1,253.0,17.5,194.4,7.23,0.41,1.17,29.3,1222.8,74.2,36.0,28042.3,46663.2,6656.3,8774.0,12612.0,138.02,0.8511
Haryana,Hisar,Sugarcane,Whole Year,2023,43853.0,2410060.0,54957.7,288.7,15.5,192.4,7.78,0.36,0.79,24.6,735.3,53.9,16.0,137288.9,230500.2,25000.9,44032.6,68255.4,166.25,54.957699999999996
Punjab,Bathinda,Groundnut,Kharif,2016,14139.1,21675.2,1533.0,271.3,21.0,221.0,7.43,0.43,0.44,26.3,831.6,67.3,27.0,40714.8,68313.5,8200.5,15463.9,17050.4,105.27,1.533
Punjab,Ludhiana,Gram,Rabi,2018,13656.7,10126.4,741.5,284.0,20.3,221.9,7.43,0.42,0.65,19.0,105.9,50.2,10.4,27556.9,44781.2,5130.0,11164.3,11262.6,119.72,0.7415
Haryana,Hisar,Maize,Kharif,2021,39131.2,126299.9,3227.6,226.5,17.3,178.9,8.22,0.45,0.94,27.3,697.6,65.2,23.8,34043.4,57526.7,7766.7,11657.6,14619.1,148.02,3.2276
Uttar Pradesh,Kanpur Dehat,Bajra,Kharif,2017,12762.4,20051.0,1571.1,251.6,15.2,161.9,7.49,0.35,0.98,28.9,1152.1,69.4,30.8,22490.0,37424.1,4708.7,8368.5,9412.8,113.54,1.5711
Tamil Nadu,Thanjavur,Groundnut,Rabi,2017,7037.1,9818.9,1395.3,216.6,12.4,204.7,6.68,0.43,0.13,22.6,150.8,64.6,15.5,39262.5,65156.4,9030.7,13313.3,16918.5,113.54,1.3953
West Bengal,Bardhaman,Groundnut,Kharif,2021,10372.6,10897.5,1050.6,211.2,20.9,153.8,5.92,0.67,0.49,30.2,1590.8,86.4,37.3,53398.5,89154.9,9009.4,22133.7,22255.4,148.02,1.0506
Punjab,Ludhiana,Gram,Rabi,2022,10009.7,10590.3,1058.0,296.3,19.4,232.6,7.86,0.5,0.23,18.0,82.1,52.5,10.7,34875.1,58889.6,6352.6,14173.0,14349.5,156.76,1.058
Madhya Pradesh,Sehore,Sugarcane,Whole Year,2023,37931.8,3103431.9,81816.1,314.4,18.1,261.9,7.4,0.47,0.65,26.0,1332.6,59.7,20.2,137688.4,228396.9,25610.5,49727.3,62350.6,166.25,81.8161
Andhra Pradesh,Kurnool,Maize,Kharif,2018,11579.4,38051.1,3286.1,217.1,14.9,192.2,6.55,0.42,0.9,31.5,1165.5,77.2,32.1,27944.3,47433.0,5703.9,11207.9,11032.5,119.72,3.2861
Maharashtra,Kolhapur,Bajra,Kharif,2019,5875.8,6028.0,1025.9,287.6,18.2,238.3,7.53,0.41,0.39,30.1,1124.2,73.9,33.2,26560.8,44357.0,4428.3,10781.0,11351.5,128.37,1.0259
Karnataka,Davanagere,Groundnut,Kharif,2019,42102.2,69729.7,1656.2,238.4,15.7,192.4,6.86,0.54,0.49,29.5,925.1,75.6,30.5,37769.9,62773.6,7583.8,11908.7,18277.4,128.37,1.6562000000000001
Punjab,Bathinda,Maize,Kharif,2016,2179.8,5687.8,2609.3,271.3,21.0,221.0,7.43,0.43,0.44,26.3,831.6,67.3,27.0,26559.3,44978.5,4775.8,9691.5,12092.0,105.27,2.6093
Bihar,Gaya,Bajra,Kharif,2021,44820.0,44143.2,984.9,183.7,14.4,182.5,7.11,0.5,0.38,28.7,1243.5,77.1,35.2,25302.6,41123.1,5278.6,8166.7,11857.3,148.02,0.9849
Maharashtra,Kolhapur,Bajra,Kharif,2015,9050.8,12305.5,1359.6,275.5,18.6,285.5,7.58,0.43,0.86,30.1,1300.5,75.3,36.6,19724.3,32102.4,4226.2,7755.2,7742.9,100.0,1.3596
Madhya Pradesh,Hoshangabad,Gram,Rabi,2015,20954.7,14917.7,711.9,328.1,15.9,294.8,7.71,0.59,0.39,21.1,207.6,51.7,16.0,19158.0,31759.5,3433.1,7268.5,8456.4,100.0,0.7119
Haryana,Kurukshetra,Sugarcane,Whole Year,2022,8193.1,757008.8,92395.9,265.4,17.2,228.3,7.8,0.38,0.1,25.1,767.3,55.2,14.5,130000.2,212394.1,30791.2,42020.4,57188.6,156.76,92.3959
Maharashtra,Pune,Groundnut,Rabi,2023,38222.3,35898.4,939.2,271.4,13.8,239.8,6.94,0.39,0.39,22.0,181.2,58.2,12.0,61038.7,103206.0,9886.7,24337.3,26814.7,166.25,0.9392
Andhra Pradesh,West Godavari,Jowar,Kharif,2020,32816.1,39684.5,1209.3,213.8,17.0,225.4,6.48,0.4,1.07,31.0,1088.2,77.9,30.4,27061.5,44640.1,5450.2,9550.8,12060.5,138.02,1.2093
Bihar,Patna,Wheat,Rabi,2017,21252.5,74876.8,3523.2,216.1,14.2,193.6,7.19,0.51,0.87,20.9,193.2,62.7,11.8,32288.5,53468.3,6106.2,11330.9,14851.4,113.54,3.5231999999999997
Andhra Pradesh,Kurnool,Rice,Kharif,2021,25255.1,45532.4,1802.9,206.2,14.8,227.0,7.07,0.45,0.9,31.6,1070.0,75.2,32.7,45255.6,76284.8,10711.0,17172.4,17372.2,148.02,1.8029000000000002
Punjab,Amritsar,Maize,Rabi,2019,29503.1,100458.1,3405.0,238.3,20.5,241.5,7.7,0.49,0.84,18.1,99.0,52.0,10.6,32554.9,53651.4,6882.1,11377.8,14295.0,128.37,3.405
Madhya Pradesh,Hoshangabad,Gram,Rabi,2021,27953.8,27892.3,997.8,283.7,17.0,265.1,7.21,0.46,0.51,20.6,181.6,52.2,14.9,30279.7,49726.5,5795.3,12233.1,12251.3,148.02,0.9977999999999999
Punjab,Patiala,Gram,Rabi,2019,13975.5,10442.5,747.2,306.3,20.9,268.7,7.87,0.4,0.55,18.7,87.2,50.9,11.0,30216.7,51214.4,6242.8,11694.3,12279.6,128.37,0.7472000000000001
Tamil Nadu,Coimbatore,Sugarcane,Whole Year,2023,38757.7,2519014.1,64993.9,180.4,10.7,226.7,6.6,0.6,1.11,27.8,1147.7,71.1,18.4,135076.6,216737.4,24000.6,50010.4,61065.6,166.25,64.9939
Bihar,Rohtas,Maize,Rabi,2020,28686.1,84778.9,2955.4,213.7,16.5,183.0,7.62,0.36,0.11,21.1,236.0,62.6,13.2,31941.1,53242.0,6395.7,10348.1,15197.3,138.02,2.9554
Maharashtra,Nagpur,Gram,Rabi,2020,7673.9,8462.0,1102.7,222.3,14.9,234.4,7.34,0.39,0.47,22.6,110.0,56.5,11.4,33629.6,56423.0,6146.8,13146.2,14336.6,138.02,1.1027
Tamil Nadu,Salem,Groundnut,Kharif,2018,37494.9,66583.4,1775.8,238.1,11.5,209.6,7.2,0.6,1.01,30.7,892.7,82.5,29.6,40210.7,67705.2,8556.7,15470.4,16183.6,119.72,1.7758
Tamil Nadu,Erode,Cotton,Kharif,2015,18873.7,9197.2,487.3,220.7,9.4,198.3,7.16,0.46,0.53,30.6,1025.4,82.1,29.5,38005.6,62182.8,6317.1,14767.1,16921.4,100.0,0.4873
West Bengal,Bardhaman,Wheat,Rabi,2023,33605.4,119352.9,3551.6,209.6,21.5,153.7,6.03,0.66,0.31,22.3,274.2,70.7,16.8,46500.7,74550.3,8995.9,18943.3,18561.5,166.25,3.5516
Karnataka,Mysuru,Jowar,Rabi,2016,18341.8,29409.2,1603.4,205.4,13.4,180.5,6.98,0.48,1.09,20.3,124.7,58.2,12.0,17539.2,28345.9,3114.3,5703.0,8721.9,105.27,1.6034000000000002
Maharashtra,Nagpur,Sugarcane,Whole Year,2022,25949.2,2044278.0,78780.0,258.7,19.1,237.8,7.58,0.54,0.89,26.8,1259.8,62.9,21.0,139907.2,233381.1,32889.5,45978.3,61039.4,156.76,78.78
Haryana,Karnal,Jowar,Rabi,2015,21571.6,29527.2,1368.8,254.2,17.0,233.1,7.57,0.4,0.64,20.0,61.6,46.9,12.1,18405.2,30756.3,4236.0,7465.6,6703.6,100.0,1.3688
Karnataka,Davanagere,Sugarcane,Whole Year,2021,31005.9,1898556.4,61232.1,211.8,12.8,203.9,6.51,0.45,1.05,25.9,1249.6,66.0,20.6,115613.6,191233.4,21165.0,38086.3,56362.3,148.02,61.232099999999996
Tamil Nadu,Salem,Cotton,Kharif,2016,24438.7,10357.1,423.8,191.9,14.6,188.0,7.21,0.46,1.17,30.7,1047.6,81.0,31.0,42159.7,68553.0,8554.1,13989.7,19615.9,105.27,0.4238
Andhra Pradesh,Kurnool,Jowar,Rabi,2016,14495.3,16169.5,1115.5,239.2,15.5,217.4,7.13,0.56,0.43,22.9,137.7,62.7,14.4,21166.7,35073.0,4315.4,8215.8,8635.5,105.27,1.1155
Karnataka,Mysuru,Sugarcane,Whole Year,2020,31826.3,1808118.9,56812.1,221.5,12.3,207.8,6.78,0.58,0.99,26.3,1162.7,67.4,20.6,102801.3,167230.7,19107.2,41736.9,41957.2,138.02,56.8121
Karnataka,Davanagere,Rice,Kharif,2015,39342.8,110765.7,2815.4,265.7,16.3,226.8,6.98,0.48,0.13,29.0,1164.4,77.0,33.6,29144.5,47554.0,6397.2,9014.1,13733.2,100.0,2.8154
Karnataka,Davanagere,Wheat,Rabi,2018,20642.5,65905.3,3192.7,225.4,14.9,202.9,6.89,0.55,0.13,20.6,124.5,59.2,12.9,32124.6,54027.6,5427.0,12725.8,13971.8,119.72,3.1927
Maharashtra,Pune,Jowar,Rabi,2019,664.5,590.1,888.0,280.2,14.6,230.8,7.11,0.45,0.51,21.9,150.7,57.8,10.2,27975.1,45728.7,6084.9,8780.1,13110.1,128.37,0.888
Karnataka,Raichur,Cotton,Kharif,2016,18954.9,8609.3,454.2,213.5,13.0,162.3,6.45,0.54,0.94,29.3,846.5,77.5,27.3,37934.4,63001.9,8964.8,12087.0,16882.6,105.27,0.4542
Uttar Pradesh,Kanpur Dehat,Groundnut,Rabi,2015,5729.5,7495.3,1308.2,235.3,13.7,204.9,7.61,0.41,0.67,21.0,157.1,54.3,12.2,37557.1,60437.3,7964.6,12870.9,16721.6,100.0,1.3082
Karnataka,Mysuru,Jowar,Kharif,2017,24847.6,40914.1,1646.6,227.1,12.4,158.1,6.72,0.61,0.48,28.8,969.9,76.9,31.3,19536.8,33035.5,3942.0,6537.8,9057.0,113.54,1.6465999999999998
Punjab,Ludhiana,Groundnut,Rabi,2019,27719.7,55827.5,2014.0,234.4,20.9,203.8,7.52,0.51,0.24,18.4,107.9,51.5,13.7,47252.2,80276.4,8801.8,14560.5,23889.9,128.37,2.014
Bihar,Rohtas,Sugarcane,Whole Year,2018,23259.1,1653638.3,71096.4,218.5,14.5,175.1,7.01,0.36,1.18,25.7,1522.4,69.5,22.8,100776.9,170468.8,23801.5,34485.8,42489.6,119.72,71.09639999999999
Maharashtra,Kolhapur,Jowar,Rabi,2022,27558.8,28338.7,1028.3,272.0,17.7,300.1,7.04,0.46,0.33,21.6,158.2,56.9,13.1,32129.8,54085.5,7172.6,10248.9,14708.3,156.76,1.0283
Tamil Nadu,Coimbatore,Maize,Kharif,2015,5377.9,17460.4,3246.7,203.6,14.3,178.1,7.28,0.61,0.59,30.4,1050.7,80.1,31.8,23499.1,39667.7,4835.4,7928.4,10735.3,100.0,3.2466999999999997
Madhya Pradesh,Sehore,Gram,Rabi,2015,758.3,985.7,1299.9,286.0,12.1,275.6,7.97,0.45,0.3,20.7,222.1,50.1,16.6,19158.0,31759.5,3433.1,7268.5,8456.4,100.0,1.2999
Haryana,Sirsa,Groundnut,Kharif,2016,22840.8,38872.8,1701.9,239.7,13.9,217.4,8.04,0.43,0.27,28.1,546.9,62.5,22.6,34080.0,56519.0,6999.4,13420.9,13659.7,105.27,1.7019000000000002
Maharashtra,Nashik,Groundnut,Rabi,2021,32244.9,52465.7,1627.1,259.8,19.1,277.4,7.06,0.43,0.39,21.9,120.6,54.0,12.7,57326.1,91835.0,10436.6,17535.9,29353.6,148.02,1.6271
Tamil Nadu,Coimbatore,Bajra,Kharif,2021,27872.0,34840.0,1250.0,191.3,12.3,195.0,7.15,0.53,1.05,30.8,1133.2,81.1,31.8,26594.8,42713.4,5833.4,9942.0,10819.4,148.02,1.25
Karnataka,Davanagere,Sugarcane,Whole Year,2016,43144.6,2799333.8,64882.6,257.5,12.1,200.0,6.57,0.64,0.59,26.5,1181.8,66.3,19.7,78574.1,133209.2,18387.7,32239.9,27946.5,105.27,64.8826
Karnataka,Davanagere,Soyabean,Kharif,2019,9254.4,10546.3,1139.6,238.4,15.7,192.4,6.86,0.54,0.49,29.5,925.1,75.6,30.5,25492.6,42507.7,5766.2,9858.5,9867.9,128.37,1.1396
West Bengal,Hooghly,Jowar,Rabi,2019,37572.7,37050.4,986.1,170.9,18.4,183.9,5.81,0.62,0.32,21.6,180.9,72.9,15.7,24758.2,40859.3,4639.7,7729.3,12389.2,128.37,0.9861
Karnataka,Raichur,Wheat,Rabi,2017,27934.8,93441.9,3345.0,220.6,12.6,200.8,6.42,0.56,0.31,20.7,171.9,59.7,12.6,29631.7,49060.1,6713.9,11992.3,10925.5,113.54,3.345
Madhya Pradesh,Sehore,Soyabean,Kharif,2017,1717.1,1624.7,946.2,311.8,16.1,222.9,7.97,0.57,0.63,28.8,1197.3,69.9,34.0,22494.5,37438.3,5277.5,7028.6,10188.4,113.54,0.9462
Haryana,Hisar,Bajra,Kharif,2023,27844.6,24016.0,862.5,288.7,15.5,192.4,7.78,0.36,0.79,27.3,643.7,62.6,22.1,30207.1,51170.7,4956.4,10862.7,14388.0,166.25,0.8625
Karnataka,Raichur,Gram,Rabi,2017,27767.4,30252.6,1089.5,220.6,12.6,200.8,6.42,0.56,0.31,20.7,171.9,59.7,12.6,20627.9,33804.8,4474.5,7347.6,8805.8,113.54,1.0895
Madhya Pradesh,Indore,Rice,Kharif,2019,14195.9,33164.5,2336.2,254.0,14.9,254.7,7.88,0.57,0.78,29.1,1232.0,68.1,34.2,38406.6,63809.3,8668.4,12434.9,17303.3,128.37,2.3362
Uttar Pradesh,Meerut,Cotton,Kharif,2019,1782.3,1048.9,588.5,222.6,17.1,176.0,7.65,0.38,0.34,28.7,1035.2,71.9,31.3,54787.6,91423.2,12665.6,17634.7,24487.3,128.37,0.5885
Karnataka,Raichur,Groundnut,Rabi,2020,25737.8,35652.0,1385.2,256.0,14.8,177.8,6.3,0.49,0.84,20.5,123.6,62.7,11.7,43951.8,71155.5,8802.9,18117.8,17031.1,138.02,1.3852
Maharashtra,Pune,Maize,Rabi,2019,43757.6,94849.0,2167.6,280.2,14.6,230.8,7.11,0.45,0.51,21.9,150.7,57.8,10.2,34642.4,57936.4,5610.1,11306.8,17725.5,128.37,2.1675999999999997
Maharashtra,Pune,Bajra,Kharif,2021,35884.8,61007.7,1700.1,258.6,17.1,217.4,7.36,0.52,1.1,29.7,1074.8,74.9,31.6,28778.0,47754.8,4908.1,11894.1,11975.8,148.02,1.7001
Uttar Pradesh,Meerut,Rice,Kharif,2015,17103.0,28960.5,1693.3,272.3,14.8,162.3,7.4,0.49,0.65,28.5,1092.6,72.5,33.6,32440.1,54501.6,5752.7,10116.5,16570.9,100.0,1.6933
West Bengal,Nadia,Cotton,Kharif,2018,818.3,456.6,558.0,201.8,18.1,174.6,5.83,0.6,1.01,30.8,1837.3,82.7,38.3,46928.6,77651.2,9052.1,16856.0,21020.5,119.72,0.558
Karnataka,Davanagere,Maize,Rabi,2021,22229.7,46246.7,2080.4,211.8,12.8,203.9,6.51,0.45,1.05,20.8,105.6,59.1,12.5,31427.6,52115.7,6003.3,12534.9,12889.4,148.02,2.0804
Andhra Pradesh,Kurnool,Soyabean,Kharif,2017,17776.9,17417.8,979.8,180.8,15.7,208.5,6.71,0.54,0.98,30.9,1075.7,77.4,30.8,24152.3,40284.6,3909.5,9190.6,11052.2,113.54,0.9798
Madhya Pradesh,Sehore,Wheat,Rabi,2016,13287.3,37688.1,2836.4,277.9,16.9,235.5,7.82,0.43,0.75,21.2,178.5,53.7,14.5,27521.2,46287.0,6342.3,8414.1,12764.8,105.27,2.8364000000000003
Punjab,Ludhiana,Groundnut,Rabi,2017,12301.4,25451.6,2069.0,230.7,19.7,193.9,7.59,0.36,1.2,18.6,75.7,49.6,11.3,39876.9,65300.9,7682.4,15487.5,16707.0,113.54,2.069
Tamil Nadu,Coimbatore,Soyabean,Kharif,2018,22078.0,20631.9,934.5,210.6,11.9,187.0,7.24,0.42,0.98,30.8,1068.3,82.9,30.5,25986.9,42572.0,4594.7,9037.1,12355.1,119.72,0.9345
Karnataka,Mysuru,Groundnut,Kharif,2017,28047.4,30627.8,1092.0,227.1,12.4,158.1,6.72,0.61,0.48,28.8,969.9,76.9,31.3,36077.5,60395.6,7790.6,11516.9,16770.0,113.54,1.092
Punjab,Amritsar,Bajra,Kharif,2018,4079.7,3657.9,896.6,261.5,21.4,209.1,7.88,0.41,0.21,26.7,567.7,65.2,21.6,23105.2,39232.4,5111.8,9310.3,8683.1,119.72,0.8966000000000001
Maharashtra,Nagpur,Cotton,Kharif,2015,41979.7,19293.9,459.6,262.2,17.8,243.1,7.13,0.51,0.45,30.4,1132.5,70.9,33.0,40886.4,66949.6,7360.9,12765.7,20759.8,100.0,0.4596
Tamil Nadu,Coimbatore,Groundnut,Rabi,2016,43923.9,42931.2,977.4,175.8,11.8,238.6,6.5,0.57,0.96,22.1,169.4,66.4,15.2,37518.3,60993.1,7213.1,12125.4,18179.8,105.27,0.9773999999999999
West Bengal,Nadia,Jowar,Kharif,2022,526.5,737.4,1400.6,201.7,23.7,179.7,5.93,0.53,0.29,30.2,1421.1,86.1,38.8,32306.7,52120.3,6716.3,10616.0,14974.4,156.76,1.4005999999999998
Uttar Pradesh,Bareilly,Rice,Kharif,2020,44706.8,91921.7,2056.1,268.0,15.2,225.4,7.62,0.41,0.83,28.8,1213.2,71.5,34.8,49162.3,82551.5,10546.9,19050.9,19564.5,138.02,2.0561
Tamil Nadu,Thanjavur,Soyabean,Kharif,2020,3041.8,2812.8,924.7,193.4,14.7,230.0,6.95,0.53,0.75,31.0,1109.3,80.0,31.0,29381.3,49274.7,5414.7,9727.3,14239.3,138.02,0.9247000000000001
Andhra Pradesh,Guntur,Groundnut,Rabi,2021,38797.3,50056.3,1290.2,227.4,18.3,235.4,6.8,0.47,0.99,23.8,148.4,60.6,14.7,49213.0,82909.2,8573.0,20144.5,20495.5,148.02,1.2902
Andhra Pradesh,Guntur,Gram,Rabi,2017,6262.9,4456.7,711.6,251.4,16.8,224.9,6.79,0.54,0.72,23.0,153.4,61.0,13.7,24063.8,39417.7,4691.9,7652.1,11719.8,113.54,0.7116
Bihar,Patna,Bajra,Kharif,2017,25712.3,33508.3,1303.2,216.1,14.2,193.6,7.19,0.51,0.87,29.1,1280.8,76.6,35.2,20354.5,32859.8,4151.5,6422.7,9780.3,113.54,1.3032000000000001
Tamil Nadu,Coimbatore,Sugarcane,Whole Year,2022,16613.3,900482.4,54202.5,224.7,13.1,185.2,6.77,0.44,0.47,28.0,1292.3,71.9,20.8,131104.3,214219.1,30954.6,40741.6,59408.1,156.76,54.2025
Maharashtra,Nashik,Sugarcane,Whole Year,2015,29734.6,1618076.6,54417.3,230.8,16.2,251.6,7.45,0.53,1.07,26.9,1447.1,63.7,22.2,98755.0,165570.7,18510.4,37733.2,42511.4,100.0,54.417300000000004
Haryana,Karnal,Wheat,Rabi,2018,16891.9,67427.4,3991.7,264.0,18.4,233.1,8.29,0.3,0.44,18.9,90.2,48.3,12.8,31805.3,53953.8,7600.6,11959.1,12245.6,119.72,3.9917
Madhya Pradesh,Ujjain,Cotton,Kharif,2015,14194.0,7666.2,540.1,294.9,17.7,286.0,7.93,0.42,0.89,29.0,1264.6,68.2,36.2,35547.2,58998.2,6110.6,11793.8,17642.8,100.0,0.5401
Karnataka,Raichur,Sugarcane,Whole Year,2015,22939.4,1774358.0,77349.8,210.2,15.1,162.9,6.49,0.57,0.63,26.1,1216.8,68.0,20.0,80647.0,135176.9,17143.2,27041.3,36462.5,100.0,77.3498
Maharashtra,Kolhapur,Sugarcane,Whole Year,2020,32080.4,2223415.5,69307.6,245.7,19.6,273.7,6.98,0.56,0.8,27.0,1311.8,64.0,22.0,131508.4,222241.9,30564.9,52934.8,48008.7,138.02,69.30760000000001
Bihar,Patna,Maize,Rabi,2020,41654.6,99304.6,2384.0,220.7,16.3,171.5,7.35,0.39,1.04,21.5,173.5,62.7,13.0,31941.1,53242.0,6395.7,10348.1,15197.3,138.02,2.384
Punjab,Ludhiana,Rice,Kharif,2022,4627.2,9509.8,2055.2,296.3,19.4,232.6,7.86,0.5,0.23,26.5,583.2,65.5,20.0,52700.4,86788.6,11983.1,17208.2,23509.1,156.76,2.0551999999999997
Uttar Pradesh,Bareilly,Groundnut,Kharif,2019,12375.4,17602.8,1422.4,274.7,17.6,220.4,7.76,0.52,0.65,29.9,1079.9,72.7,33.0,44873.3,74695.8,9620.5,15386.3,19866.5,128.37,1.4224
Uttar Pradesh,Kanpur Dehat,Maize,Rabi,2018,715.0,1533.7,2145.1,232.5,13.6,170.2,7.14,0.36,0.27,20.7,111.5,56.5,10.2,29155.5,49253.9,6700.8,9912.8,12541.9,119.72,2.1451
Andhra Pradesh,West Godavari,Jowar,Kharif,2018,40149.1,53651.2,1336.3,237.3,12.0,201.0,6.76,0.37,0.44,30.9,1233.3,76.8,35.4,22552.2,37975.7,3661.8,7068.5,11821.9,119.72,1.3363
Andhra Pradesh,Krishna,Groundnut,Rabi,2022,42199.1,67708.5,1604.5,216.7,16.3,186.0,6.93,0.44,0.93,23.4,175.6,58.7,16.5,53353.4,89870.0,8895.1,19190.9,25267.4,156.76,1.6045
Bihar,Gaya,Groundnut,Rabi,2015,23483.4,29258.0,1245.9,197.8,12.9,157.4,7.61,0.54,0.39,20.9,197.0,64.8,14.5,33449.1,55993.2,7698.5,10483.4,15267.2,100.0,1.2459
West Bengal,Hooghly,Rice,Kharif,2015,15352.5,42313.0,2756.1,168.8,19.5,158.1,6.39,0.63,1.11,30.0,1605.5,87.2,38.6,34210.1,56518.8,6696.7,12251.7,15261.7,100.0,2.7561
Punjab,Bathinda,Groundnut,Rabi,2020,40491.2,51023.0,1260.1,277.0,23.5,204.4,7.46,0.36,1.0,19.0,106.8,46.5,12.3,48265.2,80811.4,9243.6,20196.3,18825.3,138.02,1.2601
West Bengal,Hooghly,Maize,Kharif,2021,43135.1,101143.2,2344.8,198.5,23.8,160.2,5.86,0.59,0.72,29.9,1813.5,86.5,39.2,38244.8,62780.5,7079.2,15937.1,15228.5,148.02,2.3448
Punjab,Bathinda,Soyabean,Kharif,2023,32855.1,31402.9,955.8,270.8,21.0,261.6,7.98,0.44,0.36,26.4,840.3,67.0,25.7,39491.6,65252.3,9457.3,14832.9,15201.4,166.25,0.9558
Bihar,Muzaffarpur,Bajra,Kharif,2019,13264.2,16655.9,1255.7,213.3,12.0,148.9,7.31,0.38,0.76,29.3,1296.5,78.9,35.8,22619.0,36685.3,5307.7,8727.5,8583.8,128.37,1.2557
Madhya Pradesh,Indore,Maize,Rabi,2016,2553.2,7204.9,2821.9,265.7,15.7,279.7,7.31,0.47,1.13,20.9,148.9,53.1,11.6,23573.4,38475.1,5488.3,9071.0,9014.1,105.27,2.8219000000000003
Madhya Pradesh,Sehore,Maize,Kharif,2023,37311.7,99592.4,2669.2,314.4,18.1,261.9,7.4,0.47,0.65,28.9,1123.6,70.6,33.1,36676.9,60334.4,8126.7,15324.9,13225.3,166.25,2.6692
Andhra Pradesh,Guntur,Groundnut,Rabi,2020,32763.8,37196.7,1135.3,198.6,13.6,217.5,6.93,0.48,0.91,22.6,114.1,59.4,15.0,49614.8,79443.6,9387.0,19854.8,20373.0,138.02,1.1353
Maharashtra,Nashik,Wheat,Rabi,2021,8490.1,22620.2,2664.3,259.8,19.1,277.4,7.06,0.43,0.39,21.9,120.6,54.0,12.7,48399.2,80139.4,10132.2,19022.9,19244.1,148.02,2.6643000000000003
Tamil Nadu,Salem,Jowar,Kharif,2022,11362.5,17568.7,1546.2,190.4,12.3,257.9,6.55,0.45,0.81,31.0,938.5,79.3,28.4,29586.9,48087.9,6301.8,9373.2,13911.9,156.76,1.5462
Andhra Pradesh,Guntur,Maize,Kharif,2020,38612.2,86753.9,2246.8,198.6,13.6,217.5,6.93,0.48,0.91,30.5,1027.0,78.5,31.3,34068.3,57299.2,6336.3,13465.9,14266.1,138.02,2.2468000000000004
Punjab,Ludhiana,Groundnut,Kharif,2015,33784.9,35575.5,1053.0,280.1,18.5,211.9,7.57,0.51,0.99,27.0,577.0,65.4,21.1,35333.5,59341.9,7800.9,14118.8,13413.8,100.0,1.053
Punjab,Bathinda,Rice,Kharif,2015,14807.9,32414.5,2189.0,249.8,19.0,200.8,8.01,0.39,0.88,26.9,714.7,65.5,24.6,36518.7,60843.8,7422.3,12655.5,16440.9,100.0,2.189
Punjab,Bathinda,Bajra,Kharif,2020,23893.5,40169.8,1681.2,277.0,23.5,204.4,7.46,0.36,1.0,27.7,707.8,66.5,22.6,25844.1,42673.3,5477.0,8546.1,11821.0,138.02,1.6812
Uttar Pradesh,Bareilly,Rice,Kharif,2019,32820.9,104134.2,3172.8,274.7,17.6,220.4,7.76,0.52,0.65,29.9,1079.9,72.7,33.0,46228.6,76043.5,8967.7,15798.6,21462.3,128.37,3.1728
Maharashtra,Pune,Cotton,Kharif,2023,30435.4,15488.6,508.9,271.4,13.8,239.8,6.94,0.39,0.39,30.5,998.9,73.0,31.2,73506.8,124782.2,17207.4,24451.1,31848.3,166.25,0.5089
Madhya Pradesh,Sehore,Gram,Rabi,2022,5866.8,5589.9,952.8,296.7,16.9,257.7,7.27,0.55,0.54,21.4,167.0,52.4,14.3,29929.6,50789.3,5822.7,12194.3,11912.6,156.76,0.9528
Tamil Nadu,Erode,Groundnut,Rabi,2015,20803.3,21618.8,1039.2,220.7,9.4,198.3,7.16,0.46,0.53,23.0,143.8,61.8,15.1,35389.7,57165.9,5883.8,12681.6,16824.3,100.0,1.0392000000000001
Andhra Pradesh,Krishna,Jowar,Rabi,2018,30864.1,41697.4,1351.0,200.9,11.5,172.5,6.56,0.38,1.0,21.8,103.6,59.4,12.1,22552.2,37975.7,3661.8,7068.5,11821.9,119.72,1.351
Maharashtra,Pune,Jowar,Rabi,2016,44195.6,52760.7,1193.8,233.8,14.8,208.7,6.93,0.53,0.16,21.0,206.8,57.5,14.2,21603.5,35767.1,4700.7,7849.7,9053.1,105.27,1.1938
Maharashtra,Pune,Gram,Rabi,2023,43981.0,61138.0,1390.1,271.4,13.8,239.8,6.94,0.39,0.39,22.0,181.2,58.2,12.0,40310.9,66421.5,8326.0,16182.0,15802.9,166.25,1.3901
Punjab,Amritsar,Jowar,Rabi,2017,23144.8,24961.7,1078.5,251.1,18.9,224.9,7.9,0.39,0.29,18.4,112.4,52.4,11.0,23638.9,38470.8,5639.5,9628.4,8371.0,113.54,1.0785
West Bengal,Bardhaman,Sugarcane,Whole Year,2020,29841.9,2116459.2,70922.4,209.0,24.8,172.6,5.74,0.63,0.97,26.8,1713.7,76.5,23.2,123112.6,199053.0,22677.3,37832.3,62603.0,138.02,70.9224
Andhra Pradesh,Guntur,Wheat,Rabi,2019,16791.9,70934.0,4224.3,219.5,14.4,214.5,6.65,0.46,0.79,23.5,117.9,61.4,10.8,37795.6,63782.4,6501.0,14339.9,16954.7,128.37,4.2243
Punjab,Ludhiana,Jowar,Rabi,2015,35892.9,30171.6,840.6,280.1,18.5,211.9,7.57,0.51,0.99,18.3,83.8,49.2,11.2,20684.5,34908.5,4573.5,8090.0,8021.0,100.0,0.8406
Madhya Pradesh,Ujjain,Groundnut,Rabi,2016,4863.9,9022.5,1855.0,283.8,17.2,224.4,7.64,0.42,0.98,21.8,117.1,52.2,12.0,34648.0,56434.0,5865.8,13490.0,15292.2,105.27,1.855
Punjab,Bathinda,Rice,Kharif,2020,7564.2,16171.5,2137.9,277.0,23.5,204.4,7.46,0.36,1.0,27.7,707.8,66.5,22.6,49347.9,80986.3,9102.4,19716.2,20529.3,138.02,2.1379
Bihar,Gaya,Cotton,Kharif,2018,1249.6,533.3,426.8,221.7,14.3,179.1,7.36,0.42,0.18,29.2,1416.1,77.8,37.4,45967.3,77958.4,10740.6,15725.2,19501.5,119.72,0.4268
Maharashtra,Kolhapur,Rice,Kharif,2022,30025.8,55475.7,1847.6,272.0,17.7,300.1,7.04,0.46,0.33,29.7,1176.8,72.9,33.0,55778.5,90280.7,9601.8,20628.6,25548.1,156.76,1.8476
Madhya Pradesh,Sehore,Soyabean,Kharif,2023,36079.0,35750.7,990.9,314.4,18.1,261.9,7.4,0.47,0.65,28.9,1123.6,70.6,33.1,36322.0,59215.9,7138.6,13598.9,15584.5,166.25,0.9909
Tamil Nadu,Thanjavur,Cotton,Kharif,2022,12405.3,6770.8,545.8,210.5,14.0,212.9,7.25,0.47,0.66,31.2,1210.3,79.0,34.0,60711.4,98785.5,14099.3,20559.0,26053.1,156.76,0.5458
West Bengal,Murshidabad,Groundnut,Kharif,2018,27977.0,32559.6,1163.8,238.7,24.6,197.7,6.22,0.59,0.72,29.5,1648.7,85.2,39.0,42121.8,67556.9,6844.5,17137.7,18139.6,119.72,1.1638
Andhra Pradesh,Kurnool,Maize,Kharif,2022,32646.0,85225.6,2610.6,199.3,16.8,164.1,6.85,0.51,1.1,30.8,1109.1,75.1,33.3,39871.1,65185.1,7483.4,14320.8,18066.9,156.76,2.6106
Madhya Pradesh,Ujjain,Groundnut,Kharif,2015,10257.8,18429.2,1796.6,294.9,17.7,286.0,7.93,0.42,0.89,29.0,1264.6,68.2,36.2,31480.4,52828.4,5352.1,12689.9,13438.4,100.0,1.7966
Andhra Pradesh,Kurnool,Jowar,Kharif,2016,19523.6,25739.9,1318.4,239.2,15.5,217.4,7.13,0.56,0.43,30.7,1138.7,76.1,32.0,21166.7,35073.0,4315.4,8215.8,8635.5,105.27,1.3184
Uttar Pradesh,Bareilly,Sugarcane,Whole Year,2022,36761.2,2031218.0,55254.4,249.3,16.9,164.3,7.61,0.34,0.66,25.7,1116.1,61.2,18.4,140143.4,231487.1,27829.7,46691.2,65622.5,156.76,55.254400000000004
Bihar,Patna,Groundnut,Kharif,2020,44314.6,54054.9,1219.8,220.7,16.3,171.5,7.35,0.39,1.04,28.3,1208.6,79.0,34.8,44002.7,71160.4,9100.9,16088.4,18813.4,138.02,1.2198
Bihar,Patna,Groundnut,Rabi,2022,11722.1,13553.1,1156.2,253.9,13.0,203.2,7.07,0.36,0.55,21.1,217.6,62.5,13.5,49776.1,83367.0,11208.5,20669.0,17898.6,156.76,1.1562000000000001
Madhya Pradesh,Sehore,Maize,Kharif,2019,30996.1,72828.4,2349.6,252.2,12.8,231.9,7.67,0.53,0.59,29.6,1155.8,69.5,30.6,30069.1,49872.4,7044.5,9115.2,13909.4,128.37,2.3495999999999997
Andhra Pradesh,Kurnool,Soyabean,Kharif,2020,8193.6,11711.9,1429.4,229.8,12.4,202.3,6.81,0.49,0.8,31.1,1138.0,78.2,33.2,31837.9,52011.5,7456.0,11183.9,13198.0,138.02,1.4294
Haryana,Kurukshetra,Soyabean,Kharif,2021,4994.1,5406.6,1082.6,250.6,15.3,164.4,8.16,0.42,0.98,27.8,574.9,60.2,23.1,31441.4,53200.3,6869.2,11271.2,13301.0,148.02,1.0826
Andhra Pradesh,Guntur,Groundnut,Rabi,2019,11798.4,22299.0,1890.0,219.5,14.4,214.5,6.65,0.46,0.79,23.5,117.9,61.4,10.8,45277.3,75767.3,9555.5,15391.2,20330.6,128.37,1.89
Maharashtra,Nashik,Groundnut,Rabi,2015,35860.0,41870.1,1167.6,230.8,16.2,251.6,7.45,0.53,1.07,22.1,194.0,57.6,13.5,37627.9,63040.3,7801.0,12553.2,17273.7,100.0,1.1676
West Bengal,Murshidabad,Gram,Rabi,2019,41250.3,55419.8,1343.5,181.6,18.5,167.7,5.64,0.56,0.67,21.4,214.8,69.3,14.4,29187.2,48546.5,6920.7,11278.6,10987.9,128.37,1.3435
Bihar,Gaya,Sugarcane,Whole Year,2015,18501.2,1449989.0,78372.7,197.8,12.9,157.4,7.61,0.54,0.39,25.6,1528.3,70.3,22.3,81702.0,137347.4,14840.5,26822.0,40039.5,100.0,78.3727
Maharashtra,Kolhapur,Jowar,Kharif,2021,27927.5,39294.0,1407.0,259.5,22.0,291.0,7.05,0.55,0.24,29.7,1205.1,72.6,32.4,31164.8,50529.7,6456.6,12052.9,12655.3,148.02,1.407
Punjab,Ludhiana,Bajra,Kharif,2020,33484.8,44749.1,1336.4,299.0,17.1,217.2,7.67,0.45,0.31,27.1,758.1,66.3,25.6,25844.1,42673.3,5477.0,8546.1,11821.0,138.02,1.3364
West Bengal,Nadia,Jowar,Rabi,2021,35035.0,27425.4,782.8,236.7,21.7,155.4,6.21,0.54,0.18,22.0,258.3,69.2,14.1,28429.8,47828.8,5988.9,9063.7,13377.2,148.02,0.7827999999999999
West Bengal,Murshidabad,Maize,Kharif,2020,31381.6,82285.7,2622.1,190.2,18.6,149.0,5.97,0.67,0.59,30.0,1259.2,85.0,35.8,36183.6,61227.5,6413.0,12901.3,16869.3,138.02,2.6221
Uttar Pradesh,Meerut,Maize,Kharif,2016,9388.8,22049.6,2348.5,246.1,14.2,199.8,7.58,0.46,1.05,29.2,1183.8,72.2,34.5,25622.0,43060.4,4874.8,8452.1,12295.1,105.27,2.3485
Punjab,Ludhiana,Wheat,Rabi,2023,44533.8,158068.3,3549.4,263.1,20.0,191.6,8.14,0.53,0.55,18.5,105.2,49.4,13.8,47977.6,80172.7,8444.2,16278.6,23254.8,166.25,3.5494
Punjab,Amritsar,Sugarcane,Whole Year,2021,39674.2,2772500.5,69881.7,305.5,18.0,211.3,7.6,0.53,0.28,23.7,786.8,57.8,14.9,135072.0,220631.1,26118.5,42370.6,66582.9,148.02,69.8817
Haryana,Karnal,Rice,Kharif,2015,38199.2,98286.5,2573.0,254.2,17.0,233.1,7.57,0.4,0.64,27.9,681.5,62.1,23.3,32303.0,53276.1,5252.1,10815.1,16235.8,100.0,2.573
Bihar,Rohtas,Groundnut,Kharif,2022,12444.4,24006.5,1929.1,241.3,15.1,154.7,6.94,0.52,0.4,28.9,1140.5,79.3,34.3,49776.1,83367.0,11208.5,20669.0,17898.6,156.76,1.9290999999999998
Tamil Nadu,Erode,Gram,Rabi,2016,21005.8,19268.6,917.3,212.3,11.8,179.1,6.93,0.62,1.0,22.6,164.4,65.2,13.2,22381.9,37946.7,4451.4,9102.1,8828.4,105.27,0.9173
Bihar,Gaya,Maize,Rabi,2019,24927.7,73060.6,2930.9,230.0,15.7,151.3,6.97,0.47,1.12,20.6,159.6,62.3,11.4,28524.0,45896.2,6074.1,9059.2,13390.7,128.37,2.9309000000000003
Madhya Pradesh,Indore,Gram,Rabi,2020,28865.4,35218.7,1220.1,253.6,16.1,215.7,7.94,0.46,0.38,21.0,173.8,54.8,13.9,27438.7,44200.3,5075.7,11110.5,11252.5,138.02,1.2201
Tamil Nadu,Thanjavur,Sugarcane,Whole Year,2016,6602.4,505042.0,76493.7,213.5,10.4,223.0,6.59,0.48,0.14,28.3,1175.1,69.9,20.2,92754.2,153610.4,21854.6,30283.6,40616.0,105.27,76.4937
Bihar,Muzaffarpur,Groundnut,Rabi,2021,11375.2,15166.6,1333.3,247.5,12.0,181.7,7.16,0.42,0.61,20.3,205.5,62.6,15.3,46235.1,76477.0,7855.0,16392.1,21988.0,148.02,1.3333
Maharashtra,Nashik,Jowar,Kharif,2017,44241.3,70113.6,1584.8,243.7,16.7,220.3,7.44,0.47,0.96,30.2,1045.3,71.8,29.0,24936.1,39974.9,4701.5,7606.7,12627.9,113.54,1.5848
Madhya Pradesh,Indore,Bajra,Kharif,2015,19443.8,20178.8,1037.8,268.8,15.7,278.7,7.98,0.45,0.79,29.3,968.6,67.8,32.2,16268.2,27627.8,3400.3,4998.3,7869.6,100.0,1.0378
Madhya Pradesh,Indore,Jowar,Rabi,2023,33179.1,36079.0,1087.4,246.4,17.4,285.9,7.57,0.54,0.96,21.4,142.9,52.0,14.3,30361.6,48951.7,6063.0,10547.1,13751.5,166.25,1.0874000000000001
Uttar Pradesh,Meerut,Rice,Kharif,2016,8980.7,24838.8,2765.8,246.1,14.2,199.8,7.58,0.46,1.05,29.2,1183.8,72.2,34.5,34643.4,55633.7,6871.2,13943.8,13828.4,105.27,2.7658
Haryana,Hisar,Groundnut,Rabi,2021,30632.7,39090.4,1276.1,226.5,17.3,178.9,8.22,0.45,0.94,20.1,86.8,44.4,12.1,48481.8,79445.5,10952.0,15579.6,21950.2,148.02,1.2761
Tamil Nadu,Salem,Groundnut,Rabi,2015,33449.1,48046.3,1436.4,201.9,11.7,221.3,7.0,0.61,0.12,23.0,147.8,64.9,11.2,35389.7,57165.9,5883.8,12681.6,16824.3,100.0,1.4364000000000001
Karnataka,Raichur,Jowar,Kharif,2015,19267.9,25160.0,1305.8,210.2,15.1,162.9,6.49,0.57,0.63,29.5,1065.0,79.2,31.5,17951.2,28772.3,4246.4,7363.8,6341.0,100.0,1.3057999999999998
Bihar,Muzaffarpur,Maize,Rabi,2019,10993.2,22427.2,2040.1,213.3,12.0,148.9,7.31,0.38,0.76,20.5,124.8,62.4,12.4,28524.0,45896.2,6074.1,9059.2,13390.7,128.37,2.0401
West Bengal,Nadia,Groundnut,Rabi,2015,8288.5,9022.9,1088.6,212.0,22.7,193.1,5.98,0.64,0.29,21.1,205.3,70.3,14.2,36861.0,60206.8,7344.5,13401.6,16114.9,100.0,1.0886
West Bengal,Murshidabad,Gram,Rabi,2017,3309.1,3057.3,923.9,239.8,24.6,172.0,5.65,0.53,0.15,22.1,210.4,71.8,16.6,23400.5,38857.8,4689.3,7311.9,11399.3,113.54,0.9238999999999999
Bihar,Rohtas,Cotton,Kharif,2020,33813.1,13173.6,389.6,213.7,16.5,183.0,7.62,0.36,0.11,29.2,1152.5,79.9,30.6,51292.7,82636.1,9395.6,16660.2,25236.9,138.02,0.3896
Maharashtra,Pune,Cotton,Kharif,2018,14664.5,7609.4,518.9,223.6,17.0,213.8,7.59,0.56,0.86,29.7,1246.4,73.0,34.3,52478.3,85864.7,11974.4,18689.0,21814.9,119.72,0.5189
Uttar Pradesh,Bareilly,Cotton,Kharif,2018,1318.3,702.9,533.2,262.3,13.6,178.8,7.74,0.44,0.92,29.8,1188.5,71.6,32.3,46389.1,77200.4,9427.5,17943.6,19018.0,119.72,0.5332
Maharashtra,Nagpur,Jowar,Rabi,2015,29438.8,30430.9,1033.7,262.2,17.8,243.1,7.13,0.51,0.45,22.6,171.5,58.5,15.4,21820.5,35066.7,4650.9,7809.9,9359.7,100.0,1.0337
Bihar,Rohtas,Soyabean,Kharif,2015,16008.8,18847.2,1177.3,236.1,15.4,186.2,7.1,0.38,0.89,28.9,1431.3,77.7,37.7,21752.4,35678.5,4586.5,8130.1,9035.8,100.0,1.1773
Punjab,Amritsar,Jowar,Rabi,2023,15858.0,19410.2,1224.0,254.1,16.4,214.6,7.54,0.36,0.47,18.7,99.0,50.3,10.5,34818.1,56311.5,7505.4,13749.5,13563.2,166.25,1.224
West Bengal,Nadia,Wheat,Rabi,2017,36927.1,85120.7,2305.1,197.8,23.5,200.9,6.37,0.56,0.63,21.4,201.6,70.0,12.9,31157.6,52028.9,5972.3,12205.1,12980.2,113.54,2.3051
Karnataka,Mysuru,Rice,Kharif,2016,39216.1,104118.7,2655.0,205.4,13.4,180.5,6.98,0.48,1.09,29.0,1077.5,77.4,32.0,29488.2,47773.0,6426.0,8961.4,14100.8,105.27,2.655
Tamil Nadu,Thanjavur,Sugarcane,Whole Year,2022,4260.0,270625.9,63527.2,210.5,14.0,212.9,7.25,0.47,0.66,28.3,1354.4,71.3,21.8,131104.3,214219.1,30954.6,40741.6,59408.1,156.76,63.5272
Punjab,Bathinda,Soyabean,Kharif,2017,2364.8,3595.7,1520.5,328.3,17.6,236.2,7.84,0.54,0.21,27.4,768.8,66.0,24.6,27818.1,45839.3,6163.0,11598.8,10056.3,113.54,1.5205
Andhra Pradesh,West Godavari,Jowar,Kharif,2023,32245.5,34015.8,1054.9,223.8,18.2,196.0,6.68,0.42,0.51,30.9,1308.4,77.8,34.9,32943.3,54064.8,6996.3,10543.2,15403.8,166.25,1.0549000000000002
Tamil Nadu,Salem,Groundnut,Kharif,2022,33001.6,44591.8,1351.2,190.4,12.3,257.9,6.55,0.45,0.81,31.0,938.5,79.3,28.4,53123.4,87693.8,8515.0,16777.7,27830.7,156.76,1.3512
Uttar Pradesh,Gorakhpur,Rice,Kharif,2021,28027.6,49594.8,1769.5,230.7,12.5,213.2,7.44,0.36,0.13,29.4,1181.1,71.6,34.6,51933.3,83910.7,12326.2,17162.2,22444.9,148.02,1.7695
Tamil Nadu,Salem,Jowar,Rabi,2023,30379.1,42017.3,1383.1,236.3,12.6,189.7,6.94,0.44,0.18,22.2,176.3,68.5,14.4,31997.7,51818.9,5832.4,11169.2,14996.1,166.25,1.3831
Madhya Pradesh,Ujjain,Wheat,Rabi,2018,40700.9,144301.0,3545.4,247.6,17.5,293.4,7.55,0.51,0.5,21.0,190.9,54.6,11.4,32559.9,54570.6,6550.9,12929.9,13079.1,119.72,3.5454
Andhra Pradesh,West Godavari,Maize,Kharif,2020,40905.1,103927.6,2540.7,213.8,17.0,225.4,6.48,0.4,1.07,31.0,1088.2,77.9,30.4,34068.3,57299.2,6336.3,13465.9,14266.1,138.02,2.5406999999999997
Uttar Pradesh,Bareilly,Jowar,Kharif,2022,26704.4,30029.1,1124.5,249.3,16.9,164.3,7.61,0.34,0.66,28.7,973.2,70.7,28.9,30149.7,51006.6,6224.4,12374.8,11550.5,156.76,1.1245
Karnataka,Raichur,Jowar,Rabi,2022,31098.2,31878.8,1025.1,223.0,10.7,211.3,6.62,0.57,1.12,21.4,132.2,61.3,13.4,27243.5,45227.2,4931.2,10614.4,11697.9,156.76,1.0251
Andhra Pradesh,Krishna,Jowar,Rabi,2022,8327.9,12370.3,1485.4,216.7,16.3,186.0,6.93,0.44,0.93,23.4,175.6,58.7,16.5,28541.3,47717.4,5136.7,10307.5,13097.1,156.76,1.4854
Uttar Pradesh,Kanpur Dehat,Groundnut,Rabi,2020,4848.4,5328.9,1099.1,238.2,16.3,169.4,7.66,0.43,0.19,20.8,169.3,53.2,11.6,49076.2,78948.4,8852.8,15937.8,24285.6,138.02,1.0991
West Bengal,Hooghly,Jowar,Kharif,2021,8659.5,9985.3,1153.1,198.5,23.8,160.2,5.86,0.59,0.72,29.9,1813.5,86.5,39.2,28429.8,47828.8,5988.9,9063.7,13377.2,148.02,1.1531
Andhra Pradesh,Guntur,Bajra,Kharif,2017,41216.6,40915.7,992.7,251.4,16.8,224.9,6.79,0.54,0.72,31.3,1157.0,77.6,33.2,21694.3,36848.5,3546.4,6768.0,11379.9,113.54,0.9927
Punjab,Patiala,Soyabean,Kharif,2019,2429.7,3753.6,1544.9,306.3,20.9,268.7,7.87,0.4,0.55,26.7,674.4,63.7,23.3,29318.6,47062.1,6548.3,11796.3,10974.0,128.37,1.5449000000000002
Uttar Pradesh,Bareilly,Jowar,Kharif,2019,28377.2,22398.1,789.3,274.7,17.6,220.4,7.76,0.52,0.65,29.9,1079.9,72.7,33.0,26095.9,43638.0,5081.5,8967.4,12047.0,128.37,0.7893
Punjab,Bathinda,Jowar,Kharif,2018,7827.2,8508.9,1087.1,301.9,19.4,254.9,8.17,0.41,0.87,27.3,858.1,64.7,29.2,25510.8,41994.2,5723.1,8872.4,10915.3,119.72,1.0871
Bihar,Rohtas,Jowar,Rabi,2015,2727.9,2550.9,935.1,236.1,15.4,186.2,7.1,0.38,0.89,20.1,187.8,63.7,13.9,17953.2,29710.2,3848.8,5471.7,8632.7,100.0,0.9351
Madhya Pradesh,Sehore,Bajra,Kharif,2019,43578.6,60870.6,1396.8,252.2,12.8,231.9,7.67,0.53,0.59,29.6,1155.8,69.5,30.6,21737.9,35169.9,5064.4,6523.1,10150.4,128.37,1.3968
Madhya Pradesh,Sehore,Maize,Rabi,2023,42015.6,123618.3,2942.2,314.4,18.1,261.9,7.4,0.47,0.65,21.0,164.5,52.9,11.8,36676.9,60334.4,8126.7,15324.9,13225.3,166.25,2.9421999999999997
Haryana,Kurukshetra,Jowar,Kharif,2016,29006.5,39535.9,1363.0,216.8,15.0,173.9,7.93,0.46,0.5,28.2,535.2,63.3,21.8,19709.5,31900.1,4167.3,7948.8,7593.4,105.27,1.363
Madhya Pradesh,Indore,Wheat,Rabi,2017,18920.9,75371.4,3983.5,269.1,15.3,277.3,7.42,0.56,0.1,20.7,140.7,53.7,12.6,30647.5,50641.8,7185.0,9429.4,14033.1,113.54,3.9835
Bihar,Patna,Bajra,Kharif,2016,43518.0,51734.2,1188.8,247.2,13.6,177.0,7.62,0.47,0.4,28.3,1264.7,80.5,33.3,18405.1,29771.5,3929.6,7048.9,7426.6,105.27,1.1887999999999999
Punjab,Bathinda,Sugarcane,Whole Year,2019,44156.3,2361138.9,53472.3,295.3,19.8,200.8,8.05,0.55,0.49,24.0,928.5,57.1,18.4,123874.8,207820.2,22339.5,38344.5,63190.8,128.37,53.472300000000004
