State,District,Year,Month,Avg_Temperature_C,Rainfall_mm,Avg_Humidity_pct,Soil_Moisture_pct
Punjab,Ludhiana,2015,1,16.5,5.7,51.5,6.3
Punjab,Ludhiana,2015,2,20.1,9.2,45.6,11.0
Punjab,Ludhiana,2015,3,22.6,30.3,45.7,8.9
Punjab,Ludhiana,2015,4,27.8,16.7,46.2,8.9
Punjab,Ludhiana,2015,5,31.3,18.7,50.8,10.8
Punjab,Ludhiana,2015,6,33.4,119.0,73.6,19.8
Punjab,Ludhiana,2015,7,29.9,127.1,68.1,25.9
Punjab,Ludhiana,2015,8,27.0,179.9,71.4,26.7
Punjab,Ludhiana,2015,9,24.1,120.9,65.6,19.1
Punjab,Ludhiana,2015,10,20.5,30.1,48.1,13.9
Punjab,Ludhiana,2015,11,16.9,26.0,52.9,14.6
Punjab,Ludhiana,2015,12,15.2,12.6,50.3,15.0
Punjab,Ludhiana,2016,1,17.8,7.9,54.8,7.0
Punjab,Ludhiana,2016,2,19.8,15.6,46.5,11.4
Punjab,Ludhiana,2016,3,22.6,38.0,52.6,14.5
Punjab,Ludhiana,2016,4,29.1,8.3,52.0,11.8
Punjab,Ludhiana,2016,5,31.2,10.7,53.4,15.5
Punjab,Ludhiana,2016,6,31.9,189.3,65.6,30.9
Punjab,Ludhiana,2016,7,31.4,226.7,73.2,30.5
Punjab,Ludhiana,2016,8,27.7,189.8,65.2,28.6
Punjab,Ludhiana,2016,9,23.0,127.1,65.6,25.4
Punjab,Ludhiana,2016,10,18.9,24.3,48.9,16.1
Punjab,Ludhiana,2016,11,15.8,30.8,50.5,16.9
Punjab,Ludhiana,2016,12,17.0,17.3,47.8,10.9
Punjab,Ludhiana,2017,1,16.6,17.6,54.6,8.3
Punjab,Ludhiana,2017,2,19.0,7.0,47.3,10.6
Punjab,Ludhiana,2017,3,24.3,24.8,45.0,11.7
Punjab,Ludhiana,2017,4,27.6,12.5,54.5,13.2
Punjab,Ludhiana,2017,5,31.0,13.3,51.8,6.9
Punjab,Ludhiana,2017,6,33.2,202.5,73.7,33.2
Punjab,Ludhiana,2017,7,30.6,159.1,66.0,27.3
Punjab,Ludhiana,2017,8,26.7,121.4,67.1,18.8
Punjab,Ludhiana,2017,9,23.5,119.7,65.0,18.5
Punjab,Ludhiana,2017,10,18.8,28.1,45.3,16.6
Punjab,Ludhiana,2017,11,17.4,21.1,47.5,10.6
Punjab,Ludhiana,2017,12,15.6,5.2,53.5,15.5
Punjab,Ludhiana,2018,1,17.0,11.1,45.9,7.1
Punjab,Ludhiana,2018,2,19.5,7.6,53.3,7.4
Punjab,Ludhiana,2018,3,22.6,47.2,50.3,11.2
Punjab,Ludhiana,2018,4,28.1,3.7,50.3,15.2
Punjab,Ludhiana,2018,5,32.0,14.6,47.6,10.1
Punjab,Ludhiana,2018,6,31.0,201.6,70.3,32.9
Punjab,Ludhiana,2018,7,30.4,139.1,73.1,28.8
Punjab,Ludhiana,2018,8,29.1,205.4,73.2,32.9
Punjab,Ludhiana,2018,9,23.2,172.6,68.6,22.6
Punjab,Ludhiana,2018,10,18.6,25.3,47.6,14.5
Punjab,Ludhiana,2018,11,18.4,30.8,54.4,18.0
Punjab,Ludhiana,2018,12,17.4,9.2,47.2,8.2
Punjab,Ludhiana,2019,1,16.2,6.6,51.2,14.7
Punjab,Ludhiana,2019,2,21.0,11.0,51.5,14.1
Punjab,Ludhiana,2019,3,22.8,37.7,54.1,16.6
Punjab,Ludhiana,2019,4,28.8,11.0,46.8,14.0
Punjab,Ludhiana,2019,5,30.4,16.3,54.7,10.6
Punjab,Ludhiana,2019,6,31.7,221.4,72.2,28.8
Punjab,Ludhiana,2019,7,29.8,130.9,74.0,26.2
Punjab,Ludhiana,2019,8,26.9,207.8,74.8,32.3
Punjab,Ludhiana,2019,9,23.6,176.2,66.3,22.8
Punjab,Ludhiana,2019,10,21.4,37.4,50.3,18.1
Punjab,Ludhiana,2019,11,16.9,44.6,53.3,11.6
Punjab,Ludhiana,2019,12,15.3,8.0,47.4,11.7
Punjab,Ludhiana,2020,1,16.3,10.1,46.3,15.1
Punjab,Ludhiana,2020,2,19.6,10.7,50.8,15.1
Punjab,Ludhiana,2020,3,23.8,46.1,50.0,14.9
Punjab,Ludhiana,2020,4,28.1,3.6,49.4,7.2
Punjab,Ludhiana,2020,5,29.4,16.2,46.7,11.4
Punjab,Ludhiana,2020,6,32.7,177.0,68.3,27.9
Punjab,Ludhiana,2020,7,31.1,203.0,66.1,30.9
Punjab,Ludhiana,2020,8,27.2,145.2,72.7,24.6
Punjab,Ludhiana,2020,9,24.2,200.2,74.1,29.5
Punjab,Ludhiana,2020,10,20.3,32.7,50.1,15.2
Punjab,Ludhiana,2020,11,16.9,33.6,49.8,17.8
Punjab,Ludhiana,2020,12,16.6,17.5,54.4,9.3
Punjab,Ludhiana,2021,1,17.3,18.6,53.4,8.2
Punjab,Ludhiana,2021,2,18.9,10.4,45.7,8.4
Punjab,Ludhiana,2021,3,22.7,38.0,52.8,17.8
Punjab,Ludhiana,2021,4,27.0,14.9,51.6,7.9
Punjab,Ludhiana,2021,5,32.1,19.0,47.2,16.4
Punjab,Ludhiana,2021,6,31.7,169.2,74.9,30.2
Punjab,Ludhiana,2021,7,29.9,162.8,70.2,24.7
Punjab,Ludhiana,2021,8,27.1,150.0,72.2,20.2
Punjab,Ludhiana,2021,9,24.2,163.9,65.2,24.7
Punjab,Ludhiana,2021,10,20.4,32.9,45.6,18.1
Punjab,Ludhiana,2021,11,17.9,47.8,46.0,12.4
Punjab,Ludhiana,2021,12,14.6,15.9,47.7,7.9
Punjab,Ludhiana,2022,1,16.8,18.1,53.2,9.4
Punjab,Ludhiana,2022,2,18.9,18.2,50.7,13.8
Punjab,Ludhiana,2022,3,22.8,18.1,51.9,11.1
Punjab,Ludhiana,2022,4,26.7,18.5,51.3,14.9
Punjab,Ludhiana,2022,5,29.7,17.2,45.7,15.3
Punjab,Ludhiana,2022,6,31.9,152.3,70.5,29.5
Punjab,Ludhiana,2022,7,30.2,128.4,70.3,20.2
Punjab,Ludhiana,2022,8,26.8,132.1,65.5,20.2
Punjab,Ludhiana,2022,9,23.4,148.4,72.6,22.7
Punjab,Ludhiana,2022,10,20.0,22.0,48.5,7.4
Punjab,Ludhiana,2022,11,16.3,16.7,52.3,12.2
Punjab,Ludhiana,2022,12,15.1,11.0,54.3,7.2
Punjab,Ludhiana,2023,1,18.0,10.3,50.0,14.4
Punjab,Ludhiana,2023,2,19.7,11.5,51.9,16.0
Punjab,Ludhiana,2023,3,23.5,43.3,52.1,15.7
Punjab,Ludhiana,2023,4,27.7,8.9,45.5,7.2
Punjab,Ludhiana,2023,5,29.6,15.3,47.6,8.2
Punjab,Ludhiana,2023,6,30.8,209.4,73.7,32.6
Punjab,Ludhiana,2023,7,30.3,141.3,67.9,23.7
Punjab,Ludhiana,2023,8,27.0,164.5,67.6,31.1
Punjab,Ludhiana,2023,9,25.4,176.0,67.4,32.3
Punjab,Ludhiana,2023,10,19.4,27.8,45.0,11.6
Punjab,Ludhiana,2023,11,17.0,32.6,47.0,13.3
Punjab,Ludhiana,2023,12,14.5,7.5,45.9,9.7
Punjab,Amritsar,2015,1,15.7,3.6,48.0,7.7
Punjab,Amritsar,2015,2,20.3,11.8,52.5,12.8
Punjab,Amritsar,2015,3,24.6,44.8,48.9,12.7
Punjab,Amritsar,2015,4,29.5,5.7,52.2,12.0
Punjab,Amritsar,2015,5,29.6,16.8,53.9,13.0
Punjab,Amritsar,2015,6,32.7,206.1,66.4,30.9
Punjab,Amritsar,2015,7,30.9,208.7,73.0,34.1
Punjab,Amritsar,2015,8,28.3,215.3,71.8,33.5
Punjab,Amritsar,2015,9,23.2,117.3,66.3,20.3
Punjab,Amritsar,2015,10,18.8,43.4,50.6,15.6
Punjab,Amritsar,2015,11,17.5,38.4,49.9,8.9
Punjab,Amritsar,2015,12,16.9,15.4,50.0,11.9
Punjab,Amritsar,2016,1,17.5,4.3,52.4,8.0
Punjab,Amritsar,2016,2,18.7,7.6,52.3,7.8
Punjab,Amritsar,2016,3,24.7,48.0,49.9,13.6
Punjab,Amritsar,2016,4,27.9,14.4,52.7,12.6
Punjab,Amritsar,2016,5,31.4,4.5,46.5,8.0
Punjab,Amritsar,2016,6,32.7,148.4,70.7,20.0
Punjab,Amritsar,2016,7,29.6,144.3,71.7,26.4
Punjab,Amritsar,2016,8,28.5,146.8,70.2,24.3
Punjab,Amritsar,2016,9,23.9,127.2,73.9,19.7
Punjab,Amritsar,2016,10,21.4,46.7,45.2,14.3
Punjab,Amritsar,2016,11,18.0,47.7,49.5,12.5
Punjab,Amritsar,2016,12,15.1,18.6,47.1,12.7
Punjab,Amritsar,2017,1,16.0,11.8,54.5,7.5
Punjab,Amritsar,2017,2,21.0,11.5,53.9,13.2
Punjab,Amritsar,2017,3,23.2,45.4,49.9,9.8
Punjab,Amritsar,2017,4,26.5,11.2,49.5,9.1
Punjab,Amritsar,2017,5,29.9,8.8,48.2,14.3
Punjab,Amritsar,2017,6,30.5,199.1,73.4,26.1
Punjab,Amritsar,2017,7,32.2,194.9,74.0,27.4
Punjab,Amritsar,2017,8,27.6,158.4,75.0,26.7
Punjab,Amritsar,2017,9,23.6,162.4,67.8,21.7
Punjab,Amritsar,2017,10,18.8,43.4,47.9,18.7
Punjab,Amritsar,2017,11,16.3,24.9,50.1,9.4
Punjab,Amritsar,2017,12,15.6,18.8,53.8,15.0
Punjab,Amritsar,2018,1,17.5,18.1,54.4,12.3
Punjab,Amritsar,2018,2,20.7,4.1,52.3,9.9
Punjab,Amritsar,2018,3,24.8,37.2,47.9,9.2
Punjab,Amritsar,2018,4,29.3,5.3,49.7,9.0
Punjab,Amritsar,2018,5,30.3,15.3,54.8,9.1
Punjab,Amritsar,2018,6,32.5,148.0,70.6,23.7
Punjab,Amritsar,2018,7,29.9,132.1,67.1,27.3
Punjab,Amritsar,2018,8,28.0,138.8,74.1,28.8
Punjab,Amritsar,2018,9,23.8,129.6,66.9,18.9
Punjab,Amritsar,2018,10,19.5,19.2,47.4,9.5
Punjab,Amritsar,2018,11,17.3,45.1,52.5,13.6
Punjab,Amritsar,2018,12,15.7,11.8,48.8,9.6
Punjab,Amritsar,2019,1,15.8,7.8,54.7,7.0
Punjab,Amritsar,2019,2,20.0,13.5,53.6,8.5
Punjab,Amritsar,2019,3,23.3,24.3,49.0,11.9
Punjab,Amritsar,2019,4,29.4,17.0,53.7,6.9
Punjab,Amritsar,2019,5,29.5,14.8,54.0,11.2
Punjab,Amritsar,2019,6,32.3,113.8,68.9,25.6
Punjab,Amritsar,2019,7,31.9,211.1,74.7,28.6
Punjab,Amritsar,2019,8,26.8,131.3,70.2,25.0
Punjab,Amritsar,2019,9,25.3,195.8,71.5,32.2
Punjab,Amritsar,2019,10,19.9,34.2,45.4,16.2
Punjab,Amritsar,2019,11,16.3,46.1,51.5,12.7
Punjab,Amritsar,2019,12,14.9,7.3,51.4,12.7
Punjab,Amritsar,2020,1,15.9,4.4,50.2,11.3
Punjab,Amritsar,2020,2,19.7,6.9,51.0,5.8
Punjab,Amritsar,2020,3,23.4,31.2,54.6,14.6
Punjab,Amritsar,2020,4,29.2,11.0,47.3,8.6
Punjab,Amritsar,2020,5,32.3,14.7,48.1,6.7
Punjab,Amritsar,2020,6,32.0,190.5,69.2,26.6
Punjab,Amritsar,2020,7,31.4,219.0,67.3,27.2
Punjab,Amritsar,2020,8,27.5,161.6,71.8,23.1
Punjab,Amritsar,2020,9,24.9,197.8,70.0,26.8
Punjab,Amritsar,2020,10,21.4,26.4,53.2,9.9
Punjab,Amritsar,2020,11,16.2,41.0,47.9,18.6
Punjab,Amritsar,2020,12,16.0,6.3,47.2,9.8
Punjab,Amritsar,2021,1,17.6,18.7,46.5,10.8
Punjab,Amritsar,2021,2,19.1,19.1,46.4,7.4
Punjab,Amritsar,2021,3,22.7,29.0,54.0,16.7
Punjab,Amritsar,2021,4,28.7,19.5,54.3,10.2
Punjab,Amritsar,2021,5,30.0,18.5,52.5,7.2
Punjab,Amritsar,2021,6,32.5,156.8,68.7,24.0
Punjab,Amritsar,2021,7,29.9,114.1,67.8,19.9
Punjab,Amritsar,2021,8,29.4,127.8,74.6,19.9
Punjab,Amritsar,2021,9,23.6,207.2,73.2,30.0
Punjab,Amritsar,2021,10,18.6,31.6,48.7,17.4
Punjab,Amritsar,2021,11,16.2,28.1,54.0,8.1
Punjab,Amritsar,2021,12,15.7,16.4,52.7,7.1
Punjab,Amritsar,2022,1,15.7,4.3,54.2,8.0
Punjab,Amritsar,2022,2,20.7,17.9,48.4,9.5
Punjab,Amritsar,2022,3,25.4,36.3,47.6,15.8
Punjab,Amritsar,2022,4,27.4,7.7,45.0,13.3
Punjab,Amritsar,2022,5,32.2,13.6,54.4,6.6
Punjab,Amritsar,2022,6,31.2,167.8,74.6,31.3
Punjab,Amritsar,2022,7,30.6,142.3,69.3,24.2
Punjab,Amritsar,2022,8,29.3,134.6,73.0,25.8
Punjab,Amritsar,2022,9,25.0,201.7,71.1,28.4
Punjab,Amritsar,2022,10,19.5,28.0,52.8,8.6
Punjab,Amritsar,2022,11,16.2,40.7,47.5,9.7
Punjab,Amritsar,2022,12,14.6,12.2,48.3,16.0
Punjab,Amritsar,2023,1,18.2,19.3,47.6,7.8
Punjab,Amritsar,2023,2,18.8,11.4,52.1,10.6
Punjab,Amritsar,2023,3,23.2,29.8,51.2,14.7
Punjab,Amritsar,2023,4,28.7,17.0,51.6,7.9
Punjab,Amritsar,2023,5,32.0,8.0,50.7,9.5
Punjab,Amritsar,2023,6,32.7,136.4,67.5,21.1
Punjab,Amritsar,2023,7,29.9,214.3,70.8,29.7
Punjab,Amritsar,2023,8,27.7,226.6,70.1,30.0
Punjab,Amritsar,2023,9,24.9,188.1,74.9,24.8
Punjab,Amritsar,2023,10,19.9,42.9,53.4,18.4
Punjab,Amritsar,2023,11,15.7,25.8,46.2,9.5
Punjab,Amritsar,2023,12,17.4,12.7,54.3,10.0
Punjab,Patiala,2015,1,18.2,10.5,47.6,13.8
Punjab,Patiala,2015,2,21.3,5.0,51.0,11.7
Punjab,Patiala,2015,3,23.2,28.2,46.4,9.9
Punjab,Patiala,2015,4,27.3,13.0,51.5,8.3
Punjab,Patiala,2015,5,29.5,8.6,51.8,7.7
Punjab,Patiala,2015,6,31.4,136.9,73.0,24.2
Punjab,Patiala,2015,7,29.6,125.3,69.0,23.0
Punjab,Patiala,2015,8,28.4,124.1,66.6,24.4
Punjab,Patiala,2015,9,23.7,146.0,68.1,29.1
Punjab,Patiala,2015,10,19.4,34.7,48.6,12.6
Punjab,Patiala,2015,11,18.2,48.6,48.6,11.8
Punjab,Patiala,2015,12,16.7,6.6,45.1,14.7
Punjab,Patiala,2016,1,16.8,16.6,49.1,15.5
Punjab,Patiala,2016,2,19.9,5.9,45.1,11.1
Punjab,Patiala,2016,3,24.4,45.8,45.9,15.8
Punjab,Patiala,2016,4,27.6,11.4,46.5,9.0
Punjab,Patiala,2016,5,31.0,18.3,46.1,11.7
Punjab,Patiala,2016,6,32.9,223.7,67.0,28.6
Punjab,Patiala,2016,7,32.3,224.7,69.8,28.0
Punjab,Patiala,2016,8,29.3,157.9,74.0,27.0
Punjab,Patiala,2016,9,25.0,132.0,72.9,20.4
Punjab,Patiala,2016,10,19.7,43.8,53.3,11.2
Punjab,Patiala,2016,11,16.2,29.2,50.2,11.8
Punjab,Patiala,2016,12,14.9,7.3,52.2,14.7
Punjab,Patiala,2017,1,15.7,12.4,52.6,6.6
Punjab,Patiala,2017,2,21.0,5.2,51.0,11.0
Punjab,Patiala,2017,3,24.4,26.2,49.2,13.4
Punjab,Patiala,2017,4,27.8,14.0,49.5,10.8
Punjab,Patiala,2017,5,29.5,13.3,49.9,8.7
Punjab,Patiala,2017,6,32.8,202.5,69.6,27.0
Punjab,Patiala,2017,7,30.8,125.9,66.3,21.9
Punjab,Patiala,2017,8,26.8,164.0,70.1,21.8
Punjab,Patiala,2017,9,24.4,123.1,72.3,25.1
Punjab,Patiala,2017,10,20.0,18.0,50.0,10.6
Punjab,Patiala,2017,11,18.4,20.7,53.6,17.0
Punjab,Patiala,2017,12,16.7,16.5,46.9,16.5
Punjab,Patiala,2018,1,17.0,18.8,54.2,8.5
Punjab,Patiala,2018,2,20.9,18.4,45.7,10.3
Punjab,Patiala,2018,3,24.8,21.4,54.0,9.9
Punjab,Patiala,2018,4,28.9,5.6,50.0,14.8
Punjab,Patiala,2018,5,30.1,7.5,50.1,8.9
Punjab,Patiala,2018,6,30.6,134.5,66.6,27.8
Punjab,Patiala,2018,7,31.5,215.6,66.7,34.4
Punjab,Patiala,2018,8,26.8,174.1,71.4,26.0
Punjab,Patiala,2018,9,25.1,176.9,70.8,31.5
Punjab,Patiala,2018,10,18.8,48.5,51.3,13.8
Punjab,Patiala,2018,11,18.0,24.9,54.9,13.3
Punjab,Patiala,2018,12,15.6,15.7,49.4,8.3
Punjab,Patiala,2019,1,17.8,4.0,53.2,7.9
Punjab,Patiala,2019,2,20.4,19.2,50.9,13.6
Punjab,Patiala,2019,3,23.4,16.3,45.3,8.1
Punjab,Patiala,2019,4,28.3,10.3,50.1,15.0
Punjab,Patiala,2019,5,29.8,6.9,51.5,5.9
Punjab,Patiala,2019,6,30.5,154.1,66.1,24.0
Punjab,Patiala,2019,7,30.1,180.1,70.9,25.1
Punjab,Patiala,2019,8,28.4,167.8,66.3,31.1
Punjab,Patiala,2019,9,23.2,130.7,66.0,24.5
Punjab,Patiala,2019,10,21.1,41.7,49.0,11.8
Punjab,Patiala,2019,11,15.6,37.2,50.6,12.2
Punjab,Patiala,2019,12,16.4,10.5,54.4,13.4
Punjab,Patiala,2020,1,16.3,17.9,45.4,12.1
Punjab,Patiala,2020,2,19.7,7.1,45.6,13.5
Punjab,Patiala,2020,3,22.5,34.2,54.4,9.8
Punjab,Patiala,2020,4,27.1,13.1,50.1,12.7
Punjab,Patiala,2020,5,31.9,6.1,48.1,8.6
Punjab,Patiala,2020,6,30.6,214.9,72.8,33.6
Punjab,Patiala,2020,7,29.4,209.8,72.5,30.6
Punjab,Patiala,2020,8,28.7,165.2,67.3,22.6
Punjab,Patiala,2020,9,23.2,118.2,68.4,24.3
Punjab,Patiala,2020,10,20.6,43.7,52.1,12.0
Punjab,Patiala,2020,11,17.2,30.4,52.9,13.3
Punjab,Patiala,2020,12,15.3,13.7,54.7,8.5
Punjab,Patiala,2021,1,18.2,3.5,47.6,7.7
Punjab,Patiala,2021,2,20.7,18.6,52.5,10.1
Punjab,Patiala,2021,3,25.1,26.9,47.4,16.8
Punjab,Patiala,2021,4,28.4,14.5,51.7,16.2
Punjab,Patiala,2021,5,30.8,16.9,52.0,15.3
Punjab,Patiala,2021,6,31.8,196.2,70.7,27.7
Punjab,Patiala,2021,7,30.1,184.6,65.8,32.6
Punjab,Patiala,2021,8,26.9,116.8,66.1,26.0
Punjab,Patiala,2021,9,23.5,129.9,65.3,18.4
Punjab,Patiala,2021,10,20.6,36.9,52.0,16.1
Punjab,Patiala,2021,11,15.8,35.4,48.6,16.7
Punjab,Patiala,2021,12,17.0,17.7,45.7,15.5
Punjab,Patiala,2022,1,18.3,18.6,46.1,8.9
Punjab,Patiala,2022,2,18.8,3.8,53.5,13.5
Punjab,Patiala,2022,3,24.4,43.1,51.3,12.2
Punjab,Patiala,2022,4,26.8,4.8,52.6,7.5
Punjab,Patiala,2022,5,30.4,10.1,45.2,8.6
Punjab,Patiala,2022,6,31.3,195.2,68.7,27.7
Punjab,Patiala,2022,7,32.3,171.1,73.5,28.3
Punjab,Patiala,2022,8,26.6,160.7,69.4,28.8
Punjab,Patiala,2022,9,23.5,193.9,70.4,26.6
Punjab,Patiala,2022,10,21.1,19.2,53.2,8.6
Punjab,Patiala,2022,11,15.6,22.8,52.6,17.1
Punjab,Patiala,2022,12,14.5,11.2,49.9,14.1
Punjab,Patiala,2023,1,16.1,11.3,48.5,14.4
Punjab,Patiala,2023,2,19.3,18.6,47.8,9.0
Punjab,Patiala,2023,3,24.6,32.4,46.1,14.6
Punjab,Patiala,2023,4,26.7,16.1,52.0,14.5
Punjab,Patiala,2023,5,31.3,9.0,49.0,9.8
Punjab,Patiala,2023,6,33.2,123.6,73.9,17.6
Punjab,Patiala,2023,7,30.0,143.7,74.0,24.4
Punjab,Patiala,2023,8,27.6,214.3,67.3,31.0
Punjab,Patiala,2023,9,24.1,199.6,72.5,31.4
Punjab,Patiala,2023,10,19.5,26.9,46.6,16.1
Punjab,Patiala,2023,11,17.6,40.4,46.7,13.4
Punjab,Patiala,2023,12,16.8,12.7,46.3,10.9
Punjab,Bathinda,2015,1,18.2,7.1,46.9,8.7
Punjab,Bathinda,2015,2,20.6,17.0,46.5,8.3
Punjab,Bathinda,2015,3,23.2,26.9,50.2,9.3
Punjab,Bathinda,2015,4,27.5,6.3,54.8,12.9
Punjab,Bathinda,2015,5,29.7,18.9,46.0,10.7
Punjab,Bathinda,2015,6,33.5,204.2,72.3,29.8
Punjab,Bathinda,2015,7,30.0,186.3,66.1,25.7
Punjab,Bathinda,2015,8,27.7,117.6,69.0,24.7
Punjab,Bathinda,2015,9,24.6,170.7,71.3,26.7
Punjab,Bathinda,2015,10,18.9,35.9,49.0,16.0
Punjab,Bathinda,2015,11,18.3,30.2,50.7,15.5
Punjab,Bathinda,2015,12,15.8,7.0,52.2,14.5
Punjab,Bathinda,2016,1,17.9,14.6,53.5,13.3
Punjab,Bathinda,2016,2,20.4,10.6,48.1,12.3
Punjab,Bathinda,2016,3,22.8,29.9,52.8,15.1
Punjab,Bathinda,2016,4,28.4,7.3,49.2,10.3
Punjab,Bathinda,2016,5,31.3,9.9,51.8,15.3
Punjab,Bathinda,2016,6,31.0,188.2,72.8,27.7
Punjab,Bathinda,2016,7,30.9,224.6,65.4,32.9
Punjab,Bathinda,2016,8,27.0,202.7,74.4,30.5
Punjab,Bathinda,2016,9,22.8,179.1,70.4,30.1
Punjab,Bathinda,2016,10,20.0,37.0,53.3,13.9
Punjab,Bathinda,2016,11,16.8,47.1,47.1,16.5
Punjab,Bathinda,2016,12,15.7,15.6,46.2,16.4
Punjab,Bathinda,2017,1,16.6,4.2,47.7,9.4
Punjab,Bathinda,2017,2,18.5,10.1,49.2,13.0
Punjab,Bathinda,2017,3,23.6,24.9,47.2,14.9
Punjab,Bathinda,2017,4,29.3,11.8,47.2,14.2
Punjab,Bathinda,2017,5,30.6,6.7,46.3,13.4
Punjab,Bathinda,2017,6,32.9,185.9,69.7,29.2
Punjab,Bathinda,2017,7,30.1,223.4,68.5,33.7
Punjab,Bathinda,2017,8,29.0,206.6,69.7,28.6
Punjab,Bathinda,2017,9,24.1,128.0,73.3,21.3
Punjab,Bathinda,2017,10,21.1,24.9,48.8,10.0
Punjab,Bathinda,2017,11,16.9,22.3,45.0,14.4
Punjab,Bathinda,2017,12,15.3,7.2,48.0,10.5
Punjab,Bathinda,2018,1,16.9,13.6,51.6,10.0
Punjab,Bathinda,2018,2,21.3,17.1,45.6,15.0
Punjab,Bathinda,2018,3,25.2,41.7,46.4,17.5
Punjab,Bathinda,2018,4,28.4,3.5,45.1,14.9
Punjab,Bathinda,2018,5,31.4,7.3,46.0,7.2
Punjab,Bathinda,2018,6,31.2,202.1,68.5,26.7
Punjab,Bathinda,2018,7,32.1,203.8,66.7,34.3
Punjab,Bathinda,2018,8,28.3,202.6,71.7,34.2
Punjab,Bathinda,2018,9,24.9,209.2,67.0,32.8
Punjab,Bathinda,2018,10,20.1,40.4,49.4,17.9
Punjab,Bathinda,2018,11,17.2,24.8,47.3,8.9
Punjab,Bathinda,2018,12,16.0,4.2,49.7,6.9
Punjab,Bathinda,2019,1,17.0,11.3,50.4,14.8
Punjab,Bathinda,2019,2,18.5,16.9,49.7,12.3
Punjab,Bathinda,2019,3,24.5,43.6,48.7,13.5
Punjab,Bathinda,2019,4,29.4,4.5,51.4,11.8
Punjab,Bathinda,2019,5,29.5,13.2,51.8,15.6
Punjab,Bathinda,2019,6,31.5,225.4,70.1,32.4
Punjab,Bathinda,2019,7,32.1,117.6,72.2,23.0
Punjab,Bathinda,2019,8,27.5,211.8,68.7,30.9
Punjab,Bathinda,2019,9,24.1,201.4,67.1,29.5
Punjab,Bathinda,2019,10,19.8,34.3,53.3,11.4
Punjab,Bathinda,2019,11,18.1,29.4,50.0,10.7
Punjab,Bathinda,2019,12,16.0,19.1,51.5,14.8
Punjab,Bathinda,2020,1,16.6,8.4,48.0,11.7
Punjab,Bathinda,2020,2,20.4,16.0,45.4,13.8
Punjab,Bathinda,2020,3,25.2,34.0,45.5,11.4
Punjab,Bathinda,2020,4,26.5,6.3,54.2,11.7
Punjab,Bathinda,2020,5,31.4,16.1,54.1,12.7
Punjab,Bathinda,2020,6,32.4,185.1,72.0,29.5
Punjab,Bathinda,2020,7,31.5,137.9,71.7,23.4
Punjab,Bathinda,2020,8,28.8,125.3,66.8,17.9
Punjab,Bathinda,2020,9,24.8,217.7,71.6,30.5
Punjab,Bathinda,2020,10,21.0,41.8,50.6,11.8
Punjab,Bathinda,2020,11,16.5,30.0,48.2,12.3
Punjab,Bathinda,2020,12,16.4,18.4,45.5,12.5
Punjab,Bathinda,2021,1,15.7,5.2,53.1,11.3
Punjab,Bathinda,2021,2,21.3,10.5,45.1,9.9
Punjab,Bathinda,2021,3,24.3,46.7,54.8,14.4
Punjab,Bathinda,2021,4,27.7,4.9,51.4,7.6
Punjab,Bathinda,2021,5,29.9,3.5,45.0,12.2
Punjab,Bathinda,2021,6,30.9,223.7,65.9,36.1
Punjab,Bathinda,2021,7,29.8,115.8,72.2,19.0
Punjab,Bathinda,2021,8,28.7,135.1,65.5,26.2
Punjab,Bathinda,2021,9,24.6,211.1,72.3,26.9
Punjab,Bathinda,2021,10,20.4,39.3,49.6,18.3
Punjab,Bathinda,2021,11,16.3,47.6,52.2,9.9
Punjab,Bathinda,2021,12,14.5,13.8,53.2,7.2
Punjab,Bathinda,2022,1,16.5,15.1,46.7,15.1
Punjab,Bathinda,2022,2,20.0,4.2,48.7,11.2
Punjab,Bathinda,2022,3,23.8,38.2,46.4,16.8
Punjab,Bathinda,2022,4,27.6,13.7,51.3,10.6
Punjab,Bathinda,2022,5,30.6,16.0,54.4,14.4
Punjab,Bathinda,2022,6,32.2,147.0,65.6,29.4
Punjab,Bathinda,2022,7,31.5,207.9,68.3,31.8
Punjab,Bathinda,2022,8,29.4,208.3,71.0,28.9
Punjab,Bathinda,2022,9,23.8,214.8,68.8,33.3
Punjab,Bathinda,2022,10,20.3,45.4,53.1,12.4
Punjab,Bathinda,2022,11,15.6,24.8,49.2,13.3
Punjab,Bathinda,2022,12,16.9,17.7,45.4,15.1
Punjab,Bathinda,2023,1,18.0,17.3,50.7,9.5
Punjab,Bathinda,2023,2,21.1,16.4,51.8,15.8
Punjab,Bathinda,2023,3,23.5,19.0,50.5,14.9
Punjab,Bathinda,2023,4,27.1,15.4,54.3,8.9
Punjab,Bathinda,2023,5,31.2,14.3,49.7,8.5
Punjab,Bathinda,2023,6,31.3,199.2,72.9,29.5
Punjab,Bathinda,2023,7,29.7,205.5,72.7,27.9
Punjab,Bathinda,2023,8,28.2,215.8,73.9,31.8
Punjab,Bathinda,2023,9,23.9,180.8,66.9,25.0
Punjab,Bathinda,2023,10,19.0,39.0,48.6,14.5
Punjab,Bathinda,2023,11,16.8,33.1,46.5,8.8
Punjab,Bathinda,2023,12,17.5,9.3,46.1,12.3
Haryana,Karnal,2015,1,18.9,5.3,48.0,9.0
Haryana,Karnal,2015,2,21.1,3.3,42.3,15.2
Haryana,Karnal,2015,3,26.1,29.6,47.7,10.6
Haryana,Karnal,2015,4,29.8,9.4,51.5,13.6
Haryana,Karnal,2015,5,32.9,17.5,44.5,7.1
Haryana,Karnal,2015,6,32.1,124.0,62.8,17.9
Haryana,Karnal,2015,7,32.1,196.4,66.6,34.1
Haryana,Karnal,2015,8,30.2,111.7,68.0,20.1
Haryana,Karnal,2015,9,23.9,205.7,64.6,31.2
Haryana,Karnal,2015,10,21.4,43.7,48.7,13.3
Haryana,Karnal,2015,11,17.9,19.8,51.7,16.9
Haryana,Karnal,2015,12,16.2,3.6,44.6,8.9
Haryana,Karnal,2016,1,19.3,16.6,50.4,7.1
Haryana,Karnal,2016,2,21.9,13.6,48.5,16.2
Haryana,Karnal,2016,3,23.7,19.3,49.5,16.3
Haryana,Karnal,2016,4,29.5,7.5,47.9,13.3
Haryana,Karnal,2016,5,30.7,7.9,44.6,7.0
Haryana,Karnal,2016,6,32.9,122.7,64.4,18.7
Haryana,Karnal,2016,7,32.5,106.3,69.2,17.6
Haryana,Karnal,2016,8,27.6,202.4,64.2,34.6
Haryana,Karnal,2016,9,26.1,198.3,63.4,29.3
Haryana,Karnal,2016,10,19.8,42.9,50.4,15.6
Haryana,Karnal,2016,11,17.9,25.2,50.2,12.3
Haryana,Karnal,2016,12,17.4,5.1,44.2,6.1
Haryana,Karnal,2017,1,18.7,11.3,43.4,14.8
Haryana,Karnal,2017,2,20.3,9.2,43.6,8.6
Haryana,Karnal,2017,3,26.0,25.0,43.7,12.4
Haryana,Karnal,2017,4,28.5,16.5,43.1,16.4
Haryana,Karnal,2017,5,30.6,16.4,48.7,8.8
Haryana,Karnal,2017,6,32.9,135.1,64.6,20.5
Haryana,Karnal,2017,7,31.5,209.1,72.0,35.2
Haryana,Karnal,2017,8,27.8,135.4,71.0,19.1
Haryana,Karnal,2017,9,25.7,135.8,71.8,18.7
Haryana,Karnal,2017,10,21.9,25.2,43.4,7.5
Haryana,Karnal,2017,11,19.1,30.8,43.9,12.4
Haryana,Karnal,2017,12,18.2,6.3,47.7,7.0
Haryana,Karnal,2018,1,17.1,14.6,49.1,8.4
Haryana,Karnal,2018,2,19.7,4.3,48.1,10.4
Haryana,Karnal,2018,3,24.3,21.2,48.1,14.2
Haryana,Karnal,2018,4,29.9,11.7,44.0,6.8
Haryana,Karnal,2018,5,32.6,9.1,49.2,6.5
Haryana,Karnal,2018,6,33.9,140.2,70.4,27.7
Haryana,Karnal,2018,7,31.9,106.6,71.1,20.4
Haryana,Karnal,2018,8,30.1,133.0,63.9,26.6
Haryana,Karnal,2018,9,24.6,122.2,65.7,23.2
Haryana,Karnal,2018,10,19.5,30.6,46.5,13.2
Haryana,Karnal,2018,11,16.9,36.4,50.2,17.3
Haryana,Karnal,2018,12,16.5,13.7,45.8,13.9
Haryana,Karnal,2019,1,16.8,16.1,51.5,11.6
Haryana,Karnal,2019,2,21.0,11.0,47.4,6.3
Haryana,Karnal,2019,3,26.4,21.7,43.8,8.2
Haryana,Karnal,2019,4,28.3,15.3,42.3,7.5
Haryana,Karnal,2019,5,32.5,5.9,42.2,11.6
Haryana,Karnal,2019,6,33.2,159.9,69.0,22.0
Haryana,Karnal,2019,7,33.0,180.3,62.5,24.3
Haryana,Karnal,2019,8,29.0,157.6,64.8,22.0
Haryana,Karnal,2019,9,24.7,119.4,67.9,25.5
Haryana,Karnal,2019,10,19.9,32.2,49.5,9.9
Haryana,Karnal,2019,11,19.0,43.1,45.9,13.5
Haryana,Karnal,2019,12,18.0,10.9,46.0,15.5
Haryana,Karnal,2020,1,18.9,8.1,44.4,9.2
Haryana,Karnal,2020,2,20.8,17.7,50.0,15.9
Haryana,Karnal,2020,3,25.9,40.4,42.5,14.2
Haryana,Karnal,2020,4,30.4,17.0,44.5,10.9
Haryana,Karnal,2020,5,32.3,8.5,47.3,6.5
Haryana,Karnal,2020,6,32.8,158.0,62.2,22.2
Haryana,Karnal,2020,7,33.3,186.5,71.4,30.0
Haryana,Karnal,2020,8,29.9,197.9,70.8,25.1
Haryana,Karnal,2020,9,25.4,132.9,68.8,21.0
Haryana,Karnal,2020,10,21.1,42.7,48.2,11.8
Haryana,Karnal,2020,11,18.1,28.0,51.5,10.7
Haryana,Karnal,2020,12,16.4,12.7,43.2,12.2
Haryana,Karnal,2021,1,19.4,10.7,44.7,10.7
Haryana,Karnal,2021,2,21.1,5.2,43.2,6.8
Haryana,Karnal,2021,3,24.4,27.2,44.9,10.2
Haryana,Karnal,2021,4,27.8,11.2,50.4,12.2
Haryana,Karnal,2021,5,32.1,12.8,44.0,13.4
Haryana,Karnal,2021,6,32.9,162.5,68.1,25.9
Haryana,Karnal,2021,7,31.4,130.4,64.2,23.2
Haryana,Karnal,2021,8,28.6,166.5,62.1,25.2
Haryana,Karnal,2021,9,26.1,130.0,67.6,22.9
Haryana,Karnal,2021,10,20.4,44.6,45.0,17.2
Haryana,Karnal,2021,11,17.0,17.0,50.7,11.1
Haryana,Karnal,2021,12,15.7,8.8,46.4,13.2
Haryana,Karnal,2022,1,16.9,6.4,51.6,13.0
Haryana,Karnal,2022,2,20.0,8.1,45.5,12.6
Haryana,Karnal,2022,3,25.3,40.5,50.2,14.2
Haryana,Karnal,2022,4,29.7,14.1,49.6,11.2
Haryana,Karnal,2022,5,32.8,13.6,51.1,7.6
Haryana,Karnal,2022,6,34.1,105.5,69.7,21.4
Haryana,Karnal,2022,7,31.9,206.1,67.7,29.8
Haryana,Karnal,2022,8,29.9,196.6,68.1,28.5
Haryana,Karnal,2022,9,24.9,153.1,69.2,23.2
Haryana,Karnal,2022,10,20.7,31.7,45.8,11.4
Haryana,Karnal,2022,11,18.9,40.5,47.0,13.5
Haryana,Karnal,2022,12,16.1,7.6,43.4,11.5
Haryana,Karnal,2023,1,18.3,4.3,51.2,8.7
Haryana,Karnal,2023,2,22.0,15.6,51.6,8.6
Haryana,Karnal,2023,3,24.8,42.3,42.1,9.7
Haryana,Karnal,2023,4,29.2,10.5,51.2,13.8
Haryana,Karnal,2023,5,32.0,18.0,47.2,12.0
Haryana,Karnal,2023,6,33.6,145.9,65.6,25.5
Haryana,Karnal,2023,7,31.5,204.5,68.8,30.7
Haryana,Karnal,2023,8,27.8,144.3,66.0,25.0
Haryana,Karnal,2023,9,25.2,197.4,71.6,29.6
Haryana,Karnal,2023,10,20.8,33.7,52.0,11.8
Haryana,Karnal,2023,11,18.2,39.5,43.7,12.1
Haryana,Karnal,2023,12,18.4,15.4,47.1,7.6
Haryana,Hisar,2015,1,19.3,13.3,50.2,16.2
Haryana,Hisar,2015,2,22.2,9.3,43.6,8.8
Haryana,Hisar,2015,3,25.0,30.1,43.9,9.8
Haryana,Hisar,2015,4,29.4,12.0,45.5,16.1
Haryana,Hisar,2015,5,32.3,3.6,46.1,13.2
Haryana,Hisar,2015,6,32.4,177.5,62.0,25.8
Haryana,Hisar,2015,7,33.0,166.6,68.7,23.6
Haryana,Hisar,2015,8,29.0,163.1,64.7,27.8
Haryana,Hisar,2015,9,25.1,209.7,67.7,30.1
Haryana,Hisar,2015,10,19.9,19.7,49.6,8.0
Haryana,Hisar,2015,11,16.9,20.1,47.2,15.2
Haryana,Hisar,2015,12,17.3,15.1,42.6,6.6
Haryana,Hisar,2016,1,18.9,7.8,49.2,9.3
Haryana,Hisar,2016,2,20.0,7.0,43.0,14.7
Haryana,Hisar,2016,3,25.2,25.5,46.5,11.4
Haryana,Hisar,2016,4,27.7,16.4,47.8,16.2
Haryana,Hisar,2016,5,31.7,12.3,44.5,6.7
Haryana,Hisar,2016,6,34.3,194.7,65.1,33.5
Haryana,Hisar,2016,7,32.9,136.9,68.0,28.3
Haryana,Hisar,2016,8,29.0,204.7,64.4,29.4
Haryana,Hisar,2016,9,25.7,128.2,65.1,26.6
Haryana,Hisar,2016,10,21.0,38.8,44.4,10.6
Haryana,Hisar,2016,11,17.6,20.6,51.7,10.0
Haryana,Hisar,2016,12,17.2,4.7,47.3,9.3
Haryana,Hisar,2017,1,17.8,4.0,43.2,13.7
Haryana,Hisar,2017,2,20.6,6.7,43.9,8.5
Haryana,Hisar,2017,3,24.2,16.0,48.6,10.0
Haryana,Hisar,2017,4,28.0,13.6,42.9,9.1
Haryana,Hisar,2017,5,32.9,4.9,46.4,13.9
Haryana,Hisar,2017,6,33.9,121.7,65.5,24.4
Haryana,Hisar,2017,7,31.6,205.6,64.1,35.1
Haryana,Hisar,2017,8,29.0,128.9,66.5,19.2
Haryana,Hisar,2017,9,25.6,132.4,71.0,24.1
Haryana,Hisar,2017,10,20.6,22.4,48.1,9.4
Haryana,Hisar,2017,11,19.2,18.7,47.1,12.3
Haryana,Hisar,2017,12,16.3,14.6,45.8,13.0
Haryana,Hisar,2018,1,18.3,7.7,45.9,6.6
Haryana,Hisar,2018,2,20.0,15.8,45.2,13.2
Haryana,Hisar,2018,3,23.8,31.9,45.6,13.2
Haryana,Hisar,2018,4,28.4,4.0,45.1,7.7
Haryana,Hisar,2018,5,30.8,13.8,44.8,10.4
Haryana,Hisar,2018,6,34.2,186.4,70.8,32.3
Haryana,Hisar,2018,7,30.8,134.0,62.3,25.2
Haryana,Hisar,2018,8,29.5,141.9,66.1,25.8
Haryana,Hisar,2018,9,25.6,131.1,70.5,21.6
Haryana,Hisar,2018,10,21.4,20.4,43.2,16.2
Haryana,Hisar,2018,11,18.8,36.4,42.4,9.0
Haryana,Hisar,2018,12,16.0,6.0,45.0,9.4
Haryana,Hisar,2019,1,16.7,7.7,48.4,7.6
Haryana,Hisar,2019,2,22.0,11.6,49.2,8.7
Haryana,Hisar,2019,3,24.8,35.5,45.5,8.6
Haryana,Hisar,2019,4,30.0,14.6,44.9,6.9
Haryana,Hisar,2019,5,33.0,12.1,42.5,8.7
Haryana,Hisar,2019,6,31.8,188.1,64.1,33.0
Haryana,Hisar,2019,7,32.7,114.0,68.9,20.3
Haryana,Hisar,2019,8,29.7,192.0,64.8,25.1
Haryana,Hisar,2019,9,26.3,149.5,71.3,26.9
Haryana,Hisar,2019,10,21.7,39.9,48.3,13.5
Haryana,Hisar,2019,11,16.7,35.9,46.3,13.7
Haryana,Hisar,2019,12,18.3,4.9,49.6,5.9
Haryana,Hisar,2020,1,18.7,15.1,44.6,12.0
Haryana,Hisar,2020,2,22.4,12.6,47.4,8.8
Haryana,Hisar,2020,3,23.7,25.7,46.1,9.6
Haryana,Hisar,2020,4,28.4,5.0,49.1,12.2
Haryana,Hisar,2020,5,31.1,6.6,47.2,10.1
Haryana,Hisar,2020,6,34.3,141.9,65.0,28.0
Haryana,Hisar,2020,7,30.9,164.1,65.3,29.6
Haryana,Hisar,2020,8,29.1,184.9,63.7,30.2
Haryana,Hisar,2020,9,25.3,153.4,69.7,28.7
Haryana,Hisar,2020,10,19.8,23.7,45.6,9.4
Haryana,Hisar,2020,11,16.8,23.4,44.0,14.4
Haryana,Hisar,2020,12,16.8,4.7,45.2,10.2
Haryana,Hisar,2021,1,17.7,5.5,42.7,5.7
Haryana,Hisar,2021,2,22.5,14.3,42.8,13.6
Haryana,Hisar,2021,3,26.4,31.9,43.1,13.1
Haryana,Hisar,2021,4,28.8,5.8,47.4,5.7
Haryana,Hisar,2021,5,33.2,12.7,48.3,15.6
Haryana,Hisar,2021,6,33.5,131.4,64.5,19.5
Haryana,Hisar,2021,7,30.5,186.3,70.4,26.6
Haryana,Hisar,2021,8,28.1,172.0,70.5,31.5
Haryana,Hisar,2021,9,24.0,187.4,70.3,31.2
Haryana,Hisar,2021,10,20.5,20.5,50.3,10.3
Haryana,Hisar,2021,11,17.7,31.5,45.7,16.5
Haryana,Hisar,2021,12,16.2,3.6,47.7,11.6
Haryana,Hisar,2022,1,19.0,13.6,51.1,15.8
Haryana,Hisar,2022,2,21.0,10.5,43.6,9.0
Haryana,Hisar,2022,3,25.2,17.4,48.9,8.4
Haryana,Hisar,2022,4,28.8,17.5,42.9,7.2
Haryana,Hisar,2022,5,31.7,5.9,49.2,5.6
Haryana,Hisar,2022,6,34.0,194.8,69.9,28.7
Haryana,Hisar,2022,7,31.3,174.5,67.1,26.7
Haryana,Hisar,2022,8,28.5,151.1,68.7,28.4
Haryana,Hisar,2022,9,26.2,122.3,65.0,21.7
Haryana,Hisar,2022,10,21.2,25.4,44.0,8.4
Haryana,Hisar,2022,11,17.5,28.8,51.7,17.0
Haryana,Hisar,2022,12,18.1,17.6,51.6,13.0
Haryana,Hisar,2023,1,19.0,3.9,48.8,11.5
Haryana,Hisar,2023,2,20.4,11.6,51.5,11.0
Haryana,Hisar,2023,3,25.4,24.0,45.4,16.2
Haryana,Hisar,2023,4,27.6,5.8,48.8,10.1
Haryana,Hisar,2023,5,30.7,12.9,45.7,12.1
Haryana,Hisar,2023,6,32.7,160.6,67.6,25.0
Haryana,Hisar,2023,7,30.8,124.0,70.9,22.9
Haryana,Hisar,2023,8,27.8,195.5,64.5,25.5
Haryana,Hisar,2023,9,25.1,131.4,66.9,23.7
Haryana,Hisar,2023,10,20.2,32.2,43.1,13.3
Haryana,Hisar,2023,11,18.3,17.4,46.1,7.5
Haryana,Hisar,2023,12,16.8,16.0,47.5,13.7
Haryana,Sirsa,2015,1,18.8,4.7,51.9,12.7
Haryana,Sirsa,2015,2,19.8,15.5,45.9,8.3
Haryana,Sirsa,2015,3,26.4,31.9,49.7,9.6
Haryana,Sirsa,2015,4,29.8,3.9,44.4,9.1
Haryana,Sirsa,2015,5,30.5,11.9,44.1,9.2
Haryana,Sirsa,2015,6,33.6,149.7,70.9,26.2
Haryana,Sirsa,2015,7,33.0,164.1,71.2,30.1
Haryana,Sirsa,2015,8,28.0,183.3,65.4,31.0
Haryana,Sirsa,2015,9,25.5,191.7,63.2,27.9
Haryana,Sirsa,2015,10,21.7,43.4,49.2,9.8
Haryana,Sirsa,2015,11,18.4,18.0,47.5,14.8
Haryana,Sirsa,2015,12,15.8,16.9,48.8,9.2
Haryana,Sirsa,2016,1,17.2,9.7,50.4,11.8
Haryana,Sirsa,2016,2,19.8,3.3,43.1,13.3
Haryana,Sirsa,2016,3,24.1,31.6,44.9,15.0
Haryana,Sirsa,2016,4,28.6,5.2,50.8,10.9
Haryana,Sirsa,2016,5,32.5,15.1,51.5,6.7
Haryana,Sirsa,2016,6,32.5,120.8,67.0,25.8
Haryana,Sirsa,2016,7,32.8,108.7,63.8,24.1
Haryana,Sirsa,2016,8,29.5,146.2,66.8,21.2
Haryana,Sirsa,2016,9,26.0,146.3,70.7,25.7
Haryana,Sirsa,2016,10,19.7,24.9,44.2,16.4
Haryana,Sirsa,2016,11,18.3,16.3,43.7,10.2
Haryana,Sirsa,2016,12,16.9,11.7,45.9,9.7
Haryana,Sirsa,2017,1,16.6,11.7,45.3,6.4
Haryana,Sirsa,2017,2,20.9,17.8,42.5,8.2
Haryana,Sirsa,2017,3,25.5,23.2,44.7,12.3
Haryana,Sirsa,2017,4,28.3,11.5,47.3,15.7
Haryana,Sirsa,2017,5,33.4,3.5,47.6,13.1
Haryana,Sirsa,2017,6,34.1,186.3,68.3,30.0
Haryana,Sirsa,2017,7,31.5,134.6,70.0,27.2
Haryana,Sirsa,2017,8,30.3,176.5,65.0,30.3
Haryana,Sirsa,2017,9,25.7,158.4,68.4,24.3
Haryana,Sirsa,2017,10,21.2,27.2,42.6,11.1
Haryana,Sirsa,2017,11,17.5,44.7,46.8,13.1
Haryana,Sirsa,2017,12,16.2,6.5,45.5,7.0
Haryana,Sirsa,2018,1,16.6,16.1,46.5,11.1
Haryana,Sirsa,2018,2,21.2,7.5,43.7,6.4
Haryana,Sirsa,2018,3,24.4,24.3,49.3,12.9
Haryana,Sirsa,2018,4,30.3,8.1,51.2,11.6
Haryana,Sirsa,2018,5,30.7,5.7,47.8,15.4
Haryana,Sirsa,2018,6,32.6,186.3,66.3,32.3
Haryana,Sirsa,2018,7,30.6,155.9,71.0,23.3
Haryana,Sirsa,2018,8,28.3,107.4,63.6,18.4
Haryana,Sirsa,2018,9,25.6,127.9,66.0,19.8
Haryana,Sirsa,2018,10,21.3,40.9,48.5,11.1
Haryana,Sirsa,2018,11,18.8,43.9,48.0,10.2
Haryana,Sirsa,2018,12,17.9,16.1,45.4,8.0
Haryana,Sirsa,2019,1,17.1,11.1,50.8,12.5
Haryana,Sirsa,2019,2,22.3,6.2,45.3,13.1
Haryana,Sirsa,2019,3,25.4,27.2,48.8,11.1
Haryana,Sirsa,2019,4,27.7,9.2,42.5,12.2
Haryana,Sirsa,2019,5,31.4,10.4,48.0,8.6
Haryana,Sirsa,2019,6,32.9,106.4,71.3,21.3
Haryana,Sirsa,2019,7,33.4,110.9,68.1,23.3
Haryana,Sirsa,2019,8,28.5,114.8,63.6,17.9
Haryana,Sirsa,2019,9,25.8,114.4,70.1,20.7
Haryana,Sirsa,2019,10,21.1,32.7,47.5,14.8
Haryana,Sirsa,2019,11,18.4,24.9,49.4,10.1
Haryana,Sirsa,2019,12,17.6,14.4,49.8,9.5
Haryana,Sirsa,2020,1,18.9,17.7,46.5,9.5
Haryana,Sirsa,2020,2,21.1,17.1,43.3,6.8
Haryana,Sirsa,2020,3,24.9,34.7,49.7,12.1
Haryana,Sirsa,2020,4,30.5,6.4,49.6,6.5
Haryana,Sirsa,2020,5,30.5,5.0,42.6,10.5
Haryana,Sirsa,2020,6,33.2,124.1,71.4,21.1
Haryana,Sirsa,2020,7,30.9,123.6,69.4,26.6
Haryana,Sirsa,2020,8,28.0,108.0,69.8,18.2
Haryana,Sirsa,2020,9,26.4,157.4,68.4,24.2
Haryana,Sirsa,2020,10,21.9,28.8,45.2,16.9
Haryana,Sirsa,2020,11,16.9,37.0,42.7,15.2
Haryana,Sirsa,2020,12,16.7,16.0,42.6,12.2
Haryana,Sirsa,2021,1,17.8,16.8,51.4,12.9
Haryana,Sirsa,2021,2,20.2,6.8,44.6,10.0
Haryana,Sirsa,2021,3,24.2,21.1,49.6,13.5
Haryana,Sirsa,2021,4,28.4,17.9,44.2,12.5
Haryana,Sirsa,2021,5,30.9,15.9,50.7,9.3
Haryana,Sirsa,2021,6,33.8,191.4,64.8,27.5
Haryana,Sirsa,2021,7,31.9,198.6,63.6,31.7
Haryana,Sirsa,2021,8,29.3,152.6,67.8,29.1
Haryana,Sirsa,2021,9,24.1,197.8,65.6,32.6
Haryana,Sirsa,2021,10,22.1,20.5,50.6,17.0
Haryana,Sirsa,2021,11,17.5,15.7,43.1,16.3
Haryana,Sirsa,2021,12,15.5,16.7,43.5,14.0
Haryana,Sirsa,2022,1,16.9,5.5,48.8,6.5
Haryana,Sirsa,2022,2,20.5,16.8,49.2,15.5
Haryana,Sirsa,2022,3,26.4,16.0,44.3,14.5
Haryana,Sirsa,2022,4,29.6,3.6,47.0,7.7
Haryana,Sirsa,2022,5,31.7,4.6,42.2,15.4
Haryana,Sirsa,2022,6,32.4,197.3,63.2,29.6
Haryana,Sirsa,2022,7,30.8,150.0,63.8,26.9
Haryana,Sirsa,2022,8,27.9,182.5,67.0,24.4
Haryana,Sirsa,2022,9,24.6,157.1,71.2,24.2
Haryana,Sirsa,2022,10,20.1,44.0,50.8,16.7
Haryana,Sirsa,2022,11,17.4,20.3,44.6,7.7
Haryana,Sirsa,2022,12,15.6,10.6,46.1,11.6
Haryana,Sirsa,2023,1,17.7,3.2,48.9,11.8
Haryana,Sirsa,2023,2,21.1,11.2,48.9,15.9
Haryana,Sirsa,2023,3,26.1,36.5,46.0,11.8
Haryana,Sirsa,2023,4,28.8,17.6,45.9,10.6
Haryana,Sirsa,2023,5,31.7,5.1,52.0,5.6
Haryana,Sirsa,2023,6,33.3,202.3,64.5,31.3
Haryana,Sirsa,2023,7,31.6,130.3,64.0,19.2
Haryana,Sirsa,2023,8,30.0,187.3,71.1,24.2
Haryana,Sirsa,2023,9,25.6,139.1,68.5,24.4
Haryana,Sirsa,2023,10,20.4,44.1,42.0,16.9
Haryana,Sirsa,2023,11,19.1,30.3,47.9,18.0
Haryana,Sirsa,2023,12,16.2,12.4,49.4,10.0
Haryana,Kurukshetra,2015,1,18.7,8.9,47.3,12.0
Haryana,Kurukshetra,2015,2,21.5,7.8,48.3,11.2
Haryana,Kurukshetra,2015,3,24.2,33.4,44.6,17.4
Haryana,Kurukshetra,2015,4,28.9,13.8,47.2,11.1
Haryana,Kurukshetra,2015,5,31.1,5.1,51.3,10.8
Haryana,Kurukshetra,2015,6,33.1,160.4,70.1,23.4
Haryana,Kurukshetra,2015,7,30.9,191.3,66.6,30.5
Haryana,Kurukshetra,2015,8,30.0,198.9,70.7,25.3
Haryana,Kurukshetra,2015,9,24.6,192.4,70.2,25.5
Haryana,Kurukshetra,2015,10,20.0,22.5,43.0,10.8
Haryana,Kurukshetra,2015,11,19.0,30.6,46.5,8.9
Haryana,Kurukshetra,2015,12,16.7,18.0,49.0,11.3
Haryana,Kurukshetra,2016,1,18.0,15.0,49.6,8.0
Haryana,Kurukshetra,2016,2,21.5,8.5,47.2,8.2
Haryana,Kurukshetra,2016,3,24.6,25.2,45.8,7.7
Haryana,Kurukshetra,2016,4,28.1,11.6,42.6,7.9
Haryana,Kurukshetra,2016,5,32.6,7.1,45.2,8.1
Haryana,Kurukshetra,2016,6,34.0,114.6,68.4,25.0
Haryana,Kurukshetra,2016,7,31.0,149.4,69.9,26.1
Haryana,Kurukshetra,2016,8,28.6,109.6,66.4,19.6
Haryana,Kurukshetra,2016,9,25.6,136.0,66.1,25.1
Haryana,Kurukshetra,2016,10,21.9,25.6,45.9,13.3
Haryana,Kurukshetra,2016,11,19.3,20.7,51.7,14.2
Haryana,Kurukshetra,2016,12,16.6,13.0,45.3,7.0
Haryana,Kurukshetra,2017,1,18.8,8.7,47.3,10.8
Haryana,Kurukshetra,2017,2,22.2,14.4,42.3,12.4
Haryana,Kurukshetra,2017,3,24.9,28.9,50.4,12.0
Haryana,Kurukshetra,2017,4,28.9,16.4,46.4,11.5
Haryana,Kurukshetra,2017,5,32.0,15.4,48.7,13.9
Haryana,Kurukshetra,2017,6,32.7,109.3,68.8,21.5
Haryana,Kurukshetra,2017,7,32.7,185.8,63.2,25.8
Haryana,Kurukshetra,2017,8,27.7,190.8,63.0,25.0
Haryana,Kurukshetra,2017,9,25.8,164.3,62.6,28.2
Haryana,Kurukshetra,2017,10,21.6,29.5,42.5,14.9
Haryana,Kurukshetra,2017,11,17.8,32.5,52.0,16.4
Haryana,Kurukshetra,2017,12,18.1,5.2,45.3,10.7
Haryana,Kurukshetra,2018,1,16.6,17.8,44.7,9.4
Haryana,Kurukshetra,2018,2,20.4,6.8,50.6,11.2
Haryana,Kurukshetra,2018,3,25.0,27.6,42.5,10.8
Haryana,Kurukshetra,2018,4,30.1,15.0,50.6,9.1
Haryana,Kurukshetra,2018,5,31.0,3.8,47.4,9.1
Haryana,Kurukshetra,2018,6,32.9,156.3,67.8,24.3
Haryana,Kurukshetra,2018,7,32.8,126.0,71.2,23.2
Haryana,Kurukshetra,2018,8,27.7,138.0,67.3,22.9
Haryana,Kurukshetra,2018,9,25.2,139.0,64.7,26.9
Haryana,Kurukshetra,2018,10,20.4,36.3,50.0,14.6
Haryana,Kurukshetra,2018,11,17.9,43.0,46.4,18.1
Haryana,Kurukshetra,2018,12,15.7,9.5,48.4,6.4
Haryana,Kurukshetra,2019,1,19.2,4.1,48.0,7.2
Haryana,Kurukshetra,2019,2,22.3,11.4,50.0,11.1
Haryana,Kurukshetra,2019,3,25.5,35.2,44.9,10.6
Haryana,Kurukshetra,2019,4,30.0,5.2,51.2,7.6
Haryana,Kurukshetra,2019,5,30.7,4.4,49.8,15.0
Haryana,Kurukshetra,2019,6,32.7,174.2,64.6,31.5
Haryana,Kurukshetra,2019,7,32.5,121.3,62.6,24.1
Haryana,Kurukshetra,2019,8,27.6,192.8,64.9,26.6
Haryana,Kurukshetra,2019,9,25.2,138.5,67.6,20.4
Haryana,Kurukshetra,2019,10,22.2,24.7,50.4,9.0
Haryana,Kurukshetra,2019,11,19.0,44.4,45.9,9.8
Haryana,Kurukshetra,2019,12,16.6,12.6,44.2,11.7
Haryana,Kurukshetra,2020,1,16.9,10.0,49.3,10.3
Haryana,Kurukshetra,2020,2,21.5,4.7,50.3,6.7
Haryana,Kurukshetra,2020,3,26.3,44.9,51.4,14.8
Haryana,Kurukshetra,2020,4,28.4,8.2,49.5,10.8
Haryana,Kurukshetra,2020,5,33.2,4.4,46.8,14.1
Haryana,Kurukshetra,2020,6,33.3,161.8,62.9,22.6
Haryana,Kurukshetra,2020,7,31.2,198.8,70.5,27.1
Haryana,Kurukshetra,2020,8,30.3,108.4,68.0,25.5
Haryana,Kurukshetra,2020,9,24.5,204.2,68.6,25.9
Haryana,Kurukshetra,2020,10,20.5,28.5,44.5,15.3
Haryana,Kurukshetra,2020,11,17.1,38.6,45.0,9.6
Haryana,Kurukshetra,2020,12,17.2,4.4,47.5,13.3
Haryana,Kurukshetra,2021,1,18.4,9.9,42.3,11.1
Haryana,Kurukshetra,2021,2,19.8,12.7,43.3,12.1
Haryana,Kurukshetra,2021,3,24.6,26.2,48.6,9.3
Haryana,Kurukshetra,2021,4,28.0,17.1,45.3,15.1
Haryana,Kurukshetra,2021,5,33.0,10.2,43.5,7.0
Haryana,Kurukshetra,2021,6,34.1,117.3,67.0,22.1
Haryana,Kurukshetra,2021,7,30.8,154.1,63.6,25.8
Haryana,Kurukshetra,2021,8,29.0,143.5,64.0,23.4
Haryana,Kurukshetra,2021,9,24.1,118.3,64.4,25.5
Haryana,Kurukshetra,2021,10,21.0,41.7,42.2,18.6
Haryana,Kurukshetra,2021,11,18.0,38.7,47.7,15.8
Haryana,Kurukshetra,2021,12,16.2,14.3,43.5,9.1
Haryana,Kurukshetra,2022,1,16.7,8.9,47.2,8.8
Haryana,Kurukshetra,2022,2,22.2,4.3,47.8,7.8
Haryana,Kurukshetra,2022,3,25.3,38.5,49.1,9.5
Haryana,Kurukshetra,2022,4,28.2,12.0,51.8,6.6
Haryana,Kurukshetra,2022,5,32.3,13.4,50.1,9.8
Haryana,Kurukshetra,2022,6,33.9,153.5,71.2,20.5
Haryana,Kurukshetra,2022,7,33.2,148.3,66.1,20.7
Haryana,Kurukshetra,2022,8,28.2,182.0,68.8,24.7
Haryana,Kurukshetra,2022,9,24.5,119.7,64.0,19.2
Haryana,Kurukshetra,2022,10,20.5,44.3,52.0,17.3
Haryana,Kurukshetra,2022,11,18.0,29.9,49.8,17.1
Haryana,Kurukshetra,2022,12,17.8,12.5,44.0,12.5
Haryana,Kurukshetra,2023,1,19.1,14.8,42.9,13.7
Haryana,Kurukshetra,2023,2,20.5,5.4,51.7,12.3
Haryana,Kurukshetra,2023,3,25.7,19.0,50.3,16.3
Haryana,Kurukshetra,2023,4,30.2,14.2,50.3,14.4
Haryana,Kurukshetra,2023,5,32.2,9.5,50.3,13.8
Haryana,Kurukshetra,2023,6,34.1,136.4,71.6,24.0
Haryana,Kurukshetra,2023,7,33.3,117.2,71.7,24.6
Haryana,Kurukshetra,2023,8,28.3,193.0,64.3,26.3
Haryana,Kurukshetra,2023,9,24.9,129.8,66.9,27.1
Haryana,Kurukshetra,2023,10,21.6,36.3,45.9,16.5
Haryana,Kurukshetra,2023,11,19.0,35.5,51.4,16.8
Haryana,Kurukshetra,2023,12,16.7,4.3,48.5,13.8
Uttar Pradesh,Meerut,2015,1,18.6,18.9,58.4,14.8
Uttar Pradesh,Meerut,2015,2,20.5,16.4,50.2,7.7
Uttar Pradesh,Meerut,2015,3,26.9,43.6,56.0,13.9
Uttar Pradesh,Meerut,2015,4,29.5,9.8,53.5,14.4
Uttar Pradesh,Meerut,2015,5,33.3,11.7,50.9,8.9
Uttar Pradesh,Meerut,2015,6,34.6,239.7,76.6,37.0
Uttar Pradesh,Meerut,2015,7,31.8,279.8,70.4,41.2
Uttar Pradesh,Meerut,2015,8,29.1,211.4,79.6,29.8
Uttar Pradesh,Meerut,2015,9,25.2,314.2,76.1,45
Uttar Pradesh,Meerut,2015,10,21.7,47.5,59.6,14.8
Uttar Pradesh,Meerut,2015,11,20.5,32.7,58.3,9.9
Uttar Pradesh,Meerut,2015,12,18.1,4.8,51.8,14.9
Uttar Pradesh,Meerut,2016,1,18.9,24.0,52.5,10.9
Uttar Pradesh,Meerut,2016,2,20.8,17.9,58.6,11.9
Uttar Pradesh,Meerut,2016,3,25.6,67.9,58.9,18.4
Uttar Pradesh,Meerut,2016,4,28.7,19.6,54.4,16.5
Uttar Pradesh,Meerut,2016,5,32.5,20.5,56.3,10.8
Uttar Pradesh,Meerut,2016,6,34.1,278.7,79.1,37.9
Uttar Pradesh,Meerut,2016,7,32.5,328.5,70.6,45
Uttar Pradesh,Meerut,2016,8,30.6,258.9,74.5,38.4
Uttar Pradesh,Meerut,2016,9,27.2,287.4,77.5,34.1
Uttar Pradesh,Meerut,2016,10,21.5,30.3,59.5,16.9
Uttar Pradesh,Meerut,2016,11,18.0,51.7,55.8,10.6
Uttar Pradesh,Meerut,2016,12,17.7,22.5,56.4,10.1
Uttar Pradesh,Meerut,2017,1,19.9,11.7,55.4,10.4
Uttar Pradesh,Meerut,2017,2,23.4,20.2,58.0,13.8
Uttar Pradesh,Meerut,2017,3,25.6,69.5,57.1,18.9
Uttar Pradesh,Meerut,2017,4,29.3,8.6,55.8,14.1
Uttar Pradesh,Meerut,2017,5,33.8,13.0,51.4,11.5
Uttar Pradesh,Meerut,2017,6,35.1,193.2,77.4,26.0
Uttar Pradesh,Meerut,2017,7,32.4,175.1,73.0,26.3
Uttar Pradesh,Meerut,2017,8,31.4,326.2,71.9,40.7
Uttar Pradesh,Meerut,2017,9,27.3,199.1,73.2,29.3
Uttar Pradesh,Meerut,2017,10,20.8,36.1,53.9,12.5
Uttar Pradesh,Meerut,2017,11,20.5,36.4,52.0,17.7
Uttar Pradesh,Meerut,2017,12,17.9,24.6,56.4,15.2
Uttar Pradesh,Meerut,2018,1,18.5,8.4,57.6,10.5
Uttar Pradesh,Meerut,2018,2,22.2,20.7,57.5,9.8
Uttar Pradesh,Meerut,2018,3,25.6,67.3,55.3,14.6
Uttar Pradesh,Meerut,2018,4,30.4,10.9,57.7,6.5
Uttar Pradesh,Meerut,2018,5,33.9,18.2,53.5,16.2
Uttar Pradesh,Meerut,2018,6,33.3,206.7,70.7,31.2
Uttar Pradesh,Meerut,2018,7,33.7,279.0,74.1,41.0
Uttar Pradesh,Meerut,2018,8,28.8,217.3,76.4,36.4
Uttar Pradesh,Meerut,2018,9,26.4,281.3,77.7,37.1
Uttar Pradesh,Meerut,2018,10,23.3,59.0,53.4,14.8
Uttar Pradesh,Meerut,2018,11,20.0,40.4,51.9,17.8
Uttar Pradesh,Meerut,2018,12,18.1,17.1,56.7,15.7
Uttar Pradesh,Meerut,2019,1,18.0,12.8,50.7,10.4
Uttar Pradesh,Meerut,2019,2,22.0,25.0,56.7,13.3
Uttar Pradesh,Meerut,2019,3,25.7,51.0,52.7,18.5
Uttar Pradesh,Meerut,2019,4,30.9,24.7,51.5,14.2
Uttar Pradesh,Meerut,2019,5,33.7,16.6,59.0,15.7
Uttar Pradesh,Meerut,2019,6,34.7,302.7,76.5,44.1
Uttar Pradesh,Meerut,2019,7,31.8,283.3,77.0,39.5
Uttar Pradesh,Meerut,2019,8,29.3,177.4,76.0,31.0
Uttar Pradesh,Meerut,2019,9,25.3,201.7,72.2,26.1
Uttar Pradesh,Meerut,2019,10,22.5,70.1,58.0,15.6
Uttar Pradesh,Meerut,2019,11,19.7,27.2,58.4,11.0
Uttar Pradesh,Meerut,2019,12,16.5,19.7,51.4,9.7
Uttar Pradesh,Meerut,2020,1,17.7,15.3,55.5,14.6
Uttar Pradesh,Meerut,2020,2,20.6,24.4,51.1,9.7
Uttar Pradesh,Meerut,2020,3,26.4,39.9,53.3,14.7
Uttar Pradesh,Meerut,2020,4,29.2,23.6,52.1,15.8
Uttar Pradesh,Meerut,2020,5,33.9,17.5,50.3,14.5
Uttar Pradesh,Meerut,2020,6,32.6,250.2,74.2,30.6
Uttar Pradesh,Meerut,2020,7,33.3,286.7,75.8,37.7
Uttar Pradesh,Meerut,2020,8,30.0,264.1,72.3,40.1
Uttar Pradesh,Meerut,2020,9,27.5,299.9,79.6,38.3
Uttar Pradesh,Meerut,2020,10,23.5,27.1,54.8,9.1
Uttar Pradesh,Meerut,2020,11,18.9,56.2,57.1,15.2
Uttar Pradesh,Meerut,2020,12,17.5,9.3,54.0,8.8
Uttar Pradesh,Meerut,2021,1,18.2,22.2,55.2,11.6
Uttar Pradesh,Meerut,2021,2,21.1,21.5,52.0,9.8
Uttar Pradesh,Meerut,2021,3,26.2,57.1,59.7,18.2
Uttar Pradesh,Meerut,2021,4,31.3,26.6,57.2,14.9
Uttar Pradesh,Meerut,2021,5,31.6,9.6,50.1,14.6
Uttar Pradesh,Meerut,2021,6,34.7,271.0,72.6,35.7
Uttar Pradesh,Meerut,2021,7,31.9,271.4,79.9,35.2
Uttar Pradesh,Meerut,2021,8,28.6,195.4,73.6,33.5
Uttar Pradesh,Meerut,2021,9,26.9,241.9,71.0,30.3
Uttar Pradesh,Meerut,2021,10,21.0,60.7,54.7,21.0
Uttar Pradesh,Meerut,2021,11,20.3,61.5,54.8,19.4
Uttar Pradesh,Meerut,2021,12,16.9,7.3,55.6,10.8
Uttar Pradesh,Meerut,2022,1,18.2,10.7,50.2,15.2
Uttar Pradesh,Meerut,2022,2,22.6,27.2,59.8,12.1
Uttar Pradesh,Meerut,2022,3,26.7,42.0,58.1,17.6
Uttar Pradesh,Meerut,2022,4,28.9,5.1,52.1,11.4
Uttar Pradesh,Meerut,2022,5,32.6,5.0,58.3,13.4
Uttar Pradesh,Meerut,2022,6,33.9,173.4,78.9,27.7
Uttar Pradesh,Meerut,2022,7,31.6,220.0,76.2,35.9
Uttar Pradesh,Meerut,2022,8,30.0,272.6,72.1,34.7
Uttar Pradesh,Meerut,2022,9,27.2,229.9,71.0,33.9
Uttar Pradesh,Meerut,2022,10,20.9,33.2,54.6,14.2
Uttar Pradesh,Meerut,2022,11,19.5,57.3,54.4,11.4
Uttar Pradesh,Meerut,2022,12,18.7,6.0,54.7,9.6
Uttar Pradesh,Meerut,2023,1,19.6,21.7,52.4,13.7
Uttar Pradesh,Meerut,2023,2,22.6,16.0,51.4,15.7
Uttar Pradesh,Meerut,2023,3,26.3,26.7,52.4,17.5
Uttar Pradesh,Meerut,2023,4,29.2,14.1,57.9,14.6
Uttar Pradesh,Meerut,2023,5,33.3,22.4,50.4,8.2
Uttar Pradesh,Meerut,2023,6,35.4,299.7,70.4,35.5
Uttar Pradesh,Meerut,2023,7,32.1,321.0,72.2,43.8
Uttar Pradesh,Meerut,2023,8,31.3,272.4,79.2,34.9
Uttar Pradesh,Meerut,2023,9,25.0,169.3,77.6,23.0
Uttar Pradesh,Meerut,2023,10,23.4,57.5,51.9,18.8
Uttar Pradesh,Meerut,2023,11,18.1,48.1,51.1,17.7
Uttar Pradesh,Meerut,2023,12,19.2,26.5,50.0,16.2
Uttar Pradesh,Kanpur Dehat,2015,1,19.2,24.3,55.0,13.6
Uttar Pradesh,Kanpur Dehat,2015,2,22.3,23.7,50.8,7.9
Uttar Pradesh,Kanpur Dehat,2015,3,26.1,37.6,54.0,8.8
Uttar Pradesh,Kanpur Dehat,2015,4,30.7,5.3,58.3,13.6
Uttar Pradesh,Kanpur Dehat,2015,5,32.8,7.7,56.5,7.8
Uttar Pradesh,Kanpur Dehat,2015,6,33.8,184.6,79.8,28.9
Uttar Pradesh,Kanpur Dehat,2015,7,32.5,181.9,77.3,31.7
Uttar Pradesh,Kanpur Dehat,2015,8,31.0,183.1,73.7,26.3
Uttar Pradesh,Kanpur Dehat,2015,9,26.8,190.8,76.1,33.9
Uttar Pradesh,Kanpur Dehat,2015,10,22.8,24.1,50.7,8.5
Uttar Pradesh,Kanpur Dehat,2015,11,19.6,52.2,55.2,14.8
Uttar Pradesh,Kanpur Dehat,2015,12,17.7,19.3,56.5,16.1
Uttar Pradesh,Kanpur Dehat,2016,1,19.8,23.7,59.1,15.7
Uttar Pradesh,Kanpur Dehat,2016,2,22.7,5.5,56.8,14.0
Uttar Pradesh,Kanpur Dehat,2016,3,25.8,65.5,51.8,21.0
Uttar Pradesh,Kanpur Dehat,2016,4,29.8,21.5,52.5,10.2
Uttar Pradesh,Kanpur Dehat,2016,5,32.5,12.5,50.9,10.7
Uttar Pradesh,Kanpur Dehat,2016,6,35.4,275.0,79.3,40.1
Uttar Pradesh,Kanpur Dehat,2016,7,33.9,331.5,77.5,40.9
Uttar Pradesh,Kanpur Dehat,2016,8,29.2,234.8,70.2,30.8
Uttar Pradesh,Kanpur Dehat,2016,9,27.2,319.4,73.3,44.6
Uttar Pradesh,Kanpur Dehat,2016,10,22.8,66.0,57.9,16.9
Uttar Pradesh,Kanpur Dehat,2016,11,17.9,63.0,53.1,17.6
Uttar Pradesh,Kanpur Dehat,2016,12,17.6,17.5,59.7,8.4
Uttar Pradesh,Kanpur Dehat,2017,1,19.2,20.2,55.4,16.4
Uttar Pradesh,Kanpur Dehat,2017,2,21.7,26.5,56.9,17.3
Uttar Pradesh,Kanpur Dehat,2017,3,24.8,33.8,52.9,17.4
Uttar Pradesh,Kanpur Dehat,2017,4,28.5,10.9,57.2,16.0
Uttar Pradesh,Kanpur Dehat,2017,5,32.0,15.2,56.9,13.4
Uttar Pradesh,Kanpur Dehat,2017,6,34.7,291.5,72.5,36.7
Uttar Pradesh,Kanpur Dehat,2017,7,31.5,281.2,72.1,35.7
Uttar Pradesh,Kanpur Dehat,2017,8,31.4,273.2,75.9,38.9
Uttar Pradesh,Kanpur Dehat,2017,9,26.3,281.8,73.0,33.8
Uttar Pradesh,Kanpur Dehat,2017,10,20.7,24.4,53.6,8.9
Uttar Pradesh,Kanpur Dehat,2017,11,17.9,47.2,59.7,16.6
Uttar Pradesh,Kanpur Dehat,2017,12,17.3,23.0,51.8,8.3
Uttar Pradesh,Kanpur Dehat,2018,1,18.5,14.5,56.9,10.9
Uttar Pradesh,Kanpur Dehat,2018,2,22.7,7.0,59.3,9.1
Uttar Pradesh,Kanpur Dehat,2018,3,27.0,25.2,58.3,9.8
Uttar Pradesh,Kanpur Dehat,2018,4,31.1,23.8,56.7,10.2
Uttar Pradesh,Kanpur Dehat,2018,5,31.5,9.3,59.0,7.5
Uttar Pradesh,Kanpur Dehat,2018,6,34.5,263.8,76.6,33.2
Uttar Pradesh,Kanpur Dehat,2018,7,31.9,182.4,79.8,27.1
Uttar Pradesh,Kanpur Dehat,2018,8,30.5,260.9,72.2,31.7
Uttar Pradesh,Kanpur Dehat,2018,9,24.5,308.0,71.3,45
Uttar Pradesh,Kanpur Dehat,2018,10,21.6,58.1,51.4,18.7
Uttar Pradesh,Kanpur Dehat,2018,11,18.3,41.1,55.2,10.2
Uttar Pradesh,Kanpur Dehat,2018,12,17.2,23.7,52.9,11.2
Uttar Pradesh,Kanpur Dehat,2019,1,19.9,10.1,51.9,8.2
Uttar Pradesh,Kanpur Dehat,2019,2,21.7,13.4,56.4,11.1
Uttar Pradesh,Kanpur Dehat,2019,3,27.1,26.2,56.6,16.0
Uttar Pradesh,Kanpur Dehat,2019,4,29.2,5.4,54.4,6.7
Uttar Pradesh,Kanpur Dehat,2019,5,32.8,21.6,50.9,8.3
Uttar Pradesh,Kanpur Dehat,2019,6,33.9,195.1,72.3,28.9
Uttar Pradesh,Kanpur Dehat,2019,7,31.8,177.5,73.6,27.4
Uttar Pradesh,Kanpur Dehat,2019,8,31.3,258.5,70.7,33.1
Uttar Pradesh,Kanpur Dehat,2019,9,26.7,259.8,78.7,40.6
Uttar Pradesh,Kanpur Dehat,2019,10,23.1,29.0,59.4,13.1
Uttar Pradesh,Kanpur Dehat,2019,11,18.3,31.9,58.6,10.3
Uttar Pradesh,Kanpur Dehat,2019,12,16.7,11.1,59.2,10.7
Uttar Pradesh,Kanpur Dehat,2020,1,19.8,6.5,54.5,8.8
Uttar Pradesh,Kanpur Dehat,2020,2,21.1,20.5,53.6,8.2
Uttar Pradesh,Kanpur Dehat,2020,3,27.5,46.6,51.8,9.8
Uttar Pradesh,Kanpur Dehat,2020,4,30.5,17.0,50.2,11.4
Uttar Pradesh,Kanpur Dehat,2020,5,33.6,17.5,52.3,11.7
Uttar Pradesh,Kanpur Dehat,2020,6,34.3,274.5,71.5,40.5
Uttar Pradesh,Kanpur Dehat,2020,7,34.3,289.3,78.6,37.6
Uttar Pradesh,Kanpur Dehat,2020,8,31.2,196.5,72.3,30.6
Uttar Pradesh,Kanpur Dehat,2020,9,27.2,179.9,72.2,23.3
Uttar Pradesh,Kanpur Dehat,2020,10,21.8,30.4,51.9,15.5
Uttar Pradesh,Kanpur Dehat,2020,11,19.3,68.4,54.0,18.6
Uttar Pradesh,Kanpur Dehat,2020,12,16.5,27.3,52.3,12.5
Uttar Pradesh,Kanpur Dehat,2021,1,19.1,27.3,54.9,17.6
Uttar Pradesh,Kanpur Dehat,2021,2,22.4,9.9,58.3,8.0
Uttar Pradesh,Kanpur Dehat,2021,3,27.5,45.4,52.3,19.2
Uttar Pradesh,Kanpur Dehat,2021,4,29.5,14.4,53.4,13.1
Uttar Pradesh,Kanpur Dehat,2021,5,31.5,13.6,51.6,14.6
Uttar Pradesh,Kanpur Dehat,2021,6,32.5,267.3,72.6,36.3
Uttar Pradesh,Kanpur Dehat,2021,7,33.1,284.6,71.4,35.9
Uttar Pradesh,Kanpur Dehat,2021,8,28.9,325.9,71.5,39.0
Uttar Pradesh,Kanpur Dehat,2021,9,26.1,262.9,78.9,31.9
Uttar Pradesh,Kanpur Dehat,2021,10,21.2,31.7,55.9,12.7
Uttar Pradesh,Kanpur Dehat,2021,11,18.8,65.9,56.6,20.2
Uttar Pradesh,Kanpur Dehat,2021,12,19.4,11.1,59.4,10.2
Uttar Pradesh,Kanpur Dehat,2022,1,17.7,26.5,51.0,7.8
Uttar Pradesh,Kanpur Dehat,2022,2,21.4,11.6,59.7,14.9
Uttar Pradesh,Kanpur Dehat,2022,3,25.8,48.9,58.5,18.0
Uttar Pradesh,Kanpur Dehat,2022,4,30.5,16.9,51.2,9.1
Uttar Pradesh,Kanpur Dehat,2022,5,33.4,18.7,58.0,15.9
Uttar Pradesh,Kanpur Dehat,2022,6,35.4,198.3,70.8,33.8
Uttar Pradesh,Kanpur Dehat,2022,7,33.1,196.4,76.9,27.2
Uttar Pradesh,Kanpur Dehat,2022,8,29.2,227.1,75.2,34.5
Uttar Pradesh,Kanpur Dehat,2022,9,24.7,289.5,76.2,38.7
Uttar Pradesh,Kanpur Dehat,2022,10,22.5,61.7,50.1,15.9
Uttar Pradesh,Kanpur Dehat,2022,11,19.6,57.4,56.5,12.5
Uttar Pradesh,Kanpur Dehat,2022,12,19.4,23.4,52.3,11.6
Uttar Pradesh,Kanpur Dehat,2023,1,20.4,9.7,54.1,15.6
Uttar Pradesh,Kanpur Dehat,2023,2,23.2,10.3,57.4,9.6
Uttar Pradesh,Kanpur Dehat,2023,3,26.5,60.2,51.3,13.2
Uttar Pradesh,Kanpur Dehat,2023,4,29.1,11.1,50.4,7.5
Uttar Pradesh,Kanpur Dehat,2023,5,32.6,14.7,50.8,12.3
Uttar Pradesh,Kanpur Dehat,2023,6,35.3,262.2,73.6,38.3
Uttar Pradesh,Kanpur Dehat,2023,7,32.7,195.4,74.8,24.7
Uttar Pradesh,Kanpur Dehat,2023,8,30.5,193.0,73.7,33.9
Uttar Pradesh,Kanpur Dehat,2023,9,26.8,305.2,76.4,41.9
Uttar Pradesh,Kanpur Dehat,2023,10,22.6,69.7,52.0,19.6
Uttar Pradesh,Kanpur Dehat,2023,11,18.5,35.9,58.2,14.6
Uttar Pradesh,Kanpur Dehat,2023,12,19.0,25.5,55.9,9.5
Uttar Pradesh,Gorakhpur,2015,1,17.6,17.5,57.3,9.5
Uttar Pradesh,Gorakhpur,2015,2,20.7,4.9,51.7,12.4
Uttar Pradesh,Gorakhpur,2015,3,24.5,34.7,52.7,15.6
Uttar Pradesh,Gorakhpur,2015,4,31.5,5.2,51.1,14.9
Uttar Pradesh,Gorakhpur,2015,5,34.3,8.3,53.4,11.1
Uttar Pradesh,Gorakhpur,2015,6,33.5,235.6,74.8,31.1
Uttar Pradesh,Gorakhpur,2015,7,31.6,180.2,71.6,23.9
Uttar Pradesh,Gorakhpur,2015,8,30.4,282.1,72.6,41.1
Uttar Pradesh,Gorakhpur,2015,9,26.7,223.1,74.9,29.2
Uttar Pradesh,Gorakhpur,2015,10,23.3,50.4,50.5,11.6
Uttar Pradesh,Gorakhpur,2015,11,19.6,42.0,57.2,11.5
Uttar Pradesh,Gorakhpur,2015,12,18.9,23.8,50.9,13.2
Uttar Pradesh,Gorakhpur,2016,1,18.1,21.6,58.0,15.1
Uttar Pradesh,Gorakhpur,2016,2,21.2,7.0,56.6,11.3
Uttar Pradesh,Gorakhpur,2016,3,24.9,32.9,55.8,9.4
Uttar Pradesh,Gorakhpur,2016,4,30.4,10.5,52.6,10.3
Uttar Pradesh,Gorakhpur,2016,5,33.0,22.0,50.3,14.4
Uttar Pradesh,Gorakhpur,2016,6,33.2,214.6,76.4,33.4
Uttar Pradesh,Gorakhpur,2016,7,33.3,316.2,72.0,39.7
Uttar Pradesh,Gorakhpur,2016,8,30.5,209.6,71.6,28.2
Uttar Pradesh,Gorakhpur,2016,9,26.8,303.7,77.2,45.0
Uttar Pradesh,Gorakhpur,2016,10,22.9,38.5,53.2,16.1
Uttar Pradesh,Gorakhpur,2016,11,17.7,52.7,50.9,10.8
Uttar Pradesh,Gorakhpur,2016,12,18.0,8.3,59.3,14.6
Uttar Pradesh,Gorakhpur,2017,1,19.0,9.4,51.2,11.0
Uttar Pradesh,Gorakhpur,2017,2,22.1,13.4,57.2,11.6
Uttar Pradesh,Gorakhpur,2017,3,26.8,28.8,50.7,11.7
Uttar Pradesh,Gorakhpur,2017,4,30.0,10.7,56.7,8.3
Uttar Pradesh,Gorakhpur,2017,5,32.4,16.1,57.1,14.3
Uttar Pradesh,Gorakhpur,2017,6,33.6,240.5,79.3,38.4
Uttar Pradesh,Gorakhpur,2017,7,33.3,183.7,74.6,29.7
Uttar Pradesh,Gorakhpur,2017,8,29.3,172.5,79.8,31.3
Uttar Pradesh,Gorakhpur,2017,9,24.9,243.7,76.2,32.4
Uttar Pradesh,Gorakhpur,2017,10,20.7,59.4,57.7,15.3
Uttar Pradesh,Gorakhpur,2017,11,17.8,42.5,50.9,18.9
Uttar Pradesh,Gorakhpur,2017,12,16.7,11.6,57.7,7.5
Uttar Pradesh,Gorakhpur,2018,1,17.9,6.4,51.6,11.0
Uttar Pradesh,Gorakhpur,2018,2,23.0,8.8,51.7,13.5
Uttar Pradesh,Gorakhpur,2018,3,25.8,39.8,51.2,11.4
Uttar Pradesh,Gorakhpur,2018,4,31.4,7.5,52.6,13.2
Uttar Pradesh,Gorakhpur,2018,5,34.1,26.2,54.7,17.2
Uttar Pradesh,Gorakhpur,2018,6,34.3,214.2,74.7,33.6
Uttar Pradesh,Gorakhpur,2018,7,33.6,187.8,71.9,33.4
Uttar Pradesh,Gorakhpur,2018,8,28.8,301.5,73.4,37.6
Uttar Pradesh,Gorakhpur,2018,9,25.3,244.3,79.9,30.9
Uttar Pradesh,Gorakhpur,2018,10,23.1,39.0,51.7,16.3
Uttar Pradesh,Gorakhpur,2018,11,18.6,32.7,54.2,16.5
Uttar Pradesh,Gorakhpur,2018,12,19.1,18.4,50.1,14.5
Uttar Pradesh,Gorakhpur,2019,1,19.4,26.1,59.5,10.9
Uttar Pradesh,Gorakhpur,2019,2,23.0,24.2,52.7,11.1
Uttar Pradesh,Gorakhpur,2019,3,25.6,40.5,53.8,10.2
Uttar Pradesh,Gorakhpur,2019,4,29.2,26.4,54.1,14.0
Uttar Pradesh,Gorakhpur,2019,5,34.1,22.7,52.4,16.5
Uttar Pradesh,Gorakhpur,2019,6,34.9,330.9,77.3,45
Uttar Pradesh,Gorakhpur,2019,7,33.9,208.3,76.6,29.6
Uttar Pradesh,Gorakhpur,2019,8,31.0,188.5,75.4,27.2
Uttar Pradesh,Gorakhpur,2019,9,27.0,223.7,78.4,35.8
Uttar Pradesh,Gorakhpur,2019,10,23.1,30.4,59.4,15.5
Uttar Pradesh,Gorakhpur,2019,11,19.6,54.7,50.5,19.2
Uttar Pradesh,Gorakhpur,2019,12,18.1,15.6,53.4,14.4
Uttar Pradesh,Gorakhpur,2020,1,19.9,25.4,52.1,10.9
Uttar Pradesh,Gorakhpur,2020,2,21.2,7.1,53.3,6.0
Uttar Pradesh,Gorakhpur,2020,3,26.9,34.5,50.7,9.1
Uttar Pradesh,Gorakhpur,2020,4,30.7,9.5,54.6,10.0
Uttar Pradesh,Gorakhpur,2020,5,33.8,27.4,53.1,14.1
Uttar Pradesh,Gorakhpur,2020,6,35.2,244.5,79.0,36.8
Uttar Pradesh,Gorakhpur,2020,7,32.4,311.5,75.7,37.2
Uttar Pradesh,Gorakhpur,2020,8,30.3,304.1,75.2,40.3
Uttar Pradesh,Gorakhpur,2020,9,25.7,312.6,76.7,38.3
Uttar Pradesh,Gorakhpur,2020,10,21.6,41.0,59.6,16.1
Uttar Pradesh,Gorakhpur,2020,11,17.9,67.2,50.3,17.6
Uttar Pradesh,Gorakhpur,2020,12,17.8,21.8,54.3,8.1
Uttar Pradesh,Gorakhpur,2021,1,19.1,24.2,57.9,11.0
Uttar Pradesh,Gorakhpur,2021,2,21.2,22.4,58.0,9.4
Uttar Pradesh,Gorakhpur,2021,3,27.1,70.9,54.3,15.9
Uttar Pradesh,Gorakhpur,2021,4,30.6,26.8,52.0,10.7
Uttar Pradesh,Gorakhpur,2021,5,32.4,22.1,51.9,12.7
Uttar Pradesh,Gorakhpur,2021,6,34.0,277.4,71.4,42.3
Uttar Pradesh,Gorakhpur,2021,7,34.4,259.5,78.0,32.8
Uttar Pradesh,Gorakhpur,2021,8,31.2,257.9,77.6,39.5
Uttar Pradesh,Gorakhpur,2021,9,25.6,319.9,72.1,37.2
Uttar Pradesh,Gorakhpur,2021,10,22.0,66.4,59.0,21.2
Uttar Pradesh,Gorakhpur,2021,11,19.1,68.0,55.6,13.2
Uttar Pradesh,Gorakhpur,2021,12,18.4,23.8,54.2,13.4
Uttar Pradesh,Gorakhpur,2022,1,18.3,11.3,54.2,11.3
Uttar Pradesh,Gorakhpur,2022,2,21.9,6.9,50.1,9.1
Uttar Pradesh,Gorakhpur,2022,3,26.7,59.3,52.4,13.5
Uttar Pradesh,Gorakhpur,2022,4,30.1,8.9,56.0,14.9
Uttar Pradesh,Gorakhpur,2022,5,32.0,18.7,57.2,14.4
Uttar Pradesh,Gorakhpur,2022,6,34.6,284.4,72.7,41.8
Uttar Pradesh,Gorakhpur,2022,7,34.2,175.0,79.4,26.9
Uttar Pradesh,Gorakhpur,2022,8,28.8,177.8,78.0,29.6
Uttar Pradesh,Gorakhpur,2022,9,24.9,242.7,76.4,39.2
Uttar Pradesh,Gorakhpur,2022,10,21.5,60.2,52.5,13.0
Uttar Pradesh,Gorakhpur,2022,11,18.1,43.2,56.2,12.4
Uttar Pradesh,Gorakhpur,2022,12,17.0,9.9,50.8,7.9
Uttar Pradesh,Gorakhpur,2023,1,18.5,16.7,51.8,11.5
Uttar Pradesh,Gorakhpur,2023,2,21.8,27.9,54.9,17.2
Uttar Pradesh,Gorakhpur,2023,3,25.9,33.2,55.9,9.8
Uttar Pradesh,Gorakhpur,2023,4,29.0,6.5,57.0,15.3
Uttar Pradesh,Gorakhpur,2023,5,32.6,13.2,54.3,9.8
Uttar Pradesh,Gorakhpur,2023,6,34.6,231.4,71.5,36.8
Uttar Pradesh,Gorakhpur,2023,7,33.1,167.3,78.5,29.0
Uttar Pradesh,Gorakhpur,2023,8,29.6,271.0,79.2,36.1
Uttar Pradesh,Gorakhpur,2023,9,25.8,215.8,75.5,33.2
Uttar Pradesh,Gorakhpur,2023,10,22.7,68.8,51.5,15.5
Uttar Pradesh,Gorakhpur,2023,11,20.1,61.3,55.9,17.9
Uttar Pradesh,Gorakhpur,2023,12,17.5,27.2,55.5,11.7
Uttar Pradesh,Bareilly,2015,1,18.1,7.5,59.0,13.8
Uttar Pradesh,Bareilly,2015,2,20.6,12.4,54.8,11.2
Uttar Pradesh,Bareilly,2015,3,25.6,66.3,53.5,16.9
Uttar Pradesh,Bareilly,2015,4,31.3,19.9,54.8,10.3
Uttar Pradesh,Bareilly,2015,5,32.6,19.2,57.9,9.5
Uttar Pradesh,Bareilly,2015,6,33.6,230.7,73.6,37.2
Uttar Pradesh,Bareilly,2015,7,33.0,212.1,73.3,34.4
Uttar Pradesh,Bareilly,2015,8,29.0,281.0,70.2,35.0
Uttar Pradesh,Bareilly,2015,9,24.7,300.2,71.5,37.3
Uttar Pradesh,Bareilly,2015,10,20.7,36.3,57.3,15.8
Uttar Pradesh,Bareilly,2015,11,20.3,68.7,55.5,21.1
Uttar Pradesh,Bareilly,2015,12,16.8,26.7,54.3,9.6
Uttar Pradesh,Bareilly,2016,1,19.8,25.1,53.9,8.4
Uttar Pradesh,Bareilly,2016,2,23.1,22.6,56.0,17.0
Uttar Pradesh,Bareilly,2016,3,24.6,26.4,51.2,7.9
Uttar Pradesh,Bareilly,2016,4,30.6,19.7,51.1,8.6
Uttar Pradesh,Bareilly,2016,5,32.0,19.2,56.7,16.6
Uttar Pradesh,Bareilly,2016,6,33.6,329.0,74.3,41.8
Uttar Pradesh,Bareilly,2016,7,32.2,204.9,79.7,35.4
Uttar Pradesh,Bareilly,2016,8,30.6,195.4,71.8,26.1
Uttar Pradesh,Bareilly,2016,9,25.6,288.8,70.6,39.2
Uttar Pradesh,Bareilly,2016,10,22.5,25.3,54.4,15.4
Uttar Pradesh,Bareilly,2016,11,19.3,45.2,58.8,15.5
Uttar Pradesh,Bareilly,2016,12,17.5,14.2,59.4,15.0
Uttar Pradesh,Bareilly,2017,1,20.3,18.1,51.4,8.6
Uttar Pradesh,Bareilly,2017,2,21.6,21.2,50.0,15.1
Uttar Pradesh,Bareilly,2017,3,26.9,48.2,50.1,17.8
Uttar Pradesh,Bareilly,2017,4,29.7,20.6,55.7,14.3
Uttar Pradesh,Bareilly,2017,5,32.7,27.5,59.6,17.0
Uttar Pradesh,Bareilly,2017,6,34.3,218.8,73.8,29.6
Uttar Pradesh,Bareilly,2017,7,34.1,298.0,77.9,43.0
Uttar Pradesh,Bareilly,2017,8,31.5,280.6,73.2,40.6
Uttar Pradesh,Bareilly,2017,9,25.3,267.8,71.6,40.4
Uttar Pradesh,Bareilly,2017,10,22.0,36.8,59.2,9.5
Uttar Pradesh,Bareilly,2017,11,20.4,59.7,51.5,18.6
Uttar Pradesh,Bareilly,2017,12,18.2,26.3,55.9,11.9
Uttar Pradesh,Bareilly,2018,1,20.4,6.8,57.8,6.7
Uttar Pradesh,Bareilly,2018,2,21.3,7.5,58.7,10.2
Uttar Pradesh,Bareilly,2018,3,26.7,35.9,57.3,15.1
Uttar Pradesh,Bareilly,2018,4,28.8,16.5,57.2,8.8
Uttar Pradesh,Bareilly,2018,5,33.4,11.4,53.7,15.3
Uttar Pradesh,Bareilly,2018,6,35.3,332.2,74.3,43.9
Uttar Pradesh,Bareilly,2018,7,33.9,292.4,74.6,42.9
Uttar Pradesh,Bareilly,2018,8,29.7,324.2,74.7,38.6
Uttar Pradesh,Bareilly,2018,9,26.7,190.3,76.8,24.6
Uttar Pradesh,Bareilly,2018,10,23.5,49.4,57.4,11.3
Uttar Pradesh,Bareilly,2018,11,19.5,41.6,52.5,17.3
Uttar Pradesh,Bareilly,2018,12,16.6,16.1,50.9,15.1
Uttar Pradesh,Bareilly,2019,1,20.3,5.6,54.6,10.2
Uttar Pradesh,Bareilly,2019,2,22.7,22.1,53.4,16.5
Uttar Pradesh,Bareilly,2019,3,25.1,30.2,58.1,9.2
Uttar Pradesh,Bareilly,2019,4,29.1,16.6,53.4,8.3
Uttar Pradesh,Bareilly,2019,5,34.2,16.0,57.9,9.1
Uttar Pradesh,Bareilly,2019,6,35.2,203.0,79.1,31.4
Uttar Pradesh,Bareilly,2019,7,34.3,294.5,76.3,39.8
Uttar Pradesh,Bareilly,2019,8,31.1,240.0,71.0,38.1
Uttar Pradesh,Bareilly,2019,9,26.9,279.6,77.4,35.3
Uttar Pradesh,Bareilly,2019,10,21.9,62.8,59.6,20.5
Uttar Pradesh,Bareilly,2019,11,18.1,56.2,55.5,14.7
Uttar Pradesh,Bareilly,2019,12,17.0,8.0,54.7,10.7
Uttar Pradesh,Bareilly,2020,1,18.4,13.5,55.5,14.0
Uttar Pradesh,Bareilly,2020,2,22.3,8.6,58.9,9.5
Uttar Pradesh,Bareilly,2020,3,27.4,70.4,51.4,17.9
Uttar Pradesh,Bareilly,2020,4,31.4,13.9,55.5,9.5
Uttar Pradesh,Bareilly,2020,5,31.5,9.6,51.2,8.8
Uttar Pradesh,Bareilly,2020,6,34.4,259.9,79.5,37.8
Uttar Pradesh,Bareilly,2020,7,32.5,324.1,76.3,42.8
Uttar Pradesh,Bareilly,2020,8,31.1,277.6,73.6,38.8
Uttar Pradesh,Bareilly,2020,9,25.4,327.4,72.4,45
Uttar Pradesh,Bareilly,2020,10,20.7,24.2,55.5,9.5
Uttar Pradesh,Bareilly,2020,11,19.1,29.4,58.4,14.6
Uttar Pradesh,Bareilly,2020,12,18.6,26.8,59.9,14.5
Uttar Pradesh,Bareilly,2021,1,19.7,4.8,50.5,9.7
Uttar Pradesh,Bareilly,2021,2,23.4,12.2,55.7,6.3
Uttar Pradesh,Bareilly,2021,3,25.7,66.6,55.9,19.9
Uttar Pradesh,Bareilly,2021,4,28.5,9.6,51.8,14.3
Uttar Pradesh,Bareilly,2021,5,31.7,26.9,52.7,16.5
Uttar Pradesh,Bareilly,2021,6,34.0,220.0,79.7,31.1
Uttar Pradesh,Bareilly,2021,7,33.5,177.4,78.3,32.6
Uttar Pradesh,Bareilly,2021,8,28.8,290.3,72.7,35.5
Uttar Pradesh,Bareilly,2021,9,25.6,276.3,79.5,42.6
Uttar Pradesh,Bareilly,2021,10,23.5,53.4,56.5,11.9
Uttar Pradesh,Bareilly,2021,11,19.7,49.9,53.6,19.0
Uttar Pradesh,Bareilly,2021,12,17.3,8.1,51.6,7.3
Uttar Pradesh,Bareilly,2022,1,19.3,23.8,51.6,12.4
Uttar Pradesh,Bareilly,2022,2,22.2,18.1,54.1,12.2
Uttar Pradesh,Bareilly,2022,3,24.5,26.5,54.2,10.0
Uttar Pradesh,Bareilly,2022,4,30.8,10.5,58.2,8.5
Uttar Pradesh,Bareilly,2022,5,31.7,16.1,53.9,10.0
Uttar Pradesh,Bareilly,2022,6,34.8,203.2,76.7,33.7
Uttar Pradesh,Bareilly,2022,7,32.8,249.9,79.2,36.0
Uttar Pradesh,Bareilly,2022,8,29.0,177.8,70.8,26.1
Uttar Pradesh,Bareilly,2022,9,24.8,274.1,74.2,35.5
Uttar Pradesh,Bareilly,2022,10,22.0,68.2,52.4,13.4
Uttar Pradesh,Bareilly,2022,11,18.5,39.2,59.1,16.0
Uttar Pradesh,Bareilly,2022,12,17.8,8.7,50.5,7.1
Uttar Pradesh,Bareilly,2023,1,20.1,20.1,51.6,13.3
Uttar Pradesh,Bareilly,2023,2,20.7,16.8,53.4,7.7
Uttar Pradesh,Bareilly,2023,3,26.7,57.8,55.1,12.5
Uttar Pradesh,Bareilly,2023,4,30.5,15.0,56.6,7.4
Uttar Pradesh,Bareilly,2023,5,34.1,4.8,52.2,9.5
Uttar Pradesh,Bareilly,2023,6,33.1,180.8,76.9,33.0
Uttar Pradesh,Bareilly,2023,7,32.4,210.5,76.7,28.3
Uttar Pradesh,Bareilly,2023,8,29.7,280.7,74.3,34.6
Uttar Pradesh,Bareilly,2023,9,24.7,256.5,79.9,39.9
Uttar Pradesh,Bareilly,2023,10,20.8,47.6,54.9,11.7
Uttar Pradesh,Bareilly,2023,11,19.6,47.3,58.1,12.6
Uttar Pradesh,Bareilly,2023,12,19.3,24.1,54.7,8.8
Madhya Pradesh,Indore,2015,1,19.0,9.0,54.9,12.9
Madhya Pradesh,Indore,2015,2,22.2,32.3,48.5,15.4
Madhya Pradesh,Indore,2015,3,26.9,33.7,51.2,8.9
Madhya Pradesh,Indore,2015,4,30.2,25.4,51.5,14.5
Madhya Pradesh,Indore,2015,5,32.5,25.1,50.8,17.3
Madhya Pradesh,Indore,2015,6,33.8,193.2,68.9,31.6
Madhya Pradesh,Indore,2015,7,34.0,315.1,69.6,45
Madhya Pradesh,Indore,2015,8,30.7,214.7,71.8,33.2
Madhya Pradesh,Indore,2015,9,24.5,200.6,71.5,33.8
Madhya Pradesh,Indore,2015,10,23.5,45.0,57.1,17.4
Madhya Pradesh,Indore,2015,11,20.2,59.9,57.7,17.4
Madhya Pradesh,Indore,2015,12,19.3,21.1,50.0,12.3
Madhya Pradesh,Indore,2016,1,19.0,14.8,51.7,11.6
Madhya Pradesh,Indore,2016,2,22.3,11.6,50.8,11.2
Madhya Pradesh,Indore,2016,3,26.0,50.5,54.6,11.9
Madhya Pradesh,Indore,2016,4,30.1,13.1,55.7,13.3
Madhya Pradesh,Indore,2016,5,33.8,19.7,50.5,16.2
Madhya Pradesh,Indore,2016,6,34.0,264.7,70.9,35.5
Madhya Pradesh,Indore,2016,7,33.6,350.1,72.8,45
Madhya Pradesh,Indore,2016,8,29.1,279.5,71.6,36.0
Madhya Pradesh,Indore,2016,9,25.6,337.8,75.3,40.9
Madhya Pradesh,Indore,2016,10,21.2,70.6,54.5,18.8
Madhya Pradesh,Indore,2016,11,19.5,65.6,50.7,12.2
Madhya Pradesh,Indore,2016,12,17.6,6.4,57.6,10.9
Madhya Pradesh,Indore,2017,1,19.6,32.1,56.0,10.5
Madhya Pradesh,Indore,2017,2,21.5,8.5,56.0,13.2
Madhya Pradesh,Indore,2017,3,26.0,47.8,50.7,14.7
Madhya Pradesh,Indore,2017,4,30.6,30.1,56.5,16.7
Madhya Pradesh,Indore,2017,5,32.7,17.1,51.1,16.5
Madhya Pradesh,Indore,2017,6,33.1,222.9,70.8,36.5
Madhya Pradesh,Indore,2017,7,34.0,256.3,76.5,39.5
Madhya Pradesh,Indore,2017,8,29.8,229.5,75.7,31.7
Madhya Pradesh,Indore,2017,9,24.9,366.3,72.4,45
Madhya Pradesh,Indore,2017,10,22.3,41.5,48.2,13.1
Madhya Pradesh,Indore,2017,11,18.7,28.1,51.7,15.4
Madhya Pradesh,Indore,2017,12,17.5,24.2,54.2,9.3
Madhya Pradesh,Indore,2018,1,17.6,24.0,54.1,10.3
Madhya Pradesh,Indore,2018,2,21.1,29.0,57.1,10.2
Madhya Pradesh,Indore,2018,3,26.3,59.1,51.2,11.3
Madhya Pradesh,Indore,2018,4,29.5,23.2,54.0,12.4
Madhya Pradesh,Indore,2018,5,31.8,11.4,51.1,10.3
Madhya Pradesh,Indore,2018,6,33.6,366.2,69.2,45
Madhya Pradesh,Indore,2018,7,32.1,357.4,70.4,45
Madhya Pradesh,Indore,2018,8,29.6,199.8,76.0,33.1
Madhya Pradesh,Indore,2018,9,25.3,341.9,72.8,45
Madhya Pradesh,Indore,2018,10,20.7,48.4,50.3,16.1
Madhya Pradesh,Indore,2018,11,19.9,73.8,53.5,16.3
Madhya Pradesh,Indore,2018,12,18.9,8.4,50.6,13.4
Madhya Pradesh,Indore,2019,1,18.9,32.8,48.9,12.9
Madhya Pradesh,Indore,2019,2,21.1,5.6,48.9,6.5
Madhya Pradesh,Indore,2019,3,25.6,51.3,53.1,13.0
Madhya Pradesh,Indore,2019,4,30.6,19.7,57.8,8.7
Madhya Pradesh,Indore,2019,5,33.0,19.1,51.7,15.5
Madhya Pradesh,Indore,2019,6,33.1,361.4,71.6,44.5
Madhya Pradesh,Indore,2019,7,33.3,300.9,70.8,35.9
Madhya Pradesh,Indore,2019,8,31.4,263.6,69.1,37.9
Madhya Pradesh,Indore,2019,9,26.1,255.6,71.3,39.0
Madhya Pradesh,Indore,2019,10,21.5,50.5,57.6,13.7
Madhya Pradesh,Indore,2019,11,18.8,36.4,54.6,15.3
Madhya Pradesh,Indore,2019,12,17.8,16.7,50.3,14.6
Madhya Pradesh,Indore,2020,1,18.9,28.4,51.7,15.2
Madhya Pradesh,Indore,2020,2,20.6,11.5,57.6,13.0
Madhya Pradesh,Indore,2020,3,26.5,54.8,52.7,12.5
Madhya Pradesh,Indore,2020,4,29.0,23.2,54.9,9.9
Madhya Pradesh,Indore,2020,5,33.4,9.2,54.1,7.6
Madhya Pradesh,Indore,2020,6,34.0,252.9,73.5,31.6
Madhya Pradesh,Indore,2020,7,32.9,311.2,69.3,39.2
Madhya Pradesh,Indore,2020,8,30.5,297.6,74.2,42.6
Madhya Pradesh,Indore,2020,9,26.2,235.3,72.4,36.8
Madhya Pradesh,Indore,2020,10,22.2,68.9,51.6,16.4
Madhya Pradesh,Indore,2020,11,20.5,72.7,54.5,13.3
Madhya Pradesh,Indore,2020,12,18.3,6.4,57.3,15.4
Madhya Pradesh,Indore,2021,1,19.8,12.9,56.5,8.1
Madhya Pradesh,Indore,2021,2,23.0,19.8,48.2,15.9
Madhya Pradesh,Indore,2021,3,25.8,73.2,54.9,17.6
Madhya Pradesh,Indore,2021,4,31.1,11.1,57.0,9.5
Madhya Pradesh,Indore,2021,5,31.5,14.8,48.7,7.2
Madhya Pradesh,Indore,2021,6,34.4,215.8,69.6,29.5
Madhya Pradesh,Indore,2021,7,32.3,369.6,77.1,45
Madhya Pradesh,Indore,2021,8,31.5,277.2,76.0,35.5
Madhya Pradesh,Indore,2021,9,27.3,348.6,75.3,42.1
Madhya Pradesh,Indore,2021,10,20.8,78.4,53.5,19.0
Madhya Pradesh,Indore,2021,11,20.2,35.4,55.0,13.2
Madhya Pradesh,Indore,2021,12,18.9,18.0,50.0,16.4
Madhya Pradesh,Indore,2022,1,18.4,26.0,56.3,10.1
Madhya Pradesh,Indore,2022,2,22.6,16.4,50.2,8.8
Madhya Pradesh,Indore,2022,3,27.4,47.8,53.1,14.8
Madhya Pradesh,Indore,2022,4,28.6,26.2,55.5,16.4
Madhya Pradesh,Indore,2022,5,32.5,11.3,51.5,13.4
Madhya Pradesh,Indore,2022,6,34.5,270.7,73.2,33.6
Madhya Pradesh,Indore,2022,7,34.2,283.3,73.1,41.2
Madhya Pradesh,Indore,2022,8,29.1,331.6,71.5,45
Madhya Pradesh,Indore,2022,9,24.8,245.6,74.4,34.4
Madhya Pradesh,Indore,2022,10,21.6,59.3,50.2,15.3
Madhya Pradesh,Indore,2022,11,17.6,71.4,50.5,20.4
Madhya Pradesh,Indore,2022,12,18.2,22.0,54.3,8.5
Madhya Pradesh,Indore,2023,1,19.9,13.5,56.6,14.2
Madhya Pradesh,Indore,2023,2,22.5,27.9,52.4,14.5
Madhya Pradesh,Indore,2023,3,27.4,37.9,49.0,12.9
Madhya Pradesh,Indore,2023,4,30.0,9.6,50.2,14.6
Madhya Pradesh,Indore,2023,5,32.6,9.6,49.8,11.7
Madhya Pradesh,Indore,2023,6,33.1,283.9,73.4,37.8
Madhya Pradesh,Indore,2023,7,32.9,353.6,68.2,45
Madhya Pradesh,Indore,2023,8,29.1,199.9,75.7,30.7
Madhya Pradesh,Indore,2023,9,26.1,234.4,75.8,31.5
Madhya Pradesh,Indore,2023,10,22.7,40.1,53.7,15.5
Madhya Pradesh,Indore,2023,11,18.7,53.9,48.7,16.8
Madhya Pradesh,Indore,2023,12,18.6,9.7,53.5,13.3
Madhya Pradesh,Ujjain,2015,1,17.9,28.6,56.7,8.4
Madhya Pradesh,Ujjain,2015,2,21.2,7.8,50.5,6.6
Madhya Pradesh,Ujjain,2015,3,26.0,41.3,51.0,13.7
Madhya Pradesh,Ujjain,2015,4,29.6,27.2,55.2,8.9
Madhya Pradesh,Ujjain,2015,5,32.1,5.7,51.3,6.7
Madhya Pradesh,Ujjain,2015,6,34.6,342.7,78.0,41.4
Madhya Pradesh,Ujjain,2015,7,31.5,338.2,72.1,45
Madhya Pradesh,Ujjain,2015,8,29.7,252.7,68.7,39.7
Madhya Pradesh,Ujjain,2015,9,26.0,277.3,72.4,40.4
Madhya Pradesh,Ujjain,2015,10,23.0,53.7,49.8,14.4
Madhya Pradesh,Ujjain,2015,11,20.2,49.9,54.6,15.6
Madhya Pradesh,Ujjain,2015,12,17.9,21.3,50.5,12.7
Madhya Pradesh,Ujjain,2016,1,20.2,7.7,51.7,14.6
Madhya Pradesh,Ujjain,2016,2,23.4,5.9,54.3,11.9
Madhya Pradesh,Ujjain,2016,3,27.0,53.3,49.3,13.3
Madhya Pradesh,Ujjain,2016,4,30.6,25.5,50.0,14.0
Madhya Pradesh,Ujjain,2016,5,33.4,23.6,48.2,11.8
Madhya Pradesh,Ujjain,2016,6,33.5,307.5,71.4,37.0
Madhya Pradesh,Ujjain,2016,7,33.4,247.7,75.9,32.8
Madhya Pradesh,Ujjain,2016,8,30.1,348.1,69.2,45
Madhya Pradesh,Ujjain,2016,9,24.7,372.7,68.3,45
Madhya Pradesh,Ujjain,2016,10,21.6,37.4,51.9,13.8
Madhya Pradesh,Ujjain,2016,11,18.8,34.2,53.2,11.4
Madhya Pradesh,Ujjain,2016,12,19.4,16.0,52.4,8.9
Madhya Pradesh,Ujjain,2017,1,20.5,14.3,54.5,14.8
Madhya Pradesh,Ujjain,2017,2,21.7,26.3,50.8,8.7
Madhya Pradesh,Ujjain,2017,3,24.6,52.2,56.7,12.2
Madhya Pradesh,Ujjain,2017,4,29.8,26.5,50.8,9.2
Madhya Pradesh,Ujjain,2017,5,33.0,17.2,57.4,15.7
Madhya Pradesh,Ujjain,2017,6,33.2,300.5,72.2,35.4
Madhya Pradesh,Ujjain,2017,7,32.8,368.8,71.0,45
Madhya Pradesh,Ujjain,2017,8,30.6,204.6,77.2,26.6
Madhya Pradesh,Ujjain,2017,9,25.4,330.3,68.2,41.8
Madhya Pradesh,Ujjain,2017,10,20.9,53.5,48.2,11.9
Madhya Pradesh,Ujjain,2017,11,18.2,32.0,48.9,10.1
Madhya Pradesh,Ujjain,2017,12,18.1,9.3,56.2,10.1
Madhya Pradesh,Ujjain,2018,1,18.3,12.1,56.4,6.7
Madhya Pradesh,Ujjain,2018,2,22.7,8.2,57.4,9.9
Madhya Pradesh,Ujjain,2018,3,26.3,75.0,49.0,13.1
Madhya Pradesh,Ujjain,2018,4,30.6,21.7,55.2,9.9
Madhya Pradesh,Ujjain,2018,5,32.9,10.6,52.4,8.9
Madhya Pradesh,Ujjain,2018,6,34.3,250.1,70.7,36.4
Madhya Pradesh,Ujjain,2018,7,31.7,346.7,73.0,42.0
Madhya Pradesh,Ujjain,2018,8,28.8,290.4,73.0,41.2
Madhya Pradesh,Ujjain,2018,9,25.6,271.9,76.9,34.9
Madhya Pradesh,Ujjain,2018,10,23.4,76.6,57.9,22.1
Madhya Pradesh,Ujjain,2018,11,18.3,72.3,54.1,14.3
Madhya Pradesh,Ujjain,2018,12,19.5,23.3,56.1,12.9
Madhya Pradesh,Ujjain,2019,1,17.8,29.2,49.8,10.5
Madhya Pradesh,Ujjain,2019,2,22.3,10.8,52.6,13.2
Madhya Pradesh,Ujjain,2019,3,24.8,63.8,49.0,16.1
Madhya Pradesh,Ujjain,2019,4,30.4,24.4,48.4,9.4
Madhya Pradesh,Ujjain,2019,5,34.3,16.3,52.2,10.4
Madhya Pradesh,Ujjain,2019,6,34.6,335.0,74.5,42.5
Madhya Pradesh,Ujjain,2019,7,33.1,291.7,69.9,43.7
Madhya Pradesh,Ujjain,2019,8,31.4,342.2,77.9,43.9
Madhya Pradesh,Ujjain,2019,9,27.0,238.8,75.4,36.0
Madhya Pradesh,Ujjain,2019,10,23.3,73.3,56.8,15.0
Madhya Pradesh,Ujjain,2019,11,19.9,53.6,51.1,14.0
Madhya Pradesh,Ujjain,2019,12,18.9,28.7,56.4,14.6
Madhya Pradesh,Ujjain,2020,1,18.1,9.8,53.7,8.1
Madhya Pradesh,Ujjain,2020,2,21.5,8.3,49.5,13.0
Madhya Pradesh,Ujjain,2020,3,25.2,74.1,51.3,20.9
Madhya Pradesh,Ujjain,2020,4,29.4,12.9,51.9,6.4
Madhya Pradesh,Ujjain,2020,5,32.7,15.9,48.1,15.2
Madhya Pradesh,Ujjain,2020,6,33.6,192.6,77.6,26.5
Madhya Pradesh,Ujjain,2020,7,32.2,197.2,69.0,31.8
Madhya Pradesh,Ujjain,2020,8,30.2,289.5,70.5,36.8
Madhya Pradesh,Ujjain,2020,9,27.4,264.2,77.9,40.3
Madhya Pradesh,Ujjain,2020,10,20.9,74.1,48.2,19.5
Madhya Pradesh,Ujjain,2020,11,20.0,65.8,53.5,19.7
Madhya Pradesh,Ujjain,2020,12,17.0,20.3,50.7,11.0
Madhya Pradesh,Ujjain,2021,1,18.1,25.0,53.7,15.3
Madhya Pradesh,Ujjain,2021,2,22.4,22.0,57.2,15.3
Madhya Pradesh,Ujjain,2021,3,26.2,45.4,57.3,13.3
Madhya Pradesh,Ujjain,2021,4,28.8,14.7,55.1,15.8
Madhya Pradesh,Ujjain,2021,5,33.4,23.7,57.4,15.2
Madhya Pradesh,Ujjain,2021,6,33.8,281.4,75.6,36.3
Madhya Pradesh,Ujjain,2021,7,31.8,311.8,76.1,38.7
Madhya Pradesh,Ujjain,2021,8,30.6,364.3,69.3,42.8
Madhya Pradesh,Ujjain,2021,9,26.0,256.9,77.5,40.7
Madhya Pradesh,Ujjain,2021,10,21.8,71.1,54.3,13.8
Madhya Pradesh,Ujjain,2021,11,20.5,37.1,48.8,13.2
Madhya Pradesh,Ujjain,2021,12,16.6,18.7,52.1,16.4
Madhya Pradesh,Ujjain,2022,1,18.8,28.9,55.8,13.7
Madhya Pradesh,Ujjain,2022,2,21.2,13.9,52.9,10.3
Madhya Pradesh,Ujjain,2022,3,26.4,55.3,51.2,16.6
Madhya Pradesh,Ujjain,2022,4,31.5,11.1,51.4,6.2
Madhya Pradesh,Ujjain,2022,5,31.7,7.0,52.2,14.1
Madhya Pradesh,Ujjain,2022,6,34.6,378.5,76.4,45
Madhya Pradesh,Ujjain,2022,7,33.2,194.9,71.8,27.1
Madhya Pradesh,Ujjain,2022,8,30.4,205.1,73.4,29.3
Madhya Pradesh,Ujjain,2022,9,26.0,270.3,69.0,39.3
Madhya Pradesh,Ujjain,2022,10,22.9,60.4,49.2,17.0
Madhya Pradesh,Ujjain,2022,11,20.2,81.8,55.6,13.6
Madhya Pradesh,Ujjain,2022,12,19.1,23.8,50.8,16.6
Madhya Pradesh,Ujjain,2023,1,20.1,30.1,50.5,13.8
Madhya Pradesh,Ujjain,2023,2,21.6,13.6,55.6,12.5
Madhya Pradesh,Ujjain,2023,3,25.5,57.4,57.3,16.4
Madhya Pradesh,Ujjain,2023,4,31.2,21.1,57.9,7.4
Madhya Pradesh,Ujjain,2023,5,32.8,20.7,55.3,16.8
Madhya Pradesh,Ujjain,2023,6,34.4,284.5,74.3,38.8
Madhya Pradesh,Ujjain,2023,7,33.5,374.8,68.1,45
Madhya Pradesh,Ujjain,2023,8,31.1,204.0,75.9,25.7
Madhya Pradesh,Ujjain,2023,9,26.4,346.6,70.4,43.5
Madhya Pradesh,Ujjain,2023,10,21.2,66.3,53.3,17.7
Madhya Pradesh,Ujjain,2023,11,18.5,59.8,57.5,18.8
Madhya Pradesh,Ujjain,2023,12,19.4,12.3,53.2,10.1
Madhya Pradesh,Hoshangabad,2015,1,18.6,27.6,49.7,13.3
Madhya Pradesh,Hoshangabad,2015,2,22.8,31.2,48.2,10.8
Madhya Pradesh,Hoshangabad,2015,3,26.0,79.0,49.6,21.3
Madhya Pradesh,Hoshangabad,2015,4,29.7,20.6,57.3,7.7
Madhya Pradesh,Hoshangabad,2015,5,32.4,9.8,49.3,9.0
Madhya Pradesh,Hoshangabad,2015,6,34.6,304.2,69.2,43.4
Madhya Pradesh,Hoshangabad,2015,7,33.0,220.1,76.2,35.2
Madhya Pradesh,Hoshangabad,2015,8,29.2,373.4,76.1,44.6
Madhya Pradesh,Hoshangabad,2015,9,24.5,359.5,76.3,41.9
Madhya Pradesh,Hoshangabad,2015,10,22.8,70.0,54.3,20.3
Madhya Pradesh,Hoshangabad,2015,11,20.5,45.5,56.3,18.8
Madhya Pradesh,Hoshangabad,2015,12,17.4,24.3,54.8,15.9
Madhya Pradesh,Hoshangabad,2016,1,19.3,13.1,50.5,11.7
Madhya Pradesh,Hoshangabad,2016,2,20.9,29.1,56.9,10.3
Madhya Pradesh,Hoshangabad,2016,3,26.6,64.5,49.2,19.2
Madhya Pradesh,Hoshangabad,2016,4,30.8,13.9,49.0,9.2
Madhya Pradesh,Hoshangabad,2016,5,33.7,18.3,56.2,8.4
Madhya Pradesh,Hoshangabad,2016,6,32.8,259.7,76.8,32.6
Madhya Pradesh,Hoshangabad,2016,7,31.6,337.4,68.9,45
Madhya Pradesh,Hoshangabad,2016,8,28.8,240.0,74.6,37.7
Madhya Pradesh,Hoshangabad,2016,9,25.7,279.0,68.3,36.3
Madhya Pradesh,Hoshangabad,2016,10,21.2,70.9,55.1,19.9
Madhya Pradesh,Hoshangabad,2016,11,19.2,66.0,49.3,15.4
Madhya Pradesh,Hoshangabad,2016,12,17.4,13.3,55.4,8.5
Madhya Pradesh,Hoshangabad,2017,1,18.5,13.3,56.6,12.7
Madhya Pradesh,Hoshangabad,2017,2,21.9,15.9,57.2,16.0
Madhya Pradesh,Hoshangabad,2017,3,25.8,58.7,56.6,13.4
Madhya Pradesh,Hoshangabad,2017,4,29.3,8.3,53.0,13.5
Madhya Pradesh,Hoshangabad,2017,5,31.9,17.4,57.9,11.6
Madhya Pradesh,Hoshangabad,2017,6,33.6,354.1,76.9,44.2
Madhya Pradesh,Hoshangabad,2017,7,31.8,315.0,75.4,45
Madhya Pradesh,Hoshangabad,2017,8,30.5,251.7,73.1,33.1
Madhya Pradesh,Hoshangabad,2017,9,25.8,282.6,77.1,42.3
Madhya Pradesh,Hoshangabad,2017,10,23.3,53.8,57.6,11.8
Madhya Pradesh,Hoshangabad,2017,11,20.3,62.7,56.7,15.4
Madhya Pradesh,Hoshangabad,2017,12,19.5,6.2,56.5,13.8
Madhya Pradesh,Hoshangabad,2018,1,18.7,28.3,50.1,15.4
Madhya Pradesh,Hoshangabad,2018,2,21.9,16.8,50.0,14.7
Madhya Pradesh,Hoshangabad,2018,3,26.7,32.4,57.8,10.5
Madhya Pradesh,Hoshangabad,2018,4,29.6,16.9,53.8,15.6
Madhya Pradesh,Hoshangabad,2018,5,34.3,22.9,51.7,8.4
Madhya Pradesh,Hoshangabad,2018,6,32.7,292.4,73.8,38.7
Madhya Pradesh,Hoshangabad,2018,7,34.4,272.1,71.5,36.4
Madhya Pradesh,Hoshangabad,2018,8,29.0,373.3,73.9,45
Madhya Pradesh,Hoshangabad,2018,9,25.8,240.6,71.2,34.0
Madhya Pradesh,Hoshangabad,2018,10,21.8,81.4,53.6,15.2
Madhya Pradesh,Hoshangabad,2018,11,17.7,36.3,51.5,16.5
Madhya Pradesh,Hoshangabad,2018,12,19.2,12.0,55.8,10.6
Madhya Pradesh,Hoshangabad,2019,1,19.2,20.2,48.4,7.7
Madhya Pradesh,Hoshangabad,2019,2,22.5,24.5,51.8,16.6
Madhya Pradesh,Hoshangabad,2019,3,27.0,44.1,48.7,14.9
Madhya Pradesh,Hoshangabad,2019,4,30.5,11.7,48.4,11.0
Madhya Pradesh,Hoshangabad,2019,5,31.5,25.8,54.3,10.4
Madhya Pradesh,Hoshangabad,2019,6,33.8,237.3,69.9,30.5
Madhya Pradesh,Hoshangabad,2019,7,33.9,279.8,75.2,36.5
Madhya Pradesh,Hoshangabad,2019,8,30.9,307.2,74.5,39.6
Madhya Pradesh,Hoshangabad,2019,9,26.2,229.2,77.7,34.6
Madhya Pradesh,Hoshangabad,2019,10,22.1,62.6,49.0,14.6
Madhya Pradesh,Hoshangabad,2019,11,18.3,73.9,48.1,16.8
Madhya Pradesh,Hoshangabad,2019,12,19.1,27.0,55.2,10.7
Madhya Pradesh,Hoshangabad,2020,1,18.3,24.9,51.0,14.7
Madhya Pradesh,Hoshangabad,2020,2,21.5,26.4,53.7,15.8
Madhya Pradesh,Hoshangabad,2020,3,27.5,48.3,57.9,9.9
Madhya Pradesh,Hoshangabad,2020,4,31.1,6.3,53.5,9.5
Madhya Pradesh,Hoshangabad,2020,5,33.7,14.2,50.1,14.3
Madhya Pradesh,Hoshangabad,2020,6,34.2,338.0,72.9,39.2
Madhya Pradesh,Hoshangabad,2020,7,33.7,234.5,72.7,28.5
Madhya Pradesh,Hoshangabad,2020,8,29.3,320.6,75.6,43.4
Madhya Pradesh,Hoshangabad,2020,9,25.8,333.6,74.7,40.4
Madhya Pradesh,Hoshangabad,2020,10,22.1,60.4,55.3,13.0
Madhya Pradesh,Hoshangabad,2020,11,18.5,46.4,49.0,13.1
Madhya Pradesh,Hoshangabad,2020,12,18.7,21.4,49.7,14.5
Madhya Pradesh,Hoshangabad,2021,1,17.9,26.2,49.5,8.6
Madhya Pradesh,Hoshangabad,2021,2,21.3,19.7,50.7,15.8
Madhya Pradesh,Hoshangabad,2021,3,27.3,43.1,55.5,16.3
Madhya Pradesh,Hoshangabad,2021,4,30.2,12.5,57.5,15.8
Madhya Pradesh,Hoshangabad,2021,5,31.5,14.6,51.2,8.4
Madhya Pradesh,Hoshangabad,2021,6,33.8,365.4,68.2,45
Madhya Pradesh,Hoshangabad,2021,7,32.4,195.1,77.0,27.2
Madhya Pradesh,Hoshangabad,2021,8,29.1,215.0,71.7,27.7
Madhya Pradesh,Hoshangabad,2021,9,25.0,240.6,73.8,33.5
Madhya Pradesh,Hoshangabad,2021,10,21.4,56.4,55.7,17.9
Madhya Pradesh,Hoshangabad,2021,11,18.6,78.0,55.9,18.4
Madhya Pradesh,Hoshangabad,2021,12,17.9,14.6,49.3,15.3
Madhya Pradesh,Hoshangabad,2022,1,19.4,8.2,57.3,14.7
Madhya Pradesh,Hoshangabad,2022,2,20.6,24.8,50.4,12.8
Madhya Pradesh,Hoshangabad,2022,3,27.0,46.8,53.0,16.3
Madhya Pradesh,Hoshangabad,2022,4,29.1,22.7,52.3,17.1
Madhya Pradesh,Hoshangabad,2022,5,32.0,25.1,48.4,10.2
Madhya Pradesh,Hoshangabad,2022,6,32.9,221.2,73.3,28.9
Madhya Pradesh,Hoshangabad,2022,7,33.8,211.0,74.2,34.7
Madhya Pradesh,Hoshangabad,2022,8,28.9,234.4,75.6,33.1
Madhya Pradesh,Hoshangabad,2022,9,27.3,257.6,72.0,40.3
Madhya Pradesh,Hoshangabad,2022,10,21.5,80.6,56.9,15.1
Madhya Pradesh,Hoshangabad,2022,11,19.2,79.3,49.2,21.4
Madhya Pradesh,Hoshangabad,2022,12,18.8,26.1,54.0,8.6
Madhya Pradesh,Hoshangabad,2023,1,20.4,8.3,55.8,13.1
Madhya Pradesh,Hoshangabad,2023,2,21.5,24.3,52.1,14.9
Madhya Pradesh,Hoshangabad,2023,3,24.6,78.8,51.8,20.9
Madhya Pradesh,Hoshangabad,2023,4,29.9,27.8,51.0,13.2
Madhya Pradesh,Hoshangabad,2023,5,31.5,19.0,48.8,15.5
Madhya Pradesh,Hoshangabad,2023,6,34.5,274.3,77.7,41.9
Madhya Pradesh,Hoshangabad,2023,7,34.3,208.4,75.0,33.1
Madhya Pradesh,Hoshangabad,2023,8,30.3,195.5,77.2,28.9
Madhya Pradesh,Hoshangabad,2023,9,26.3,349.3,70.8,40.2
Madhya Pradesh,Hoshangabad,2023,10,23.3,42.4,48.4,10.6
Madhya Pradesh,Hoshangabad,2023,11,20.6,68.2,50.1,13.3
Madhya Pradesh,Hoshangabad,2023,12,19.2,23.8,53.8,8.7
Madhya Pradesh,Sehore,2015,1,18.8,31.5,48.0,12.3
Madhya Pradesh,Sehore,2015,2,20.7,32.9,49.0,17.8
Madhya Pradesh,Sehore,2015,3,27.0,67.7,48.4,18.7
Madhya Pradesh,Sehore,2015,4,30.0,19.0,49.5,12.0
Madhya Pradesh,Sehore,2015,5,33.8,9.1,56.8,10.1
Madhya Pradesh,Sehore,2015,6,33.3,238.5,72.6,35.3
Madhya Pradesh,Sehore,2015,7,33.1,363.8,73.1,45
Madhya Pradesh,Sehore,2015,8,31.5,233.9,68.2,31.7
Madhya Pradesh,Sehore,2015,9,25.4,216.4,72.2,27.0
Madhya Pradesh,Sehore,2015,10,23.3,54.1,56.8,17.4
Madhya Pradesh,Sehore,2015,11,19.8,69.2,51.0,19.2
Madhya Pradesh,Sehore,2015,12,17.1,20.8,54.0,14.8
Madhya Pradesh,Sehore,2016,1,18.1,15.0,56.2,14.5
Madhya Pradesh,Sehore,2016,2,23.4,8.8,50.1,6.9
Madhya Pradesh,Sehore,2016,3,26.7,68.5,54.5,19.6
Madhya Pradesh,Sehore,2016,4,30.0,21.0,57.2,13.6
Madhya Pradesh,Sehore,2016,5,33.4,21.7,52.9,14.7
Madhya Pradesh,Sehore,2016,6,34.2,217.3,72.3,30.9
Madhya Pradesh,Sehore,2016,7,32.7,300.5,71.6,39.0
Madhya Pradesh,Sehore,2016,8,29.8,264.0,77.7,32.3
Madhya Pradesh,Sehore,2016,9,24.6,331.4,72.0,42.6
Madhya Pradesh,Sehore,2016,10,22.3,47.7,50.4,9.9
Madhya Pradesh,Sehore,2016,11,20.2,79.1,50.9,17.6
Madhya Pradesh,Sehore,2016,12,17.5,7.1,56.9,14.1
Madhya Pradesh,Sehore,2017,1,18.3,12.5,55.0,14.2
Madhya Pradesh,Sehore,2017,2,21.9,16.2,50.3,14.6
Madhya Pradesh,Sehore,2017,3,27.1,74.7,49.1,18.4
Madhya Pradesh,Sehore,2017,4,31.5,25.2,52.6,9.0
Madhya Pradesh,Sehore,2017,5,31.6,25.6,48.7,15.7
Madhya Pradesh,Sehore,2017,6,34.5,283.6,76.9,42.7
Madhya Pradesh,Sehore,2017,7,33.3,211.7,73.9,30.4
Madhya Pradesh,Sehore,2017,8,29.2,371.3,75.3,43.3
Madhya Pradesh,Sehore,2017,9,25.2,258.5,73.7,34.1
Madhya Pradesh,Sehore,2017,10,21.8,72.2,49.8,19.4
Madhya Pradesh,Sehore,2017,11,18.6,79.5,57.5,16.2
Madhya Pradesh,Sehore,2017,12,18.3,8.5,52.1,12.1
Madhya Pradesh,Sehore,2018,1,19.5,14.9,48.3,7.7
Madhya Pradesh,Sehore,2018,2,22.2,10.2,51.1,12.2
Madhya Pradesh,Sehore,2018,3,27.2,55.8,50.5,16.4
Madhya Pradesh,Sehore,2018,4,29.3,27.0,49.6,10.3
Madhya Pradesh,Sehore,2018,5,32.7,30.5,49.7,10.0
Madhya Pradesh,Sehore,2018,6,32.9,233.6,71.3,32.3
Madhya Pradesh,Sehore,2018,7,33.7,270.2,72.8,36.0
Madhya Pradesh,Sehore,2018,8,30.8,366.4,72.3,45
Madhya Pradesh,Sehore,2018,9,25.3,380.7,73.3,45
Madhya Pradesh,Sehore,2018,10,21.6,42.4,49.4,18.1
Madhya Pradesh,Sehore,2018,11,18.7,65.9,52.6,16.9
Madhya Pradesh,Sehore,2018,12,17.1,10.4,51.4,12.9
Madhya Pradesh,Sehore,2019,1,19.2,5.6,55.1,9.9
Madhya Pradesh,Sehore,2019,2,20.7,12.6,50.1,14.5
Madhya Pradesh,Sehore,2019,3,26.2,45.5,50.5,12.5
Madhya Pradesh,Sehore,2019,4,29.3,15.0,55.9,14.4
Madhya Pradesh,Sehore,2019,5,33.5,29.8,54.5,9.1
Madhya Pradesh,Sehore,2019,6,32.6,224.1,70.6,32.7
Madhya Pradesh,Sehore,2019,7,33.9,305.3,72.3,37.9
Madhya Pradesh,Sehore,2019,8,31.4,337.5,71.4,39.2
Madhya Pradesh,Sehore,2019,9,27.4,241.8,76.5,30.4
Madhya Pradesh,Sehore,2019,10,22.5,47.1,56.9,12.7
Madhya Pradesh,Sehore,2019,11,17.9,38.4,56.1,18.6
Madhya Pradesh,Sehore,2019,12,18.4,24.2,50.8,10.1
Madhya Pradesh,Sehore,2020,1,17.8,32.6,48.4,14.4
Madhya Pradesh,Sehore,2020,2,21.5,10.6,52.4,15.4
Madhya Pradesh,Sehore,2020,3,25.2,36.6,54.3,15.2
Madhya Pradesh,Sehore,2020,4,30.0,10.4,56.7,7.2
Madhya Pradesh,Sehore,2020,5,32.0,12.1,53.1,11.0
Madhya Pradesh,Sehore,2020,6,34.2,332.4,76.9,42.9
Madhya Pradesh,Sehore,2020,7,31.6,352.4,68.2,43.4
Madhya Pradesh,Sehore,2020,8,28.9,308.4,75.8,37.1
Madhya Pradesh,Sehore,2020,9,25.4,356.3,74.9,41.7
Madhya Pradesh,Sehore,2020,10,22.6,71.2,52.1,13.7
Madhya Pradesh,Sehore,2020,11,19.5,45.1,49.3,11.2
Madhya Pradesh,Sehore,2020,12,17.7,9.0,51.9,11.4
Madhya Pradesh,Sehore,2021,1,19.2,16.6,56.0,7.5
Madhya Pradesh,Sehore,2021,2,21.5,31.2,56.6,17.3
Madhya Pradesh,Sehore,2021,3,26.8,57.0,55.9,16.4
Madhya Pradesh,Sehore,2021,4,28.9,12.5,49.0,15.0
Madhya Pradesh,Sehore,2021,5,32.4,16.7,53.4,7.7
Madhya Pradesh,Sehore,2021,6,34.6,345.6,76.0,45
Madhya Pradesh,Sehore,2021,7,32.4,220.5,75.6,34.0
Madhya Pradesh,Sehore,2021,8,29.6,258.6,69.5,39.2
Madhya Pradesh,Sehore,2021,9,25.9,348.8,71.4,43.1
Madhya Pradesh,Sehore,2021,10,22.0,68.5,56.8,15.4
Madhya Pradesh,Sehore,2021,11,19.7,49.7,56.6,17.6
Madhya Pradesh,Sehore,2021,12,18.2,15.5,50.7,15.4
Madhya Pradesh,Sehore,2022,1,20.0,13.9,48.8,8.3
Madhya Pradesh,Sehore,2022,2,23.4,6.6,56.1,10.9
Madhya Pradesh,Sehore,2022,3,26.2,57.2,52.1,16.3
Madhya Pradesh,Sehore,2022,4,28.8,30.8,49.0,9.5
Madhya Pradesh,Sehore,2022,5,33.4,23.1,56.1,14.2
Madhya Pradesh,Sehore,2022,6,35.3,202.5,68.1,27.6
Madhya Pradesh,Sehore,2022,7,33.8,221.9,73.3,34.9
Madhya Pradesh,Sehore,2022,8,29.0,294.0,77.0,41.9
Madhya Pradesh,Sehore,2022,9,25.7,284.7,70.8,43.1
Madhya Pradesh,Sehore,2022,10,22.8,64.9,51.0,18.8
Madhya Pradesh,Sehore,2022,11,19.0,71.4,51.6,21.0
Madhya Pradesh,Sehore,2022,12,18.6,17.9,53.6,14.8
Madhya Pradesh,Sehore,2023,1,19.2,31.9,48.1,17.2
Madhya Pradesh,Sehore,2023,2,22.6,19.0,56.5,8.4
Madhya Pradesh,Sehore,2023,3,25.5,66.8,56.2,15.4
Madhya Pradesh,Sehore,2023,4,31.5,23.3,48.5,8.6
Madhya Pradesh,Sehore,2023,5,31.7,21.2,51.2,9.7
Madhya Pradesh,Sehore,2023,6,33.8,207.5,77.1,34.1
Madhya Pradesh,Sehore,2023,7,33.1,278.1,71.1,38.8
Madhya Pradesh,Sehore,2023,8,29.5,380.3,77.6,45
Madhya Pradesh,Sehore,2023,9,27.0,207.0,69.2,29.2
Madhya Pradesh,Sehore,2023,10,20.9,50.7,57.9,18.4
Madhya Pradesh,Sehore,2023,11,20.4,39.7,50.2,9.2
Madhya Pradesh,Sehore,2023,12,17.3,7.1,53.3,8.7
Maharashtra,Nashik,2015,1,20.6,20.0,58.0,10.0
Maharashtra,Nashik,2015,2,23.7,23.3,59.1,12.0
Maharashtra,Nashik,2015,3,26.9,41.3,52.4,13.8
Maharashtra,Nashik,2015,4,31.3,10.1,60.6,14.8
Maharashtra,Nashik,2015,5,35.0,26.7,56.9,9.4
Maharashtra,Nashik,2015,6,34.3,319.3,81.8,38.0
Maharashtra,Nashik,2015,7,32.4,248.7,75.5,35.8
Maharashtra,Nashik,2015,8,29.8,338.8,75.4,45
Maharashtra,Nashik,2015,9,26.5,239.9,73.8,38.6
Maharashtra,Nashik,2015,10,23.3,69.6,52.6,17.4
Maharashtra,Nashik,2015,11,20.8,77.9,61.4,13.8
Maharashtra,Nashik,2015,12,18.6,31.5,57.3,17.7
Maharashtra,Nashik,2016,1,19.3,5.9,61.5,8.2
Maharashtra,Nashik,2016,2,23.2,14.7,57.8,15.8
Maharashtra,Nashik,2016,3,28.3,72.3,54.6,20.4
Maharashtra,Nashik,2016,4,29.6,16.2,61.4,9.2
Maharashtra,Nashik,2016,5,33.5,20.5,54.4,14.1
Maharashtra,Nashik,2016,6,35.5,201.2,81.2,25.8
Maharashtra,Nashik,2016,7,34.5,247.8,73.4,30.6
Maharashtra,Nashik,2016,8,32.5,330.7,76.6,45
Maharashtra,Nashik,2016,9,28.4,354.0,77.3,43.1
Maharashtra,Nashik,2016,10,23.1,77.8,59.3,19.5
Maharashtra,Nashik,2016,11,21.1,47.7,57.6,18.3
Maharashtra,Nashik,2016,12,18.1,27.8,52.2,13.2
Maharashtra,Nashik,2017,1,20.3,9.1,61.2,10.3
Maharashtra,Nashik,2017,2,22.1,16.1,57.9,10.9
Maharashtra,Nashik,2017,3,25.5,31.1,59.1,9.4
Maharashtra,Nashik,2017,4,30.3,26.4,60.6,16.5
Maharashtra,Nashik,2017,5,33.0,5.4,59.5,11.5
Maharashtra,Nashik,2017,6,34.6,187.2,76.3,26.1
Maharashtra,Nashik,2017,7,34.2,363.9,74.1,42.1
Maharashtra,Nashik,2017,8,31.6,203.5,74.2,29.7
Maharashtra,Nashik,2017,9,28.5,243.3,75.2,34.1
Maharashtra,Nashik,2017,10,22.0,47.4,59.0,13.0
Maharashtra,Nashik,2017,11,21.0,35.9,53.0,14.9
Maharashtra,Nashik,2017,12,18.9,29.4,53.1,15.4
Maharashtra,Nashik,2018,1,20.6,15.0,53.3,12.6
Maharashtra,Nashik,2018,2,23.8,17.7,56.7,13.6
Maharashtra,Nashik,2018,3,27.3,48.5,53.9,14.5
Maharashtra,Nashik,2018,4,31.1,28.8,61.9,13.4
Maharashtra,Nashik,2018,5,33.4,11.1,58.3,13.5
Maharashtra,Nashik,2018,6,34.2,310.6,82.0,40.0
Maharashtra,Nashik,2018,7,35.2,264.0,78.5,40.1
Maharashtra,Nashik,2018,8,30.1,247.2,81.8,30.4
Maharashtra,Nashik,2018,9,26.4,271.3,79.4,38.4
Maharashtra,Nashik,2018,10,24.3,61.4,52.0,11.9
Maharashtra,Nashik,2018,11,18.7,48.9,52.3,15.2
Maharashtra,Nashik,2018,12,19.4,10.6,60.6,10.2
Maharashtra,Nashik,2019,1,21.5,14.6,58.2,11.9
Maharashtra,Nashik,2019,2,22.3,25.7,52.0,10.1
Maharashtra,Nashik,2019,3,26.5,72.6,57.0,12.6
Maharashtra,Nashik,2019,4,30.4,21.3,60.1,8.2
Maharashtra,Nashik,2019,5,34.8,15.5,57.2,10.8
Maharashtra,Nashik,2019,6,34.8,365.8,81.2,45
Maharashtra,Nashik,2019,7,34.6,312.4,73.4,36.6
Maharashtra,Nashik,2019,8,32.0,307.4,78.3,38.9
Maharashtra,Nashik,2019,9,26.3,353.0,77.3,40.5
Maharashtra,Nashik,2019,10,22.5,44.6,52.7,19.2
Maharashtra,Nashik,2019,11,21.3,69.0,52.0,16.1
Maharashtra,Nashik,2019,12,17.8,24.3,60.1,15.3
Maharashtra,Nashik,2020,1,20.9,8.4,52.1,6.8
Maharashtra,Nashik,2020,2,24.0,27.0,57.2,10.0
Maharashtra,Nashik,2020,3,28.1,32.6,55.2,8.3
Maharashtra,Nashik,2020,4,32.4,16.1,59.7,14.6
Maharashtra,Nashik,2020,5,34.2,31.2,59.7,17.4
Maharashtra,Nashik,2020,6,36.4,198.8,79.5,27.1
Maharashtra,Nashik,2020,7,33.4,246.5,81.9,30.3
Maharashtra,Nashik,2020,8,30.8,207.3,82.0,30.7
Maharashtra,Nashik,2020,9,27.6,279.3,79.7,36.3
Maharashtra,Nashik,2020,10,22.7,65.3,59.0,20.4
Maharashtra,Nashik,2020,11,19.5,70.8,59.4,17.8
Maharashtra,Nashik,2020,12,18.7,20.1,52.8,8.0
Maharashtra,Nashik,2021,1,19.5,8.5,52.5,13.0
Maharashtra,Nashik,2021,2,23.7,21.4,54.1,14.4
Maharashtra,Nashik,2021,3,28.0,58.8,54.3,16.5
Maharashtra,Nashik,2021,4,30.7,12.3,53.5,14.9
Maharashtra,Nashik,2021,5,34.3,29.7,53.7,10.6
Maharashtra,Nashik,2021,6,35.0,194.6,75.0,29.9
Maharashtra,Nashik,2021,7,33.9,350.9,77.8,45
Maharashtra,Nashik,2021,8,31.3,328.1,75.7,37.8
Maharashtra,Nashik,2021,9,28.4,329.4,73.3,39.1
Maharashtra,Nashik,2021,10,22.2,60.8,53.3,11.3
Maharashtra,Nashik,2021,11,20.1,26.6,54.6,11.5
Maharashtra,Nashik,2021,12,18.1,5.3,54.6,8.0
Maharashtra,Nashik,2022,1,19.5,16.1,55.6,9.9
Maharashtra,Nashik,2022,2,21.6,27.2,59.4,12.7
Maharashtra,Nashik,2022,3,25.5,38.5,61.0,13.4
Maharashtra,Nashik,2022,4,30.1,26.8,60.9,8.9
Maharashtra,Nashik,2022,5,33.9,20.0,53.2,10.2
Maharashtra,Nashik,2022,6,35.4,307.5,78.3,42.0
Maharashtra,Nashik,2022,7,33.6,196.4,72.2,33.0
Maharashtra,Nashik,2022,8,32.1,350.1,72.8,45
Maharashtra,Nashik,2022,9,26.0,247.4,74.0,38.3
Maharashtra,Nashik,2022,10,24.0,70.0,55.8,21.4
Maharashtra,Nashik,2022,11,19.4,56.4,58.7,13.0
Maharashtra,Nashik,2022,12,18.6,7.9,60.0,7.6
Maharashtra,Nashik,2023,1,19.0,12.5,58.4,12.6
Maharashtra,Nashik,2023,2,23.1,27.7,59.5,9.9
Maharashtra,Nashik,2023,3,27.1,35.1,54.4,10.0
Maharashtra,Nashik,2023,4,29.7,14.4,60.9,13.0
Maharashtra,Nashik,2023,5,32.7,11.0,57.9,11.4
Maharashtra,Nashik,2023,6,33.6,201.0,77.7,31.1
Maharashtra,Nashik,2023,7,32.7,325.7,74.4,43.5
Maharashtra,Nashik,2023,8,31.1,246.2,81.5,33.6
Maharashtra,Nashik,2023,9,26.8,283.0,80.4,43.2
Maharashtra,Nashik,2023,10,23.8,54.5,59.2,16.8
Maharashtra,Nashik,2023,11,21.4,77.2,59.6,14.9
Maharashtra,Nashik,2023,12,19.2,16.8,54.3,14.5
Maharashtra,Pune,2015,1,19.2,23.9,56.9,11.7
Maharashtra,Pune,2015,2,23.6,24.3,61.9,17.4
Maharashtra,Pune,2015,3,27.9,40.1,58.7,14.0
Maharashtra,Pune,2015,4,32.3,17.0,55.6,7.0
Maharashtra,Pune,2015,5,33.8,19.2,55.1,8.0
Maharashtra,Pune,2015,6,35.0,196.7,73.7,29.1
Maharashtra,Pune,2015,7,33.5,275.6,77.3,36.4
Maharashtra,Pune,2015,8,29.9,187.1,77.6,33.4
Maharashtra,Pune,2015,9,26.3,248.4,75.2,37.3
Maharashtra,Pune,2015,10,23.0,68.0,52.1,13.1
Maharashtra,Pune,2015,11,19.2,45.6,56.0,13.4
Maharashtra,Pune,2015,12,20.4,16.8,57.8,16.3
Maharashtra,Pune,2016,1,20.5,20.9,60.3,10.4
Maharashtra,Pune,2016,2,21.6,30.4,57.3,13.9
Maharashtra,Pune,2016,3,25.7,65.4,55.7,18.0
Maharashtra,Pune,2016,4,30.4,29.4,55.7,10.7
Maharashtra,Pune,2016,5,35.1,11.1,54.7,11.0
Maharashtra,Pune,2016,6,36.4,205.0,74.1,33.5
Maharashtra,Pune,2016,7,32.7,259.9,79.8,38.1
Maharashtra,Pune,2016,8,31.9,205.3,80.9,29.1
Maharashtra,Pune,2016,9,27.9,270.4,80.9,36.8
Maharashtra,Pune,2016,10,22.3,34.2,57.0,8.9
Maharashtra,Pune,2016,11,19.1,72.2,57.7,20.8
Maharashtra,Pune,2016,12,18.0,17.9,56.7,7.9
Maharashtra,Pune,2017,1,19.4,29.4,59.2,13.0
Maharashtra,Pune,2017,2,23.3,27.8,61.5,13.7
Maharashtra,Pune,2017,3,25.7,72.0,53.6,14.6
Maharashtra,Pune,2017,4,29.9,18.7,57.8,11.5
Maharashtra,Pune,2017,5,33.8,8.9,59.2,11.3
Maharashtra,Pune,2017,6,34.4,336.9,81.4,45
Maharashtra,Pune,2017,7,35.4,196.4,75.9,29.1
Maharashtra,Pune,2017,8,30.3,320.4,81.0,38.4
Maharashtra,Pune,2017,9,27.0,361.5,80.9,45
Maharashtra,Pune,2017,10,21.8,50.2,57.2,17.9
Maharashtra,Pune,2017,11,19.1,40.9,61.8,9.2
Maharashtra,Pune,2017,12,19.3,7.7,59.5,10.0
Maharashtra,Pune,2018,1,21.3,11.1,60.8,8.4
Maharashtra,Pune,2018,2,21.6,7.5,52.8,9.6
Maharashtra,Pune,2018,3,28.4,44.9,59.2,9.8
Maharashtra,Pune,2018,4,31.0,19.4,53.0,12.7
Maharashtra,Pune,2018,5,33.8,13.8,60.3,13.3
Maharashtra,Pune,2018,6,33.9,203.3,72.5,28.0
Maharashtra,Pune,2018,7,34.3,361.7,81.7,45
Maharashtra,Pune,2018,8,29.9,329.3,79.6,42.7
Maharashtra,Pune,2018,9,28.5,293.8,73.2,36.5
Maharashtra,Pune,2018,10,21.9,58.3,58.2,19.4
Maharashtra,Pune,2018,11,18.6,26.8,61.7,10.3
Maharashtra,Pune,2018,12,18.3,28.0,53.1,15.7
Maharashtra,Pune,2019,1,21.3,20.0,58.1,7.1
Maharashtra,Pune,2019,2,23.3,21.4,59.7,12.3
Maharashtra,Pune,2019,3,25.8,37.9,58.5,9.6
Maharashtra,Pune,2019,4,29.8,11.8,60.0,11.6
Maharashtra,Pune,2019,5,33.5,30.6,57.8,10.4
Maharashtra,Pune,2019,6,35.2,340.9,75.7,43.4
Maharashtra,Pune,2019,7,34.2,365.1,78.4,43.3
Maharashtra,Pune,2019,8,31.2,242.8,76.7,36.4
Maharashtra,Pune,2019,9,25.6,277.0,75.1,38.7
Maharashtra,Pune,2019,10,24.0,50.8,58.3,13.0
Maharashtra,Pune,2019,11,19.3,53.0,57.3,12.5
Maharashtra,Pune,2019,12,19.8,18.4,55.6,9.4
Maharashtra,Pune,2020,1,21.1,28.9,61.4,10.4
Maharashtra,Pune,2020,2,21.7,21.8,52.2,15.7
Maharashtra,Pune,2020,3,27.5,43.9,56.4,16.2
Maharashtra,Pune,2020,4,30.0,14.8,59.9,13.3
Maharashtra,Pune,2020,5,34.2,8.0,54.2,8.4
Maharashtra,Pune,2020,6,33.6,301.3,77.7,44.4
Maharashtra,Pune,2020,7,34.1,352.5,76.7,45
Maharashtra,Pune,2020,8,30.3,269.1,81.4,36.8
Maharashtra,Pune,2020,9,25.5,248.7,74.0,36.1
Maharashtra,Pune,2020,10,23.0,51.2,61.3,17.7
Maharashtra,Pune,2020,11,18.8,27.9,59.0,13.8
Maharashtra,Pune,2020,12,19.5,18.4,52.4,11.4
Maharashtra,Pune,2021,1,21.1,21.0,52.4,8.3
Maharashtra,Pune,2021,2,24.2,19.6,53.6,14.0
Maharashtra,Pune,2021,3,28.3,71.7,58.5,20.2
Maharashtra,Pune,2021,4,29.8,17.4,60.1,10.2
Maharashtra,Pune,2021,5,32.9,28.0,59.0,7.9
Maharashtra,Pune,2021,6,33.7,286.1,81.5,39.8
Maharashtra,Pune,2021,7,35.1,203.1,77.8,27.1
Maharashtra,Pune,2021,8,30.5,211.2,76.6,26.6
Maharashtra,Pune,2021,9,27.5,302.5,81.0,42.9
Maharashtra,Pune,2021,10,21.7,71.9,57.4,21.5
Maharashtra,Pune,2021,11,20.0,30.5,59.0,9.8
Maharashtra,Pune,2021,12,20.5,19.4,61.0,11.9
Maharashtra,Pune,2022,1,19.6,22.6,59.1,11.9
Maharashtra,Pune,2022,2,22.3,16.3,59.1,8.9
Maharashtra,Pune,2022,3,26.0,51.7,58.6,10.8
Maharashtra,Pune,2022,4,30.3,30.8,54.7,15.8
Maharashtra,Pune,2022,5,33.3,7.5,56.9,14.4
Maharashtra,Pune,2022,6,35.8,192.6,79.0,30.5
Maharashtra,Pune,2022,7,33.9,305.9,77.2,37.4
Maharashtra,Pune,2022,8,31.6,207.4,75.1,34.3
Maharashtra,Pune,2022,9,27.2,277.7,79.1,37.7
Maharashtra,Pune,2022,10,22.7,55.2,52.2,14.0
Maharashtra,Pune,2022,11,18.7,78.5,61.1,19.4
Maharashtra,Pune,2022,12,18.0,27.7,54.8,15.8
Maharashtra,Pune,2023,1,20.5,21.1,59.4,9.8
Maharashtra,Pune,2023,2,24.0,19.5,59.6,15.3
Maharashtra,Pune,2023,3,26.3,47.8,55.6,10.6
Maharashtra,Pune,2023,4,32.1,23.2,56.9,12.8
Maharashtra,Pune,2023,5,35.1,7.1,55.6,12.6
Maharashtra,Pune,2023,6,35.1,275.1,74.6,34.7
Maharashtra,Pune,2023,7,34.4,246.4,81.4,38.7
Maharashtra,Pune,2023,8,32.4,234.6,77.1,29.5
Maharashtra,Pune,2023,9,26.6,197.4,77.0,34.3
Maharashtra,Pune,2023,10,23.8,45.4,54.8,18.8
Maharashtra,Pune,2023,11,18.7,70.6,60.6,12.7
Maharashtra,Pune,2023,12,20.4,22.2,55.9,11.5
Maharashtra,Kolhapur,2015,1,20.4,19.1,60.7,15.9
Maharashtra,Kolhapur,2015,2,22.5,5.5,59.8,12.0
Maharashtra,Kolhapur,2015,3,27.5,30.2,52.8,17.0
Maharashtra,Kolhapur,2015,4,30.6,17.7,61.7,8.7
Maharashtra,Kolhapur,2015,5,34.3,6.9,57.6,13.1
Maharashtra,Kolhapur,2015,6,34.0,323.4,81.7,45
Maharashtra,Kolhapur,2015,7,34.8,357.8,79.2,45
Maharashtra,Kolhapur,2015,8,32.0,331.9,78.3,44.9
Maharashtra,Kolhapur,2015,9,26.0,245.9,75.3,38.2
Maharashtra,Kolhapur,2015,10,23.8,41.5,61.9,9.7
Maharashtra,Kolhapur,2015,11,18.8,43.5,52.8,18.8
Maharashtra,Kolhapur,2015,12,18.6,15.4,60.5,11.9
Maharashtra,Kolhapur,2016,1,20.5,16.8,56.6,16.3
Maharashtra,Kolhapur,2016,2,22.3,19.0,56.8,8.3
Maharashtra,Kolhapur,2016,3,25.9,52.9,60.0,14.6
Maharashtra,Kolhapur,2016,4,29.7,29.8,53.4,16.8
Maharashtra,Kolhapur,2016,5,32.6,22.3,53.5,9.8
Maharashtra,Kolhapur,2016,6,34.8,322.6,76.4,41.4
Maharashtra,Kolhapur,2016,7,33.6,279.4,74.8,42.5
Maharashtra,Kolhapur,2016,8,30.1,208.1,77.5,29.3
Maharashtra,Kolhapur,2016,9,27.7,191.0,78.8,27.7
Maharashtra,Kolhapur,2016,10,24.3,42.0,56.3,12.4
Maharashtra,Kolhapur,2016,11,20.2,41.0,58.7,13.2
Maharashtra,Kolhapur,2016,12,19.6,12.9,56.6,11.9
Maharashtra,Kolhapur,2017,1,20.7,22.4,56.3,8.1
Maharashtra,Kolhapur,2017,2,21.8,9.1,53.8,7.7
Maharashtra,Kolhapur,2017,3,27.5,44.1,61.1,11.8
Maharashtra,Kolhapur,2017,4,30.2,10.1,53.4,12.8
Maharashtra,Kolhapur,2017,5,34.2,11.8,60.1,12.9
Maharashtra,Kolhapur,2017,6,34.8,295.4,78.6,39.0
Maharashtra,Kolhapur,2017,7,32.7,250.7,81.5,33.8
Maharashtra,Kolhapur,2017,8,31.4,200.0,79.7,33.6
Maharashtra,Kolhapur,2017,9,26.6,252.1,77.1,32.7
Maharashtra,Kolhapur,2017,10,22.1,33.0,58.9,13.4
Maharashtra,Kolhapur,2017,11,21.4,76.8,60.7,22.1
Maharashtra,Kolhapur,2017,12,20.0,5.9,53.3,15.3
Maharashtra,Kolhapur,2018,1,21.2,21.4,58.2,11.5
Maharashtra,Kolhapur,2018,2,22.8,9.1,57.5,8.7
Maharashtra,Kolhapur,2018,3,25.9,71.9,57.7,21.0
Maharashtra,Kolhapur,2018,4,30.4,20.4,54.8,15.3
Maharashtra,Kolhapur,2018,5,33.1,22.3,57.5,10.5
Maharashtra,Kolhapur,2018,6,33.7,273.2,77.2,40.5
Maharashtra,Kolhapur,2018,7,33.0,217.8,75.1,34.8
Maharashtra,Kolhapur,2018,8,30.2,300.2,72.3,35.8
Maharashtra,Kolhapur,2018,9,27.6,275.1,73.1,37.2
Maharashtra,Kolhapur,2018,10,24.3,46.8,57.6,13.9
Maharashtra,Kolhapur,2018,11,20.1,28.5,60.8,13.6
Maharashtra,Kolhapur,2018,12,18.5,12.7,53.9,15.6
Maharashtra,Kolhapur,2019,1,21.1,15.2,58.0,12.0
Maharashtra,Kolhapur,2019,2,22.1,6.1,59.4,7.2
Maharashtra,Kolhapur,2019,3,27.2,27.1,52.2,9.4
Maharashtra,Kolhapur,2019,4,31.5,21.3,61.9,13.7
Maharashtra,Kolhapur,2019,5,34.0,5.6,61.6,10.4
Maharashtra,Kolhapur,2019,6,36.1,191.5,80.4,28.9
Maharashtra,Kolhapur,2019,7,33.1,258.4,72.8,36.6
Maharashtra,Kolhapur,2019,8,30.2,312.7,73.7,43.2
Maharashtra,Kolhapur,2019,9,27.4,314.5,81.5,39.4
Maharashtra,Kolhapur,2019,10,23.5,47.1,60.9,18.0
Maharashtra,Kolhapur,2019,11,20.9,57.7,54.6,19.9
Maharashtra,Kolhapur,2019,12,20.4,30.2,55.4,16.2
Maharashtra,Kolhapur,2020,1,20.6,27.3,60.0,12.3
Maharashtra,Kolhapur,2020,2,22.7,26.1,58.5,13.0
Maharashtra,Kolhapur,2020,3,28.1,27.9,52.1,12.4
Maharashtra,Kolhapur,2020,4,29.8,27.4,52.9,16.6
Maharashtra,Kolhapur,2020,5,33.1,8.8,59.5,12.7
Maharashtra,Kolhapur,2020,6,34.7,293.3,77.5,43.8
Maharashtra,Kolhapur,2020,7,34.0,282.9,76.6,37.4
Maharashtra,Kolhapur,2020,8,31.6,204.2,78.9,34.7
Maharashtra,Kolhapur,2020,9,27.8,283.5,75.5,34.3
Maharashtra,Kolhapur,2020,10,21.8,54.6,60.8,19.1
Maharashtra,Kolhapur,2020,11,19.1,65.6,60.1,16.4
Maharashtra,Kolhapur,2020,12,20.1,10.2,55.4,11.2
Maharashtra,Kolhapur,2021,1,20.8,17.0,55.0,15.4
Maharashtra,Kolhapur,2021,2,22.7,16.3,54.2,11.5
Maharashtra,Kolhapur,2021,3,27.6,45.2,58.6,14.5
Maharashtra,Kolhapur,2021,4,29.5,30.5,54.9,13.5
Maharashtra,Kolhapur,2021,5,35.3,10.7,52.6,8.1
Maharashtra,Kolhapur,2021,6,34.0,340.2,77.2,39.4
Maharashtra,Kolhapur,2021,7,33.2,277.7,73.7,35.8
Maharashtra,Kolhapur,2021,8,32.2,265.4,74.3,37.5
Maharashtra,Kolhapur,2021,9,25.8,279.3,78.5,33.8
Maharashtra,Kolhapur,2021,10,23.1,42.5,59.4,15.4
Maharashtra,Kolhapur,2021,11,21.3,58.1,53.8,12.7
Maharashtra,Kolhapur,2021,12,19.6,26.5,52.6,11.8
Maharashtra,Kolhapur,2022,1,19.4,17.5,60.7,12.3
Maharashtra,Kolhapur,2022,2,23.7,25.3,54.8,13.7
Maharashtra,Kolhapur,2022,3,26.6,51.1,57.3,16.8
Maharashtra,Kolhapur,2022,4,30.0,27.3,53.6,10.9
Maharashtra,Kolhapur,2022,5,35.0,31.1,55.7,17.6
Maharashtra,Kolhapur,2022,6,33.6,359.3,74.0,41.3
Maharashtra,Kolhapur,2022,7,34.7,213.4,79.5,26.4
Maharashtra,Kolhapur,2022,8,29.9,249.4,72.8,34.7
Maharashtra,Kolhapur,2022,9,26.5,319.5,76.9,45
Maharashtra,Kolhapur,2022,10,24.0,35.2,61.2,17.5
Maharashtra,Kolhapur,2022,11,20.3,53.9,53.7,13.6
Maharashtra,Kolhapur,2022,12,18.2,10.4,58.1,9.3
Maharashtra,Kolhapur,2023,1,20.9,20.3,60.3,7.9
Maharashtra,Kolhapur,2023,2,24.0,18.6,58.3,9.2
Maharashtra,Kolhapur,2023,3,27.6,47.6,59.2,15.6
Maharashtra,Kolhapur,2023,4,29.9,13.1,59.5,6.5
Maharashtra,Kolhapur,2023,5,34.3,19.6,59.1,10.2
Maharashtra,Kolhapur,2023,6,34.9,271.4,79.5,32.9
Maharashtra,Kolhapur,2023,7,34.0,231.5,77.9,30.7
Maharashtra,Kolhapur,2023,8,30.1,226.3,80.9,31.3
Maharashtra,Kolhapur,2023,9,28.1,318.9,74.7,42.4
Maharashtra,Kolhapur,2023,10,21.5,75.2,58.3,13.6
Maharashtra,Kolhapur,2023,11,20.1,52.2,58.7,13.1
Maharashtra,Kolhapur,2023,12,20.2,21.6,52.7,15.3
Maharashtra,Nagpur,2015,1,21.2,13.2,59.1,14.9
Maharashtra,Nagpur,2015,2,24.1,7.1,60.4,8.2
Maharashtra,Nagpur,2015,3,27.9,62.3,56.7,20.2
Maharashtra,Nagpur,2015,4,31.9,31.4,61.6,13.9
Maharashtra,Nagpur,2015,5,34.6,22.9,56.0,12.3
Maharashtra,Nagpur,2015,6,35.0,223.4,74.6,35.8
Maharashtra,Nagpur,2015,7,35.0,311.9,78.9,41.3
Maharashtra,Nagpur,2015,8,31.2,306.2,72.1,40.1
Maharashtra,Nagpur,2015,9,28.4,221.5,76.7,27.9
Maharashtra,Nagpur,2015,10,22.3,69.5,52.3,19.9
Maharashtra,Nagpur,2015,11,21.0,71.8,54.6,21.5
Maharashtra,Nagpur,2015,12,18.6,17.1,61.5,12.2
Maharashtra,Nagpur,2016,1,20.6,8.1,52.0,8.5
Maharashtra,Nagpur,2016,2,21.8,26.9,54.5,17.3
Maharashtra,Nagpur,2016,3,27.5,36.3,59.1,11.8
Maharashtra,Nagpur,2016,4,31.1,7.2,60.3,13.6
Maharashtra,Nagpur,2016,5,34.2,23.4,55.4,8.6
Maharashtra,Nagpur,2016,6,34.5,319.7,77.6,38.3
Maharashtra,Nagpur,2016,7,33.2,271.0,72.1,32.6
Maharashtra,Nagpur,2016,8,30.8,208.3,80.9,27.1
Maharashtra,Nagpur,2016,9,27.7,329.8,75.2,43.4
Maharashtra,Nagpur,2016,10,24.5,58.6,55.9,20.6
Maharashtra,Nagpur,2016,11,19.4,76.4,55.1,16.9
Maharashtra,Nagpur,2016,12,18.4,22.4,60.8,14.1
Maharashtra,Nagpur,2017,1,19.1,31.2,59.2,13.2
Maharashtra,Nagpur,2017,2,24.0,8.1,58.0,13.7
Maharashtra,Nagpur,2017,3,27.8,61.6,52.6,15.9
Maharashtra,Nagpur,2017,4,30.3,21.2,56.0,11.7
Maharashtra,Nagpur,2017,5,34.0,20.7,60.9,9.9
Maharashtra,Nagpur,2017,6,34.3,217.6,73.1,35.3
Maharashtra,Nagpur,2017,7,35.2,206.9,75.6,34.7
Maharashtra,Nagpur,2017,8,32.1,363.5,81.9,44.4
Maharashtra,Nagpur,2017,9,25.7,229.6,77.0,28.1
Maharashtra,Nagpur,2017,10,22.3,51.1,58.8,11.7
Maharashtra,Nagpur,2017,11,18.9,43.6,52.9,10.6
Maharashtra,Nagpur,2017,12,17.8,26.2,60.8,8.1
Maharashtra,Nagpur,2018,1,21.0,27.4,58.5,10.7
Maharashtra,Nagpur,2018,2,24.0,7.4,52.5,15.3
Maharashtra,Nagpur,2018,3,26.2,74.3,59.5,12.9
Maharashtra,Nagpur,2018,4,29.8,22.2,53.5,13.9
Maharashtra,Nagpur,2018,5,34.4,11.3,56.8,8.3
Maharashtra,Nagpur,2018,6,36.1,299.6,78.9,41.2
Maharashtra,Nagpur,2018,7,32.6,346.6,79.8,44.8
Maharashtra,Nagpur,2018,8,31.3,274.2,79.6,37.8
Maharashtra,Nagpur,2018,9,26.3,278.6,74.1,32.9
Maharashtra,Nagpur,2018,10,23.1,71.9,59.2,14.3
Maharashtra,Nagpur,2018,11,20.1,56.9,57.8,15.3
Maharashtra,Nagpur,2018,12,19.0,23.3,60.8,12.5
Maharashtra,Nagpur,2019,1,20.9,23.1,53.2,9.9
Maharashtra,Nagpur,2019,2,22.4,14.5,56.9,9.4
Maharashtra,Nagpur,2019,3,28.5,64.8,55.7,18.5
Maharashtra,Nagpur,2019,4,32.3,9.4,58.3,15.5
Maharashtra,Nagpur,2019,5,33.6,28.3,60.0,11.0
Maharashtra,Nagpur,2019,6,33.9,331.9,76.2,41.7
Maharashtra,Nagpur,2019,7,33.8,317.6,80.9,45
Maharashtra,Nagpur,2019,8,31.8,216.1,75.7,26.7
Maharashtra,Nagpur,2019,9,26.1,246.3,73.8,34.4
Maharashtra,Nagpur,2019,10,21.9,60.5,56.1,13.5
Maharashtra,Nagpur,2019,11,20.6,43.5,52.2,17.7
Maharashtra,Nagpur,2019,12,19.8,28.3,54.9,10.5
Maharashtra,Nagpur,2020,1,20.7,9.1,61.7,12.4
Maharashtra,Nagpur,2020,2,23.1,6.6,54.8,9.9
Maharashtra,Nagpur,2020,3,28.4,33.9,57.9,9.2
Maharashtra,Nagpur,2020,4,32.4,24.9,60.1,15.0
Maharashtra,Nagpur,2020,5,33.0,11.6,52.4,11.7
Maharashtra,Nagpur,2020,6,33.7,218.4,73.7,36.0
Maharashtra,Nagpur,2020,7,34.8,236.3,81.7,30.2
Maharashtra,Nagpur,2020,8,29.9,253.8,80.1,31.4
Maharashtra,Nagpur,2020,9,27.9,283.7,80.0,36.7
Maharashtra,Nagpur,2020,10,21.6,31.4,59.2,13.2
Maharashtra,Nagpur,2020,11,20.9,36.7,54.8,10.8
Maharashtra,Nagpur,2020,12,20.1,23.7,53.5,14.6
Maharashtra,Nagpur,2021,1,18.7,17.5,54.6,14.4
Maharashtra,Nagpur,2021,2,23.7,23.2,54.0,7.7
Maharashtra,Nagpur,2021,3,27.4,62.7,52.1,19.7
Maharashtra,Nagpur,2021,4,32.2,14.7,57.2,13.0
Maharashtra,Nagpur,2021,5,35.2,22.3,57.2,14.9
Maharashtra,Nagpur,2021,6,35.0,189.8,77.5,28.1
Maharashtra,Nagpur,2021,7,33.4,256.2,74.2,33.7
Maharashtra,Nagpur,2021,8,31.7,346.5,76.6,45
Maharashtra,Nagpur,2021,9,25.9,278.5,79.4,40.7
Maharashtra,Nagpur,2021,10,22.7,35.1,61.6,14.6
Maharashtra,Nagpur,2021,11,20.5,44.4,53.1,15.1
Maharashtra,Nagpur,2021,12,18.7,28.6,58.6,15.4
Maharashtra,Nagpur,2022,1,20.3,25.0,53.3,17.5
Maharashtra,Nagpur,2022,2,23.2,20.9,53.9,8.0
Maharashtra,Nagpur,2022,3,27.6,64.4,58.7,14.0
Maharashtra,Nagpur,2022,4,31.0,25.4,58.4,16.6
Maharashtra,Nagpur,2022,5,32.7,25.6,52.1,13.8
Maharashtra,Nagpur,2022,6,35.1,197.4,76.2,31.4
Maharashtra,Nagpur,2022,7,35.0,197.9,77.1,32.7
Maharashtra,Nagpur,2022,8,29.9,347.8,81.4,43.2
Maharashtra,Nagpur,2022,9,26.1,210.5,74.2,30.2
Maharashtra,Nagpur,2022,10,23.6,75.4,57.6,22.1
Maharashtra,Nagpur,2022,11,19.9,60.8,52.0,15.3
Maharashtra,Nagpur,2022,12,17.6,8.7,60.1,7.0
Maharashtra,Nagpur,2023,1,19.5,19.1,57.3,7.2
Maharashtra,Nagpur,2023,2,21.8,23.0,56.0,8.2
Maharashtra,Nagpur,2023,3,26.9,45.8,62.0,10.1
Maharashtra,Nagpur,2023,4,30.0,7.2,57.5,15.3
Maharashtra,Nagpur,2023,5,34.8,8.2,57.4,9.4
Maharashtra,Nagpur,2023,6,36.4,313.7,78.0,38.9
Maharashtra,Nagpur,2023,7,33.7,280.5,75.8,38.7
Maharashtra,Nagpur,2023,8,29.8,261.0,81.9,35.1
Maharashtra,Nagpur,2023,9,27.0,322.2,80.1,44.6
Maharashtra,Nagpur,2023,10,22.6,63.6,54.0,17.5
Maharashtra,Nagpur,2023,11,18.6,36.4,53.8,12.2
Maharashtra,Nagpur,2023,12,19.7,5.8,60.8,6.5
Karnataka,Belagavi,2015,1,20.4,25.9,61.1,16.0
Karnataka,Belagavi,2015,2,23.3,14.6,63.6,6.8
Karnataka,Belagavi,2015,3,26.8,51.7,62.8,11.7
Karnataka,Belagavi,2015,4,28.7,16.3,61.1,13.5
Karnataka,Belagavi,2015,5,32.0,17.3,64.7,9.3
Karnataka,Belagavi,2015,6,35.0,308.8,81.7,40.3
Karnataka,Belagavi,2015,7,32.7,231.1,76.2,28.9
Karnataka,Belagavi,2015,8,29.3,184.8,84.0,27.1
Karnataka,Belagavi,2015,9,27.1,246.2,84.0,38.6
Karnataka,Belagavi,2015,10,22.6,42.7,57.4,14.9
Karnataka,Belagavi,2015,11,18.5,59.8,55.4,17.3
Karnataka,Belagavi,2015,12,17.5,14.0,60.4,16.2
Karnataka,Belagavi,2016,1,20.6,12.5,64.6,15.8
Karnataka,Belagavi,2016,2,22.1,17.2,57.0,14.6
Karnataka,Belagavi,2016,3,26.0,56.8,64.2,16.9
Karnataka,Belagavi,2016,4,30.6,16.8,56.3,11.3
Karnataka,Belagavi,2016,5,31.6,8.6,64.8,9.7
Karnataka,Belagavi,2016,6,32.9,226.0,75.6,33.7
Karnataka,Belagavi,2016,7,32.1,191.8,81.4,33.4
Karnataka,Belagavi,2016,8,28.5,270.1,80.8,36.9
Karnataka,Belagavi,2016,9,25.8,159.3,78.5,26.2
Karnataka,Belagavi,2016,10,21.5,67.2,58.4,20.2
Karnataka,Belagavi,2016,11,20.0,58.3,59.9,15.8
Karnataka,Belagavi,2016,12,19.0,7.1,57.2,5.8
Karnataka,Belagavi,2017,1,19.0,14.7,64.6,15.8
Karnataka,Belagavi,2017,2,21.7,15.7,56.1,14.1
Karnataka,Belagavi,2017,3,26.1,30.1,63.8,8.4
Karnataka,Belagavi,2017,4,29.1,15.2,65.0,7.9
Karnataka,Belagavi,2017,5,32.2,22.3,58.4,16.5
Karnataka,Belagavi,2017,6,32.6,195.0,78.1,33.0
Karnataka,Belagavi,2017,7,31.7,263.6,83.9,41.1
Karnataka,Belagavi,2017,8,30.9,165.5,79.8,23.7
Karnataka,Belagavi,2017,9,24.9,195.8,82.4,30.3
Karnataka,Belagavi,2017,10,20.9,35.4,55.7,17.8
Karnataka,Belagavi,2017,11,19.8,43.8,64.6,19.2
Karnataka,Belagavi,2017,12,17.1,10.2,56.9,12.3
Karnataka,Belagavi,2018,1,19.4,16.2,62.7,11.9
Karnataka,Belagavi,2018,2,21.4,19.5,64.5,7.5
Karnataka,Belagavi,2018,3,26.0,28.8,62.5,12.2
Karnataka,Belagavi,2018,4,31.0,19.6,64.6,12.8
Karnataka,Belagavi,2018,5,33.2,26.4,63.0,11.0
Karnataka,Belagavi,2018,6,32.8,302.6,75.6,44.5
Karnataka,Belagavi,2018,7,34.2,261.7,84.5,37.2
Karnataka,Belagavi,2018,8,30.7,251.4,77.2,30.9
Karnataka,Belagavi,2018,9,26.7,228.6,76.2,33.5
Karnataka,Belagavi,2018,10,21.3,34.3,63.8,14.6
Karnataka,Belagavi,2018,11,19.8,59.3,59.4,15.4
Karnataka,Belagavi,2018,12,17.8,12.5,62.8,15.1
Karnataka,Belagavi,2019,1,18.5,20.5,57.2,7.1
Karnataka,Belagavi,2019,2,22.6,22.0,58.3,17.1
Karnataka,Belagavi,2019,3,26.7,36.9,62.6,17.1
Karnataka,Belagavi,2019,4,28.9,25.0,59.3,10.2
Karnataka,Belagavi,2019,5,32.6,16.4,60.3,9.6
Karnataka,Belagavi,2019,6,32.7,256.9,82.2,37.6
Karnataka,Belagavi,2019,7,32.6,292.6,75.2,35.6
Karnataka,Belagavi,2019,8,28.6,244.8,80.2,31.8
Karnataka,Belagavi,2019,9,26.1,158.1,75.4,30.4
Karnataka,Belagavi,2019,10,23.2,25.6,61.6,12.6
Karnataka,Belagavi,2019,11,19.2,60.3,61.4,20.4
Karnataka,Belagavi,2019,12,18.5,25.1,56.2,15.7
Karnataka,Belagavi,2020,1,18.5,25.2,62.9,17.2
Karnataka,Belagavi,2020,2,22.8,13.3,60.2,14.2
Karnataka,Belagavi,2020,3,24.7,46.8,60.7,16.9
Karnataka,Belagavi,2020,4,29.5,18.1,62.4,10.6
Karnataka,Belagavi,2020,5,33.5,24.8,58.7,12.7
Karnataka,Belagavi,2020,6,34.0,289.6,77.7,36.8
Karnataka,Belagavi,2020,7,32.6,260.2,76.5,40.8
Karnataka,Belagavi,2020,8,30.0,272.6,79.1,32.5
Karnataka,Belagavi,2020,9,25.7,247.5,75.9,39.6
Karnataka,Belagavi,2020,10,22.3,43.2,55.3,11.8
Karnataka,Belagavi,2020,11,18.6,51.7,56.7,15.0
Karnataka,Belagavi,2020,12,17.3,17.2,61.9,11.9
Karnataka,Belagavi,2021,1,19.8,18.5,55.8,13.4
Karnataka,Belagavi,2021,2,22.0,21.6,64.4,10.7
Karnataka,Belagavi,2021,3,27.1,32.8,61.5,8.3
Karnataka,Belagavi,2021,4,31.0,14.5,59.5,11.4
Karnataka,Belagavi,2021,5,32.5,9.7,61.9,12.2
Karnataka,Belagavi,2021,6,32.7,200.1,84.3,27.8
Karnataka,Belagavi,2021,7,32.3,248.5,78.7,39.3
Karnataka,Belagavi,2021,8,31.4,177.8,77.2,24.5
Karnataka,Belagavi,2021,9,25.8,202.2,81.7,34.1
Karnataka,Belagavi,2021,10,20.7,23.7,56.1,10.5
Karnataka,Belagavi,2021,11,18.0,41.9,58.6,16.5
Karnataka,Belagavi,2021,12,19.4,26.5,59.2,14.1
Karnataka,Belagavi,2022,1,18.0,18.2,63.8,15.7
Karnataka,Belagavi,2022,2,20.9,8.2,64.0,12.8
Karnataka,Belagavi,2022,3,26.8,25.5,61.2,7.8
Karnataka,Belagavi,2022,4,30.7,22.4,58.2,7.3
Karnataka,Belagavi,2022,5,33.6,27.0,61.2,11.4
Karnataka,Belagavi,2022,6,33.5,285.4,84.7,37.2
Karnataka,Belagavi,2022,7,32.1,314.4,79.3,40.9
Karnataka,Belagavi,2022,8,29.4,271.7,84.8,36.9
Karnataka,Belagavi,2022,9,27.1,220.6,79.2,35.1
Karnataka,Belagavi,2022,10,23.4,56.5,62.0,18.9
Karnataka,Belagavi,2022,11,20.3,65.4,60.3,15.4
Karnataka,Belagavi,2022,12,16.5,16.4,58.6,6.6
Karnataka,Belagavi,2023,1,20.6,11.4,64.3,6.3
Karnataka,Belagavi,2023,2,21.6,22.1,61.7,13.9
Karnataka,Belagavi,2023,3,26.0,26.6,63.3,15.3
Karnataka,Belagavi,2023,4,29.9,17.1,63.0,11.7
Karnataka,Belagavi,2023,5,32.9,15.4,62.4,13.9
Karnataka,Belagavi,2023,6,33.5,279.8,78.8,39.7
Karnataka,Belagavi,2023,7,32.6,299.1,84.4,42.7
Karnataka,Belagavi,2023,8,29.6,212.8,79.3,32.3
Karnataka,Belagavi,2023,9,24.6,243.4,84.3,30.0
Karnataka,Belagavi,2023,10,23.2,48.2,65.0,17.1
Karnataka,Belagavi,2023,11,19.7,56.4,59.2,11.8
Karnataka,Belagavi,2023,12,19.1,24.2,62.2,9.6
Karnataka,Mysuru,2015,1,19.1,16.1,58.6,11.5
Karnataka,Mysuru,2015,2,21.9,26.6,61.3,17.4
Karnataka,Mysuru,2015,3,27.2,30.5,62.7,11.9
Karnataka,Mysuru,2015,4,30.3,17.2,62.4,9.7
Karnataka,Mysuru,2015,5,33.5,12.8,62.8,11.2
Karnataka,Mysuru,2015,6,34.4,314.5,77.8,36.5
Karnataka,Mysuru,2015,7,34.1,240.2,81.5,37.3
Karnataka,Mysuru,2015,8,31.2,218.3,84.9,30.7
Karnataka,Mysuru,2015,9,26.7,288.5,78.6,38.0
Karnataka,Mysuru,2015,10,21.6,37.9,59.1,17.3
Karnataka,Mysuru,2015,11,17.8,67.0,62.9,17.3
Karnataka,Mysuru,2015,12,18.4,11.2,62.6,14.9
Karnataka,Mysuru,2016,1,18.7,15.7,57.2,9.1
Karnataka,Mysuru,2016,2,23.1,18.9,59.5,13.3
Karnataka,Mysuru,2016,3,25.1,22.7,58.6,13.0
Karnataka,Mysuru,2016,4,29.1,16.7,58.3,9.3
Karnataka,Mysuru,2016,5,33.6,12.6,62.4,13.8
Karnataka,Mysuru,2016,6,33.6,162.5,83.4,26.8
Karnataka,Mysuru,2016,7,33.2,265.5,80.5,40.6
Karnataka,Mysuru,2016,8,28.5,310.0,81.2,40.1
Karnataka,Mysuru,2016,9,27.2,298.5,81.0,34.9
Karnataka,Mysuru,2016,10,22.4,41.0,60.7,17.4
Karnataka,Mysuru,2016,11,18.0,60.5,58.1,13.6
Karnataka,Mysuru,2016,12,16.6,6.9,57.7,11.0
Karnataka,Mysuru,2017,1,20.4,8.4,57.9,9.6
Karnataka,Mysuru,2017,2,22.4,12.5,61.7,7.7
Karnataka,Mysuru,2017,3,24.6,48.6,62.2,11.2
Karnataka,Mysuru,2017,4,28.6,19.5,55.7,16.2
Karnataka,Mysuru,2017,5,33.5,8.1,59.1,6.4
Karnataka,Mysuru,2017,6,32.8,212.9,83.8,35.4
Karnataka,Mysuru,2017,7,33.7,257.9,80.8,35.9
Karnataka,Mysuru,2017,8,30.5,235.7,79.0,36.9
Karnataka,Mysuru,2017,9,25.4,221.4,81.8,36.8
Karnataka,Mysuru,2017,10,21.5,42.0,59.0,11.3
Karnataka,Mysuru,2017,11,18.6,58.0,56.9,15.6
Karnataka,Mysuru,2017,12,17.4,17.5,62.7,7.9
Karnataka,Mysuru,2018,1,19.0,8.7,61.5,12.6
Karnataka,Mysuru,2018,2,21.2,9.7,58.0,9.3
Karnataka,Mysuru,2018,3,27.2,61.8,62.9,15.1
Karnataka,Mysuru,2018,4,29.9,9.0,59.6,15.4
Karnataka,Mysuru,2018,5,31.7,13.4,57.0,14.8
Karnataka,Mysuru,2018,6,33.4,234.3,75.5,35.3
Karnataka,Mysuru,2018,7,33.0,283.6,82.2,40.8
Karnataka,Mysuru,2018,8,29.3,197.0,81.0,25.2
Karnataka,Mysuru,2018,9,27.3,271.0,79.9,35.7
Karnataka,Mysuru,2018,10,20.7,47.4,62.7,10.9
Karnataka,Mysuru,2018,11,17.9,53.4,59.7,18.3
Karnataka,Mysuru,2018,12,17.7,26.6,63.7,10.9
Karnataka,Mysuru,2019,1,19.2,17.7,59.5,14.9
Karnataka,Mysuru,2019,2,22.6,22.9,57.5,12.3
Karnataka,Mysuru,2019,3,26.1,48.8,55.2,18.0
Karnataka,Mysuru,2019,4,29.8,8.1,63.5,11.4
Karnataka,Mysuru,2019,5,33.6,21.1,61.2,16.3
Karnataka,Mysuru,2019,6,32.7,210.0,76.6,32.4
Karnataka,Mysuru,2019,7,32.1,162.0,76.4,22.9
Karnataka,Mysuru,2019,8,30.1,229.2,79.6,28.0
Karnataka,Mysuru,2019,9,26.1,197.4,75.9,25.3
Karnataka,Mysuru,2019,10,21.0,40.5,56.7,13.7
Karnataka,Mysuru,2019,11,18.1,55.6,63.8,13.8
Karnataka,Mysuru,2019,12,16.7,26.2,55.8,14.1
Karnataka,Mysuru,2020,1,19.8,15.4,63.9,8.0
Karnataka,Mysuru,2020,2,22.7,24.9,64.0,16.0
Karnataka,Mysuru,2020,3,25.8,45.5,63.5,13.4
Karnataka,Mysuru,2020,4,29.3,5.2,57.0,6.9
Karnataka,Mysuru,2020,5,34.2,11.5,58.5,15.9
Karnataka,Mysuru,2020,6,34.6,225.8,76.1,31.2
Karnataka,Mysuru,2020,7,32.3,306.9,79.2,45
Karnataka,Mysuru,2020,8,29.3,165.0,84.0,22.2
Karnataka,Mysuru,2020,9,26.9,251.3,77.8,38.5
Karnataka,Mysuru,2020,10,21.8,66.8,60.6,21.1
Karnataka,Mysuru,2020,11,20.4,39.4,61.9,16.2
Karnataka,Mysuru,2020,12,18.5,5.0,61.9,13.1
Karnataka,Mysuru,2021,1,18.2,6.6,55.7,11.1
Karnataka,Mysuru,2021,2,20.8,23.6,59.2,17.3
Karnataka,Mysuru,2021,3,26.7,41.8,56.8,13.4
Karnataka,Mysuru,2021,4,30.3,23.9,63.9,10.6
Karnataka,Mysuru,2021,5,31.5,19.5,61.9,13.4
Karnataka,Mysuru,2021,6,34.9,285.4,81.3,41.8
Karnataka,Mysuru,2021,7,31.8,306.5,81.7,36.6
Karnataka,Mysuru,2021,8,29.0,258.5,78.1,40.2
Karnataka,Mysuru,2021,9,25.3,234.0,80.0,37.8
Karnataka,Mysuru,2021,10,21.4,62.6,62.2,17.0
Karnataka,Mysuru,2021,11,20.4,62.3,62.5,16.7
Karnataka,Mysuru,2021,12,16.6,9.5,61.5,7.1
Karnataka,Mysuru,2022,1,19.5,12.3,58.9,14.5
Karnataka,Mysuru,2022,2,23.0,21.3,59.5,12.5
Karnataka,Mysuru,2022,3,27.5,64.2,61.1,12.2
Karnataka,Mysuru,2022,4,31.2,5.5,56.2,12.1
Karnataka,Mysuru,2022,5,32.0,21.5,61.9,8.8
Karnataka,Mysuru,2022,6,35.2,314.7,81.6,45
Karnataka,Mysuru,2022,7,33.8,232.0,83.2,37.6
Karnataka,Mysuru,2022,8,30.6,170.7,78.7,29.1
Karnataka,Mysuru,2022,9,25.6,183.7,79.6,24.8
Karnataka,Mysuru,2022,10,21.9,27.0,62.3,9.8
Karnataka,Mysuru,2022,11,20.4,27.3,61.3,14.2
Karnataka,Mysuru,2022,12,17.1,18.6,60.5,13.0
Karnataka,Mysuru,2023,1,18.1,15.2,63.4,12.7
Karnataka,Mysuru,2023,2,21.2,12.0,63.8,6.7
Karnataka,Mysuru,2023,3,25.9,45.6,59.3,9.6
Karnataka,Mysuru,2023,4,28.8,23.4,59.6,10.3
Karnataka,Mysuru,2023,5,32.8,5.7,55.8,13.9
Karnataka,Mysuru,2023,6,34.8,188.5,78.2,24.6
Karnataka,Mysuru,2023,7,32.4,239.6,82.5,34.0
Karnataka,Mysuru,2023,8,31.0,314.7,80.7,36.9
Karnataka,Mysuru,2023,9,24.9,263.4,76.3,40.3
Karnataka,Mysuru,2023,10,20.7,25.0,65.0,11.6
Karnataka,Mysuru,2023,11,19.2,49.3,56.2,13.3
Karnataka,Mysuru,2023,12,17.6,21.1,62.8,14.1
Karnataka,Raichur,2015,1,18.1,14.9,64.2,8.2
Karnataka,Raichur,2015,2,21.5,18.4,65.0,7.1
Karnataka,Raichur,2015,3,26.6,43.3,60.3,17.7
Karnataka,Raichur,2015,4,28.8,18.0,58.2,14.4
Karnataka,Raichur,2015,5,33.6,13.9,56.5,14.0
Karnataka,Raichur,2015,6,34.6,246.3,82.5,39.1
Karnataka,Raichur,2015,7,32.2,266.1,83.1,34.3
Karnataka,Raichur,2015,8,31.2,206.9,84.6,31.5
Karnataka,Raichur,2015,9,27.4,296.8,82.8,38.4
Karnataka,Raichur,2015,10,21.9,48.9,63.1,14.1
Karnataka,Raichur,2015,11,20.3,32.3,60.2,9.7
Karnataka,Raichur,2015,12,17.0,11.0,55.5,11.8
Karnataka,Raichur,2016,1,19.4,13.4,63.0,11.8
Karnataka,Raichur,2016,2,22.6,6.4,58.3,5.9
Karnataka,Raichur,2016,3,25.0,60.7,56.4,17.0
Karnataka,Raichur,2016,4,29.6,19.6,63.7,15.3
Karnataka,Raichur,2016,5,34.3,26.2,59.0,17.5
Karnataka,Raichur,2016,6,34.8,201.3,78.3,30.4
Karnataka,Raichur,2016,7,34.0,173.1,83.9,29.0
Karnataka,Raichur,2016,8,30.3,221.6,78.8,31.2
Karnataka,Raichur,2016,9,26.6,227.2,82.1,36.5
Karnataka,Raichur,2016,10,20.8,23.3,64.4,9.3
Karnataka,Raichur,2016,11,20.0,40.7,57.2,9.2
Karnataka,Raichur,2016,12,17.8,18.0,55.5,6.9
Karnataka,Raichur,2017,1,18.4,24.3,62.5,10.0
Karnataka,Raichur,2017,2,21.7,13.9,62.1,9.2
Karnataka,Raichur,2017,3,25.6,45.2,57.4,13.8
Karnataka,Raichur,2017,4,30.7,15.9,55.6,10.1
Karnataka,Raichur,2017,5,33.1,9.7,58.9,11.6
Karnataka,Raichur,2017,6,33.6,186.3,83.7,24.3
Karnataka,Raichur,2017,7,34.1,172.5,80.5,27.7
Karnataka,Raichur,2017,8,29.7,256.1,83.8,33.8
Karnataka,Raichur,2017,9,24.7,189.0,83.8,29.9
Karnataka,Raichur,2017,10,22.8,40.0,58.2,15.9
Karnataka,Raichur,2017,11,19.3,63.6,56.6,14.8
Karnataka,Raichur,2017,12,18.6,24.9,59.7,15.4
Karnataka,Raichur,2018,1,17.9,18.9,58.3,13.8
Karnataka,Raichur,2018,2,21.4,8.7,57.7,13.1
Karnataka,Raichur,2018,3,26.6,63.6,59.1,12.0
Karnataka,Raichur,2018,4,30.9,10.3,62.2,10.9
Karnataka,Raichur,2018,5,32.8,5.2,57.3,13.0
Karnataka,Raichur,2018,6,33.9,296.4,83.1,40.0
Karnataka,Raichur,2018,7,34.4,157.9,79.0,26.1
Karnataka,Raichur,2018,8,28.7,294.7,76.5,40.3
Karnataka,Raichur,2018,9,25.3,217.6,79.7,29.7
Karnataka,Raichur,2018,10,21.0,52.5,61.3,11.1
Karnataka,Raichur,2018,11,20.5,27.3,57.2,10.5
Karnataka,Raichur,2018,12,17.6,15.5,64.0,7.6
Karnataka,Raichur,2019,1,19.3,18.5,57.6,10.4
Karnataka,Raichur,2019,2,21.8,24.5,62.8,12.2
Karnataka,Raichur,2019,3,24.7,38.6,63.2,13.2
Karnataka,Raichur,2019,4,29.7,18.9,55.4,13.4
Karnataka,Raichur,2019,5,33.5,7.0,59.2,14.3
Karnataka,Raichur,2019,6,33.3,241.0,78.5,34.6
Karnataka,Raichur,2019,7,32.6,211.7,84.2,33.1
Karnataka,Raichur,2019,8,31.5,210.2,79.7,29.7
Karnataka,Raichur,2019,9,27.1,215.3,81.8,28.3
Karnataka,Raichur,2019,10,22.1,34.6,64.1,12.1
Karnataka,Raichur,2019,11,20.4,48.0,58.4,15.3
Karnataka,Raichur,2019,12,19.3,20.1,63.2,12.7
Karnataka,Raichur,2020,1,19.4,7.6,63.3,12.2
Karnataka,Raichur,2020,2,22.4,11.3,62.6,11.4
Karnataka,Raichur,2020,3,25.5,67.1,62.7,18.5
Karnataka,Raichur,2020,4,31.0,20.2,58.8,16.6
Karnataka,Raichur,2020,5,34.1,19.6,59.3,12.0
Karnataka,Raichur,2020,6,32.6,297.5,83.3,40.7
Karnataka,Raichur,2020,7,32.8,284.1,75.2,37.4
Karnataka,Raichur,2020,8,29.3,253.3,78.5,36.4
Karnataka,Raichur,2020,9,27.2,222.2,76.1,27.3
Karnataka,Raichur,2020,10,23.0,43.6,59.4,9.7
Karnataka,Raichur,2020,11,17.9,22.5,64.0,7.7
Karnataka,Raichur,2020,12,17.5,15.1,60.7,8.7
Karnataka,Raichur,2021,1,19.5,18.9,64.8,7.8
Karnataka,Raichur,2021,2,21.4,6.8,57.9,7.8
Karnataka,Raichur,2021,3,24.6,58.8,57.8,18.3
Karnataka,Raichur,2021,4,30.9,22.4,55.2,13.1
Karnataka,Raichur,2021,5,34.0,18.7,61.0,11.1
Karnataka,Raichur,2021,6,35.0,241.5,78.5,34.1
Karnataka,Raichur,2021,7,32.8,187.0,81.7,32.0
Karnataka,Raichur,2021,8,30.5,159.1,79.1,28.6
Karnataka,Raichur,2021,9,24.9,237.1,81.8,34.1
Karnataka,Raichur,2021,10,21.5,23.3,62.0,9.0
Karnataka,Raichur,2021,11,19.4,46.1,62.2,10.7
Karnataka,Raichur,2021,12,19.4,21.3,63.7,9.0
Karnataka,Raichur,2022,1,19.7,13.0,62.0,13.3
Karnataka,Raichur,2022,2,21.7,25.8,59.4,12.3
Karnataka,Raichur,2022,3,26.6,29.3,64.0,11.3
Karnataka,Raichur,2022,4,31.2,7.8,56.2,11.7
Karnataka,Raichur,2022,5,32.2,14.4,57.0,13.7
Karnataka,Raichur,2022,6,34.7,265.6,76.3,32.0
Karnataka,Raichur,2022,7,33.2,170.3,82.2,27.5
Karnataka,Raichur,2022,8,31.3,286.4,81.6,41.9
Karnataka,Raichur,2022,9,26.0,203.3,75.6,32.4
Karnataka,Raichur,2022,10,22.5,51.0,60.1,14.6
Karnataka,Raichur,2022,11,20.3,39.4,56.4,18.5
Karnataka,Raichur,2022,12,18.8,24.7,64.9,11.8
Karnataka,Raichur,2023,1,18.0,15.6,59.9,10.4
Karnataka,Raichur,2023,2,22.9,10.1,64.7,8.1
Karnataka,Raichur,2023,3,25.4,59.8,57.3,18.2
Karnataka,Raichur,2023,4,29.3,13.7,59.7,8.8
Karnataka,Raichur,2023,5,33.9,25.7,64.2,9.2
Karnataka,Raichur,2023,6,32.6,226.8,82.4,33.2
Karnataka,Raichur,2023,7,34.3,313.0,81.8,38.9
Karnataka,Raichur,2023,8,29.7,167.8,78.9,29.3
Karnataka,Raichur,2023,9,25.4,186.7,80.4,32.6
Karnataka,Raichur,2023,10,22.4,27.5,59.3,10.0
Karnataka,Raichur,2023,11,20.0,41.3,59.4,17.9
Karnataka,Raichur,2023,12,17.4,14.6,64.8,9.5
Karnataka,Davanagere,2015,1,19.2,19.1,58.3,13.2
Karnataka,Davanagere,2015,2,21.8,23.2,60.6,14.6
Karnataka,Davanagere,2015,3,26.2,53.9,58.9,11.9
Karnataka,Davanagere,2015,4,29.6,11.8,55.1,13.9
Karnataka,Davanagere,2015,5,33.0,15.3,62.0,7.2
Karnataka,Davanagere,2015,6,32.9,270.4,75.4,40.7
Karnataka,Davanagere,2015,7,33.0,309.8,83.6,40.1
Karnataka,Davanagere,2015,8,29.5,225.9,82.7,32.2
Karnataka,Davanagere,2015,9,26.7,313.6,82.5,41.5
Karnataka,Davanagere,2015,10,22.7,44.7,60.8,13.7
Karnataka,Davanagere,2015,11,20.4,66.9,60.7,17.3
Karnataka,Davanagere,2015,12,16.8,17.2,64.3,9.1
Karnataka,Davanagere,2016,1,19.9,10.2,62.1,8.8
Karnataka,Davanagere,2016,2,22.3,21.9,55.3,15.6
Karnataka,Davanagere,2016,3,26.1,33.5,58.1,13.9
Karnataka,Davanagere,2016,4,30.7,8.5,55.7,8.2
Karnataka,Davanagere,2016,5,33.3,13.6,62.6,13.6
Karnataka,Davanagere,2016,6,33.6,250.4,76.5,36.1
Karnataka,Davanagere,2016,7,33.4,194.7,81.7,25.9
Karnataka,Davanagere,2016,8,31.4,243.8,84.2,36.1
Karnataka,Davanagere,2016,9,25.1,272.8,81.1,36.1
Karnataka,Davanagere,2016,10,22.6,56.7,61.8,12.9
Karnataka,Davanagere,2016,11,20.5,63.4,59.3,20.6
Karnataka,Davanagere,2016,12,19.5,12.3,56.9,8.7
Karnataka,Davanagere,2017,1,19.0,7.8,57.4,13.1
Karnataka,Davanagere,2017,2,20.6,18.3,59.1,13.9
Karnataka,Davanagere,2017,3,25.3,44.0,57.1,9.6
Karnataka,Davanagere,2017,4,31.1,12.7,58.0,15.6
Karnataka,Davanagere,2017,5,32.5,16.7,56.4,10.8
Karnataka,Davanagere,2017,6,35.1,287.4,83.2,42.9
Karnataka,Davanagere,2017,7,32.1,165.8,76.3,28.1
Karnataka,Davanagere,2017,8,30.1,215.7,82.1,28.8
Karnataka,Davanagere,2017,9,26.3,223.2,76.4,35.1
Karnataka,Davanagere,2017,10,21.1,58.5,62.6,15.2
Karnataka,Davanagere,2017,11,18.9,31.7,56.4,15.1
Karnataka,Davanagere,2017,12,17.6,17.2,58.7,9.4
Karnataka,Davanagere,2018,1,18.1,21.7,59.3,8.7
Karnataka,Davanagere,2018,2,23.1,8.0,57.3,7.4
Karnataka,Davanagere,2018,3,26.2,57.5,55.3,20.0
Karnataka,Davanagere,2018,4,30.6,23.2,59.2,11.7
Karnataka,Davanagere,2018,5,31.7,10.4,63.7,8.9
Karnataka,Davanagere,2018,6,35.2,288.8,84.2,35.3
Karnataka,Davanagere,2018,7,32.7,288.8,78.1,36.3
Karnataka,Davanagere,2018,8,28.6,241.5,80.5,31.3
Karnataka,Davanagere,2018,9,25.3,257.2,76.7,38.6
Karnataka,Davanagere,2018,10,23.1,41.4,56.3,14.8
Karnataka,Davanagere,2018,11,18.5,27.2,62.1,13.3
Karnataka,Davanagere,2018,12,17.3,10.1,62.2,15.2
Karnataka,Davanagere,2019,1,18.6,17.7,57.2,11.4
Karnataka,Davanagere,2019,2,22.2,11.4,61.0,11.6
Karnataka,Davanagere,2019,3,24.6,27.8,59.1,9.3
Karnataka,Davanagere,2019,4,30.1,17.8,61.3,15.6
Karnataka,Davanagere,2019,5,33.3,21.9,56.2,15.9
Karnataka,Davanagere,2019,6,35.3,250.6,83.3,35.6
Karnataka,Davanagere,2019,7,32.7,182.8,79.8,30.4
Karnataka,Davanagere,2019,8,30.9,298.3,80.2,44.3
Karnataka,Davanagere,2019,9,25.6,160.4,79.3,26.5
Karnataka,Davanagere,2019,10,22.8,33.0,55.3,15.5
Karnataka,Davanagere,2019,11,18.1,60.8,60.7,12.4
Karnataka,Davanagere,2019,12,18.1,21.9,57.2,16.7
Karnataka,Davanagere,2020,1,17.7,7.8,60.9,12.5
Karnataka,Davanagere,2020,2,22.3,25.3,57.0,8.0
Karnataka,Davanagere,2020,3,26.1,38.3,59.0,12.8
Karnataka,Davanagere,2020,4,31.1,10.9,61.9,11.8
Karnataka,Davanagere,2020,5,32.3,25.0,57.6,10.5
Karnataka,Davanagere,2020,6,33.1,267.9,81.9,35.4
Karnataka,Davanagere,2020,7,31.8,251.3,78.4,35.6
Karnataka,Davanagere,2020,8,30.5,157.7,75.5,29.0
Karnataka,Davanagere,2020,9,27.1,171.3,77.2,26.4
Karnataka,Davanagere,2020,10,23.0,36.4,64.6,9.5
Karnataka,Davanagere,2020,11,20.3,25.1,61.0,17.2
Karnataka,Davanagere,2020,12,18.7,25.1,58.5,17.1
Karnataka,Davanagere,2021,1,20.3,10.7,62.7,15.2
Karnataka,Davanagere,2021,2,21.1,13.3,62.7,12.1
Karnataka,Davanagere,2021,3,27.3,42.0,59.5,10.9
Karnataka,Davanagere,2021,4,29.3,24.2,57.6,16.4
Karnataka,Davanagere,2021,5,33.8,17.3,58.0,6.7
Karnataka,Davanagere,2021,6,32.9,287.9,84.6,43.4
Karnataka,Davanagere,2021,7,32.3,305.0,79.4,39.2
Karnataka,Davanagere,2021,8,31.2,286.6,81.8,36.5
Karnataka,Davanagere,2021,9,24.8,186.3,77.6,25.6
Karnataka,Davanagere,2021,10,22.2,36.7,57.2,17.4
Karnataka,Davanagere,2021,11,18.7,22.6,55.1,12.8
Karnataka,Davanagere,2021,12,16.6,17.0,55.3,11.4
Karnataka,Davanagere,2022,1,19.4,16.6,57.2,15.1
Karnataka,Davanagere,2022,2,23.4,22.8,64.3,17.0
Karnataka,Davanagere,2022,3,25.6,47.0,59.1,17.6
Karnataka,Davanagere,2022,4,29.0,9.6,59.5,11.4
Karnataka,Davanagere,2022,5,34.4,12.1,55.0,10.1
Karnataka,Davanagere,2022,6,35.1,172.6,80.2,28.3
Karnataka,Davanagere,2022,7,33.9,209.0,81.1,35.4
Karnataka,Davanagere,2022,8,31.4,246.5,78.4,36.2
Karnataka,Davanagere,2022,9,26.7,264.6,81.8,35.3
Karnataka,Davanagere,2022,10,22.6,38.3,57.3,9.8
Karnataka,Davanagere,2022,11,19.2,30.2,57.8,11.0
Karnataka,Davanagere,2022,12,17.6,13.9,64.7,11.7
Karnataka,Davanagere,2023,1,19.2,13.5,60.5,14.5
Karnataka,Davanagere,2023,2,22.1,16.0,58.5,8.5
Karnataka,Davanagere,2023,3,25.1,26.5,57.8,8.1
Karnataka,Davanagere,2023,4,29.7,17.4,56.1,14.3
Karnataka,Davanagere,2023,5,32.8,18.5,59.3,14.8
Karnataka,Davanagere,2023,6,34.5,176.5,80.5,25.3
Karnataka,Davanagere,2023,7,33.7,215.9,77.2,26.9
Karnataka,Davanagere,2023,8,31.5,176.3,77.5,31.9
Karnataka,Davanagere,2023,9,24.7,222.2,79.3,34.0
Karnataka,Davanagere,2023,10,22.8,66.4,58.2,12.5
Karnataka,Davanagere,2023,11,18.2,22.7,57.7,13.5
Karnataka,Davanagere,2023,12,19.2,6.7,57.7,14.6
Tamil Nadu,Thanjavur,2015,1,21.3,14.2,60.7,7.0
Tamil Nadu,Thanjavur,2015,2,23.2,19.4,60.6,12.0
Tamil Nadu,Thanjavur,2015,3,29.0,23.9,62.9,11.5
Tamil Nadu,Thanjavur,2015,4,32.3,22.2,66.8,11.6
Tamil Nadu,Thanjavur,2015,5,34.4,19.6,64.6,16.3
Tamil Nadu,Thanjavur,2015,6,36.1,263.6,86.7,36.2
Tamil Nadu,Thanjavur,2015,7,34.9,276.6,86.0,42.6
Tamil Nadu,Thanjavur,2015,8,31.4,248.4,89.7,38.0
Tamil Nadu,Thanjavur,2015,9,28.2,216.8,81.8,30.8
Tamil Nadu,Thanjavur,2015,10,23.8,44.3,62.6,14.2
Tamil Nadu,Thanjavur,2015,11,21.3,28.6,66.6,15.0
Tamil Nadu,Thanjavur,2015,12,19.1,10.7,60.4,10.8
Tamil Nadu,Thanjavur,2016,1,21.6,14.5,65.9,12.5
Tamil Nadu,Thanjavur,2016,2,22.6,6.0,65.1,14.8
Tamil Nadu,Thanjavur,2016,3,28.6,44.9,62.6,10.8
Tamil Nadu,Thanjavur,2016,4,32.4,22.9,63.9,8.1
Tamil Nadu,Thanjavur,2016,5,34.3,21.5,67.7,11.2
Tamil Nadu,Thanjavur,2016,6,37.2,231.0,80.2,30.2
Tamil Nadu,Thanjavur,2016,7,36.1,283.6,80.9,36.2
Tamil Nadu,Thanjavur,2016,8,31.7,246.3,80.3,38.8
Tamil Nadu,Thanjavur,2016,9,28.1,210.1,80.3,31.7
Tamil Nadu,Thanjavur,2016,10,25.3,57.9,68.6,19.5
Tamil Nadu,Thanjavur,2016,11,21.6,26.5,63.1,13.5
Tamil Nadu,Thanjavur,2016,12,19.7,9.9,60.7,14.6
Tamil Nadu,Thanjavur,2017,1,21.6,11.8,64.7,14.9
Tamil Nadu,Thanjavur,2017,2,22.9,19.7,62.3,16.0
Tamil Nadu,Thanjavur,2017,3,28.9,68.8,63.8,17.0
Tamil Nadu,Thanjavur,2017,4,31.5,13.1,69.5,16.0
Tamil Nadu,Thanjavur,2017,5,36.4,26.3,64.9,14.2
Tamil Nadu,Thanjavur,2017,6,37.2,237.9,89.2,36.8
Tamil Nadu,Thanjavur,2017,7,34.3,226.0,86.9,29.2
Tamil Nadu,Thanjavur,2017,8,31.3,198.4,81.1,33.9
Tamil Nadu,Thanjavur,2017,9,29.5,302.6,85.0,42.7
Tamil Nadu,Thanjavur,2017,10,24.6,44.7,65.2,10.7
Tamil Nadu,Thanjavur,2017,11,20.3,40.1,63.6,15.6
Tamil Nadu,Thanjavur,2017,12,19.2,10.4,68.7,13.9
Tamil Nadu,Thanjavur,2018,1,22.4,23.3,62.0,12.2
Tamil Nadu,Thanjavur,2018,2,25.0,23.9,62.3,12.2
Tamil Nadu,Thanjavur,2018,3,28.3,24.3,62.4,14.8
Tamil Nadu,Thanjavur,2018,4,32.5,15.4,65.7,11.8
Tamil Nadu,Thanjavur,2018,5,34.5,6.8,67.4,13.4
Tamil Nadu,Thanjavur,2018,6,35.8,294.2,88.3,41.3
Tamil Nadu,Thanjavur,2018,7,35.9,326.9,80.4,45
Tamil Nadu,Thanjavur,2018,8,31.9,295.5,87.4,35.5
Tamil Nadu,Thanjavur,2018,9,28.3,181.1,87.3,26.5
Tamil Nadu,Thanjavur,2018,10,23.6,36.7,68.1,15.1
Tamil Nadu,Thanjavur,2018,11,20.5,59.0,61.9,18.9
Tamil Nadu,Thanjavur,2018,12,20.3,22.9,66.2,17.1
Tamil Nadu,Thanjavur,2019,1,21.7,15.8,65.9,12.2
Tamil Nadu,Thanjavur,2019,2,23.4,12.0,68.0,14.4
Tamil Nadu,Thanjavur,2019,3,29.4,56.3,65.0,14.6
Tamil Nadu,Thanjavur,2019,4,32.6,20.2,69.4,14.5
Tamil Nadu,Thanjavur,2019,5,34.6,11.4,60.4,13.9
Tamil Nadu,Thanjavur,2019,6,35.8,231.8,80.5,33.1
Tamil Nadu,Thanjavur,2019,7,36.1,212.3,87.4,33.8
Tamil Nadu,Thanjavur,2019,8,32.5,265.3,82.5,38.3
Tamil Nadu,Thanjavur,2019,9,28.3,327.0,85.2,41.2
Tamil Nadu,Thanjavur,2019,10,25.2,53.4,63.4,16.8
Tamil Nadu,Thanjavur,2019,11,20.0,32.7,68.8,12.9
Tamil Nadu,Thanjavur,2019,12,20.9,9.9,64.7,8.4
Tamil Nadu,Thanjavur,2020,1,22.0,18.9,63.9,10.7
Tamil Nadu,Thanjavur,2020,2,23.1,9.7,66.9,9.1
Tamil Nadu,Thanjavur,2020,3,26.8,42.1,64.5,19.1
Tamil Nadu,Thanjavur,2020,4,31.7,14.3,69.7,13.6
Tamil Nadu,Thanjavur,2020,5,34.8,14.2,62.3,7.9
Tamil Nadu,Thanjavur,2020,6,35.9,272.7,81.1,37.0
Tamil Nadu,Thanjavur,2020,7,33.9,266.3,83.4,38.3
Tamil Nadu,Thanjavur,2020,8,32.8,233.5,83.8,29.1
Tamil Nadu,Thanjavur,2020,9,27.1,269.6,88.1,33.3
Tamil Nadu,Thanjavur,2020,10,25.4,67.2,63.7,17.1
Tamil Nadu,Thanjavur,2020,11,21.6,39.4,63.7,16.2
Tamil Nadu,Thanjavur,2020,12,20.0,15.1,65.6,7.7
Tamil Nadu,Thanjavur,2021,1,21.0,11.7,61.7,11.4
Tamil Nadu,Thanjavur,2021,2,24.6,17.2,65.0,13.4
Tamil Nadu,Thanjavur,2021,3,27.8,70.4,62.1,12.1
Tamil Nadu,Thanjavur,2021,4,32.2,21.3,63.8,11.1
Tamil Nadu,Thanjavur,2021,5,34.5,10.5,67.9,14.7
Tamil Nadu,Thanjavur,2021,6,35.3,260.1,84.6,32.3
Tamil Nadu,Thanjavur,2021,7,35.6,254.7,89.9,39.6
Tamil Nadu,Thanjavur,2021,8,33.2,209.8,81.1,34.1
Tamil Nadu,Thanjavur,2021,9,26.8,280.5,81.8,40.1
Tamil Nadu,Thanjavur,2021,10,22.7,27.9,68.7,12.9
Tamil Nadu,Thanjavur,2021,11,20.9,69.9,67.8,14.2
Tamil Nadu,Thanjavur,2021,12,20.6,13.9,64.6,9.5
Tamil Nadu,Thanjavur,2022,1,20.3,11.9,62.7,8.1
Tamil Nadu,Thanjavur,2022,2,25.1,13.8,65.6,14.5
Tamil Nadu,Thanjavur,2022,3,28.5,31.2,69.5,17.4
Tamil Nadu,Thanjavur,2022,4,33.0,12.6,68.3,12.7
Tamil Nadu,Thanjavur,2022,5,33.5,13.7,67.0,11.8
Tamil Nadu,Thanjavur,2022,6,37.3,297.7,88.4,44.6
Tamil Nadu,Thanjavur,2022,7,34.5,317.2,80.0,44.7
Tamil Nadu,Thanjavur,2022,8,30.8,249.3,84.4,30.6
Tamil Nadu,Thanjavur,2022,9,28.4,297.2,82.2,37.2
Tamil Nadu,Thanjavur,2022,10,24.8,48.9,60.2,13.0
Tamil Nadu,Thanjavur,2022,11,22.4,36.9,62.9,13.2
Tamil Nadu,Thanjavur,2022,12,21.2,24.0,63.9,14.1
Tamil Nadu,Thanjavur,2023,1,19.7,6.3,63.7,12.0
Tamil Nadu,Thanjavur,2023,2,22.9,5.8,68.5,7.4
Tamil Nadu,Thanjavur,2023,3,26.7,27.8,60.8,10.6
Tamil Nadu,Thanjavur,2023,4,32.2,20.3,62.9,12.2
Tamil Nadu,Thanjavur,2023,5,34.4,18.5,61.1,13.1
Tamil Nadu,Thanjavur,2023,6,34.5,319.7,82.1,42.5
Tamil Nadu,Thanjavur,2023,7,34.0,240.1,82.6,35.4
Tamil Nadu,Thanjavur,2023,8,32.8,306.7,89.7,40.2
Tamil Nadu,Thanjavur,2023,9,28.1,224.7,82.9,32.5
Tamil Nadu,Thanjavur,2023,10,25.4,26.4,67.5,10.9
Tamil Nadu,Thanjavur,2023,11,21.4,36.4,67.2,13.6
Tamil Nadu,Thanjavur,2023,12,19.4,15.4,60.0,7.5
Tamil Nadu,Coimbatore,2015,1,22.3,6.7,64.0,12.4
Tamil Nadu,Coimbatore,2015,2,22.6,26.9,62.1,17.3
Tamil Nadu,Coimbatore,2015,3,27.8,51.6,66.0,11.0
Tamil Nadu,Coimbatore,2015,4,32.0,22.5,67.9,14.6
Tamil Nadu,Coimbatore,2015,5,35.5,7.8,64.1,10.9
Tamil Nadu,Coimbatore,2015,6,34.6,293.6,81.0,40.0
Tamil Nadu,Coimbatore,2015,7,34.2,193.3,89.5,30.5
Tamil Nadu,Coimbatore,2015,8,32.7,267.1,85.6,40.4
Tamil Nadu,Coimbatore,2015,9,26.7,229.2,82.2,33.9
Tamil Nadu,Coimbatore,2015,10,23.7,67.5,62.3,14.4
Tamil Nadu,Coimbatore,2015,11,22.3,58.0,64.3,14.5
Tamil Nadu,Coimbatore,2015,12,20.7,8.3,67.2,8.1
Tamil Nadu,Coimbatore,2016,1,22.0,6.5,69.1,14.3
Tamil Nadu,Coimbatore,2016,2,22.6,8.5,69.1,14.0
Tamil Nadu,Coimbatore,2016,3,27.4,61.8,65.8,13.6
Tamil Nadu,Coimbatore,2016,4,32.6,14.6,61.4,15.0
Tamil Nadu,Coimbatore,2016,5,35.6,10.5,64.3,12.9
Tamil Nadu,Coimbatore,2016,6,35.6,209.1,85.3,35.4
Tamil Nadu,Coimbatore,2016,7,33.7,208.1,84.8,35.7
Tamil Nadu,Coimbatore,2016,8,33.5,167.6,86.4,23.1
Tamil Nadu,Coimbatore,2016,9,27.1,188.8,85.0,33.8
Tamil Nadu,Coimbatore,2016,10,25.4,41.2,69.0,16.0
Tamil Nadu,Coimbatore,2016,11,19.8,66.5,62.7,21.4
Tamil Nadu,Coimbatore,2016,12,18.9,26.1,65.1,12.8
Tamil Nadu,Coimbatore,2017,1,20.1,16.3,67.6,12.2
Tamil Nadu,Coimbatore,2017,2,25.4,17.4,69.0,8.1
Tamil Nadu,Coimbatore,2017,3,28.7,52.2,68.8,13.6
Tamil Nadu,Coimbatore,2017,4,31.9,24.1,62.6,11.1
Tamil Nadu,Coimbatore,2017,5,36.0,20.2,64.9,7.2
Tamil Nadu,Coimbatore,2017,6,36.8,235.2,82.4,32.4
Tamil Nadu,Coimbatore,2017,7,33.8,306.0,88.0,45
Tamil Nadu,Coimbatore,2017,8,32.5,193.0,84.2,34.3
Tamil Nadu,Coimbatore,2017,9,26.5,223.1,81.5,29.0
Tamil Nadu,Coimbatore,2017,10,23.3,53.2,60.7,19.0
Tamil Nadu,Coimbatore,2017,11,20.9,32.0,61.0,13.4
Tamil Nadu,Coimbatore,2017,12,19.5,16.6,61.1,10.2
Tamil Nadu,Coimbatore,2018,1,21.1,6.8,65.0,14.1
Tamil Nadu,Coimbatore,2018,2,24.3,7.8,66.3,6.6
Tamil Nadu,Coimbatore,2018,3,26.9,24.2,65.3,9.2
Tamil Nadu,Coimbatore,2018,4,31.3,7.6,69.0,7.2
Tamil Nadu,Coimbatore,2018,5,35.5,23.9,64.5,13.2
Tamil Nadu,Coimbatore,2018,6,35.5,302.3,86.9,36.0
Tamil Nadu,Coimbatore,2018,7,35.5,189.6,84.8,25.8
Tamil Nadu,Coimbatore,2018,8,32.0,275.2,87.3,35.8
Tamil Nadu,Coimbatore,2018,9,26.7,241.1,89.1,34.6
Tamil Nadu,Coimbatore,2018,10,24.4,60.1,66.4,20.5
Tamil Nadu,Coimbatore,2018,11,22.4,58.8,68.1,12.3
Tamil Nadu,Coimbatore,2018,12,19.3,21.6,65.8,15.8
Tamil Nadu,Coimbatore,2019,1,21.9,12.6,61.7,12.8
Tamil Nadu,Coimbatore,2019,2,22.8,16.5,62.8,10.7
Tamil Nadu,Coimbatore,2019,3,28.5,53.8,66.2,11.0
Tamil Nadu,Coimbatore,2019,4,33.2,21.5,69.1,13.3
Tamil Nadu,Coimbatore,2019,5,35.4,25.8,67.5,13.9
Tamil Nadu,Coimbatore,2019,6,34.6,170.2,87.2,30.5
Tamil Nadu,Coimbatore,2019,7,34.6,201.3,84.4,33.5
Tamil Nadu,Coimbatore,2019,8,32.8,187.9,82.0,25.9
Tamil Nadu,Coimbatore,2019,9,28.7,208.0,88.9,29.9
Tamil Nadu,Coimbatore,2019,10,23.1,43.5,61.4,18.1
Tamil Nadu,Coimbatore,2019,11,19.6,43.5,63.8,9.7
Tamil Nadu,Coimbatore,2019,12,19.2,28.2,68.6,12.0
Tamil Nadu,Coimbatore,2020,1,22.2,26.3,68.6,14.9
Tamil Nadu,Coimbatore,2020,2,24.2,16.9,67.2,12.7
Tamil Nadu,Coimbatore,2020,3,29.4,32.3,69.0,15.8
Tamil Nadu,Coimbatore,2020,4,31.8,24.9,62.9,11.4
Tamil Nadu,Coimbatore,2020,5,35.2,27.8,62.4,16.3
Tamil Nadu,Coimbatore,2020,6,36.5,319.2,83.0,43.6
Tamil Nadu,Coimbatore,2020,7,36.1,313.2,87.0,44.7
Tamil Nadu,Coimbatore,2020,8,32.4,258.1,81.9,36.0
Tamil Nadu,Coimbatore,2020,9,29.4,323.5,80.4,40.4
Tamil Nadu,Coimbatore,2020,10,23.2,63.8,61.8,19.0
Tamil Nadu,Coimbatore,2020,11,20.2,39.9,69.7,10.2
Tamil Nadu,Coimbatore,2020,12,20.2,11.3,67.6,6.8
Tamil Nadu,Coimbatore,2021,1,21.6,10.9,69.6,9.4
Tamil Nadu,Coimbatore,2021,2,24.5,5.4,69.4,11.9
Tamil Nadu,Coimbatore,2021,3,29.2,59.1,60.6,18.3
Tamil Nadu,Coimbatore,2021,4,31.6,9.5,68.9,12.6
Tamil Nadu,Coimbatore,2021,5,34.5,6.5,66.5,6.2
Tamil Nadu,Coimbatore,2021,6,35.2,174.3,81.7,29.9
Tamil Nadu,Coimbatore,2021,7,34.2,330.2,82.8,45
Tamil Nadu,Coimbatore,2021,8,32.7,273.2,86.0,33.7
Tamil Nadu,Coimbatore,2021,9,29.0,319.6,85.3,38.8
Tamil Nadu,Coimbatore,2021,10,22.8,35.9,69.7,11.8
Tamil Nadu,Coimbatore,2021,11,20.4,48.7,60.3,17.8
Tamil Nadu,Coimbatore,2021,12,20.8,12.1,60.3,15.2
Tamil Nadu,Coimbatore,2022,1,22.0,22.9,62.1,16.8
Tamil Nadu,Coimbatore,2022,2,24.4,5.5,69.8,12.5
Tamil Nadu,Coimbatore,2022,3,27.1,66.0,66.0,18.0
Tamil Nadu,Coimbatore,2022,4,30.6,9.8,67.9,6.1
Tamil Nadu,Coimbatore,2022,5,34.0,6.4,65.8,7.0
Tamil Nadu,Coimbatore,2022,6,36.9,241.3,87.8,38.3
Tamil Nadu,Coimbatore,2022,7,36.3,198.1,83.6,32.8
Tamil Nadu,Coimbatore,2022,8,31.5,322.2,83.4,43.5
Tamil Nadu,Coimbatore,2022,9,27.3,286.5,82.8,37.9
Tamil Nadu,Coimbatore,2022,10,24.7,63.1,61.4,13.0
Tamil Nadu,Coimbatore,2022,11,20.2,60.2,66.7,18.2
Tamil Nadu,Coimbatore,2022,12,20.9,10.3,65.0,6.1
Tamil Nadu,Coimbatore,2023,1,20.6,19.0,62.6,14.9
Tamil Nadu,Coimbatore,2023,2,23.1,15.2,66.8,8.7
Tamil Nadu,Coimbatore,2023,3,28.5,42.8,60.5,10.3
Tamil Nadu,Coimbatore,2023,4,32.5,24.3,66.8,16.1
Tamil Nadu,Coimbatore,2023,5,35.4,23.2,68.4,13.3
Tamil Nadu,Coimbatore,2023,6,36.1,193.1,82.4,25.2
Tamil Nadu,Coimbatore,2023,7,33.8,231.4,82.9,33.8
Tamil Nadu,Coimbatore,2023,8,33.0,211.0,88.9,34.4
Tamil Nadu,Coimbatore,2023,9,27.1,264.3,82.0,32.1
Tamil Nadu,Coimbatore,2023,10,23.2,33.5,60.1,8.6
Tamil Nadu,Coimbatore,2023,11,22.0,64.8,68.6,12.2
Tamil Nadu,Coimbatore,2023,12,18.6,25.1,63.7,11.0
Tamil Nadu,Salem,2015,1,21.7,17.4,63.3,8.2
Tamil Nadu,Salem,2015,2,22.8,21.7,69.1,7.5
Tamil Nadu,Salem,2015,3,27.2,48.7,62.7,14.8
Tamil Nadu,Salem,2015,4,32.0,11.0,61.2,10.3
Tamil Nadu,Salem,2015,5,35.9,8.0,65.4,13.9
Tamil Nadu,Salem,2015,6,36.2,223.9,89.3,35.2
Tamil Nadu,Salem,2015,7,36.4,216.1,84.8,31.1
Tamil Nadu,Salem,2015,8,33.0,269.3,85.5,37.1
Tamil Nadu,Salem,2015,9,29.2,225.0,81.3,29.3
Tamil Nadu,Salem,2015,10,23.2,28.3,69.8,13.4
Tamil Nadu,Salem,2015,11,22.0,45.3,65.2,11.8
Tamil Nadu,Salem,2015,12,21.2,14.7,64.1,13.9
Tamil Nadu,Salem,2016,1,22.2,28.4,64.8,12.1
Tamil Nadu,Salem,2016,2,25.0,14.8,62.0,11.3
Tamil Nadu,Salem,2016,3,27.4,36.0,67.7,12.1
Tamil Nadu,Salem,2016,4,32.4,11.9,61.1,14.0
Tamil Nadu,Salem,2016,5,35.8,21.5,66.1,8.9
Tamil Nadu,Salem,2016,6,36.0,304.7,87.8,41.4
Tamil Nadu,Salem,2016,7,35.3,194.6,80.6,32.9
Tamil Nadu,Salem,2016,8,30.6,208.4,84.0,32.8
Tamil Nadu,Salem,2016,9,28.6,310.3,89.3,38.8
Tamil Nadu,Salem,2016,10,23.2,29.6,63.3,9.0
Tamil Nadu,Salem,2016,11,22.5,51.1,64.9,10.7
Tamil Nadu,Salem,2016,12,21.2,10.6,67.7,8.1
Tamil Nadu,Salem,2017,1,20.4,8.0,65.3,8.6
Tamil Nadu,Salem,2017,2,24.2,21.7,62.3,8.5
Tamil Nadu,Salem,2017,3,28.0,42.7,64.5,13.0
Tamil Nadu,Salem,2017,4,31.0,7.7,67.3,12.1
Tamil Nadu,Salem,2017,5,35.5,19.9,65.1,9.0
Tamil Nadu,Salem,2017,6,37.2,254.8,84.6,33.1
Tamil Nadu,Salem,2017,7,34.6,329.3,84.1,45
Tamil Nadu,Salem,2017,8,30.9,265.9,82.7,33.9
Tamil Nadu,Salem,2017,9,27.4,232.1,86.4,32.3
Tamil Nadu,Salem,2017,10,25.1,31.1,68.6,12.5
Tamil Nadu,Salem,2017,11,21.9,42.5,62.6,18.2
Tamil Nadu,Salem,2017,12,20.4,21.9,65.2,14.3
Tamil Nadu,Salem,2018,1,22.4,22.3,69.7,10.7
Tamil Nadu,Salem,2018,2,23.4,25.7,68.3,16.5
Tamil Nadu,Salem,2018,3,27.8,43.4,69.5,11.4
Tamil Nadu,Salem,2018,4,31.0,8.8,63.0,10.1
Tamil Nadu,Salem,2018,5,34.6,15.7,60.4,10.0
Tamil Nadu,Salem,2018,6,36.0,175.2,84.8,31.6
Tamil Nadu,Salem,2018,7,35.4,323.5,88.6,42.3
Tamil Nadu,Salem,2018,8,30.6,176.1,85.8,31.0
Tamil Nadu,Salem,2018,9,27.5,188.1,87.6,29.2
Tamil Nadu,Salem,2018,10,23.9,29.8,65.5,13.7
Tamil Nadu,Salem,2018,11,21.7,66.6,60.8,20.0
Tamil Nadu,Salem,2018,12,19.5,14.6,63.4,14.5
Tamil Nadu,Salem,2019,1,20.9,6.4,64.7,7.1
Tamil Nadu,Salem,2019,2,22.5,6.0,63.8,10.1
Tamil Nadu,Salem,2019,3,26.5,30.2,69.0,13.5
Tamil Nadu,Salem,2019,4,33.4,17.6,69.5,13.7
Tamil Nadu,Salem,2019,5,34.6,5.9,61.5,13.5
Tamil Nadu,Salem,2019,6,36.5,215.7,81.6,33.0
Tamil Nadu,Salem,2019,7,36.2,207.5,90.0,31.1
Tamil Nadu,Salem,2019,8,31.1,196.6,87.1,33.9
Tamil Nadu,Salem,2019,9,27.1,205.8,81.4,27.7
Tamil Nadu,Salem,2019,10,23.2,43.6,62.4,16.0
Tamil Nadu,Salem,2019,11,20.3,36.4,64.2,10.3
Tamil Nadu,Salem,2019,12,18.7,6.9,60.0,12.4
Tamil Nadu,Salem,2020,1,19.7,16.1,68.9,12.8
Tamil Nadu,Salem,2020,2,23.4,14.3,64.3,9.6
Tamil Nadu,Salem,2020,3,26.7,31.2,61.4,10.2
Tamil Nadu,Salem,2020,4,31.5,7.2,66.2,7.7
Tamil Nadu,Salem,2020,5,35.0,21.2,65.0,14.5
Tamil Nadu,Salem,2020,6,36.8,240.7,82.1,29.5
Tamil Nadu,Salem,2020,7,35.5,227.4,82.9,28.6
Tamil Nadu,Salem,2020,8,31.0,314.5,84.7,44.9
Tamil Nadu,Salem,2020,9,29.0,207.5,82.3,34.6
Tamil Nadu,Salem,2020,10,23.2,52.2,69.4,14.9
Tamil Nadu,Salem,2020,11,20.8,69.2,68.6,21.2
Tamil Nadu,Salem,2020,12,20.6,10.1,60.5,6.2
Tamil Nadu,Salem,2021,1,22.3,17.6,68.8,16.3
Tamil Nadu,Salem,2021,2,23.2,27.8,62.7,9.6
Tamil Nadu,Salem,2021,3,27.3,71.0,69.4,15.6
Tamil Nadu,Salem,2021,4,31.9,24.3,68.0,16.4
Tamil Nadu,Salem,2021,5,34.5,10.3,65.1,15.4
Tamil Nadu,Salem,2021,6,36.3,311.2,82.0,41.2
Tamil Nadu,Salem,2021,7,36.2,261.1,87.9,39.2
Tamil Nadu,Salem,2021,8,31.8,280.9,86.9,37.5
Tamil Nadu,Salem,2021,9,28.1,300.9,88.8,45.0
Tamil Nadu,Salem,2021,10,23.6,55.9,65.5,19.1
Tamil Nadu,Salem,2021,11,20.3,45.9,62.6,17.6
Tamil Nadu,Salem,2021,12,20.6,4.9,61.1,6.9
Tamil Nadu,Salem,2022,1,21.3,23.2,63.4,8.1
Tamil Nadu,Salem,2022,2,24.3,19.3,64.3,9.6
Tamil Nadu,Salem,2022,3,27.5,34.8,68.1,12.3
Tamil Nadu,Salem,2022,4,32.6,17.8,62.3,9.6
Tamil Nadu,Salem,2022,5,35.4,25.2,69.2,9.1
Tamil Nadu,Salem,2022,6,35.3,182.7,81.9,27.1
Tamil Nadu,Salem,2022,7,35.6,318.5,85.9,38.3
Tamil Nadu,Salem,2022,8,31.6,190.1,82.8,29.8
Tamil Nadu,Salem,2022,9,28.0,194.9,82.8,33.4
Tamil Nadu,Salem,2022,10,24.4,52.3,63.2,13.2
Tamil Nadu,Salem,2022,11,21.9,24.5,66.5,17.0
Tamil Nadu,Salem,2022,12,20.4,5.9,60.3,13.4
Tamil Nadu,Salem,2023,1,20.1,14.8,66.5,13.2
Tamil Nadu,Salem,2023,2,23.4,21.0,69.1,11.8
Tamil Nadu,Salem,2023,3,27.7,56.3,68.7,17.5
Tamil Nadu,Salem,2023,4,33.3,23.3,69.6,9.8
Tamil Nadu,Salem,2023,5,35.4,9.7,61.2,9.4
Tamil Nadu,Salem,2023,6,37.3,215.2,83.1,35.8
Tamil Nadu,Salem,2023,7,36.4,292.2,83.5,42.5
Tamil Nadu,Salem,2023,8,30.7,167.9,80.6,25.1
Tamil Nadu,Salem,2023,9,27.2,309.1,84.5,44.4
Tamil Nadu,Salem,2023,10,24.0,41.4,63.4,9.6
Tamil Nadu,Salem,2023,11,20.9,68.9,69.7,21.2
Tamil Nadu,Salem,2023,12,18.8,15.3,68.3,8.1
Tamil Nadu,Erode,2015,1,19.8,9.6,60.8,13.4
Tamil Nadu,Erode,2015,2,24.6,28.2,60.5,14.9
Tamil Nadu,Erode,2015,3,28.9,32.2,60.8,18.0
Tamil Nadu,Erode,2015,4,32.9,6.4,61.9,12.2
Tamil Nadu,Erode,2015,5,33.9,15.1,61.5,7.4
Tamil Nadu,Erode,2015,6,36.0,256.4,88.5,30.7
Tamil Nadu,Erode,2015,7,34.5,178.2,85.5,24.5
Tamil Nadu,Erode,2015,8,31.5,327.4,86.5,44.4
Tamil Nadu,Erode,2015,9,28.3,199.8,86.8,34.7
Tamil Nadu,Erode,2015,10,22.8,63.6,63.4,13.4
Tamil Nadu,Erode,2015,11,21.5,64.2,61.7,13.4
Tamil Nadu,Erode,2015,12,20.0,9.6,65.1,15.9
Tamil Nadu,Erode,2016,1,19.6,14.9,62.0,8.2
Tamil Nadu,Erode,2016,2,24.3,27.3,64.7,13.3
Tamil Nadu,Erode,2016,3,28.6,64.6,69.7,14.8
Tamil Nadu,Erode,2016,4,31.0,26.5,66.1,16.5
Tamil Nadu,Erode,2016,5,33.9,23.5,61.2,8.7
Tamil Nadu,Erode,2016,6,34.9,226.4,84.2,34.2
Tamil Nadu,Erode,2016,7,36.2,237.7,85.8,32.9
Tamil Nadu,Erode,2016,8,31.6,210.3,80.1,28.6
Tamil Nadu,Erode,2016,9,28.7,299.1,86.9,39.3
Tamil Nadu,Erode,2016,10,23.7,32.7,62.4,18.3
Tamil Nadu,Erode,2016,11,21.3,42.9,65.4,14.2
Tamil Nadu,Erode,2016,12,19.4,14.7,64.3,15.5
Tamil Nadu,Erode,2017,1,22.2,11.6,64.6,8.4
Tamil Nadu,Erode,2017,2,25.4,8.0,64.8,5.9
Tamil Nadu,Erode,2017,3,27.9,45.6,60.1,11.1
Tamil Nadu,Erode,2017,4,32.0,16.0,63.0,7.1
Tamil Nadu,Erode,2017,5,34.4,13.0,61.0,12.3
Tamil Nadu,Erode,2017,6,35.2,254.7,87.1,30.6
Tamil Nadu,Erode,2017,7,34.9,272.2,88.9,39.1
Tamil Nadu,Erode,2017,8,33.0,276.4,82.2,40.8
Tamil Nadu,Erode,2017,9,28.8,247.2,89.3,30.2
Tamil Nadu,Erode,2017,10,25.2,40.7,65.4,17.0
Tamil Nadu,Erode,2017,11,20.1,47.3,60.2,10.1
Tamil Nadu,Erode,2017,12,21.4,10.0,64.3,7.2
Tamil Nadu,Erode,2018,1,22.4,16.8,68.6,9.4
Tamil Nadu,Erode,2018,2,23.9,10.6,65.9,13.1
Tamil Nadu,Erode,2018,3,28.2,51.5,63.1,19.7
Tamil Nadu,Erode,2018,4,30.6,8.7,66.7,15.6
Tamil Nadu,Erode,2018,5,36.0,10.6,69.4,10.6
Tamil Nadu,Erode,2018,6,36.2,273.9,86.2,41.2
Tamil Nadu,Erode,2018,7,36.1,218.8,88.9,30.0
Tamil Nadu,Erode,2018,8,32.6,192.5,86.4,27.3
Tamil Nadu,Erode,2018,9,29.5,276.8,83.9,42.3
Tamil Nadu,Erode,2018,10,22.8,59.2,66.5,11.1
Tamil Nadu,Erode,2018,11,21.0,29.3,70.0,8.9
Tamil Nadu,Erode,2018,12,20.4,17.7,61.3,16.1
Tamil Nadu,Erode,2019,1,21.3,19.4,62.6,8.5
Tamil Nadu,Erode,2019,2,23.5,5.6,62.0,10.5
Tamil Nadu,Erode,2019,3,27.7,59.9,61.4,13.0
Tamil Nadu,Erode,2019,4,32.1,21.1,63.1,9.2
Tamil Nadu,Erode,2019,5,33.8,13.4,63.8,14.3
Tamil Nadu,Erode,2019,6,35.2,222.9,87.5,29.4
Tamil Nadu,Erode,2019,7,33.5,327.9,89.1,40.9
Tamil Nadu,Erode,2019,8,31.4,242.7,82.1,37.1
Tamil Nadu,Erode,2019,9,29.2,284.6,84.0,41.9
Tamil Nadu,Erode,2019,10,25.3,32.5,66.7,10.0
Tamil Nadu,Erode,2019,11,22.5,61.5,64.1,18.6
Tamil Nadu,Erode,2019,12,19.4,6.3,65.1,6.4
Tamil Nadu,Erode,2020,1,20.9,25.0,65.8,10.2
Tamil Nadu,Erode,2020,2,23.1,18.0,65.1,15.8
Tamil Nadu,Erode,2020,3,27.0,45.9,64.5,13.4
Tamil Nadu,Erode,2020,4,31.1,13.9,65.4,8.3
Tamil Nadu,Erode,2020,5,34.4,17.3,69.4,11.6
Tamil Nadu,Erode,2020,6,35.5,172.0,85.2,25.6
Tamil Nadu,Erode,2020,7,33.8,245.1,86.2,33.0
Tamil Nadu,Erode,2020,8,32.7,271.3,80.6,32.6
Tamil Nadu,Erode,2020,9,28.1,266.9,85.6,34.0
Tamil Nadu,Erode,2020,10,23.5,57.8,64.0,16.1
Tamil Nadu,Erode,2020,11,20.3,53.6,64.8,10.4
Tamil Nadu,Erode,2020,12,20.8,23.8,69.9,16.8
Tamil Nadu,Erode,2021,1,21.7,15.8,62.7,13.6
Tamil Nadu,Erode,2021,2,23.8,12.4,61.2,12.3
Tamil Nadu,Erode,2021,3,28.6,60.3,61.5,13.1
Tamil Nadu,Erode,2021,4,32.4,7.8,68.9,15.1
Tamil Nadu,Erode,2021,5,35.3,11.0,65.6,13.8
Tamil Nadu,Erode,2021,6,35.5,274.2,86.0,41.5
Tamil Nadu,Erode,2021,7,35.8,277.5,85.4,41.6
Tamil Nadu,Erode,2021,8,32.3,280.8,83.1,34.2
Tamil Nadu,Erode,2021,9,28.2,203.2,89.7,27.5
Tamil Nadu,Erode,2021,10,25.2,39.6,61.9,14.7
Tamil Nadu,Erode,2021,11,20.5,71.0,66.2,13.1
Tamil Nadu,Erode,2021,12,19.4,7.4,64.9,11.0
Tamil Nadu,Erode,2022,1,20.5,20.7,64.4,15.3
Tamil Nadu,Erode,2022,2,24.5,10.9,68.3,6.4
Tamil Nadu,Erode,2022,3,27.2,25.1,69.5,12.9
Tamil Nadu,Erode,2022,4,33.0,28.3,60.9,16.8
Tamil Nadu,Erode,2022,5,33.5,21.4,67.9,11.0
Tamil Nadu,Erode,2022,6,37.2,293.7,85.0,37.2
Tamil Nadu,Erode,2022,7,33.9,178.9,85.4,28.1
Tamil Nadu,Erode,2022,8,31.1,254.4,80.8,33.5
Tamil Nadu,Erode,2022,9,28.5,191.4,85.2,25.5
Tamil Nadu,Erode,2022,10,25.1,33.8,69.3,17.6
Tamil Nadu,Erode,2022,11,22.5,37.2,66.8,9.4
Tamil Nadu,Erode,2022,12,21.4,21.2,60.4,8.5
Tamil Nadu,Erode,2023,1,19.9,13.0,69.4,14.2
Tamil Nadu,Erode,2023,2,23.5,24.0,60.1,12.8
Tamil Nadu,Erode,2023,3,27.7,27.3,69.2,14.3
Tamil Nadu,Erode,2023,4,33.5,20.0,66.2,8.3
Tamil Nadu,Erode,2023,5,34.9,26.0,65.6,14.0
Tamil Nadu,Erode,2023,6,35.9,225.8,80.1,29.8
Tamil Nadu,Erode,2023,7,34.0,181.4,80.5,30.7
Tamil Nadu,Erode,2023,8,33.5,282.2,88.3,35.3
Tamil Nadu,Erode,2023,9,29.0,229.5,88.5,30.3
Tamil Nadu,Erode,2023,10,23.4,48.8,62.2,12.5
Tamil Nadu,Erode,2023,11,21.8,61.2,69.8,17.7
Tamil Nadu,Erode,2023,12,19.6,15.9,65.9,12.5
West Bengal,Bardhaman,2015,1,21.3,28.8,74.6,12.7
West Bengal,Bardhaman,2015,2,22.8,8.6,68.2,10.7
West Bengal,Bardhaman,2015,3,25.5,70.5,66.2,14.7
West Bengal,Bardhaman,2015,4,32.2,41.8,66.1,15.1
West Bengal,Bardhaman,2015,5,33.9,9.5,68.0,11.3
West Bengal,Bardhaman,2015,6,34.8,412.1,85.7,45
West Bengal,Bardhaman,2015,7,34.3,312.3,90.7,45
West Bengal,Bardhaman,2015,8,32.2,424.4,90.2,45
West Bengal,Bardhaman,2015,9,26.9,448.0,88.7,45
West Bengal,Bardhaman,2015,10,23.7,81.4,71.0,17.0
West Bengal,Bardhaman,2015,11,19.6,86.6,69.5,18.1
West Bengal,Bardhaman,2015,12,18.6,18.4,71.3,15.6
West Bengal,Bardhaman,2016,1,19.2,31.9,70.3,14.6
West Bengal,Bardhaman,2016,2,23.5,22.5,65.1,10.9
West Bengal,Bardhaman,2016,3,27.1,84.7,74.3,20.0
West Bengal,Bardhaman,2016,4,31.5,20.6,72.9,8.4
West Bengal,Bardhaman,2016,5,35.1,25.9,69.5,14.5
West Bengal,Bardhaman,2016,6,35.1,523.9,86.2,45
West Bengal,Bardhaman,2016,7,34.2,321.9,87.3,45
West Bengal,Bardhaman,2016,8,31.1,339.4,88.6,41.2
West Bengal,Bardhaman,2016,9,26.3,297.9,94.8,42.1
West Bengal,Bardhaman,2016,10,22.6,45.7,74.8,18.5
West Bengal,Bardhaman,2016,11,18.9,102.7,70.5,25.1
West Bengal,Bardhaman,2016,12,18.8,23.8,65.1,13.1
West Bengal,Bardhaman,2017,1,19.3,40.5,67.2,17.9
West Bengal,Bardhaman,2017,2,22.5,37.7,72.1,18.1
West Bengal,Bardhaman,2017,3,27.2,64.5,67.6,13.8
West Bengal,Bardhaman,2017,4,29.8,18.7,68.2,15.1
West Bengal,Bardhaman,2017,5,32.4,26.3,70.1,9.2
West Bengal,Bardhaman,2017,6,35.6,316.9,92.4,38.4
West Bengal,Bardhaman,2017,7,35.1,344.4,85.9,40.9
West Bengal,Bardhaman,2017,8,30.1,297.2,88.1,44.4
West Bengal,Bardhaman,2017,9,26.6,365.9,92.5,42.3
West Bengal,Bardhaman,2017,10,21.8,102.7,68.3,17.0
West Bengal,Bardhaman,2017,11,19.1,93.3,74.8,18.3
West Bengal,Bardhaman,2017,12,19.6,24.8,67.0,10.6
West Bengal,Bardhaman,2018,1,19.6,16.9,72.9,7.6
West Bengal,Bardhaman,2018,2,22.7,35.1,65.3,18.1
West Bengal,Bardhaman,2018,3,27.3,86.4,66.9,15.7
West Bengal,Bardhaman,2018,4,32.0,44.1,65.1,17.6
West Bengal,Bardhaman,2018,5,33.0,10.4,71.0,7.0
West Bengal,Bardhaman,2018,6,36.0,484.1,87.9,45
West Bengal,Bardhaman,2018,7,34.0,459.2,85.4,45
West Bengal,Bardhaman,2018,8,29.9,361.7,86.6,42.0
West Bengal,Bardhaman,2018,9,27.1,341.1,94.1,45
West Bengal,Bardhaman,2018,10,23.7,75.9,71.5,15.9
West Bengal,Bardhaman,2018,11,20.0,78.6,69.2,17.3
West Bengal,Bardhaman,2018,12,20.1,44.6,72.4,18.0
West Bengal,Bardhaman,2019,1,19.5,10.3,67.2,11.0
West Bengal,Bardhaman,2019,2,23.8,35.0,74.2,16.3
West Bengal,Bardhaman,2019,3,26.4,41.6,69.8,12.5
West Bengal,Bardhaman,2019,4,32.1,41.5,70.4,16.9
West Bengal,Bardhaman,2019,5,34.6,27.0,69.4,17.2
West Bengal,Bardhaman,2019,6,35.9,412.4,94.9,45
West Bengal,Bardhaman,2019,7,34.7,406.9,88.2,45
West Bengal,Bardhaman,2019,8,31.2,490.6,86.8,45
West Bengal,Bardhaman,2019,9,28.5,313.4,90.5,41.2
West Bengal,Bardhaman,2019,10,22.5,46.5,67.7,19.1
West Bengal,Bardhaman,2019,11,21.1,108.9,70.0,20.9
West Bengal,Bardhaman,2019,12,17.7,23.5,70.8,17.3
West Bengal,Bardhaman,2020,1,18.8,32.1,65.5,17.9
West Bengal,Bardhaman,2020,2,22.1,33.5,71.3,10.4
West Bengal,Bardhaman,2020,3,26.9,69.2,66.8,15.9
West Bengal,Bardhaman,2020,4,29.7,34.0,74.7,13.8
West Bengal,Bardhaman,2020,5,33.6,26.8,66.4,15.1
West Bengal,Bardhaman,2020,6,35.6,289.8,88.8,35.2
West Bengal,Bardhaman,2020,7,34.5,266.4,93.7,32.3
West Bengal,Bardhaman,2020,8,32.0,312.9,90.3,43.4
West Bengal,Bardhaman,2020,9,28.3,492.2,86.5,45
West Bengal,Bardhaman,2020,10,22.8,50.1,69.6,19.4
West Bengal,Bardhaman,2020,11,18.6,89.9,70.4,22.8
West Bengal,Bardhaman,2020,12,18.9,16.8,73.5,7.8
West Bengal,Bardhaman,2021,1,20.6,18.5,65.5,8.5
West Bengal,Bardhaman,2021,2,24.1,13.4,74.2,7.8
West Bengal,Bardhaman,2021,3,28.3,41.4,71.6,14.5
West Bengal,Bardhaman,2021,4,31.3,42.2,67.3,19.2
West Bengal,Bardhaman,2021,5,34.1,37.8,67.5,18.8
West Bengal,Bardhaman,2021,6,35.7,386.2,87.2,45
West Bengal,Bardhaman,2021,7,34.1,522.2,93.8,45
West Bengal,Bardhaman,2021,8,31.7,306.6,93.3,42.8
West Bengal,Bardhaman,2021,9,25.8,280.7,86.0,35.3
West Bengal,Bardhaman,2021,10,23.8,95.1,71.9,18.2
West Bengal,Bardhaman,2021,11,21.4,48.9,67.3,14.3
West Bengal,Bardhaman,2021,12,18.3,35.1,73.3,15.9
West Bengal,Bardhaman,2022,1,19.5,29.3,68.2,13.4
West Bengal,Bardhaman,2022,2,23.1,13.2,73.5,14.4
West Bengal,Bardhaman,2022,3,27.8,44.4,67.3,16.9
West Bengal,Bardhaman,2022,4,31.9,30.7,74.3,12.3
West Bengal,Bardhaman,2022,5,33.1,25.3,68.0,11.3
West Bengal,Bardhaman,2022,6,35.8,347.4,92.1,45
West Bengal,Bardhaman,2022,7,32.5,396.5,93.7,45
West Bengal,Bardhaman,2022,8,32.1,430.3,94.9,45
West Bengal,Bardhaman,2022,9,26.8,314.4,92.6,39.4
West Bengal,Bardhaman,2022,10,23.5,86.7,65.2,19.8
West Bengal,Bardhaman,2022,11,19.6,56.5,71.5,17.0
West Bengal,Bardhaman,2022,12,18.1,34.2,65.8,9.0
West Bengal,Bardhaman,2023,1,21.2,42.3,74.5,19.2
West Bengal,Bardhaman,2023,2,23.7,28.8,70.3,13.2
West Bengal,Bardhaman,2023,3,28.3,110.0,69.4,18.0
West Bengal,Bardhaman,2023,4,31.1,23.4,73.1,16.6
West Bengal,Bardhaman,2023,5,34.3,10.6,70.3,7.3
West Bengal,Bardhaman,2023,6,35.1,477.4,91.7,45
West Bengal,Bardhaman,2023,7,32.9,506.9,93.7,45
West Bengal,Bardhaman,2023,8,29.7,440.1,89.0,45
West Bengal,Bardhaman,2023,9,26.6,334.7,86.4,45.0
West Bengal,Bardhaman,2023,10,23.1,69.8,72.5,17.0
West Bengal,Bardhaman,2023,11,19.1,57.6,70.6,17.4
West Bengal,Bardhaman,2023,12,19.4,35.5,68.6,16.2
West Bengal,Hooghly,2015,1,20.3,17.0,66.3,13.0
West Bengal,Hooghly,2015,2,24.0,43.2,73.2,17.5
West Bengal,Hooghly,2015,3,27.3,55.9,68.0,19.2
West Bengal,Hooghly,2015,4,30.3,25.7,70.5,7.7
West Bengal,Hooghly,2015,5,32.8,15.0,73.0,14.4
West Bengal,Hooghly,2015,6,33.8,305.1,94.9,37.2
West Bengal,Hooghly,2015,7,34.8,416.4,93.7,45
West Bengal,Hooghly,2015,8,29.8,464.5,92.2,45
West Bengal,Hooghly,2015,9,28.3,339.2,89.6,44.2
West Bengal,Hooghly,2015,10,23.2,80.3,65.7,21.6
West Bengal,Hooghly,2015,11,20.1,44.9,70.0,11.4
West Bengal,Hooghly,2015,12,18.8,34.5,72.5,10.1
West Bengal,Hooghly,2016,1,19.4,43.8,71.3,11.2
West Bengal,Hooghly,2016,2,23.3,16.8,65.7,13.3
West Bengal,Hooghly,2016,3,25.8,48.0,71.8,19.5
West Bengal,Hooghly,2016,4,29.7,35.6,66.4,9.1
West Bengal,Hooghly,2016,5,32.5,8.3,72.3,14.9
West Bengal,Hooghly,2016,6,33.5,301.9,85.5,39.3
West Bengal,Hooghly,2016,7,33.4,312.9,93.2,37.3
West Bengal,Hooghly,2016,8,31.4,300.2,91.5,36.3
West Bengal,Hooghly,2016,9,26.1,522.1,87.7,45
West Bengal,Hooghly,2016,10,23.5,112.4,70.5,17.4
West Bengal,Hooghly,2016,11,20.6,88.8,70.8,17.7
West Bengal,Hooghly,2016,12,20.0,9.9,70.5,11.4
West Bengal,Hooghly,2017,1,21.3,36.7,67.4,12.5
West Bengal,Hooghly,2017,2,23.3,21.8,65.6,17.1
West Bengal,Hooghly,2017,3,26.9,48.0,66.5,10.0
West Bengal,Hooghly,2017,4,32.2,12.7,70.6,15.7
West Bengal,Hooghly,2017,5,34.7,29.7,67.8,14.7
West Bengal,Hooghly,2017,6,35.9,316.8,87.3,40.8
West Bengal,Hooghly,2017,7,34.2,496.1,90.9,45
West Bengal,Hooghly,2017,8,31.7,302.0,86.1,35.3
West Bengal,Hooghly,2017,9,27.2,414.3,89.6,45
West Bengal,Hooghly,2017,10,22.1,53.3,70.8,14.4
West Bengal,Hooghly,2017,11,20.1,106.1,69.7,23.0
West Bengal,Hooghly,2017,12,17.7,25.9,65.5,9.6
West Bengal,Hooghly,2018,1,19.1,21.9,66.6,16.5
West Bengal,Hooghly,2018,2,22.4,18.9,65.7,10.6
West Bengal,Hooghly,2018,3,27.9,78.5,73.9,19.0
West Bengal,Hooghly,2018,4,31.4,23.5,73.4,11.8
West Bengal,Hooghly,2018,5,32.8,15.9,73.0,7.2
West Bengal,Hooghly,2018,6,34.0,427.1,91.8,45
West Bengal,Hooghly,2018,7,34.4,372.7,90.9,42.7
West Bengal,Hooghly,2018,8,30.7,518.2,90.8,45
West Bengal,Hooghly,2018,9,27.4,518.8,89.7,45
West Bengal,Hooghly,2018,10,24.0,101.3,67.3,21.8
West Bengal,Hooghly,2018,11,19.5,64.0,73.0,15.0
West Bengal,Hooghly,2018,12,20.2,25.7,73.7,8.9
West Bengal,Hooghly,2019,1,19.8,8.8,73.6,14.8
West Bengal,Hooghly,2019,2,23.0,24.9,74.7,11.4
West Bengal,Hooghly,2019,3,26.4,47.8,74.2,17.8
West Bengal,Hooghly,2019,4,31.1,34.9,73.4,15.2
West Bengal,Hooghly,2019,5,32.8,31.8,73.7,12.9
West Bengal,Hooghly,2019,6,34.8,431.7,86.9,45
West Bengal,Hooghly,2019,7,34.5,523.2,86.1,45
West Bengal,Hooghly,2019,8,31.0,272.4,86.6,35.3
West Bengal,Hooghly,2019,9,27.6,297.3,88.7,40.9
West Bengal,Hooghly,2019,10,23.8,112.2,73.4,18.1
West Bengal,Hooghly,2019,11,20.2,83.0,70.5,19.3
West Bengal,Hooghly,2019,12,18.6,16.4,71.7,15.4
West Bengal,Hooghly,2020,1,20.6,32.2,74.6,10.8
West Bengal,Hooghly,2020,2,23.2,38.5,71.5,8.9
West Bengal,Hooghly,2020,3,27.0,98.8,67.0,18.8
West Bengal,Hooghly,2020,4,32.4,24.5,70.4,13.4
West Bengal,Hooghly,2020,5,35.0,24.6,74.0,14.5
West Bengal,Hooghly,2020,6,34.7,423.9,88.0,45
West Bengal,Hooghly,2020,7,33.9,274.5,88.0,40.9
West Bengal,Hooghly,2020,8,32.4,314.5,86.7,40.0
West Bengal,Hooghly,2020,9,26.9,299.7,93.1,36.5
West Bengal,Hooghly,2020,10,23.1,57.9,71.5,12.0
West Bengal,Hooghly,2020,11,20.1,101.1,65.2,17.0
West Bengal,Hooghly,2020,12,17.7,38.9,71.7,11.3
West Bengal,Hooghly,2021,1,21.3,14.0,69.9,13.7
West Bengal,Hooghly,2021,2,23.3,10.0,65.5,7.8
West Bengal,Hooghly,2021,3,28.3,104.9,68.0,16.0
West Bengal,Hooghly,2021,4,31.4,14.9,73.9,15.7
West Bengal,Hooghly,2021,5,34.8,36.6,72.8,17.0
West Bengal,Hooghly,2021,6,34.6,452.0,85.1,45
West Bengal,Hooghly,2021,7,33.8,520.9,92.9,45
West Bengal,Hooghly,2021,8,31.6,416.1,91.2,45
West Bengal,Hooghly,2021,9,26.2,330.1,92.0,45
West Bengal,Hooghly,2021,10,23.4,94.4,71.4,15.9
West Bengal,Hooghly,2021,11,19.3,81.1,72.5,17.3
West Bengal,Hooghly,2021,12,19.6,20.0,68.1,8.7
West Bengal,Hooghly,2022,1,19.8,29.2,66.1,17.2
West Bengal,Hooghly,2022,2,21.5,34.9,68.5,17.9
West Bengal,Hooghly,2022,3,26.4,39.4,71.9,12.7
West Bengal,Hooghly,2022,4,32.0,32.5,69.4,14.9
West Bengal,Hooghly,2022,5,34.5,19.8,66.9,13.5
West Bengal,Hooghly,2022,6,35.2,275.0,86.6,36.8
West Bengal,Hooghly,2022,7,32.7,400.2,89.0,45
West Bengal,Hooghly,2022,8,31.8,456.2,85.7,45
West Bengal,Hooghly,2022,9,28.5,421.7,94.8,45
West Bengal,Hooghly,2022,10,22.2,62.0,67.3,12.8
West Bengal,Hooghly,2022,11,19.3,75.1,73.1,20.2
West Bengal,Hooghly,2022,12,17.6,36.2,71.4,11.3
West Bengal,Hooghly,2023,1,18.6,39.7,66.3,11.5
West Bengal,Hooghly,2023,2,22.4,37.4,74.5,17.9
West Bengal,Hooghly,2023,3,28.0,100.9,69.7,15.7
West Bengal,Hooghly,2023,4,30.2,12.8,66.2,7.6
West Bengal,Hooghly,2023,5,33.4,9.4,68.0,14.5
West Bengal,Hooghly,2023,6,34.2,396.1,93.5,44.8
West Bengal,Hooghly,2023,7,34.6,405.0,85.3,45
West Bengal,Hooghly,2023,8,31.9,289.1,94.6,39.7
West Bengal,Hooghly,2023,9,27.4,318.3,85.3,43.9
West Bengal,Hooghly,2023,10,23.6,51.1,65.3,15.9
West Bengal,Hooghly,2023,11,19.5,63.3,73.7,17.0
West Bengal,Hooghly,2023,12,17.9,33.7,72.2,14.1
West Bengal,Murshidabad,2015,1,21.4,25.3,71.5,8.1
West Bengal,Murshidabad,2015,2,22.4,18.8,69.3,12.0
West Bengal,Murshidabad,2015,3,25.8,89.3,65.5,16.5
West Bengal,Murshidabad,2015,4,31.3,8.4,68.3,13.9
West Bengal,Murshidabad,2015,5,34.6,21.6,66.7,14.7
West Bengal,Murshidabad,2015,6,36.1,283.8,89.2,38.9
West Bengal,Murshidabad,2015,7,34.5,315.7,93.2,42.7
West Bengal,Murshidabad,2015,8,31.9,511.4,91.8,45
West Bengal,Murshidabad,2015,9,26.4,334.2,88.7,45
West Bengal,Murshidabad,2015,10,23.3,58.4,74.0,16.0
West Bengal,Murshidabad,2015,11,21.5,86.5,72.3,17.1
West Bengal,Murshidabad,2015,12,20.5,25.5,71.7,11.6
West Bengal,Murshidabad,2016,1,20.1,14.1,68.7,10.5
West Bengal,Murshidabad,2016,2,23.7,13.4,67.0,12.8
West Bengal,Murshidabad,2016,3,26.9,103.7,65.2,19.8
West Bengal,Murshidabad,2016,4,32.0,35.8,68.5,13.7
West Bengal,Murshidabad,2016,5,33.6,7.7,65.8,8.1
West Bengal,Murshidabad,2016,6,36.1,312.9,87.9,41.9
West Bengal,Murshidabad,2016,7,34.5,432.7,88.1,45
West Bengal,Murshidabad,2016,8,29.5,471.0,88.8,45
West Bengal,Murshidabad,2016,9,26.1,392.0,86.5,45
West Bengal,Murshidabad,2016,10,21.8,51.8,70.3,13.5
West Bengal,Murshidabad,2016,11,18.9,102.9,65.6,19.4
West Bengal,Murshidabad,2016,12,18.4,9.7,68.0,10.4
West Bengal,Murshidabad,2017,1,20.6,17.2,68.8,15.7
West Bengal,Murshidabad,2017,2,23.4,24.2,67.1,15.3
West Bengal,Murshidabad,2017,3,28.3,55.5,73.5,14.3
West Bengal,Murshidabad,2017,4,30.9,8.5,67.4,8.3
West Bengal,Murshidabad,2017,5,33.0,38.5,74.5,12.0
West Bengal,Murshidabad,2017,6,35.9,341.6,90.8,41.1
West Bengal,Murshidabad,2017,7,35.2,397.8,90.9,45
West Bengal,Murshidabad,2017,8,31.1,391.1,92.1,45
West Bengal,Murshidabad,2017,9,27.2,341.0,86.5,41.3
West Bengal,Murshidabad,2017,10,24.4,81.8,65.2,15.1
West Bengal,Murshidabad,2017,11,20.3,75.8,74.9,21.6
West Bengal,Murshidabad,2017,12,17.7,37.7,74.8,16.2
West Bengal,Murshidabad,2018,1,21.4,21.8,71.3,14.0
West Bengal,Murshidabad,2018,2,23.9,34.4,73.2,11.8
West Bengal,Murshidabad,2018,3,27.9,82.3,74.6,16.5
West Bengal,Murshidabad,2018,4,31.4,39.8,72.6,16.0
West Bengal,Murshidabad,2018,5,32.9,13.3,68.2,12.9
West Bengal,Murshidabad,2018,6,33.6,435.6,86.2,45
West Bengal,Murshidabad,2018,7,33.3,406.5,92.2,45
West Bengal,Murshidabad,2018,8,30.2,285.0,93.6,39.4
West Bengal,Murshidabad,2018,9,28.3,450.3,86.3,45
West Bengal,Murshidabad,2018,10,22.2,71.3,67.9,20.7
West Bengal,Murshidabad,2018,11,21.3,51.7,75.0,19.8
West Bengal,Murshidabad,2018,12,18.7,40.3,74.5,16.4
West Bengal,Murshidabad,2019,1,19.7,31.1,72.7,11.5
West Bengal,Murshidabad,2019,2,22.9,10.8,66.6,14.0
West Bengal,Murshidabad,2019,3,26.4,90.2,69.3,21.1
West Bengal,Murshidabad,2019,4,30.4,10.8,71.7,8.6
West Bengal,Murshidabad,2019,5,33.0,24.9,70.0,16.4
West Bengal,Murshidabad,2019,6,35.6,376.8,89.4,45
West Bengal,Murshidabad,2019,7,32.8,340.8,91.0,45
West Bengal,Murshidabad,2019,8,31.3,317.6,94.7,44.7
West Bengal,Murshidabad,2019,9,26.2,359.2,85.3,45
West Bengal,Murshidabad,2019,10,22.2,99.5,72.2,22.7
West Bengal,Murshidabad,2019,11,20.3,55.7,65.4,16.5
West Bengal,Murshidabad,2019,12,17.5,27.0,72.7,9.1
West Bengal,Murshidabad,2020,1,19.9,27.8,66.5,9.8
West Bengal,Murshidabad,2020,2,23.3,14.0,66.5,8.6
West Bengal,Murshidabad,2020,3,28.3,104.8,66.1,21.2
West Bengal,Murshidabad,2020,4,30.7,8.7,67.5,12.4
West Bengal,Murshidabad,2020,5,32.5,43.4,67.9,12.8
West Bengal,Murshidabad,2020,6,36.3,299.1,86.3,39.6
West Bengal,Murshidabad,2020,7,33.4,346.2,90.8,45
West Bengal,Murshidabad,2020,8,30.7,274.0,88.7,40.9
West Bengal,Murshidabad,2020,9,26.8,278.5,87.5,35.1
West Bengal,Murshidabad,2020,10,22.6,61.4,71.7,18.3
West Bengal,Murshidabad,2020,11,18.7,48.4,73.2,18.6
West Bengal,Murshidabad,2020,12,19.9,14.1,71.9,7.2
West Bengal,Murshidabad,2021,1,20.6,15.8,73.4,15.0
West Bengal,Murshidabad,2021,2,22.9,34.7,74.4,17.4
West Bengal,Murshidabad,2021,3,27.4,83.7,68.6,20.2
West Bengal,Murshidabad,2021,4,29.9,24.7,65.9,8.4
West Bengal,Murshidabad,2021,5,34.4,23.5,67.1,16.8
West Bengal,Murshidabad,2021,6,34.4,404.1,89.9,45
West Bengal,Murshidabad,2021,7,35.4,461.6,93.9,45
West Bengal,Murshidabad,2021,8,32.2,501.4,94.4,45
West Bengal,Murshidabad,2021,9,26.0,284.4,85.9,40.5
West Bengal,Murshidabad,2021,10,21.7,72.4,68.6,19.5
West Bengal,Murshidabad,2021,11,18.7,91.6,74.6,17.1
West Bengal,Murshidabad,2021,12,18.7,35.3,68.1,17.0
West Bengal,Murshidabad,2022,1,21.6,15.8,69.7,8.0
West Bengal,Murshidabad,2022,2,23.2,22.3,74.7,14.5
West Bengal,Murshidabad,2022,3,28.5,98.3,73.2,18.7
West Bengal,Murshidabad,2022,4,31.5,11.7,68.5,15.4
West Bengal,Murshidabad,2022,5,35.4,14.0,69.9,10.4
West Bengal,Murshidabad,2022,6,35.4,418.4,87.6,45
West Bengal,Murshidabad,2022,7,33.8,466.1,92.2,45
West Bengal,Murshidabad,2022,8,31.0,417.1,92.7,45
West Bengal,Murshidabad,2022,9,25.6,476.0,91.9,45
West Bengal,Murshidabad,2022,10,23.9,52.5,73.8,16.7
West Bengal,Murshidabad,2022,11,21.4,79.2,73.7,13.5
West Bengal,Murshidabad,2022,12,18.0,28.2,71.7,11.7
West Bengal,Murshidabad,2023,1,18.8,40.7,65.7,18.0
West Bengal,Murshidabad,2023,2,22.2,34.0,70.9,10.8
West Bengal,Murshidabad,2023,3,26.5,55.6,70.3,13.3
West Bengal,Murshidabad,2023,4,31.1,18.1,66.2,13.8
West Bengal,Murshidabad,2023,5,33.2,43.1,69.1,11.9
West Bengal,Murshidabad,2023,6,35.7,499.1,88.7,45
West Bengal,Murshidabad,2023,7,33.4,523.4,88.0,45
West Bengal,Murshidabad,2023,8,29.5,405.0,91.2,45
West Bengal,Murshidabad,2023,9,26.7,369.8,88.6,43.9
West Bengal,Murshidabad,2023,10,23.1,87.5,65.3,22.6
West Bengal,Murshidabad,2023,11,19.4,73.1,67.2,19.0
West Bengal,Murshidabad,2023,12,18.7,29.3,69.1,13.0
West Bengal,Nadia,2015,1,18.8,44.3,69.3,12.7
West Bengal,Nadia,2015,2,24.0,18.5,72.9,11.1
West Bengal,Nadia,2015,3,25.8,80.6,67.8,15.1
West Bengal,Nadia,2015,4,32.5,42.6,69.7,17.3
West Bengal,Nadia,2015,5,34.4,18.9,66.3,12.7
West Bengal,Nadia,2015,6,34.1,460.7,90.9,45
West Bengal,Nadia,2015,7,34.8,516.5,89.8,45
West Bengal,Nadia,2015,8,30.8,267.1,89.6,35.2
West Bengal,Nadia,2015,9,28.3,399.7,94.6,45
West Bengal,Nadia,2015,10,22.6,38.6,65.5,16.0
West Bengal,Nadia,2015,11,18.7,54.2,69.3,19.6
West Bengal,Nadia,2015,12,18.2,7.7,72.0,12.7
West Bengal,Nadia,2016,1,19.0,42.3,73.7,18.6
West Bengal,Nadia,2016,2,24.0,28.0,72.0,9.0
West Bengal,Nadia,2016,3,27.4,64.1,68.4,14.5
West Bengal,Nadia,2016,4,29.7,37.9,72.6,8.9
West Bengal,Nadia,2016,5,34.0,8.4,70.5,7.5
West Bengal,Nadia,2016,6,36.4,346.2,90.2,42.2
West Bengal,Nadia,2016,7,35.1,264.7,88.0,33.7
West Bengal,Nadia,2016,8,31.7,360.1,93.6,44.3
West Bengal,Nadia,2016,9,25.9,382.0,85.9,44.7
West Bengal,Nadia,2016,10,23.1,80.6,67.1,14.9
West Bengal,Nadia,2016,11,20.1,70.9,69.8,18.8
West Bengal,Nadia,2016,12,17.9,7.9,65.6,13.7
West Bengal,Nadia,2017,1,20.7,13.3,68.3,9.4
West Bengal,Nadia,2017,2,24.3,23.0,72.1,8.2
West Bengal,Nadia,2017,3,25.6,54.4,71.4,14.9
West Bengal,Nadia,2017,4,32.1,38.3,71.6,18.8
West Bengal,Nadia,2017,5,35.3,40.6,65.9,13.1
West Bengal,Nadia,2017,6,33.9,423.1,90.1,45
West Bengal,Nadia,2017,7,32.7,384.6,91.2,45
West Bengal,Nadia,2017,8,30.9,429.0,92.0,45
West Bengal,Nadia,2017,9,26.7,307.6,93.7,36.2
West Bengal,Nadia,2017,10,22.1,51.8,70.9,16.4
West Bengal,Nadia,2017,11,18.9,76.1,70.7,19.5
West Bengal,Nadia,2017,12,17.7,34.8,67.7,12.3
West Bengal,Nadia,2018,1,18.9,39.1,71.2,17.0
West Bengal,Nadia,2018,2,23.0,11.6,69.0,6.9
West Bengal,Nadia,2018,3,25.8,98.0,65.0,18.7
West Bengal,Nadia,2018,4,29.6,36.2,74.9,8.9
West Bengal,Nadia,2018,5,33.5,44.1,67.5,12.5
West Bengal,Nadia,2018,6,36.5,504.4,88.9,45
West Bengal,Nadia,2018,7,34.8,355.6,85.0,44.3
West Bengal,Nadia,2018,8,31.6,515.6,89.4,45
West Bengal,Nadia,2018,9,26.6,421.9,85.2,45
West Bengal,Nadia,2018,10,24.4,39.8,65.1,12.1
West Bengal,Nadia,2018,11,19.0,95.2,73.7,20.0
West Bengal,Nadia,2018,12,20.3,16.1,67.0,10.4
West Bengal,Nadia,2019,1,19.9,14.9,74.2,14.0
West Bengal,Nadia,2019,2,22.4,16.0,67.8,10.6
West Bengal,Nadia,2019,3,27.5,95.7,74.5,15.4
West Bengal,Nadia,2019,4,30.1,21.7,74.5,11.7
West Bengal,Nadia,2019,5,34.6,38.6,69.6,12.6
West Bengal,Nadia,2019,6,35.8,430.6,94.9,45
West Bengal,Nadia,2019,7,35.3,390.2,93.7,45
West Bengal,Nadia,2019,8,31.2,487.0,85.8,45
West Bengal,Nadia,2019,9,27.0,477.7,86.9,45
West Bengal,Nadia,2019,10,21.8,63.8,69.6,18.5
West Bengal,Nadia,2019,11,20.1,101.2,71.9,19.0
West Bengal,Nadia,2019,12,19.1,22.1,73.7,10.2
West Bengal,Nadia,2020,1,19.1,16.7,67.5,14.8
West Bengal,Nadia,2020,2,23.6,16.7,69.2,15.6
West Bengal,Nadia,2020,3,28.4,54.2,74.4,11.0
West Bengal,Nadia,2020,4,32.5,19.5,74.5,7.3
West Bengal,Nadia,2020,5,34.5,42.2,73.2,14.9
West Bengal,Nadia,2020,6,34.0,324.7,94.4,45
West Bengal,Nadia,2020,7,33.1,352.8,91.1,43.3
West Bengal,Nadia,2020,8,30.1,490.6,86.1,45
West Bengal,Nadia,2020,9,26.7,385.9,93.7,45
West Bengal,Nadia,2020,10,23.8,38.7,73.1,16.8
West Bengal,Nadia,2020,11,18.6,54.4,72.3,19.1
West Bengal,Nadia,2020,12,19.1,40.8,65.9,11.7
West Bengal,Nadia,2021,1,21.0,37.3,67.2,14.4
West Bengal,Nadia,2021,2,22.8,35.2,69.0,11.7
West Bengal,Nadia,2021,3,27.8,89.7,68.6,21.1
West Bengal,Nadia,2021,4,30.3,26.3,66.9,11.1
West Bengal,Nadia,2021,5,33.7,10.8,68.1,9.6
West Bengal,Nadia,2021,6,34.5,395.5,94.0,45
West Bengal,Nadia,2021,7,33.3,297.8,85.9,43.6
West Bengal,Nadia,2021,8,31.8,456.4,94.1,45
West Bengal,Nadia,2021,9,26.0,286.4,89.0,41.3
West Bengal,Nadia,2021,10,21.8,70.3,65.8,14.2
West Bengal,Nadia,2021,11,20.2,86.3,74.4,16.8
West Bengal,Nadia,2021,12,18.2,9.8,66.9,6.3
West Bengal,Nadia,2022,1,18.6,11.8,70.4,10.7
West Bengal,Nadia,2022,2,24.2,25.7,65.9,9.0
West Bengal,Nadia,2022,3,27.6,111.0,72.5,18.4
West Bengal,Nadia,2022,4,30.5,23.9,69.3,10.2
West Bengal,Nadia,2022,5,32.9,8.5,73.8,15.6
West Bengal,Nadia,2022,6,36.4,362.3,91.9,43.3
West Bengal,Nadia,2022,7,32.8,263.2,88.3,39.3
West Bengal,Nadia,2022,8,31.1,323.9,89.8,42.8
West Bengal,Nadia,2022,9,26.1,380.0,94.3,45
West Bengal,Nadia,2022,10,24.5,91.7,66.3,23.4
West Bengal,Nadia,2022,11,20.6,70.7,66.9,18.7
West Bengal,Nadia,2022,12,18.1,24.8,66.5,11.6
West Bengal,Nadia,2023,1,21.5,29.9,70.1,14.2
West Bengal,Nadia,2023,2,23.5,30.1,67.9,10.1
West Bengal,Nadia,2023,3,27.3,107.2,73.7,20.6
West Bengal,Nadia,2023,4,30.4,29.5,65.5,12.9
West Bengal,Nadia,2023,5,34.8,43.8,65.9,11.4
West Bengal,Nadia,2023,6,34.9,422.3,94.6,45
West Bengal,Nadia,2023,7,32.8,389.7,92.9,44.3
West Bengal,Nadia,2023,8,30.6,449.1,89.2,45
West Bengal,Nadia,2023,9,25.7,462.3,90.1,45
West Bengal,Nadia,2023,10,23.6,94.7,69.0,18.1
West Bengal,Nadia,2023,11,21.3,43.2,72.8,13.9
West Bengal,Nadia,2023,12,19.1,16.9,74.4,9.7
Bihar,Rohtas,2015,1,18.5,7.8,66.9,14.1
Bihar,Rohtas,2015,2,20.7,10.4,60.9,6.3
Bihar,Rohtas,2015,3,26.0,80.9,65.2,18.1
Bihar,Rohtas,2015,4,31.4,15.1,61.2,9.2
Bihar,Rohtas,2015,5,33.2,20.0,59.2,11.9
Bihar,Rohtas,2015,6,35.4,394.2,84.2,45
Bihar,Rohtas,2015,7,32.9,314.3,85.0,38.4
Bihar,Rohtas,2015,8,30.3,315.4,81.0,41.5
Bihar,Rohtas,2015,9,25.0,345.0,79.1,44.0
Bihar,Rohtas,2015,10,20.7,62.4,59.0,19.5
Bihar,Rohtas,2015,11,17.6,78.4,61.0,22.4
Bihar,Rohtas,2015,12,17.5,10.3,64.7,8.5
Bihar,Rohtas,2016,1,20.0,20.3,60.7,12.9
Bihar,Rohtas,2016,2,21.2,13.9,58.8,8.8
Bihar,Rohtas,2016,3,25.2,39.5,62.2,13.4
Bihar,Rohtas,2016,4,30.3,22.5,64.8,13.4
Bihar,Rohtas,2016,5,32.8,31.6,59.4,10.9
Bihar,Rohtas,2016,6,32.5,401.1,86.8,45
Bihar,Rohtas,2016,7,34.0,328.0,87.3,45
Bihar,Rohtas,2016,8,29.5,268.6,82.2,41.4
Bihar,Rohtas,2016,9,25.9,286.0,78.2,37.4
Bihar,Rohtas,2016,10,23.3,55.1,65.9,19.5
Bihar,Rohtas,2016,11,20.4,74.0,63.0,15.4
Bihar,Rohtas,2016,12,19.3,30.2,65.4,8.6
Bihar,Rohtas,2017,1,19.5,26.7,59.3,10.9
Bihar,Rohtas,2017,2,21.9,13.6,59.1,7.9
Bihar,Rohtas,2017,3,25.9,30.8,65.9,12.3
Bihar,Rohtas,2017,4,29.3,13.5,61.2,12.3
Bihar,Rohtas,2017,5,33.6,18.9,65.1,12.6
Bihar,Rohtas,2017,6,34.9,363.1,85.7,41.5
Bihar,Rohtas,2017,7,32.5,234.3,86.3,30.1
Bihar,Rohtas,2017,8,31.3,282.0,79.5,40.2
Bihar,Rohtas,2017,9,25.1,286.3,82.4,40.0
Bihar,Rohtas,2017,10,22.1,69.8,65.9,21.7
Bihar,Rohtas,2017,11,19.4,55.6,63.0,14.0
Bihar,Rohtas,2017,12,19.0,22.4,65.0,15.4
Bihar,Rohtas,2018,1,19.7,32.6,62.5,15.2
Bihar,Rohtas,2018,2,23.2,20.6,66.2,9.9
Bihar,Rohtas,2018,3,25.0,81.1,63.5,22.7
Bihar,Rohtas,2018,4,30.3,13.7,59.2,15.4
Bihar,Rohtas,2018,5,32.2,11.0,63.3,13.3
Bihar,Rohtas,2018,6,34.2,220.0,85.8,33.8
Bihar,Rohtas,2018,7,32.4,403.7,82.9,45
Bihar,Rohtas,2018,8,28.8,274.5,85.6,39.3
Bihar,Rohtas,2018,9,26.6,355.6,78.3,45
Bihar,Rohtas,2018,10,20.6,44.5,61.0,14.5
Bihar,Rohtas,2018,11,17.9,55.7,59.4,13.9
Bihar,Rohtas,2018,12,17.5,9.4,66.0,6.2
Bihar,Rohtas,2019,1,18.2,32.8,62.1,17.7
Bihar,Rohtas,2019,2,21.4,21.6,63.3,11.2
Bihar,Rohtas,2019,3,27.5,54.1,66.0,15.5
Bihar,Rohtas,2019,4,29.5,31.4,67.2,8.3
Bihar,Rohtas,2019,5,33.2,28.6,63.1,11.9
Bihar,Rohtas,2019,6,34.7,242.9,82.7,31.3
Bihar,Rohtas,2019,7,34.0,375.0,82.0,45
Bihar,Rohtas,2019,8,30.1,347.4,80.4,45
Bihar,Rohtas,2019,9,26.4,419.3,80.6,45
Bihar,Rohtas,2019,10,22.8,45.5,65.7,18.0
Bihar,Rohtas,2019,11,18.1,73.7,60.9,15.1
Bihar,Rohtas,2019,12,17.6,29.4,64.4,11.8
Bihar,Rohtas,2020,1,19.6,30.3,60.0,16.7
Bihar,Rohtas,2020,2,22.1,25.1,66.6,9.6
Bihar,Rohtas,2020,3,25.9,72.6,58.2,16.2
Bihar,Rohtas,2020,4,30.1,19.5,63.0,15.3
Bihar,Rohtas,2020,5,31.8,27.6,60.8,8.6
Bihar,Rohtas,2020,6,33.9,237.1,82.6,30.4
Bihar,Rohtas,2020,7,32.8,238.7,88.0,31.0
Bihar,Rohtas,2020,8,29.8,336.9,84.7,40.0
Bihar,Rohtas,2020,9,27.0,288.1,78.8,38.1
Bihar,Rohtas,2020,10,22.4,51.7,65.3,13.3
Bihar,Rohtas,2020,11,20.0,86.0,66.2,14.2
Bihar,Rohtas,2020,12,17.8,22.0,61.8,9.1
Bihar,Rohtas,2021,1,19.3,9.6,59.7,10.1
Bihar,Rohtas,2021,2,23.5,17.5,67.7,13.5
Bihar,Rohtas,2021,3,26.4,84.8,63.8,20.9
Bihar,Rohtas,2021,4,29.9,29.9,66.8,8.0
Bihar,Rohtas,2021,5,34.2,7.0,64.4,6.4
Bihar,Rohtas,2021,6,34.8,300.9,79.4,43.5
Bihar,Rohtas,2021,7,32.2,399.2,81.8,45
Bihar,Rohtas,2021,8,29.8,369.9,81.5,45
Bihar,Rohtas,2021,9,25.2,280.8,79.1,35.7
Bihar,Rohtas,2021,10,21.3,71.4,59.5,13.7
Bihar,Rohtas,2021,11,20.5,68.5,58.9,20.5
Bihar,Rohtas,2021,12,18.8,24.3,67.6,12.8
Bihar,Rohtas,2022,1,18.0,6.3,58.9,10.3
Bihar,Rohtas,2022,2,22.2,31.0,58.7,8.8
Bihar,Rohtas,2022,3,24.8,51.8,67.4,18.0
Bihar,Rohtas,2022,4,28.6,23.7,59.8,9.6
Bihar,Rohtas,2022,5,32.4,13.4,61.0,8.6
Bihar,Rohtas,2022,6,33.5,334.1,83.6,45
Bihar,Rohtas,2022,7,32.3,215.7,83.7,29.7
Bihar,Rohtas,2022,8,29.1,295.9,87.5,40.6
Bihar,Rohtas,2022,9,26.7,219.2,83.4,33.9
Bihar,Rohtas,2022,10,23.1,75.6,58.5,22.4
Bihar,Rohtas,2022,11,17.6,76.2,62.7,21.9
Bihar,Rohtas,2022,12,19.3,28.4,58.8,14.3
Bihar,Rohtas,2023,1,17.9,18.7,59.3,9.9
Bihar,Rohtas,2023,2,20.7,22.2,58.9,9.7
Bihar,Rohtas,2023,3,26.8,47.6,63.8,18.4
Bihar,Rohtas,2023,4,30.4,30.6,67.3,10.5
Bihar,Rohtas,2023,5,32.0,35.8,67.2,11.8
Bihar,Rohtas,2023,6,35.3,228.1,80.3,36.4
Bihar,Rohtas,2023,7,31.7,390.9,80.2,45
Bihar,Rohtas,2023,8,28.9,315.2,83.7,42.1
Bihar,Rohtas,2023,9,27.1,217.4,85.1,35.3
Bihar,Rohtas,2023,10,22.1,44.1,66.0,13.7
Bihar,Rohtas,2023,11,18.4,76.4,65.6,20.9
Bihar,Rohtas,2023,12,18.0,6.5,58.2,11.2
Bihar,Patna,2015,1,17.7,24.6,59.3,15.2
Bihar,Patna,2015,2,20.6,26.7,60.2,17.7
Bihar,Patna,2015,3,25.9,61.0,66.5,13.9
Bihar,Patna,2015,4,31.4,14.8,58.4,9.3
Bihar,Patna,2015,5,32.5,23.9,58.7,16.4
Bihar,Patna,2015,6,34.8,366.6,87.9,42.2
Bihar,Patna,2015,7,33.5,389.8,79.8,45
Bihar,Patna,2015,8,29.1,404.4,82.7,45
Bihar,Patna,2015,9,25.3,336.4,85.5,42.1
Bihar,Patna,2015,10,21.3,35.1,64.3,12.6
Bihar,Patna,2015,11,18.2,49.2,61.2,11.2
Bihar,Patna,2015,12,18.3,10.6,60.2,9.7
Bihar,Patna,2016,1,20.5,27.3,60.1,16.2
Bihar,Patna,2016,2,23.3,15.9,66.0,12.9
Bihar,Patna,2016,3,26.2,84.3,64.7,19.9
Bihar,Patna,2016,4,31.3,19.7,59.0,7.0
Bihar,Patna,2016,5,33.6,20.1,66.8,16.7
Bihar,Patna,2016,6,33.3,251.9,83.7,30.4
Bihar,Patna,2016,7,31.7,225.5,81.0,32.0
Bihar,Patna,2016,8,29.1,354.4,85.6,45
Bihar,Patna,2016,9,26.1,368.4,86.0,45
Bihar,Patna,2016,10,21.5,64.5,66.2,13.9
Bihar,Patna,2016,11,18.6,30.7,64.0,9.2
Bihar,Patna,2016,12,17.8,11.6,59.2,15.0
Bihar,Patna,2017,1,18.6,34.7,65.4,14.4
Bihar,Patna,2017,2,22.0,25.5,66.1,9.4
Bihar,Patna,2017,3,26.1,46.2,59.9,11.8
Bihar,Patna,2017,4,30.9,34.0,62.3,10.1
Bihar,Patna,2017,5,32.0,15.2,61.7,15.4
Bihar,Patna,2017,6,34.1,313.1,84.3,38.1
Bihar,Patna,2017,7,32.5,302.4,78.7,38.3
Bihar,Patna,2017,8,30.2,336.6,80.7,39.4
Bihar,Patna,2017,9,26.2,242.5,78.0,38.9
Bihar,Patna,2017,10,22.7,86.2,61.2,21.3
Bihar,Patna,2017,11,20.1,67.7,58.3,14.5
Bihar,Patna,2017,12,17.6,19.1,63.7,8.8
Bihar,Patna,2018,1,18.2,6.7,62.0,6.8
Bihar,Patna,2018,2,21.2,6.6,66.4,7.9
Bihar,Patna,2018,3,26.0,64.7,58.4,16.9
Bihar,Patna,2018,4,30.9,13.2,64.3,13.6
Bihar,Patna,2018,5,33.1,16.7,63.1,13.3
Bihar,Patna,2018,6,33.8,364.7,85.5,45
Bihar,Patna,2018,7,32.7,240.7,79.7,32.0
Bihar,Patna,2018,8,30.2,222.5,81.1,28.7
Bihar,Patna,2018,9,26.1,252.2,86.2,30.9
Bihar,Patna,2018,10,21.6,74.8,66.3,16.4
Bihar,Patna,2018,11,20.4,82.7,63.6,16.6
Bihar,Patna,2018,12,17.1,26.7,58.6,14.2
Bihar,Patna,2019,1,18.3,11.6,64.2,10.1
Bihar,Patna,2019,2,20.7,10.5,65.9,9.9
Bihar,Patna,2019,3,26.8,67.1,58.0,15.1
Bihar,Patna,2019,4,30.3,13.3,59.3,16.3
Bihar,Patna,2019,5,32.4,25.8,62.4,17.5
Bihar,Patna,2019,6,33.2,216.6,84.5,33.6
Bihar,Patna,2019,7,33.9,233.2,79.8,33.1
Bihar,Patna,2019,8,29.3,237.1,79.4,29.1
Bihar,Patna,2019,9,25.8,238.2,78.3,29.8
Bihar,Patna,2019,10,22.6,68.8,61.4,19.9
Bihar,Patna,2019,11,17.7,55.1,67.3,11.0
Bihar,Patna,2019,12,16.9,20.4,61.5,7.7
Bihar,Patna,2020,1,20.1,29.7,63.9,12.1
Bihar,Patna,2020,2,22.2,21.0,63.7,10.3
Bihar,Patna,2020,3,26.9,61.2,60.4,17.0
Bihar,Patna,2020,4,30.8,21.0,61.2,12.5
Bihar,Patna,2020,5,33.5,11.5,66.9,10.2
Bihar,Patna,2020,6,33.8,319.1,85.6,38.6
Bihar,Patna,2020,7,32.0,312.5,78.2,40.6
Bihar,Patna,2020,8,28.9,251.8,81.7,39.1
Bihar,Patna,2020,9,26.3,268.8,84.4,37.0
Bihar,Patna,2020,10,20.5,56.4,65.0,18.7
Bihar,Patna,2020,11,20.5,31.0,63.1,11.9
Bihar,Patna,2020,12,17.8,30.6,62.4,13.5
Bihar,Patna,2021,1,19.8,32.1,63.8,13.5
Bihar,Patna,2021,2,20.8,17.3,59.9,14.5
Bihar,Patna,2021,3,26.5,38.2,63.8,17.6
Bihar,Patna,2021,4,31.0,17.3,61.7,12.0
Bihar,Patna,2021,5,32.7,35.2,66.5,17.5
Bihar,Patna,2021,6,35.5,232.2,87.5,31.8
Bihar,Patna,2021,7,32.2,336.2,82.0,40.7
Bihar,Patna,2021,8,31.4,248.4,78.8,33.8
Bihar,Patna,2021,9,27.0,379.1,82.5,45
Bihar,Patna,2021,10,20.9,77.9,65.6,15.0
Bihar,Patna,2021,11,19.6,83.6,61.6,15.7
Bihar,Patna,2021,12,18.7,24.7,61.9,7.5
Bihar,Patna,2022,1,18.5,27.1,59.9,12.5
Bihar,Patna,2022,2,22.8,16.4,59.3,13.4
Bihar,Patna,2022,3,26.6,66.5,67.1,15.4
Bihar,Patna,2022,4,30.0,19.6,66.6,10.3
Bihar,Patna,2022,5,32.2,17.0,66.2,14.1
Bihar,Patna,2022,6,33.1,381.6,87.9,45
Bihar,Patna,2022,7,33.8,355.6,84.2,42.9
Bihar,Patna,2022,8,28.5,392.3,81.3,45
Bihar,Patna,2022,9,27.1,389.9,85.3,45
Bihar,Patna,2022,10,23.0,86.5,67.2,22.4
Bihar,Patna,2022,11,18.5,85.2,58.9,15.4
Bihar,Patna,2022,12,19.1,22.4,67.5,10.6
Bihar,Patna,2023,1,17.8,10.5,66.8,14.1
Bihar,Patna,2023,2,21.8,25.6,58.4,16.9
Bihar,Patna,2023,3,25.3,42.0,62.9,14.0
Bihar,Patna,2023,4,30.0,27.6,59.8,15.7
Bihar,Patna,2023,5,32.4,18.0,67.0,14.2
Bihar,Patna,2023,6,34.7,376.7,82.2,45
Bihar,Patna,2023,7,33.0,388.1,79.7,45
Bihar,Patna,2023,8,29.9,408.3,85.1,45
Bihar,Patna,2023,9,25.7,306.9,80.5,37.8
Bihar,Patna,2023,10,21.4,42.8,64.3,15.0
Bihar,Patna,2023,11,19.8,75.0,67.7,17.8
Bihar,Patna,2023,12,18.3,21.9,62.8,10.6
Bihar,Gaya,2015,1,18.5,16.0,63.1,11.0
Bihar,Gaya,2015,2,22.1,26.1,67.9,13.4
Bihar,Gaya,2015,3,27.5,49.0,64.1,15.7
Bihar,Gaya,2015,4,29.9,19.8,60.4,16.8
Bihar,Gaya,2015,5,31.7,30.2,62.8,11.5
Bihar,Gaya,2015,6,33.4,408.7,81.4,45
Bihar,Gaya,2015,7,32.7,349.0,83.6,45
Bihar,Gaya,2015,8,28.8,215.5,84.5,26.6
Bihar,Gaya,2015,9,26.1,268.6,85.4,35.1
Bihar,Gaya,2015,10,20.6,39.5,61.3,15.4
Bihar,Gaya,2015,11,19.7,79.9,67.6,18.6
Bihar,Gaya,2015,12,16.6,26.0,61.5,13.7
Bihar,Gaya,2016,1,18.1,17.9,60.4,13.6
Bihar,Gaya,2016,2,23.3,17.0,63.0,13.1
Bihar,Gaya,2016,3,26.8,51.5,60.7,16.7
Bihar,Gaya,2016,4,29.4,20.9,64.3,12.7
Bihar,Gaya,2016,5,34.3,16.5,60.1,10.7
Bihar,Gaya,2016,6,35.2,389.7,78.6,45
Bihar,Gaya,2016,7,32.1,373.7,84.9,44.0
Bihar,Gaya,2016,8,30.9,391.7,86.2,45
Bihar,Gaya,2016,9,27.0,264.7,87.3,32.9
Bihar,Gaya,2016,10,21.7,48.3,66.2,17.5
Bihar,Gaya,2016,11,19.2,62.2,60.9,17.1
Bihar,Gaya,2016,12,16.6,27.7,67.6,12.3
Bihar,Gaya,2017,1,19.0,23.6,61.8,16.6
Bihar,Gaya,2017,2,21.1,20.6,64.9,14.5
Bihar,Gaya,2017,3,25.4,37.3,64.9,10.0
Bihar,Gaya,2017,4,31.0,6.6,66.8,13.8
Bihar,Gaya,2017,5,32.9,32.7,65.8,15.0
Bihar,Gaya,2017,6,33.3,228.8,79.2,28.8
Bihar,Gaya,2017,7,33.5,357.3,87.5,44.6
Bihar,Gaya,2017,8,29.6,390.8,85.9,45
Bihar,Gaya,2017,9,24.5,410.5,82.1,45
Bihar,Gaya,2017,10,21.1,62.5,65.5,18.4
Bihar,Gaya,2017,11,19.7,35.3,67.1,9.1
Bihar,Gaya,2017,12,19.0,23.0,64.2,9.5
Bihar,Gaya,2018,1,19.9,28.8,60.5,17.2
Bihar,Gaya,2018,2,21.7,31.8,60.3,11.9
Bihar,Gaya,2018,3,25.1,32.1,59.4,9.7
Bihar,Gaya,2018,4,30.1,20.5,59.1,16.2
Bihar,Gaya,2018,5,33.3,21.5,60.7,11.3
Bihar,Gaya,2018,6,35.2,299.0,83.0,44.1
Bihar,Gaya,2018,7,32.6,389.2,78.7,45
Bihar,Gaya,2018,8,28.9,267.4,78.9,40.5
Bihar,Gaya,2018,9,27.2,376.6,83.0,43.8
Bihar,Gaya,2018,10,22.1,83.9,65.2,13.4
Bihar,Gaya,2018,11,20.5,86.9,63.9,13.9
Bihar,Gaya,2018,12,18.6,24.7,58.0,11.9
Bihar,Gaya,2019,1,17.6,7.9,64.8,13.4
Bihar,Gaya,2019,2,21.5,10.7,60.7,8.4
Bihar,Gaya,2019,3,26.2,46.4,67.1,9.8
Bihar,Gaya,2019,4,29.2,24.7,62.5,8.3
Bihar,Gaya,2019,5,32.6,14.4,66.0,8.8
Bihar,Gaya,2019,6,34.4,351.7,82.2,40.6
Bihar,Gaya,2019,7,33.0,232.7,80.4,37.5
Bihar,Gaya,2019,8,29.0,411.1,79.6,45
Bihar,Gaya,2019,9,24.6,386.2,87.0,45
Bihar,Gaya,2019,10,21.5,50.5,64.3,13.1
Bihar,Gaya,2019,11,19.0,69.1,60.8,13.3
Bihar,Gaya,2019,12,18.5,25.5,58.0,11.9
Bihar,Gaya,2020,1,20.1,23.8,64.8,17.1
Bihar,Gaya,2020,2,21.1,17.9,59.5,15.8
Bihar,Gaya,2020,3,26.3,82.4,64.6,16.6
Bihar,Gaya,2020,4,30.6,14.1,63.0,12.7
Bihar,Gaya,2020,5,33.8,13.4,65.5,11.8
Bihar,Gaya,2020,6,34.4,230.0,83.3,28.9
Bihar,Gaya,2020,7,33.3,376.4,81.8,45
Bihar,Gaya,2020,8,30.4,327.4,87.8,45
Bihar,Gaya,2020,9,26.6,283.3,78.6,40.1
Bihar,Gaya,2020,10,21.2,72.3,64.5,20.8
Bihar,Gaya,2020,11,17.8,58.9,61.4,14.3
Bihar,Gaya,2020,12,17.3,31.0,62.6,13.6
Bihar,Gaya,2021,1,17.9,22.7,64.3,8.5
Bihar,Gaya,2021,2,21.5,14.0,63.5,7.2
Bihar,Gaya,2021,3,27.4,53.3,67.3,10.7
Bihar,Gaya,2021,4,30.8,33.0,62.4,12.0
Bihar,Gaya,2021,5,33.3,15.2,60.5,15.7
Bihar,Gaya,2021,6,34.4,314.7,82.6,44.4
Bihar,Gaya,2021,7,33.6,269.1,81.1,36.0
Bihar,Gaya,2021,8,28.7,298.1,79.2,41.5
Bihar,Gaya,2021,9,25.5,278.4,80.2,35.3
Bihar,Gaya,2021,10,21.2,83.2,62.5,18.8
Bihar,Gaya,2021,11,18.5,87.2,64.0,15.4
Bihar,Gaya,2021,12,18.5,6.0,68.0,13.0
Bihar,Gaya,2022,1,18.2,18.9,67.1,14.6
Bihar,Gaya,2022,2,22.9,23.4,60.0,13.9
Bihar,Gaya,2022,3,26.2,39.0,58.6,14.2
Bihar,Gaya,2022,4,31.3,15.8,64.4,7.6
Bihar,Gaya,2022,5,34.1,32.6,61.0,15.4
Bihar,Gaya,2022,6,34.7,300.6,86.8,35.5
Bihar,Gaya,2022,7,32.3,234.6,86.3,35.8
Bihar,Gaya,2022,8,29.2,348.5,83.1,45
Bihar,Gaya,2022,9,25.7,328.9,83.6,41.1
Bihar,Gaya,2022,10,21.6,39.8,64.3,17.2
Bihar,Gaya,2022,11,18.3,65.3,61.9,13.3
Bihar,Gaya,2022,12,16.7,7.1,65.4,7.1
Bihar,Gaya,2023,1,18.4,21.3,60.0,12.9
Bihar,Gaya,2023,2,21.9,12.7,64.8,12.7
Bihar,Gaya,2023,3,27.4,50.1,65.8,16.2
Bihar,Gaya,2023,4,30.2,7.1,61.1,10.0
Bihar,Gaya,2023,5,31.6,9.0,66.2,7.0
Bihar,Gaya,2023,6,34.2,260.1,83.3,34.9
Bihar,Gaya,2023,7,32.2,306.0,80.8,45
Bihar,Gaya,2023,8,29.9,236.7,85.4,30.3
Bihar,Gaya,2023,9,26.7,372.8,87.2,45
Bihar,Gaya,2023,10,22.7,77.5,66.1,18.8
Bihar,Gaya,2023,11,20.3,74.7,61.8,16.2
Bihar,Gaya,2023,12,19.0,33.8,61.8,17.6
Bihar,Muzaffarpur,2015,1,20.0,26.9,61.4,10.4
Bihar,Muzaffarpur,2015,2,21.4,26.6,62.6,9.9
Bihar,Muzaffarpur,2015,3,24.9,78.6,59.9,14.6
Bihar,Muzaffarpur,2015,4,30.1,7.6,62.0,7.8
Bihar,Muzaffarpur,2015,5,34.0,22.6,62.9,11.9
Bihar,Muzaffarpur,2015,6,32.6,387.2,87.4,43.8
Bihar,Muzaffarpur,2015,7,33.1,375.1,86.5,45
Bihar,Muzaffarpur,2015,8,31.2,395.9,79.5,45
Bihar,Muzaffarpur,2015,9,27.5,345.3,86.8,42.1
Bihar,Muzaffarpur,2015,10,21.8,36.5,62.7,18.6
Bihar,Muzaffarpur,2015,11,19.7,57.6,61.2,12.9
Bihar,Muzaffarpur,2015,12,17.8,14.7,62.9,12.2
Bihar,Muzaffarpur,2016,1,18.8,23.8,62.1,12.4
Bihar,Muzaffarpur,2016,2,22.0,31.3,66.9,14.0
Bihar,Muzaffarpur,2016,3,26.8,48.1,59.6,13.0
Bihar,Muzaffarpur,2016,4,28.9,29.0,67.2,14.3
Bihar,Muzaffarpur,2016,5,32.1,9.9,65.7,11.7
Bihar,Muzaffarpur,2016,6,32.9,418.6,85.5,45
Bihar,Muzaffarpur,2016,7,34.4,374.6,87.3,45
Bihar,Muzaffarpur,2016,8,29.0,282.8,83.4,39.7
Bihar,Muzaffarpur,2016,9,25.0,267.1,85.7,41.4
Bihar,Muzaffarpur,2016,10,21.9,86.0,66.8,22.6
Bihar,Muzaffarpur,2016,11,18.1,53.1,64.6,18.4
Bihar,Muzaffarpur,2016,12,19.0,9.6,64.8,6.2
Bihar,Muzaffarpur,2017,1,18.5,7.6,63.1,7.0
Bihar,Muzaffarpur,2017,2,22.5,18.2,66.1,10.1
Bihar,Muzaffarpur,2017,3,27.5,37.1,58.8,13.7
Bihar,Muzaffarpur,2017,4,30.0,31.3,58.3,9.9
Bihar,Muzaffarpur,2017,5,32.2,19.0,66.2,13.5
Bihar,Muzaffarpur,2017,6,33.2,291.4,85.7,39.7
Bihar,Muzaffarpur,2017,7,31.8,285.7,78.2,38.1
Bihar,Muzaffarpur,2017,8,29.2,273.3,81.4,41.0
Bihar,Muzaffarpur,2017,9,24.7,228.8,79.3,32.2
Bihar,Muzaffarpur,2017,10,21.8,85.8,65.3,16.3
Bihar,Muzaffarpur,2017,11,18.0,62.9,66.3,13.5
Bihar,Muzaffarpur,2017,12,18.8,16.9,67.6,16.2
Bihar,Muzaffarpur,2018,1,18.1,30.2,63.9,11.9
Bihar,Muzaffarpur,2018,2,22.1,33.2,62.8,14.0
Bihar,Muzaffarpur,2018,3,26.0,31.5,65.6,9.2
Bihar,Muzaffarpur,2018,4,31.2,6.2,63.7,8.2
Bihar,Muzaffarpur,2018,5,33.5,24.8,65.5,15.7
Bihar,Muzaffarpur,2018,6,35.5,234.5,80.3,33.3
Bihar,Muzaffarpur,2018,7,34.2,293.2,80.1,39.6
Bihar,Muzaffarpur,2018,8,29.4,226.5,86.1,32.2
Bihar,Muzaffarpur,2018,9,27.0,231.9,81.4,29.4
Bihar,Muzaffarpur,2018,10,23.0,56.8,64.1,11.2
Bihar,Muzaffarpur,2018,11,18.9,53.3,65.0,12.7
Bihar,Muzaffarpur,2018,12,19.5,15.9,63.1,11.3
Bihar,Muzaffarpur,2019,1,18.6,7.7,58.4,14.9
Bihar,Muzaffarpur,2019,2,23.4,24.4,59.3,9.4
Bihar,Muzaffarpur,2019,3,25.5,32.0,61.4,11.0
Bihar,Muzaffarpur,2019,4,29.5,31.1,63.6,18.1
Bihar,Muzaffarpur,2019,5,32.3,8.1,65.6,13.1
Bihar,Muzaffarpur,2019,6,35.0,288.1,86.1,34.8
Bihar,Muzaffarpur,2019,7,33.6,355.4,83.7,45
Bihar,Muzaffarpur,2019,8,29.9,300.2,82.8,41.1
Bihar,Muzaffarpur,2019,9,27.0,280.5,83.6,37.0
Bihar,Muzaffarpur,2019,10,21.0,72.3,58.1,21.0
Bihar,Muzaffarpur,2019,11,17.7,40.1,65.5,13.4
Bihar,Muzaffarpur,2019,12,17.4,20.6,67.3,13.5
Bihar,Muzaffarpur,2020,1,18.7,34.5,60.4,9.4
Bihar,Muzaffarpur,2020,2,22.7,30.1,66.0,12.0
Bihar,Muzaffarpur,2020,3,26.5,42.6,60.7,18.7
Bihar,Muzaffarpur,2020,4,31.1,34.4,63.5,15.5
Bihar,Muzaffarpur,2020,5,32.5,17.9,67.3,14.2
Bihar,Muzaffarpur,2020,6,35.3,241.8,82.1,38.4
Bihar,Muzaffarpur,2020,7,34.2,382.0,86.9,45
Bihar,Muzaffarpur,2020,8,30.6,232.1,82.6,28.3
Bihar,Muzaffarpur,2020,9,25.8,250.8,82.1,36.8
Bihar,Muzaffarpur,2020,10,22.5,82.9,67.3,16.4
Bihar,Muzaffarpur,2020,11,18.6,55.2,60.5,19.0
Bihar,Muzaffarpur,2020,12,18.9,25.9,64.5,10.5
Bihar,Muzaffarpur,2021,1,18.4,28.8,58.9,17.8
Bihar,Muzaffarpur,2021,2,20.9,12.2,65.6,15.3
Bihar,Muzaffarpur,2021,3,25.0,86.4,63.1,14.9
Bihar,Muzaffarpur,2021,4,30.1,12.9,64.5,12.6
Bihar,Muzaffarpur,2021,5,33.9,33.6,66.6,15.1
Bihar,Muzaffarpur,2021,6,34.7,392.4,86.4,45
Bihar,Muzaffarpur,2021,7,34.3,411.9,80.0,45
Bihar,Muzaffarpur,2021,8,30.3,324.6,82.2,42.4
Bihar,Muzaffarpur,2021,9,25.1,297.7,83.9,42.3
Bihar,Muzaffarpur,2021,10,22.6,36.2,60.1,13.4
Bihar,Muzaffarpur,2021,11,19.9,46.6,65.4,12.0
Bihar,Muzaffarpur,2021,12,17.4,31.5,60.0,16.6
Bihar,Muzaffarpur,2022,1,19.2,6.8,62.7,11.1
Bihar,Muzaffarpur,2022,2,20.9,17.2,62.9,11.5
Bihar,Muzaffarpur,2022,3,27.3,53.2,67.0,13.2
Bihar,Muzaffarpur,2022,4,30.7,10.7,63.8,13.5
Bihar,Muzaffarpur,2022,5,33.9,7.6,65.4,7.3
Bihar,Muzaffarpur,2022,6,35.4,274.0,86.5,34.0
Bihar,Muzaffarpur,2022,7,34.4,322.9,80.2,45
Bihar,Muzaffarpur,2022,8,30.9,362.0,82.3,43.5
Bihar,Muzaffarpur,2022,9,26.4,388.2,85.4,45
Bihar,Muzaffarpur,2022,10,20.7,57.7,60.9,16.1
Bihar,Muzaffarpur,2022,11,19.6,66.0,58.0,14.7
Bihar,Muzaffarpur,2022,12,17.4,18.6,60.9,8.8
Bihar,Muzaffarpur,2023,1,18.2,20.7,66.8,9.2
Bihar,Muzaffarpur,2023,2,23.4,25.9,67.0,16.4
Bihar,Muzaffarpur,2023,3,26.8,84.9,59.9,19.8
Bihar,Muzaffarpur,2023,4,29.6,11.0,60.7,12.6
Bihar,Muzaffarpur,2023,5,31.8,9.1,66.5,14.1
Bihar,Muzaffarpur,2023,6,32.6,251.9,78.0,35.5
Bihar,Muzaffarpur,2023,7,34.4,242.0,83.8,33.6
Bihar,Muzaffarpur,2023,8,30.7,333.8,85.3,39.4
Bihar,Muzaffarpur,2023,9,27.4,374.9,79.1,42.6
Bihar,Muzaffarpur,2023,10,22.9,76.6,61.8,21.9
Bihar,Muzaffarpur,2023,11,19.5,60.7,58.4,15.9
Bihar,Muzaffarpur,2023,12,17.6,19.1,61.4,15.4
Andhra Pradesh,Krishna,2015,1,20.7,7.4,58.5,14.1
Andhra Pradesh,Krishna,2015,2,24.1,13.8,64.8,16.2
Andhra Pradesh,Krishna,2015,3,27.8,32.0,59.2,9.3
Andhra Pradesh,Krishna,2015,4,33.1,22.8,59.2,13.8
Andhra Pradesh,Krishna,2015,5,36.0,29.9,57.7,12.6
Andhra Pradesh,Krishna,2015,6,36.4,252.5,81.3,34.8
Andhra Pradesh,Krishna,2015,7,34.7,275.3,80.0,35.5
Andhra Pradesh,Krishna,2015,8,31.7,311.6,77.5,40.9
Andhra Pradesh,Krishna,2015,9,27.2,337.4,76.1,42.2
Andhra Pradesh,Krishna,2015,10,25.4,60.6,58.4,18.4
Andhra Pradesh,Krishna,2015,11,21.1,29.7,57.0,8.4
Andhra Pradesh,Krishna,2015,12,19.4,15.2,65.7,15.4
Andhra Pradesh,Krishna,2016,1,21.2,21.7,62.2,15.3
Andhra Pradesh,Krishna,2016,2,23.6,21.2,58.2,9.4
Andhra Pradesh,Krishna,2016,3,27.3,45.2,59.0,15.5
Andhra Pradesh,Krishna,2016,4,30.6,12.9,62.0,14.2
Andhra Pradesh,Krishna,2016,5,35.8,15.8,62.2,6.8
Andhra Pradesh,Krishna,2016,6,37.3,291.5,83.9,35.2
Andhra Pradesh,Krishna,2016,7,34.7,227.3,84.4,35.3
Andhra Pradesh,Krishna,2016,8,31.0,344.6,78.1,40.8
Andhra Pradesh,Krishna,2016,9,28.2,251.7,85.5,30.6
Andhra Pradesh,Krishna,2016,10,25.2,60.7,59.2,12.6
Andhra Pradesh,Krishna,2016,11,21.7,26.6,58.9,8.5
Andhra Pradesh,Krishna,2016,12,19.5,29.8,64.5,13.5
Andhra Pradesh,Krishna,2017,1,21.5,20.8,63.9,15.4
Andhra Pradesh,Krishna,2017,2,25.4,28.6,59.4,17.4
Andhra Pradesh,Krishna,2017,3,27.3,30.7,62.5,8.5
Andhra Pradesh,Krishna,2017,4,33.1,29.5,64.0,10.5
Andhra Pradesh,Krishna,2017,5,35.0,6.3,60.5,13.9
Andhra Pradesh,Krishna,2017,6,35.1,202.6,79.5,28.8
Andhra Pradesh,Krishna,2017,7,34.4,231.6,76.7,34.6
Andhra Pradesh,Krishna,2017,8,32.0,282.1,79.3,42.2
Andhra Pradesh,Krishna,2017,9,28.8,272.2,79.8,40.7
Andhra Pradesh,Krishna,2017,10,23.8,45.9,61.7,10.2
Andhra Pradesh,Krishna,2017,11,21.1,29.2,65.2,15.8
Andhra Pradesh,Krishna,2017,12,18.9,10.3,62.6,11.5
Andhra Pradesh,Krishna,2018,1,20.8,15.2,58.3,10.6
Andhra Pradesh,Krishna,2018,2,22.7,6.7,58.4,5.9
Andhra Pradesh,Krishna,2018,3,27.2,34.9,59.5,14.4
Andhra Pradesh,Krishna,2018,4,33.5,22.6,64.2,12.9
Andhra Pradesh,Krishna,2018,5,35.7,20.8,56.1,10.7
Andhra Pradesh,Krishna,2018,6,34.9,295.0,79.6,38.8
Andhra Pradesh,Krishna,2018,7,33.9,344.7,78.8,40.9
Andhra Pradesh,Krishna,2018,8,31.6,230.5,77.9,35.0
Andhra Pradesh,Krishna,2018,9,27.8,177.0,85.5,23.9
Andhra Pradesh,Krishna,2018,10,25.1,74.3,61.5,20.1
Andhra Pradesh,Krishna,2018,11,19.6,35.1,63.9,15.5
Andhra Pradesh,Krishna,2018,12,18.9,11.7,56.8,14.1
Andhra Pradesh,Krishna,2019,1,21.5,13.7,61.7,11.4
Andhra Pradesh,Krishna,2019,2,23.3,18.4,56.1,14.0
Andhra Pradesh,Krishna,2019,3,29.4,33.2,60.4,14.3
Andhra Pradesh,Krishna,2019,4,32.6,24.3,59.3,15.0
Andhra Pradesh,Krishna,2019,5,34.5,24.5,61.1,13.2
Andhra Pradesh,Krishna,2019,6,37.2,206.0,81.0,29.1
Andhra Pradesh,Krishna,2019,7,33.6,311.3,78.0,37.8
Andhra Pradesh,Krishna,2019,8,30.9,311.3,83.0,39.4
Andhra Pradesh,Krishna,2019,9,28.0,237.4,80.9,29.1
Andhra Pradesh,Krishna,2019,10,23.4,72.9,59.2,19.3
Andhra Pradesh,Krishna,2019,11,21.4,48.3,62.2,16.8
Andhra Pradesh,Krishna,2019,12,20.2,24.7,59.0,9.8
Andhra Pradesh,Krishna,2020,1,21.0,24.7,61.0,7.5
Andhra Pradesh,Krishna,2020,2,23.9,27.4,57.7,13.5
Andhra Pradesh,Krishna,2020,3,27.4,52.1,63.6,13.5
Andhra Pradesh,Krishna,2020,4,31.0,16.2,65.8,6.9
Andhra Pradesh,Krishna,2020,5,34.3,10.5,60.7,13.9
Andhra Pradesh,Krishna,2020,6,36.2,277.8,78.2,38.1
Andhra Pradesh,Krishna,2020,7,35.7,233.2,76.2,38.0
Andhra Pradesh,Krishna,2020,8,32.0,344.0,82.1,42.8
Andhra Pradesh,Krishna,2020,9,27.0,338.3,83.6,44.6
Andhra Pradesh,Krishna,2020,10,22.6,40.1,60.2,9.9
Andhra Pradesh,Krishna,2020,11,21.0,48.5,58.0,15.1
Andhra Pradesh,Krishna,2020,12,21.4,26.8,64.2,10.7
Andhra Pradesh,Krishna,2021,1,20.3,17.0,65.3,8.8
Andhra Pradesh,Krishna,2021,2,22.7,26.3,56.1,12.7
Andhra Pradesh,Krishna,2021,3,29.5,53.7,56.1,13.4
Andhra Pradesh,Krishna,2021,4,32.8,22.0,56.9,11.8
Andhra Pradesh,Krishna,2021,5,34.9,9.1,57.3,9.0
Andhra Pradesh,Krishna,2021,6,35.7,341.8,79.3,45
Andhra Pradesh,Krishna,2021,7,33.5,256.8,77.5,31.3
Andhra Pradesh,Krishna,2021,8,31.4,296.6,82.1,37.5
Andhra Pradesh,Krishna,2021,9,28.7,298.2,84.6,41.7
Andhra Pradesh,Krishna,2021,10,22.8,64.1,65.5,20.2
Andhra Pradesh,Krishna,2021,11,21.5,31.3,64.7,13.1
Andhra Pradesh,Krishna,2021,12,20.7,28.1,58.1,8.1
Andhra Pradesh,Krishna,2022,1,22.4,27.3,56.9,12.3
Andhra Pradesh,Krishna,2022,2,25.1,20.4,61.2,17.0
Andhra Pradesh,Krishna,2022,3,26.6,43.6,57.6,19.0
Andhra Pradesh,Krishna,2022,4,32.3,11.5,64.7,15.3
Andhra Pradesh,Krishna,2022,5,34.9,28.8,58.2,14.8
Andhra Pradesh,Krishna,2022,6,37.5,215.3,83.0,34.8
Andhra Pradesh,Krishna,2022,7,36.0,221.8,79.8,28.3
Andhra Pradesh,Krishna,2022,8,32.0,325.9,79.0,45
Andhra Pradesh,Krishna,2022,9,27.3,257.2,82.6,38.8
Andhra Pradesh,Krishna,2022,10,25.3,42.8,59.9,16.9
Andhra Pradesh,Krishna,2022,11,22.0,64.5,58.7,20.1
Andhra Pradesh,Krishna,2022,12,20.8,19.8,59.3,14.2
Andhra Pradesh,Krishna,2023,1,19.8,23.5,60.2,15.0
Andhra Pradesh,Krishna,2023,2,24.3,14.0,59.2,11.4
Andhra Pradesh,Krishna,2023,3,26.9,38.0,62.4,10.7
Andhra Pradesh,Krishna,2023,4,33.3,18.2,59.2,8.6
Andhra Pradesh,Krishna,2023,5,34.3,14.9,57.4,9.6
Andhra Pradesh,Krishna,2023,6,37.4,339.0,85.1,45
Andhra Pradesh,Krishna,2023,7,35.5,344.0,82.4,43.5
Andhra Pradesh,Krishna,2023,8,31.0,289.2,85.6,43.3
Andhra Pradesh,Krishna,2023,9,29.4,252.4,82.8,40.2
Andhra Pradesh,Krishna,2023,10,24.7,67.8,64.7,17.3
Andhra Pradesh,Krishna,2023,11,22.2,42.7,64.3,13.6
Andhra Pradesh,Krishna,2023,12,19.1,25.7,63.9,13.9
Andhra Pradesh,Guntur,2015,1,21.0,11.6,64.4,12.8
Andhra Pradesh,Guntur,2015,2,24.5,25.5,56.3,15.5
Andhra Pradesh,Guntur,2015,3,29.1,32.0,56.5,16.8
Andhra Pradesh,Guntur,2015,4,31.3,18.4,65.3,8.8
Andhra Pradesh,Guntur,2015,5,34.9,6.5,64.7,14.3
Andhra Pradesh,Guntur,2015,6,35.8,313.8,77.5,44.5
Andhra Pradesh,Guntur,2015,7,35.9,302.7,76.3,38.3
Andhra Pradesh,Guntur,2015,8,32.5,320.7,80.9,43.9
Andhra Pradesh,Guntur,2015,9,27.9,277.0,78.8,34.7
Andhra Pradesh,Guntur,2015,10,25.1,52.7,59.2,13.2
Andhra Pradesh,Guntur,2015,11,20.6,50.9,57.6,14.6
Andhra Pradesh,Guntur,2015,12,19.6,14.7,59.7,6.9
Andhra Pradesh,Guntur,2016,1,22.2,12.6,63.5,15.7
Andhra Pradesh,Guntur,2016,2,23.6,13.7,62.8,15.8
Andhra Pradesh,Guntur,2016,3,28.1,57.3,57.1,13.9
Andhra Pradesh,Guntur,2016,4,31.9,21.3,59.8,14.5
Andhra Pradesh,Guntur,2016,5,35.9,11.2,61.3,7.1
Andhra Pradesh,Guntur,2016,6,35.5,276.2,84.3,34.5
Andhra Pradesh,Guntur,2016,7,35.8,290.6,84.2,34.7
Andhra Pradesh,Guntur,2016,8,32.1,200.3,83.7,31.8
Andhra Pradesh,Guntur,2016,9,27.2,348.2,85.0,43.7
Andhra Pradesh,Guntur,2016,10,23.1,63.7,59.4,20.0
Andhra Pradesh,Guntur,2016,11,20.4,67.7,59.5,17.7
Andhra Pradesh,Guntur,2016,12,19.4,20.5,56.6,10.7
Andhra Pradesh,Guntur,2017,1,20.6,19.8,64.0,11.9
Andhra Pradesh,Guntur,2017,2,25.4,8.9,63.3,9.9
Andhra Pradesh,Guntur,2017,3,27.1,41.7,59.7,14.0
Andhra Pradesh,Guntur,2017,4,32.0,24.8,63.9,11.5
Andhra Pradesh,Guntur,2017,5,35.7,19.9,56.3,15.3
Andhra Pradesh,Guntur,2017,6,37.2,287.0,81.1,42.8
Andhra Pradesh,Guntur,2017,7,36.4,276.8,76.5,37.8
Andhra Pradesh,Guntur,2017,8,31.1,256.7,82.0,32.9
Andhra Pradesh,Guntur,2017,9,26.7,261.6,82.8,36.4
Andhra Pradesh,Guntur,2017,10,24.9,74.9,65.7,15.9
Andhra Pradesh,Guntur,2017,11,20.9,53.9,58.2,19.8
Andhra Pradesh,Guntur,2017,12,20.8,29.1,59.9,12.9
Andhra Pradesh,Guntur,2018,1,21.1,7.6,58.6,12.3
Andhra Pradesh,Guntur,2018,2,25.3,6.6,59.4,10.8
Andhra Pradesh,Guntur,2018,3,27.7,38.2,57.7,11.9
Andhra Pradesh,Guntur,2018,4,30.7,12.0,56.6,15.0
Andhra Pradesh,Guntur,2018,5,35.4,17.4,59.2,13.5
Andhra Pradesh,Guntur,2018,6,35.5,321.6,84.5,39.5
Andhra Pradesh,Guntur,2018,7,35.0,238.6,85.8,31.2
Andhra Pradesh,Guntur,2018,8,30.6,214.1,85.4,32.6
Andhra Pradesh,Guntur,2018,9,28.7,260.7,83.0,35.4
Andhra Pradesh,Guntur,2018,10,24.1,57.5,63.9,20.2
Andhra Pradesh,Guntur,2018,11,21.5,66.3,57.6,13.7
Andhra Pradesh,Guntur,2018,12,21.2,6.6,60.6,8.1
Andhra Pradesh,Guntur,2019,1,21.2,12.6,65.1,7.3
Andhra Pradesh,Guntur,2019,2,25.0,28.9,60.1,15.9
Andhra Pradesh,Guntur,2019,3,28.4,36.3,61.2,9.9
Andhra Pradesh,Guntur,2019,4,31.4,6.9,57.8,14.5
Andhra Pradesh,Guntur,2019,5,35.0,26.6,60.6,10.7
Andhra Pradesh,Guntur,2019,6,36.0,238.2,85.7,29.2
Andhra Pradesh,Guntur,2019,7,34.0,213.4,81.1,30.2
Andhra Pradesh,Guntur,2019,8,30.9,281.8,84.8,38.6
Andhra Pradesh,Guntur,2019,9,27.5,262.3,78.5,31.7
Andhra Pradesh,Guntur,2019,10,23.4,44.1,63.8,13.5
Andhra Pradesh,Guntur,2019,11,22.2,30.9,59.1,9.9
Andhra Pradesh,Guntur,2019,12,20.9,9.2,61.6,11.0
Andhra Pradesh,Guntur,2020,1,21.8,18.1,58.9,16.3
Andhra Pradesh,Guntur,2020,2,24.0,9.1,61.4,11.0
Andhra Pradesh,Guntur,2020,3,26.8,27.0,61.0,14.9
Andhra Pradesh,Guntur,2020,4,31.6,21.1,58.6,14.4
Andhra Pradesh,Guntur,2020,5,35.8,18.3,65.2,10.9
Andhra Pradesh,Guntur,2020,6,35.6,176.7,79.8,30.3
Andhra Pradesh,Guntur,2020,7,35.7,250.3,80.4,36.1
Andhra Pradesh,Guntur,2020,8,30.7,266.3,84.5,32.9
Andhra Pradesh,Guntur,2020,9,26.7,261.9,82.1,35.0
Andhra Pradesh,Guntur,2020,10,23.7,71.8,65.9,22.0
Andhra Pradesh,Guntur,2020,11,20.1,41.0,58.6,18.2
Andhra Pradesh,Guntur,2020,12,20.3,18.9,56.9,14.8
Andhra Pradesh,Guntur,2021,1,22.5,10.7,58.9,6.2
Andhra Pradesh,Guntur,2021,2,25.0,10.9,57.7,14.8
Andhra Pradesh,Guntur,2021,3,28.5,47.2,58.4,19.3
Andhra Pradesh,Guntur,2021,4,31.5,23.5,62.4,11.2
Andhra Pradesh,Guntur,2021,5,36.3,15.4,58.6,8.8
Andhra Pradesh,Guntur,2021,6,34.6,253.9,85.3,37.7
Andhra Pradesh,Guntur,2021,7,34.5,228.0,84.0,36.0
Andhra Pradesh,Guntur,2021,8,31.4,218.8,78.6,35.0
Andhra Pradesh,Guntur,2021,9,27.9,293.0,82.8,42.3
Andhra Pradesh,Guntur,2021,10,24.1,26.2,62.6,10.0
Andhra Pradesh,Guntur,2021,11,22.1,54.2,62.9,17.3
Andhra Pradesh,Guntur,2021,12,21.1,25.4,65.2,15.8
Andhra Pradesh,Guntur,2022,1,20.3,23.6,59.5,14.9
Andhra Pradesh,Guntur,2022,2,24.2,19.4,56.9,8.8
Andhra Pradesh,Guntur,2022,3,26.9,29.9,64.7,17.1
Andhra Pradesh,Guntur,2022,4,31.5,16.4,61.7,13.6
Andhra Pradesh,Guntur,2022,5,33.7,29.3,56.3,9.1
Andhra Pradesh,Guntur,2022,6,36.7,232.6,82.4,33.8
Andhra Pradesh,Guntur,2022,7,34.9,265.6,84.1,35.6
Andhra Pradesh,Guntur,2022,8,32.8,278.0,84.8,33.9
Andhra Pradesh,Guntur,2022,9,27.4,179.1,76.3,28.3
Andhra Pradesh,Guntur,2022,10,23.9,34.1,57.6,10.4
Andhra Pradesh,Guntur,2022,11,22.2,53.1,60.2,16.0
Andhra Pradesh,Guntur,2022,12,19.8,17.3,56.7,16.6
Andhra Pradesh,Guntur,2023,1,21.3,23.1,65.0,8.3
Andhra Pradesh,Guntur,2023,2,22.7,10.6,57.7,8.0
Andhra Pradesh,Guntur,2023,3,27.7,66.5,61.9,18.9
Andhra Pradesh,Guntur,2023,4,32.0,28.1,64.8,9.1
Andhra Pradesh,Guntur,2023,5,35.5,28.8,64.2,13.4
Andhra Pradesh,Guntur,2023,6,35.7,190.6,78.7,25.0
Andhra Pradesh,Guntur,2023,7,33.6,311.1,81.0,39.8
Andhra Pradesh,Guntur,2023,8,32.6,230.8,85.1,30.4
Andhra Pradesh,Guntur,2023,9,27.1,213.6,85.5,35.2
Andhra Pradesh,Guntur,2023,10,23.1,71.4,56.3,19.1
Andhra Pradesh,Guntur,2023,11,20.9,36.3,62.0,10.9
Andhra Pradesh,Guntur,2023,12,20.1,23.6,60.2,16.4
Andhra Pradesh,West Godavari,2015,1,22.3,9.6,58.1,6.1
Andhra Pradesh,West Godavari,2015,2,23.6,6.9,59.0,6.9
Andhra Pradesh,West Godavari,2015,3,27.9,37.9,65.3,16.8
Andhra Pradesh,West Godavari,2015,4,31.6,18.4,56.8,7.5
Andhra Pradesh,West Godavari,2015,5,35.9,7.2,59.7,8.1
Andhra Pradesh,West Godavari,2015,6,35.1,213.0,78.2,35.6
Andhra Pradesh,West Godavari,2015,7,34.1,288.8,78.4,43.2
Andhra Pradesh,West Godavari,2015,8,33.2,264.2,85.5,38.7
Andhra Pradesh,West Godavari,2015,9,29.2,266.5,76.8,32.4
Andhra Pradesh,West Godavari,2015,10,25.0,73.0,60.2,21.2
Andhra Pradesh,West Godavari,2015,11,22.3,40.7,63.6,16.9
Andhra Pradesh,West Godavari,2015,12,20.5,10.8,56.5,9.4
Andhra Pradesh,West Godavari,2016,1,20.4,18.1,59.5,10.8
Andhra Pradesh,West Godavari,2016,2,23.4,8.4,58.8,12.5
Andhra Pradesh,West Godavari,2016,3,27.3,69.7,64.7,16.6
Andhra Pradesh,West Godavari,2016,4,31.4,21.3,64.9,15.3
Andhra Pradesh,West Godavari,2016,5,34.1,10.3,56.5,15.5
Andhra Pradesh,West Godavari,2016,6,35.3,243.8,83.7,32.3
Andhra Pradesh,West Godavari,2016,7,35.6,177.9,80.1,23.1
Andhra Pradesh,West Godavari,2016,8,33.0,225.0,84.1,35.1
Andhra Pradesh,West Godavari,2016,9,26.8,227.5,83.9,34.6
Andhra Pradesh,West Godavari,2016,10,23.8,31.6,57.7,11.6
Andhra Pradesh,West Godavari,2016,11,21.0,57.7,64.7,17.7
Andhra Pradesh,West Godavari,2016,12,20.2,18.2,62.1,7.3
Andhra Pradesh,West Godavari,2017,1,19.7,18.6,60.3,15.5
Andhra Pradesh,West Godavari,2017,2,23.2,13.7,58.5,12.9
Andhra Pradesh,West Godavari,2017,3,28.9,30.0,59.9,14.8
Andhra Pradesh,West Godavari,2017,4,32.7,24.2,57.6,14.6
Andhra Pradesh,West Godavari,2017,5,34.8,27.2,58.0,16.1
Andhra Pradesh,West Godavari,2017,6,37.2,281.4,77.7,36.6
Andhra Pradesh,West Godavari,2017,7,34.5,329.3,77.7,42.1
Andhra Pradesh,West Godavari,2017,8,31.6,268.0,83.3,32.1
Andhra Pradesh,West Godavari,2017,9,27.2,189.4,80.9,30.4
Andhra Pradesh,West Godavari,2017,10,24.9,61.3,57.6,21.1
Andhra Pradesh,West Godavari,2017,11,19.6,34.7,62.3,14.9
Andhra Pradesh,West Godavari,2017,12,19.7,22.0,60.5,10.3
Andhra Pradesh,West Godavari,2018,1,20.5,15.7,57.1,13.7
Andhra Pradesh,West Godavari,2018,2,23.0,19.5,65.3,15.1
Andhra Pradesh,West Godavari,2018,3,29.0,34.3,64.1,8.6
Andhra Pradesh,West Godavari,2018,4,31.2,11.9,62.8,16.0
Andhra Pradesh,West Godavari,2018,5,34.1,17.5,58.9,14.0
Andhra Pradesh,West Godavari,2018,6,34.5,333.6,79.0,40.1
Andhra Pradesh,West Godavari,2018,7,35.9,302.5,83.9,44.0
Andhra Pradesh,West Godavari,2018,8,31.9,250.2,83.9,35.0
Andhra Pradesh,West Godavari,2018,9,27.2,282.4,80.4,40.9
Andhra Pradesh,West Godavari,2018,10,25.1,64.6,56.7,17.0
Andhra Pradesh,West Godavari,2018,11,20.9,27.3,58.9,7.8
Andhra Pradesh,West Godavari,2018,12,20.6,10.3,57.8,14.7
Andhra Pradesh,West Godavari,2019,1,20.4,22.2,62.6,13.6
Andhra Pradesh,West Godavari,2019,2,22.7,10.4,64.2,9.9
Andhra Pradesh,West Godavari,2019,3,27.4,49.8,56.3,17.1
Andhra Pradesh,West Godavari,2019,4,32.8,29.2,59.2,14.8
Andhra Pradesh,West Godavari,2019,5,36.2,26.5,60.6,17.2
Andhra Pradesh,West Godavari,2019,6,36.1,273.8,81.8,34.2
Andhra Pradesh,West Godavari,2019,7,34.6,263.1,83.9,36.9
Andhra Pradesh,West Godavari,2019,8,31.5,344.9,76.8,41.3
Andhra Pradesh,West Godavari,2019,9,27.5,346.4,80.7,43.6
Andhra Pradesh,West Godavari,2019,10,25.0,36.6,64.0,9.4
Andhra Pradesh,West Godavari,2019,11,21.4,72.0,62.0,14.6
Andhra Pradesh,West Godavari,2019,12,19.1,25.1,58.7,16.8
Andhra Pradesh,West Godavari,2020,1,20.9,7.5,63.3,13.1
Andhra Pradesh,West Godavari,2020,2,24.5,5.3,59.7,10.4
Andhra Pradesh,West Godavari,2020,3,29.2,29.7,60.3,11.5
Andhra Pradesh,West Godavari,2020,4,32.4,16.3,59.2,11.5
Andhra Pradesh,West Godavari,2020,5,35.1,6.0,59.2,8.1
Andhra Pradesh,West Godavari,2020,6,35.3,237.5,78.8,32.4
Andhra Pradesh,West Godavari,2020,7,35.5,215.9,85.5,27.4
Andhra Pradesh,West Godavari,2020,8,31.4,302.1,82.5,38.3
Andhra Pradesh,West Godavari,2020,9,27.4,300.1,79.8,43.1
Andhra Pradesh,West Godavari,2020,10,25.2,32.6,62.7,10.6
Andhra Pradesh,West Godavari,2020,11,21.3,69.8,62.3,20.7
Andhra Pradesh,West Godavari,2020,12,19.5,12.1,61.4,9.8
Andhra Pradesh,West Godavari,2021,1,21.1,11.3,58.1,12.2
Andhra Pradesh,West Godavari,2021,2,22.8,10.8,56.9,13.0
Andhra Pradesh,West Godavari,2021,3,27.0,38.7,64.6,14.1
Andhra Pradesh,West Godavari,2021,4,31.9,13.2,61.2,14.1
Andhra Pradesh,West Godavari,2021,5,34.5,8.4,57.8,12.9
Andhra Pradesh,West Godavari,2021,6,35.9,337.8,78.2,45
Andhra Pradesh,West Godavari,2021,7,34.6,224.4,83.2,30.6
Andhra Pradesh,West Godavari,2021,8,31.2,253.5,80.3,31.2
Andhra Pradesh,West Godavari,2021,9,29.5,244.8,79.6,30.8
Andhra Pradesh,West Godavari,2021,10,22.9,34.2,56.7,13.9
Andhra Pradesh,West Godavari,2021,11,21.5,67.5,58.6,19.8
Andhra Pradesh,West Godavari,2021,12,20.7,6.4,58.0,7.7
Andhra Pradesh,West Godavari,2022,1,22.2,23.7,56.6,9.8
Andhra Pradesh,West Godavari,2022,2,23.0,20.7,60.3,16.5
Andhra Pradesh,West Godavari,2022,3,29.0,39.3,58.7,13.9
Andhra Pradesh,West Godavari,2022,4,31.7,24.9,57.9,16.2
Andhra Pradesh,West Godavari,2022,5,35.2,14.8,65.7,10.0
Andhra Pradesh,West Godavari,2022,6,36.8,343.6,84.9,45
Andhra Pradesh,West Godavari,2022,7,34.8,310.5,84.3,39.0
Andhra Pradesh,West Godavari,2022,8,31.9,336.0,83.8,41.7
Andhra Pradesh,West Godavari,2022,9,28.8,195.3,79.9,30.3
Andhra Pradesh,West Godavari,2022,10,23.4,25.5,61.7,13.7
Andhra Pradesh,West Godavari,2022,11,21.6,33.3,56.7,8.8
Andhra Pradesh,West Godavari,2022,12,20.1,5.9,58.0,10.6
Andhra Pradesh,West Godavari,2023,1,20.7,22.1,57.3,12.4
Andhra Pradesh,West Godavari,2023,2,23.8,9.9,65.1,15.3
Andhra Pradesh,West Godavari,2023,3,29.4,37.6,56.2,15.7
Andhra Pradesh,West Godavari,2023,4,33.2,13.7,59.0,14.4
Andhra Pradesh,West Godavari,2023,5,35.1,19.8,63.1,12.2
Andhra Pradesh,West Godavari,2023,6,37.0,272.4,83.4,32.3
Andhra Pradesh,West Godavari,2023,7,34.9,333.2,80.9,45
Andhra Pradesh,West Godavari,2023,8,32.1,338.1,76.8,41.6
Andhra Pradesh,West Godavari,2023,9,27.0,327.4,85.8,39.6
Andhra Pradesh,West Godavari,2023,10,23.4,37.3,62.1,15.8
Andhra Pradesh,West Godavari,2023,11,20.3,66.4,60.5,16.6
Andhra Pradesh,West Godavari,2023,12,19.6,16.4,56.3,7.0
Andhra Pradesh,Kurnool,2015,1,22.5,12.2,59.5,16.0
Andhra Pradesh,Kurnool,2015,2,23.4,7.3,64.7,9.7
Andhra Pradesh,Kurnool,2015,3,28.4,39.9,57.3,11.2
Andhra Pradesh,Kurnool,2015,4,32.8,18.5,62.6,14.1
Andhra Pradesh,Kurnool,2015,5,35.1,22.0,57.9,9.0
Andhra Pradesh,Kurnool,2015,6,35.8,322.2,78.2,45
Andhra Pradesh,Kurnool,2015,7,35.9,303.7,77.1,36.7
Andhra Pradesh,Kurnool,2015,8,32.9,213.4,76.2,32.2
Andhra Pradesh,Kurnool,2015,9,28.6,319.1,83.1,42.9
Andhra Pradesh,Kurnool,2015,10,23.6,71.3,58.7,16.7
Andhra Pradesh,Kurnool,2015,11,19.9,53.8,62.9,15.5
Andhra Pradesh,Kurnool,2015,12,19.6,6.1,62.3,6.0
Andhra Pradesh,Kurnool,2016,1,21.8,20.4,64.6,13.7
Andhra Pradesh,Kurnool,2016,2,24.8,12.0,65.4,12.1
Andhra Pradesh,Kurnool,2016,3,28.1,44.2,64.4,15.7
Andhra Pradesh,Kurnool,2016,4,32.2,20.3,63.9,16.9
Andhra Pradesh,Kurnool,2016,5,34.0,29.0,58.8,12.2
Andhra Pradesh,Kurnool,2016,6,36.7,317.2,79.4,39.8
Andhra Pradesh,Kurnool,2016,7,35.0,259.0,80.0,33.9
Andhra Pradesh,Kurnool,2016,8,30.5,338.1,79.5,45
Andhra Pradesh,Kurnool,2016,9,28.4,194.2,77.8,28.2
Andhra Pradesh,Kurnool,2016,10,23.1,30.2,63.7,12.9
Andhra Pradesh,Kurnool,2016,11,20.0,50.8,62.8,18.4
Andhra Pradesh,Kurnool,2016,12,19.8,10.3,56.4,11.9
Andhra Pradesh,Kurnool,2017,1,21.2,29.9,58.5,8.5
Andhra Pradesh,Kurnool,2017,2,24.1,22.4,58.3,10.0
Andhra Pradesh,Kurnool,2017,3,27.1,67.2,61.7,14.5
Andhra Pradesh,Kurnool,2017,4,31.6,11.4,56.2,14.4
Andhra Pradesh,Kurnool,2017,5,35.7,12.9,59.4,15.6
Andhra Pradesh,Kurnool,2017,6,35.3,297.8,85.2,37.8
Andhra Pradesh,Kurnool,2017,7,35.8,230.5,85.8,29.5
Andhra Pradesh,Kurnool,2017,8,31.0,296.9,79.4,39.3
Andhra Pradesh,Kurnool,2017,9,29.1,202.9,78.3,31.5
Andhra Pradesh,Kurnool,2017,10,23.2,47.6,58.2,16.1
Andhra Pradesh,Kurnool,2017,11,21.5,27.4,63.9,17.1
Andhra Pradesh,Kurnool,2017,12,19.4,24.7,59.1,16.5
Andhra Pradesh,Kurnool,2018,1,22.4,22.7,60.1,10.7
Andhra Pradesh,Kurnool,2018,2,23.1,27.0,65.3,14.8
Andhra Pradesh,Kurnool,2018,3,29.3,41.7,56.8,14.0
Andhra Pradesh,Kurnool,2018,4,33.5,19.9,64.4,13.5
Andhra Pradesh,Kurnool,2018,5,34.7,17.2,58.4,10.6
Andhra Pradesh,Kurnool,2018,6,37.4,336.2,82.1,45
Andhra Pradesh,Kurnool,2018,7,34.4,287.7,85.0,34.5
Andhra Pradesh,Kurnool,2018,8,33.4,205.3,76.5,25.8
Andhra Pradesh,Kurnool,2018,9,27.7,304.3,78.4,44.9
Andhra Pradesh,Kurnool,2018,10,24.8,32.0,63.8,10.3
Andhra Pradesh,Kurnool,2018,11,21.7,27.5,64.0,11.2
Andhra Pradesh,Kurnool,2018,12,20.6,6.7,61.0,9.5
Andhra Pradesh,Kurnool,2019,1,20.0,15.6,65.7,6.9
Andhra Pradesh,Kurnool,2019,2,25.4,13.5,64.0,14.5
Andhra Pradesh,Kurnool,2019,3,28.2,55.9,65.7,15.0
Andhra Pradesh,Kurnool,2019,4,32.9,17.1,59.2,16.7
Andhra Pradesh,Kurnool,2019,5,33.8,28.8,63.4,9.6
Andhra Pradesh,Kurnool,2019,6,37.2,181.9,83.2,32.8
Andhra Pradesh,Kurnool,2019,7,35.7,335.7,83.0,45
Andhra Pradesh,Kurnool,2019,8,33.2,337.5,79.7,40.5
Andhra Pradesh,Kurnool,2019,9,27.6,193.2,85.0,28.6
Andhra Pradesh,Kurnool,2019,10,25.4,30.5,60.6,14.1
Andhra Pradesh,Kurnool,2019,11,20.7,60.5,58.6,11.3
Andhra Pradesh,Kurnool,2019,12,21.2,18.4,59.3,14.7
Andhra Pradesh,Kurnool,2020,1,19.9,12.6,60.9,14.8
Andhra Pradesh,Kurnool,2020,2,24.3,16.5,62.3,16.0
Andhra Pradesh,Kurnool,2020,3,27.6,34.3,61.4,9.8
Andhra Pradesh,Kurnool,2020,4,31.2,21.5,60.5,8.9
Andhra Pradesh,Kurnool,2020,5,33.4,29.3,64.4,14.3
Andhra Pradesh,Kurnool,2020,6,36.2,258.7,85.7,40.8
Andhra Pradesh,Kurnool,2020,7,36.3,288.3,82.6,43.1
Andhra Pradesh,Kurnool,2020,8,31.2,261.5,81.7,34.4
Andhra Pradesh,Kurnool,2020,9,28.3,277.0,85.2,37.3
Andhra Pradesh,Kurnool,2020,10,23.7,52.5,56.0,10.5
Andhra Pradesh,Kurnool,2020,11,19.7,68.9,64.7,19.5
Andhra Pradesh,Kurnool,2020,12,19.3,20.4,57.5,12.4
Andhra Pradesh,Kurnool,2021,1,21.1,21.9,57.2,16.5
Andhra Pradesh,Kurnool,2021,2,24.3,30.0,56.9,15.3
Andhra Pradesh,Kurnool,2021,3,29.0,74.7,58.4,15.7
Andhra Pradesh,Kurnool,2021,4,33.2,22.5,57.1,13.3
Andhra Pradesh,Kurnool,2021,5,34.3,25.0,57.1,14.7
Andhra Pradesh,Kurnool,2021,6,35.7,202.7,78.5,33.3
Andhra Pradesh,Kurnool,2021,7,36.3,344.0,76.4,45
Andhra Pradesh,Kurnool,2021,8,32.4,243.2,76.4,36.5
Andhra Pradesh,Kurnool,2021,9,28.1,212.8,81.3,27.1
Andhra Pradesh,Kurnool,2021,10,25.3,67.3,63.3,21.7
Andhra Pradesh,Kurnool,2021,11,20.1,49.2,65.5,19.0
Andhra Pradesh,Kurnool,2021,12,20.4,7.8,60.9,11.3
Andhra Pradesh,Kurnool,2022,1,21.2,12.2,58.2,9.2
Andhra Pradesh,Kurnool,2022,2,23.2,29.1,57.7,10.0
Andhra Pradesh,Kurnool,2022,3,29.4,31.4,56.3,12.1
Andhra Pradesh,Kurnool,2022,4,32.2,21.4,64.7,16.3
Andhra Pradesh,Kurnool,2022,5,33.5,25.0,58.2,13.6
Andhra Pradesh,Kurnool,2022,6,37.0,196.2,81.4,33.9
Andhra Pradesh,Kurnool,2022,7,34.7,287.0,83.7,37.3
Andhra Pradesh,Kurnool,2022,8,30.8,296.4,76.2,43.9
Andhra Pradesh,Kurnool,2022,9,27.9,271.9,77.4,37.6
Andhra Pradesh,Kurnool,2022,10,23.8,57.6,56.9,13.6
Andhra Pradesh,Kurnool,2022,11,21.2,63.6,62.6,11.6
Andhra Pradesh,Kurnool,2022,12,21.3,14.9,62.4,16.3
Andhra Pradesh,Kurnool,2023,1,22.1,14.0,58.6,11.5
Andhra Pradesh,Kurnool,2023,2,24.0,8.4,62.1,14.3
Andhra Pradesh,Kurnool,2023,3,27.0,55.8,61.4,12.7
Andhra Pradesh,Kurnool,2023,4,33.1,8.4,63.8,6.6
Andhra Pradesh,Kurnool,2023,5,36.1,11.8,63.0,12.8
Andhra Pradesh,Kurnool,2023,6,36.5,310.0,78.7,40.4
Andhra Pradesh,Kurnool,2023,7,35.2,299.6,80.1,38.5
Andhra Pradesh,Kurnool,2023,8,32.4,191.2,81.4,28.1
Andhra Pradesh,Kurnool,2023,9,28.6,232.3,76.6,35.2
Andhra Pradesh,Kurnool,2023,10,23.5,28.5,56.4,17.4
Andhra Pradesh,Kurnool,2023,11,21.1,32.0,56.6,13.8
Andhra Pradesh,Kurnool,2023,12,19.8,6.2,61.4,10.7
