State,District,Crop,Season,Crop_Year,Area_Hectares,Production_Tonnes,Yield_kg_per_ha
Andhra Pradesh,Kurnool,Groundnut,Rabi,2022,32282.6,46225.5,1431.9
Maharashtra,Kolhapur,Maize,Kharif,2020,9250.8,21355.5,2308.5
Karnataka,Raichur,Gram,Rabi,2021,29926.5,35804.1,1196.4
Karnataka,Raichur,Sugarcane,Whole Year,2019,4005.4,275722.1,68837.6
Madhya Pradesh,Sehore,Wheat,Rabi,2023,38890.6,122264.3,3143.8
Punjab,Amritsar,Maize,Rabi,2017,11726.1,21279.4,1814.7
Andhra Pradesh,Kurnool,Groundnut,Kharif,2020,33927.4,54562.0,1608.2
Haryana,Hisar,Bajra,Kharif,2022,27972.6,46870.9,1675.6
Bihar,Muzaffarpur,Maize,Rabi,2015,2389.5,5280.1,2209.7
Punjab,Patiala,Jowar,Rabi,2016,28006.6,44328.8,1582.8
Punjab,Amritsar,Wheat,Rabi,2022,31380.8,100581.7,3205.2
Bihar,Muzaffarpur,Cotton,Kharif,2018,6029.8,3060.7,507.6
Tamil Nadu,Coimbatore,Gram,Rabi,2020,22309.2,26735.3,1198.4
Punjab,Ludhiana,Groundnut,Kharif,2022,32370.5,38048.3,1175.4
Punjab,Amritsar,Maize,Kharif,2019,10264.3,23350.3,2274.9
Haryana,Karnal,Wheat,Rabi,2021,43534.6,174125.3,3999.7
West Bengal,Bardhaman,Groundnut,Kharif,2017,20855.8,22887.2,1097.4
Karnataka,Belagavi,Rice,Kharif,2022,17489.3,50927.1,2911.9
Uttar Pradesh,Kanpur Dehat,Groundnut,Kharif,2015,27171.4,36309.1,1336.3
Bihar,Muzaffarpur,Bajra,Kharif,2023,15416.0,17179.6,1114.4
West Bengal,Murshidabad,Maize,Rabi,2021,21641.4,60994.1,2818.4
Madhya Pradesh,Indore,Soyabean,Kharif,2019,3597.5,3699.7,1028.4
Tamil Nadu,Coimbatore,Maize,Rabi,2020,642.3,1335.1,2078.7
Karnataka,Belagavi,Groundnut,Rabi,2021,14136.8,20962.0,1482.8
Karnataka,Mysuru,Gram,Rabi,2016,41327.0,53981.3,1306.2
Andhra Pradesh,Guntur,Jowar,Kharif,2022,39107.9,28396.2,726.1
Uttar Pradesh,Kanpur Dehat,Wheat,Rabi,2020,24784.7,90741.7,3661.2
Andhra Pradesh,Krishna,Sugarcane,Whole Year,2018,20697.1,1054252.3,50937.2
Uttar Pradesh,Gorakhpur,Maize,Kharif,2016,6335.7,16459.5,2597.9
Karnataka,Belagavi,Wheat,Rabi,2015,19427.8,70361.7,3621.7
Punjab,Amritsar,Cotton,Kharif,2019,38338.0,17888.5,466.6
Uttar Pradesh,Bareilly,Jowar,Rabi,2018,13780.6,18255.2,1324.7
Andhra Pradesh,Kurnool,Maize,Kharif,2016,28203.4,95922.6,3401.1
Haryana,Kurukshetra,Maize,Kharif,2023,38950.3,118459.5,3041.3
West Bengal,Murshidabad,Bajra,Kharif,2016,26857.7,37810.3,1407.8
Maharashtra,Kolhapur,Wheat,Rabi,2022,21306.0,71558.3,3358.6
Uttar Pradesh,Gorakhpur,Jowar,Kharif,2023,27780.2,29694.3,1068.9
Bihar,Patna,Bajra,Kharif,2019,7093.5,10946.7,1543.2
Bihar,Muzaffarpur,Wheat,Rabi,2016,4662.4,13550.3,2906.3
Bihar,Patna,Soyabean,Kharif,2017,6440.0,9634.2,1496.0
Maharashtra,Kolhapur,Sugarcane,Whole Year,2023,36436.7,2778888.6,76266.2
Tamil Nadu,Salem,Jowar,Rabi,2019,19787.9,15869.9,802.0
Uttar Pradesh,Meerut,Gram,Rabi,2017,20332.2,25354.3,1247.0
Maharashtra,Nagpur,Jowar,Kharif,2018,37953.9,51112.5,1346.7
Bihar,Muzaffarpur,Groundnut,Rabi,2018,40186.2,36400.7,905.8
Maharashtra,Kolhapur,Groundnut,Rabi,2016,30643.5,33208.4,1083.7
West Bengal,Nadia,Maize,Rabi,2019,20458.2,47913.1,2342.0
West Bengal,Murshidabad,Groundnut,Rabi,2019,27442.9,30011.6,1093.6
Maharashtra,Nagpur,Cotton,Kharif,2023,18884.1,8414.8,445.6
Madhya Pradesh,Hoshangabad,Soyabean,Kharif,2021,34155.7,32297.6,945.6
Bihar,Muzaffarpur,Sugarcane,Whole Year,2022,10694.0,752627.7,70378.5
Haryana,Sirsa,Groundnut,Kharif,2019,854.6,1016.8,1189.8
Uttar Pradesh,Meerut,Bajra,Kharif,2020,9395.7,13175.6,1402.3
Haryana,Kurukshetra,Gram,Rabi,2017,14579.1,17201.9,1179.9
Haryana,Hisar,Soyabean,Kharif,2021,36944.0,51256.1,1387.4
Uttar Pradesh,Bareilly,Maize,Kharif,2016,2332.6,5816.3,2493.5
Maharashtra,Pune,Wheat,Rabi,2015,21674.7,76771.8,3542.0
Andhra Pradesh,Krishna,Jowar,Rabi,2016,26167.8,32445.5,1239.9
Uttar Pradesh,Gorakhpur,Sugarcane,Whole Year,2016,11509.1,735958.6,63945.8
Tamil Nadu,Erode,Bajra,Kharif,2015,9988.1,12555.0,1257.0
Bihar,Rohtas,Rice,Kharif,2016,35083.8,95052.5,2709.3
Karnataka,Davanagere,Wheat,Rabi,2022,4852.7,18059.3,3721.5
Haryana,Sirsa,Gram,Rabi,2020,10263.8,13009.4,1267.5
Maharashtra,Nagpur,Rice,Kharif,2020,32777.9,88192.2,2690.6
Tamil Nadu,Coimbatore,Wheat,Rabi,2017,13337.3,59413.7,4454.7
Madhya Pradesh,Sehore,Sugarcane,Whole Year,2020,40116.0,3334570.3,83123.2
Bihar,Patna,Jowar,Kharif,2018,24847.0,31779.3,1279.0
Haryana,Kurukshetra,Bajra,Kharif,2016,34657.0,33918.8,978.7
Tamil Nadu,Erode,Rice,Kharif,2020,10945.0,29856.9,2727.9
Andhra Pradesh,Kurnool,Sugarcane,Whole Year,2020,13588.0,1196496.8,88055.4
Andhra Pradesh,Kurnool,Cotton,Kharif,2016,25275.5,11834.0,468.2
Haryana,Sirsa,Jowar,Rabi,2016,8189.9,7137.5,871.5
Karnataka,Mysuru,Wheat,Rabi,2021,1100.6,4967.2,4513.2
Haryana,Kurukshetra,Wheat,Rabi,2020,17926.3,81973.4,4572.8
Madhya Pradesh,Indore,Maize,Kharif,2015,11075.1,32258.4,2912.7
Tamil Nadu,Coimbatore,Sugarcane,Whole Year,2020,36207.4,2144147.9,59218.5
Maharashtra,Kolhapur,Rice,Kharif,2018,8915.0,23807.5,2670.5
Andhra Pradesh,Kurnool,Jowar,Kharif,2017,16592.6,14160.1,853.4
Karnataka,Mysuru,Bajra,Kharif,2016,13410.3,13422.4,1000.9
Bihar,Rohtas,Cotton,Kharif,2015,25694.0,11315.6,440.4
Uttar Pradesh,Kanpur Dehat,Wheat,Rabi,2016,5223.0,18547.9,3551.2
Bihar,Gaya,Gram,Rabi,2017,7895.4,9161.0,1160.3
Karnataka,Raichur,Maize,Rabi,2023,838.4,1946.0,2321.1
Punjab,Bathinda,Wheat,Rabi,2017,42241.1,120695.5,2857.3
Maharashtra,Kolhapur,Maize,Rabi,2015,18469.6,47939.7,2595.6
Haryana,Hisar,Jowar,Kharif,2023,18995.6,27182.7,1431.0
Karnataka,Mysuru,Maize,Kharif,2015,25546.9,60681.6,2375.3
Andhra Pradesh,Guntur,Sugarcane,Whole Year,2016,42750.9,2818601.0,65930.8
Bihar,Gaya,Rice,Kharif,2020,31184.1,70925.1,2274.4
Haryana,Hisar,Wheat,Rabi,2023,17100.8,54077.9,3162.3
Karnataka,Mysuru,Sugarcane,Whole Year,2016,38269.4,3269672.5,85438.3
Punjab,Amritsar,Rice,Kharif,2017,21643.6,56178.1,2595.6
Andhra Pradesh,West Godavari,Bajra,Kharif,2022,1013.3,1126.0,1111.2
Maharashtra,Nagpur,Maize,Kharif,2021,36829.3,63972.5,1737.0
Punjab,Bathinda,Soyabean,Kharif,2016,20866.7,19858.8,951.7
Punjab,Patiala,Maize,Kharif,2023,24122.9,85983.7,3564.4
West Bengal,Nadia,Soyabean,Kharif,2016,3956.5,3279.5,828.9
Maharashtra,Nashik,Jowar,Kharif,2019,16090.0,17298.4,1075.1
Punjab,Ludhiana,Bajra,Kharif,2018,38151.6,35851.1,939.7
Madhya Pradesh,Ujjain,Cotton,Kharif,2016,44814.6,13982.2,312.0
Karnataka,Mysuru,Maize,Rabi,2023,32599.8,100462.8,3081.7
Maharashtra,Kolhapur,Wheat,Rabi,2021,26486.3,87624.6,3308.3
Punjab,Patiala,Groundnut,Kharif,2015,28671.9,41344.9,1442.0
Madhya Pradesh,Indore,Jowar,Kharif,2018,43245.9,57378.7,1326.8
Karnataka,Mysuru,Bajra,Kharif,2020,15693.0,23570.9,1502.0
Punjab,Bathinda,Sugarcane,Whole Year,2022,36701.1,2310374.6,62951.1
Uttar Pradesh,Meerut,Soyabean,Kharif,2023,6750.0,9749.7,1444.4
Madhya Pradesh,Sehore,Jowar,Rabi,2021,30788.5,34255.3,1112.6
Madhya Pradesh,Ujjain,Jowar,Rabi,2023,33653.2,30950.8,919.7
Madhya Pradesh,Indore,Cotton,Kharif,2020,32224.0,17468.6,542.1
West Bengal,Murshidabad,Wheat,Rabi,2022,28040.0,111554.3,3978.4
Tamil Nadu,Coimbatore,Jowar,Kharif,2021,7462.2,7979.3,1069.3
Haryana,Hisar,Bajra,Kharif,2017,33978.5,47879.1,1409.1
Uttar Pradesh,Gorakhpur,Wheat,Rabi,2017,10383.1,31205.4,3005.4
Haryana,Karnal,Jowar,Rabi,2018,29278.4,47805.8,1632.8
Bihar,Muzaffarpur,Jowar,Kharif,2018,19874.0,24530.5,1234.3
Uttar Pradesh,Meerut,Rice,Kharif,2020,40014.8,119576.2,2988.3
Karnataka,Belagavi,Jowar,Rabi,2023,23865.8,22524.5,943.8
Tamil Nadu,Salem,Soyabean,Kharif,2023,13907.1,12089.4,869.3
Haryana,Sirsa,Jowar,Kharif,2022,15254.0,12282.5,805.2
Karnataka,Mysuru,Groundnut,Rabi,2016,25050.3,35218.2,1405.9
Andhra Pradesh,Kurnool,Groundnut,Rabi,2015,5457.5,9428.9,1727.7
West Bengal,Bardhaman,Maize,Rabi,2019,17040.8,39742.6,2332.2
Uttar Pradesh,Gorakhpur,Wheat,Rabi,2023,16783.6,50718.4,3021.9
West Bengal,Nadia,Sugarcane,Whole Year,2018,33753.7,2749974.7,81471.8
Bihar,Muzaffarpur,Soyabean,Kharif,2021,21222.9,27222.6,1282.7
Uttar Pradesh,Kanpur Dehat,Jowar,Rabi,2020,37424.5,53722.9,1435.5
Uttar Pradesh,Bareilly,Groundnut,Kharif,2023,1934.2,2913.9,1506.5
Tamil Nadu,Thanjavur,Jowar,Kharif,2017,10493.9,12541.3,1195.1
Andhra Pradesh,Krishna,Wheat,Rabi,2023,30029.4,134642.8,4483.7
Madhya Pradesh,Sehore,Sugarcane,Whole Year,2015,31235.4,2235764.3,71577.9
Maharashtra,Nashik,Cotton,Kharif,2019,19279.2,7424.4,385.1
Tamil Nadu,Thanjavur,Bajra,Kharif,2017,6867.0,8583.8,1250.0
Karnataka,Davanagere,Bajra,Kharif,2022,37065.0,59722.8,1611.3
Tamil Nadu,Thanjavur,Wheat,Rabi,2022,5433.9,19358.8,3562.6
Madhya Pradesh,Sehore,Wheat,Rabi,2022,34473.2,82701.2,2399.0
Uttar Pradesh,Meerut,Rice,Kharif,2019,13441.8,37857.5,2816.4
Madhya Pradesh,Indore,Jowar,Rabi,2016,38674.7,27548.0,712.3
Karnataka,Mysuru,Groundnut,Rabi,2020,13066.9,16418.6,1256.5
Uttar Pradesh,Kanpur Dehat,Rice,Kharif,2018,42318.9,106990.6,2528.2
West Bengal,Bardhaman,Groundnut,Rabi,2015,24123.7,29013.6,1202.7
Haryana,Karnal,Rice,Kharif,2021,23156.0,49864.1,2153.4
Uttar Pradesh,Gorakhpur,Groundnut,Rabi,2023,10191.6,11436.0,1122.1
Karnataka,Belagavi,Jowar,Kharif,2022,11737.4,18742.3,1596.8
Tamil Nadu,Thanjavur,Maize,Kharif,2020,42623.7,88231.1,2070.0
Maharashtra,Nagpur,Jowar,Rabi,2017,23183.8,18846.1,812.9
Haryana,Kurukshetra,Jowar,Rabi,2022,26469.1,35728.0,1349.8
Tamil Nadu,Thanjavur,Rice,Kharif,2021,37541.9,94474.2,2516.5
Haryana,Karnal,Groundnut,Rabi,2019,3337.3,7211.6,2160.9
Andhra Pradesh,Guntur,Jowar,Kharif,2015,28865.5,27858.1,965.1
Maharashtra,Pune,Soyabean,Kharif,2016,25825.0,31785.4,1230.8
Andhra Pradesh,Kurnool,Jowar,Kharif,2022,25771.5,29291.9,1136.6
Tamil Nadu,Thanjavur,Maize,Rabi,2022,25778.2,76726.2,2976.4
Punjab,Bathinda,Sugarcane,Whole Year,2016,19037.3,1243046.2,65295.3
West Bengal,Hooghly,Groundnut,Rabi,2020,8876.6,15048.5,1695.3
Andhra Pradesh,Krishna,Maize,Rabi,2016,37547.6,87557.2,2331.9
Tamil Nadu,Erode,Groundnut,Kharif,2021,24635.4,29087.0,1180.7
Bihar,Gaya,Bajra,Kharif,2018,19671.6,28281.9,1437.7
Bihar,Gaya,Jowar,Kharif,2019,21682.6,19755.0,911.1
Punjab,Ludhiana,Maize,Rabi,2022,13780.8,40861.5,2965.1
Bihar,Rohtas,Sugarcane,Whole Year,2016,21170.6,1809737.0,85483.5
Karnataka,Belagavi,Gram,Rabi,2019,27429.6,22009.5,802.4
West Bengal,Nadia,Maize,Rabi,2022,10535.6,19670.0,1867.0
Maharashtra,Kolhapur,Maize,Kharif,2015,16479.6,37118.7,2252.4
Bihar,Muzaffarpur,Wheat,Rabi,2022,1973.2,4259.9,2158.9
Andhra Pradesh,Guntur,Sugarcane,Whole Year,2019,9807.2,806226.4,82207.6
Maharashtra,Nagpur,Jowar,Kharif,2019,8493.7,7831.2,922.0
Madhya Pradesh,Ujjain,Rice,Kharif,2015,26698.2,51709.1,1936.8
Andhra Pradesh,Krishna,Groundnut,Kharif,2017,23614.4,41615.7,1762.3
West Bengal,Murshidabad,Maize,Rabi,2016,30590.4,84784.4,2771.6
Uttar Pradesh,Meerut,Groundnut,Rabi,2020,38801.5,71996.2,1855.5
Madhya Pradesh,Hoshangabad,Jowar,Kharif,2015,5026.6,8473.3,1685.7
Tamil Nadu,Coimbatore,Maize,Rabi,2018,36717.2,104801.9,2854.3
Maharashtra,Nagpur,Soyabean,Kharif,2016,7978.4,8501.8,1065.6
Karnataka,Mysuru,Cotton,Kharif,2023,627.5,347.4,553.7
Haryana,Sirsa,Bajra,Kharif,2022,23349.0,32249.6,1381.2
Uttar Pradesh,Kanpur Dehat,Bajra,Kharif,2020,33242.3,56319.1,1694.2
Bihar,Patna,Maize,Rabi,2023,36739.9,93187.1,2536.4
Uttar Pradesh,Bareilly,Sugarcane,Whole Year,2023,7251.0,602421.8,83081.2
Punjab,Amritsar,Maize,Kharif,2022,25615.4,52831.8,2062.5
West Bengal,Hooghly,Gram,Rabi,2017,13485.3,8919.2,661.4
Karnataka,Mysuru,Soyabean,Kharif,2019,15511.5,22978.7,1481.4
Tamil Nadu,Salem,Sugarcane,Whole Year,2019,20811.8,1442193.2,69296.9
West Bengal,Nadia,Maize,Kharif,2016,6014.2,19621.3,3262.5
Karnataka,Belagavi,Gram,Rabi,2021,14946.3,11568.4,774.0
Haryana,Sirsa,Gram,Rabi,2022,36376.4,43884.5,1206.4
Andhra Pradesh,Guntur,Cotton,Kharif,2023,22333.0,11863.3,531.2
West Bengal,Murshidabad,Rice,Kharif,2021,41414.5,82100.1,1982.4
Karnataka,Mysuru,Jowar,Kharif,2015,28436.6,35810.2,1259.3
Punjab,Amritsar,Bajra,Kharif,2019,11641.4,12469.1,1071.1
Uttar Pradesh,Meerut,Soyabean,Kharif,2015,507.6,489.6,964.6
Maharashtra,Kolhapur,Gram,Rabi,2019,14360.1,14825.4,1032.4
Punjab,Amritsar,Groundnut,Kharif,2021,2885.6,3285.3,1138.5
Andhra Pradesh,West Godavari,Gram,Rabi,2017,16322.9,19933.5,1221.2
Andhra Pradesh,Kurnool,Maize,Kharif,2017,24793.2,71397.0,2879.7
Karnataka,Davanagere,Jowar,Rabi,2021,35005.2,37693.6,1076.8
West Bengal,Hooghly,Maize,Kharif,2023,35397.7,94703.0,2675.4
Punjab,Amritsar,Jowar,Rabi,2018,11346.0,13319.1,1173.9
Karnataka,Davanagere,Jowar,Rabi,2018,35508.0,37787.6,1064.2
Haryana,Kurukshetra,Maize,Rabi,2019,27807.2,64974.3,2336.6
Punjab,Amritsar,Soyabean,Kharif,2021,34417.4,32039.2,930.9
Haryana,Karnal,Cotton,Kharif,2015,6608.6,3521.7,532.9
Tamil Nadu,Thanjavur,Bajra,Kharif,2021,23230.4,36378.8,1566.0
Punjab,Bathinda,Bajra,Kharif,2017,6680.0,9219.7,1380.2
West Bengal,Nadia,Gram,Rabi,2017,1902.6,1455.3,764.9
Punjab,Patiala,Cotton,Kharif,2019,42595.8,20987.0,492.7
Uttar Pradesh,Gorakhpur,Groundnut,Kharif,2022,21134.0,35306.5,1670.6
Bihar,Rohtas,Jowar,Rabi,2016,13545.3,18520.5,1367.3
Haryana,Kurukshetra,Rice,Kharif,2017,22324.4,39054.3,1749.4
Punjab,Amritsar,Soyabean,Kharif,2022,32744.0,50877.6,1553.8
Maharashtra,Nashik,Gram,Rabi,2018,2292.6,1711.9,746.7
Tamil Nadu,Salem,Jowar,Kharif,2017,36953.0,40803.5,1104.2
Andhra Pradesh,West Godavari,Maize,Kharif,2019,13202.8,27625.5,2092.4
Madhya Pradesh,Indore,Maize,Kharif,2016,13953.2,31654.2,2268.6
Punjab,Bathinda,Gram,Rabi,2017,17594.7,17158.4,975.2
Haryana,Kurukshetra,Sugarcane,Whole Year,2023,6115.3,454201.7,74273.0
Punjab,Amritsar,Groundnut,Rabi,2020,31782.9,47223.0,1485.8
Haryana,Kurukshetra,Wheat,Rabi,2017,31363.4,133912.3,4269.7
Punjab,Ludhiana,Sugarcane,Whole Year,2015,5884.7,339536.6,57698.2
Karnataka,Belagavi,Maize,Rabi,2016,11585.5,34649.9,2990.8
Karnataka,Belagavi,Soyabean,Kharif,2022,7633.9,7694.2,1007.9
Tamil Nadu,Erode,Groundnut,Rabi,2023,24467.3,30229.3,1235.5
Uttar Pradesh,Kanpur Dehat,Maize,Kharif,2019,9147.5,21820.4,2385.4
Andhra Pradesh,West Godavari,Sugarcane,Whole Year,2020,23845.4,1953138.6,81908.4
Bihar,Patna,Cotton,Kharif,2017,19807.4,9275.8,468.3
Tamil Nadu,Coimbatore,Maize,Kharif,2016,19735.8,50383.5,2552.9
Haryana,Karnal,Gram,Rabi,2016,27395.9,24313.9,887.5
Karnataka,Mysuru,Groundnut,Kharif,2023,38174.1,36128.0,946.4
Karnataka,Belagavi,Groundnut,Kharif,2017,5383.1,5101.0,947.6
Madhya Pradesh,Ujjain,Jowar,Rabi,2020,9609.7,13855.3,1441.8
Haryana,Karnal,Groundnut,Kharif,2015,27850.8,29995.3,1077.0
Punjab,Patiala,Sugarcane,Whole Year,2023,29917.1,1424490.7,47614.6
Maharashtra,Nashik,Gram,Rabi,2015,21564.3,26882.1,1246.6
Haryana,Hisar,Groundnut,Kharif,2023,17905.5,31644.4,1767.3
Andhra Pradesh,Krishna,Soyabean,Kharif,2023,3845.4,5761.6,1498.3
Uttar Pradesh,Bareilly,Maize,Rabi,2023,39159.5,107954.9,2756.8
Maharashtra,Nashik,Maize,Kharif,2023,13968.2,26080.0,1867.1
Tamil Nadu,Salem,Sugarcane,Whole Year,2023,34946.2,2776622.4,79454.2
Haryana,Hisar,Soyabean,Kharif,2023,35613.9,37205.8,1044.7
West Bengal,Murshidabad,Sugarcane,Whole Year,2019,41258.7,3095070.9,75016.2
West Bengal,Murshidabad,Maize,Rabi,2018,2847.5,8667.5,3043.9
Bihar,Muzaffarpur,Bajra,Kharif,2016,16871.8,24040.6,1424.9
Andhra Pradesh,Kurnool,Gram,Rabi,2016,23510.1,20451.4,869.9
Maharashtra,Kolhapur,Soyabean,Kharif,2016,39704.2,49630.2,1250.0
Madhya Pradesh,Sehore,Rice,Kharif,2016,29925.2,65012.5,2172.5
Karnataka,Davanagere,Wheat,Rabi,2023,13583.3,43192.2,3179.8
Andhra Pradesh,West Godavari,Groundnut,Rabi,2021,30953.4,53812.5,1738.5
Bihar,Rohtas,Sugarcane,Whole Year,2017,24320.4,1461257.2,60083.6
Haryana,Kurukshetra,Soyabean,Kharif,2016,41030.8,54763.8,1334.7
Maharashtra,Nagpur,Jowar,Kharif,2017,44487.5,44420.8,998.5
Madhya Pradesh,Sehore,Groundnut,Kharif,2022,5773.8,8881.3,1538.2
Karnataka,Raichur,Maize,Rabi,2016,5119.6,15289.7,2986.5
Tamil Nadu,Coimbatore,Cotton,Kharif,2019,5552.4,3185.4,573.7
Karnataka,Raichur,Maize,Kharif,2019,31619.6,90631.3,2866.3
Madhya Pradesh,Ujjain,Groundnut,Kharif,2016,9120.5,16735.2,1834.9
Punjab,Amritsar,Groundnut,Rabi,2016,28135.7,46874.1,1666.0
Karnataka,Raichur,Groundnut,Kharif,2020,39075.9,39388.5,1008.0
Andhra Pradesh,Guntur,Gram,Rabi,2020,32970.8,23643.4,717.1
Maharashtra,Nashik,Bajra,Kharif,2017,31537.5,56010.6,1776.0
Madhya Pradesh,Ujjain,Gram,Rabi,2022,31520.2,33613.1,1066.4
Punjab,Ludhiana,Jowar,Kharif,2016,35927.4,57476.7,1599.8
Madhya Pradesh,Sehore,Sugarcane,Whole Year,2021,34620.0,1996864.3,57679.5
Maharashtra,Nashik,Wheat,Rabi,2018,4704.6,16912.6,3594.9
Tamil Nadu,Thanjavur,Soyabean,Kharif,2018,26797.7,35841.9,1337.5
Andhra Pradesh,Krishna,Maize,Kharif,2021,34608.8,103168.8,2981.0
Madhya Pradesh,Ujjain,Maize,Rabi,2016,43167.7,90699.7,2101.1
Haryana,Sirsa,Jowar,Kharif,2021,20232.7,19664.2,971.9
Madhya Pradesh,Ujjain,Sugarcane,Whole Year,2018,26130.5,1636143.0,62614.3
Uttar Pradesh,Bareilly,Jowar,Rabi,2023,24996.0,22843.8,913.9
Bihar,Muzaffarpur,Groundnut,Rabi,2022,12243.0,17205.1,1405.3
Punjab,Ludhiana,Soyabean,Kharif,2018,37703.2,64363.1,1707.1
Andhra Pradesh,Guntur,Groundnut,Kharif,2017,9325.3,17200.5,1844.5
Madhya Pradesh,Sehore,Soyabean,Kharif,2019,14460.6,12316.1,851.7
Uttar Pradesh,Meerut,Gram,Rabi,2018,43170.9,44556.7,1032.1
Karnataka,Raichur,Bajra,Kharif,2016,16419.6,16076.4,979.1
Andhra Pradesh,Kurnool,Groundnut,Kharif,2017,17671.2,26695.9,1510.7
Haryana,Kurukshetra,Jowar,Kharif,2022,32831.5,31580.6,961.9
Bihar,Patna,Rice,Kharif,2022,14497.3,25729.8,1774.8
Punjab,Bathinda,Maize,Kharif,2019,7866.5,19909.3,2530.9
Karnataka,Mysuru,Groundnut,Kharif,2015,43803.9,72946.6,1665.3
Andhra Pradesh,Kurnool,Cotton,Kharif,2019,19349.8,9233.7,477.2
Punjab,Bathinda,Maize,Kharif,2015,5000.8,16711.7,3341.8
Uttar Pradesh,Meerut,Jowar,Kharif,2022,24824.4,33244.8,1339.2
Tamil Nadu,Salem,Maize,Rabi,2015,35598.8,78146.5,2195.2
Tamil Nadu,Coimbatore,Maize,Rabi,2023,8512.9,18938.6,2224.7
Punjab,Bathinda,Sugarcane,Whole Year,2020,15843.7,1228395.3,77532.1
Andhra Pradesh,Krishna,Maize,Kharif,2018,4660.6,13081.4,2806.8
West Bengal,Nadia,Rice,Kharif,2022,14741.6,46925.5,3183.2
Uttar Pradesh,Bareilly,Jowar,Rabi,2021,26264.0,35440.6,1349.4
Maharashtra,Nagpur,Soyabean,Kharif,2020,11964.5,15854.2,1325.1
Tamil Nadu,Coimbatore,Jowar,Rabi,2017,12200.7,11289.3,925.3
Tamil Nadu,Erode,Wheat,Rabi,2022,28820.6,90563.0,3142.3
West Bengal,Bardhaman,Sugarcane,Whole Year,2022,6361.0,436974.6,68695.9
Tamil Nadu,Coimbatore,Cotton,Kharif,2023,14634.0,6569.2,448.9
Punjab,Ludhiana,Maize,Kharif,2015,38006.9,109102.6,2870.6
Bihar,Rohtas,Soyabean,Kharif,2017,34690.0,46758.7,1347.9
Tamil Nadu,Salem,Jowar,Rabi,2017,33842.4,32952.3,973.7
Bihar,Patna,Jowar,Kharif,2017,42766.9,59360.5,1388.0
Madhya Pradesh,Hoshangabad,Bajra,Kharif,2021,21667.6,29301.1,1352.3
Maharashtra,Pune,Jowar,Kharif,2021,16912.9,13592.9,803.7
Tamil Nadu,Salem,Gram,Rabi,2020,41879.3,27711.5,661.7
Madhya Pradesh,Sehore,Maize,Kharif,2015,33528.3,98191.0,2928.6
Andhra Pradesh,West Godavari,Sugarcane,Whole Year,2022,14321.8,927143.2,64736.5
Tamil Nadu,Coimbatore,Sugarcane,Whole Year,2016,36924.3,2259774.5,61200.2
Uttar Pradesh,Kanpur Dehat,Groundnut,Kharif,2018,27237.3,51573.8,1893.5
Bihar,Gaya,Groundnut,Kharif,2023,17002.1,18661.5,1097.6
Karnataka,Belagavi,Jowar,Rabi,2016,22922.2,18734.3,817.3
Madhya Pradesh,Hoshangabad,Maize,Rabi,2016,7083.6,21901.1,3091.8
Tamil Nadu,Erode,Gram,Rabi,2020,41127.7,35382.2,860.3
Bihar,Gaya,Gram,Rabi,2021,8160.0,9428.9,1155.5
Haryana,Karnal,Groundnut,Rabi,2023,17520.3,35268.4,2013.0
West Bengal,Murshidabad,Sugarcane,Whole Year,2015,30266.2,2360539.6,77992.6
Uttar Pradesh,Meerut,Groundnut,Rabi,2015,27224.3,50027.4,1837.6
Uttar Pradesh,Kanpur Dehat,Groundnut,Rabi,2019,26712.6,48395.2,1811.7
Uttar Pradesh,Bareilly,Maize,Rabi,2016,14891.8,43991.9,2954.1
Tamil Nadu,Coimbatore,Wheat,Rabi,2022,1647.1,5087.1,3088.5
Maharashtra,Nagpur,Jowar,Rabi,2019,22046.5,27800.6,1261.0
West Bengal,Murshidabad,Cotton,Kharif,2015,28013.9,11001.1,392.7
Andhra Pradesh,Guntur,Maize,Kharif,2022,36504.9,112289.1,3076.0
Uttar Pradesh,Gorakhpur,Soyabean,Kharif,2020,18822.2,23077.9,1226.1
Madhya Pradesh,Ujjain,Gram,Rabi,2023,28413.8,27186.3,956.8
Uttar Pradesh,Meerut,Jowar,Rabi,2015,8233.9,9416.3,1143.6
Maharashtra,Nagpur,Gram,Rabi,2023,42562.7,27567.9,647.7
Haryana,Kurukshetra,Jowar,Kharif,2017,40210.6,37078.2,922.1
Karnataka,Mysuru,Jowar,Kharif,2020,42065.5,35961.8,854.9
Karnataka,Belagavi,Cotton,Kharif,2021,3842.9,2262.7,588.8
Karnataka,Belagavi,Maize,Rabi,2018,19535.5,71355.4,3652.6
Madhya Pradesh,Indore,Bajra,Kharif,2019,25782.7,34744.8,1347.6
Madhya Pradesh,Hoshangabad,Wheat,Rabi,2019,24524.1,63009.8,2569.3
Karnataka,Mysuru,Maize,Rabi,2020,36577.0,97496.0,2665.5
Tamil Nadu,Erode,Groundnut,Kharif,2018,21160.1,33995.8,1606.6
Madhya Pradesh,Sehore,Gram,Rabi,2016,14958.7,17609.4,1177.2
Andhra Pradesh,Kurnool,Jowar,Rabi,2023,44347.2,57403.0,1294.4
Andhra Pradesh,Kurnool,Jowar,Rabi,2017,12703.7,13027.6,1025.5
Karnataka,Mysuru,Jowar,Rabi,2019,23014.4,24853.3,1079.9
Haryana,Karnal,Sugarcane,Whole Year,2021,21326.9,1138397.9,53378.5
Madhya Pradesh,Hoshangabad,Sugarcane,Whole Year,2016,21683.8,1446747.5,66720.2
Haryana,Karnal,Jowar,Kharif,2020,3212.6,5358.0,1667.8
Uttar Pradesh,Meerut,Bajra,Kharif,2021,11650.0,19722.3,1692.9
Karnataka,Davanagere,Soyabean,Kharif,2018,7399.1,6519.3,881.1
Andhra Pradesh,Kurnool,Jowar,Kharif,2018,31853.7,33780.8,1060.5
Tamil Nadu,Salem,Jowar,Rabi,2021,36053.5,38379.0,1064.5
Madhya Pradesh,Ujjain,Bajra,Kharif,2016,8062.1,15206.7,1886.2
Bihar,Patna,Maize,Kharif,2022,29897.4,81957.7,2741.3
Madhya Pradesh,Ujjain,Soyabean,Kharif,2017,4466.8,6492.5,1453.5
Tamil Nadu,Salem,Rice,Kharif,2023,21568.5,67699.2,3138.8
Tamil Nadu,Erode,Maize,Kharif,2021,27344.6,99971.9,3656.0
West Bengal,Murshidabad,Jowar,Rabi,2020,3159.3,4296.6,1360.0
Haryana,Hisar,Cotton,Kharif,2020,5241.5,1708.2,325.9
Madhya Pradesh,Ujjain,Maize,Rabi,2015,16471.9,47308.9,2872.1
Madhya Pradesh,Indore,Groundnut,Rabi,2016,24757.8,39872.4,1610.5
Maharashtra,Nagpur,Maize,Kharif,2023,17172.0,47205.8,2749.0
Maharashtra,Nagpur,Bajra,Kharif,2015,9872.3,16204.4,1641.4
Punjab,Ludhiana,Jowar,Kharif,2021,36199.5,56826.0,1569.8
West Bengal,Murshidabad,Maize,Rabi,2019,9533.8,19168.7,2010.6
Madhya Pradesh,Indore,Sugarcane,Whole Year,2023,26798.2,2017824.1,75297.0
Karnataka,Davanagere,Groundnut,Kharif,2020,19212.5,23218.3,1208.5
Maharashtra,Nagpur,Jowar,Kharif,2015,6944.6,7018.9,1010.7
Punjab,Patiala,Cotton,Kharif,2020,18962.4,7000.9,369.2
Punjab,Patiala,Jowar,Kharif,2015,5564.9,5861.5,1053.3
Punjab,Amritsar,Sugarcane,Whole Year,2020,8591.9,553305.5,64398.5
Tamil Nadu,Salem,Sugarcane,Whole Year,2017,14129.3,874123.3,61866.0
Tamil Nadu,Erode,Jowar,Rabi,2017,14942.3,20233.4,1354.1
Uttar Pradesh,Meerut,Jowar,Rabi,2018,14857.0,13527.3,910.5
Punjab,Ludhiana,Soyabean,Kharif,2021,35391.1,41216.5,1164.6
Tamil Nadu,Coimbatore,Wheat,Rabi,2015,26093.6,80955.4,3102.5
Uttar Pradesh,Gorakhpur,Groundnut,Rabi,2018,20211.8,30145.9,1491.5
Haryana,Kurukshetra,Soyabean,Kharif,2019,19171.9,20239.8,1055.7
Uttar Pradesh,Kanpur Dehat,Cotton,Kharif,2022,23379.1,10123.2,433.0
Bihar,Patna,Maize,Kharif,2016,12497.6,23030.6,1842.8
Maharashtra,Kolhapur,Bajra,Kharif,2020,18395.2,20643.1,1122.2
Haryana,Hisar,Soyabean,Kharif,2017,11287.9,13841.2,1226.2
Tamil Nadu,Coimbatore,Wheat,Rabi,2019,37826.2,122617.4,3241.6
Punjab,Patiala,Jowar,Kharif,2020,8318.4,9423.1,1132.8
Maharashtra,Pune,Sugarcane,Whole Year,2018,16429.5,1032566.1,62848.3
Haryana,Hisar,Gram,Rabi,2020,13375.3,12250.4,915.9
Tamil Nadu,Thanjavur,Soyabean,Kharif,2016,24598.9,24092.2,979.4
Tamil Nadu,Coimbatore,Wheat,Rabi,2023,33078.0,118455.6,3581.1
Punjab,Amritsar,Wheat,Rabi,2020,12591.3,37748.7,2998.0
Bihar,Rohtas,Groundnut,Kharif,2020,5815.3,6458.5,1110.6
Uttar Pradesh,Bareilly,Sugarcane,Whole Year,2015,29398.8,1720991.1,58539.5
Uttar Pradesh,Kanpur Dehat,Bajra,Kharif,2022,18325.0,21801.3,1189.7
Maharashtra,Pune,Sugarcane,Whole Year,2022,32442.5,1958910.6,60381.0
West Bengal,Bardhaman,Rice,Kharif,2017,19677.1,41445.9,2106.3
Andhra Pradesh,West Godavari,Soyabean,Kharif,2022,13744.5,21485.4,1563.2
Tamil Nadu,Salem,Wheat,Rabi,2015,2199.6,6019.2,2736.5
Andhra Pradesh,Kurnool,Jowar,Kharif,2021,29917.6,46372.3,1550.0
Tamil Nadu,Erode,Sugarcane,Whole Year,2020,39010.7,2421187.4,62064.7
Uttar Pradesh,Meerut,Jowar,Rabi,2017,15210.0,18487.8,1215.5
Bihar,Patna,Gram,Rabi,2022,35150.6,44922.5,1278.0
Uttar Pradesh,Gorakhpur,Bajra,Kharif,2018,4567.4,7204.2,1577.3
Haryana,Sirsa,Cotton,Kharif,2015,42982.9,18813.6,437.7
Haryana,Kurukshetra,Rice,Kharif,2016,44466.3,131286.8,2952.5
Uttar Pradesh,Meerut,Cotton,Kharif,2020,6314.2,3472.2,549.9
Bihar,Gaya,Jowar,Kharif,2020,32925.6,49335.7,1498.4
Maharashtra,Pune,Maize,Rabi,2017,24420.3,69375.6,2840.9
Karnataka,Belagavi,Soyabean,Kharif,2023,12328.1,14545.9,1179.9
West Bengal,Murshidabad,Groundnut,Kharif,2017,929.2,990.4,1065.9
West Bengal,Murshidabad,Maize,Rabi,2020,16650.8,55778.5,3349.9
Madhya Pradesh,Hoshangabad,Groundnut,Rabi,2021,43824.3,43504.4,992.7
Karnataka,Belagavi,Cotton,Kharif,2022,19311.1,8446.7,437.4
Maharashtra,Nashik,Jowar,Kharif,2022,4860.5,7035.6,1447.5
Maharashtra,Nagpur,Wheat,Rabi,2017,41730.1,142520.8,3415.3
West Bengal,Bardhaman,Soyabean,Kharif,2022,15507.8,21608.6,1393.4
Uttar Pradesh,Meerut,Wheat,Rabi,2020,28548.9,87311.1,3058.3
Maharashtra,Kolhapur,Jowar,Kharif,2019,27579.7,33068.1,1199.0
Maharashtra,Nagpur,Rice,Kharif,2017,11949.5,28194.8,2359.5
Tamil Nadu,Thanjavur,Jowar,Kharif,2022,33794.4,27451.2,812.3
Bihar,Muzaffarpur,Jowar,Rabi,2020,38210.7,43124.6,1128.6
Bihar,Patna,Jowar,Kharif,2022,10777.1,11312.7,1049.7
Uttar Pradesh,Kanpur Dehat,Soyabean,Kharif,2015,27387.4,30320.6,1107.1
Maharashtra,Nashik,Maize,Kharif,2022,16552.4,50959.9,3078.7
Karnataka,Davanagere,Jowar,Kharif,2020,25607.3,19172.2,748.7
West Bengal,Hooghly,Sugarcane,Whole Year,2023,43029.2,2623533.4,60971.0
Andhra Pradesh,Krishna,Gram,Rabi,2016,11474.8,14888.6,1297.5
Karnataka,Raichur,Cotton,Kharif,2022,40735.6,19740.5,484.6
Punjab,Ludhiana,Bajra,Kharif,2016,12619.5,18762.7,1486.8
Maharashtra,Pune,Jowar,Kharif,2022,3050.6,3894.4,1276.6
Karnataka,Raichur,Groundnut,Rabi,2022,2002.3,3016.3,1506.4
West Bengal,Murshidabad,Gram,Rabi,2018,15015.9,13472.3,897.2
West Bengal,Bardhaman,Groundnut,Kharif,2023,36111.6,44662.8,1236.8
Andhra Pradesh,Guntur,Soyabean,Kharif,2023,20684.0,31276.3,1512.1
Andhra Pradesh,West Godavari,Bajra,Kharif,2018,38387.3,73661.4,1918.9
Tamil Nadu,Erode,Cotton,Kharif,2018,22375.2,8668.2,387.4
Punjab,Amritsar,Rice,Kharif,2016,10496.5,18680.6,1779.7
Karnataka,Belagavi,Groundnut,Rabi,2018,41844.9,59930.3,1432.2
Tamil Nadu,Thanjavur,Maize,Kharif,2023,43730.2,76768.4,1755.5
Bihar,Gaya,Sugarcane,Whole Year,2017,29351.0,2246393.5,76535.5
Uttar Pradesh,Gorakhpur,Groundnut,Kharif,2015,36492.0,54825.6,1502.4
Tamil Nadu,Salem,Jowar,Rabi,2016,17495.1,24104.7,1377.8
Haryana,Hisar,Bajra,Kharif,2019,8819.7,10150.6,1150.9
Bihar,Patna,Groundnut,Kharif,2017,1925.5,3624.4,1882.3
Andhra Pradesh,Krishna,Groundnut,Rabi,2017,7021.2,11845.5,1687.1
Haryana,Kurukshetra,Rice,Kharif,2015,42666.4,109447.8,2565.2
West Bengal,Hooghly,Rice,Kharif,2019,36362.4,115352.4,3172.3
Maharashtra,Pune,Groundnut,Kharif,2021,1629.1,3098.1,1901.7
Tamil Nadu,Thanjavur,Jowar,Rabi,2020,13266.4,12136.1,914.8
Madhya Pradesh,Indore,Maize,Rabi,2023,3670.3,10017.0,2729.2
Tamil Nadu,Salem,Cotton,Kharif,2020,11990.5,5043.2,420.6
Karnataka,Davanagere,Groundnut,Kharif,2018,19941.7,21808.2,1093.6
Bihar,Muzaffarpur,Maize,Kharif,2020,35863.7,91176.3,2542.3
West Bengal,Hooghly,Soyabean,Kharif,2020,16032.9,16119.5,1005.4
Uttar Pradesh,Meerut,Jowar,Rabi,2016,25268.6,22751.8,900.4
Bihar,Rohtas,Maize,Kharif,2017,40844.4,119122.7,2916.5
Madhya Pradesh,Ujjain,Jowar,Rabi,2022,42292.1,58261.6,1377.6
Karnataka,Mysuru,Rice,Kharif,2018,34003.9,62298.5,1832.1
Haryana,Hisar,Groundnut,Rabi,2018,20762.3,24323.0,1171.5
Tamil Nadu,Salem,Jowar,Kharif,2018,1279.6,1368.1,1069.2
Madhya Pradesh,Indore,Gram,Rabi,2021,38696.8,31963.6,826.0
Karnataka,Raichur,Soyabean,Kharif,2016,5102.2,6225.2,1220.1
Madhya Pradesh,Ujjain,Jowar,Rabi,2017,2939.1,4659.4,1585.3
Andhra Pradesh,Krishna,Maize,Rabi,2019,44930.7,107007.0,2381.6
Tamil Nadu,Thanjavur,Jowar,Rabi,2018,35051.9,39321.2,1121.8
Punjab,Amritsar,Rice,Kharif,2023,44461.2,127341.3,2864.1
Madhya Pradesh,Ujjain,Maize,Kharif,2021,22335.2,62895.9,2816.0
West Bengal,Bardhaman,Jowar,Rabi,2023,38424.4,47431.1,1234.4
Maharashtra,Nagpur,Maize,Kharif,2016,37423.9,82414.9,2202.2
Punjab,Patiala,Groundnut,Rabi,2019,29724.8,31915.5,1073.7
Karnataka,Raichur,Jowar,Kharif,2021,2240.9,2557.5,1141.3
Tamil Nadu,Salem,Rice,Kharif,2015,8465.7,20548.8,2427.3
Karnataka,Davanagere,Maize,Rabi,2023,7945.1,15405.5,1939.0
Bihar,Rohtas,Jowar,Kharif,2023,4503.8,6027.0,1338.2
West Bengal,Bardhaman,Bajra,Kharif,2017,37627.6,39546.6,1051.0
Haryana,Kurukshetra,Maize,Kharif,2022,17352.7,42821.3,2467.7
Madhya Pradesh,Ujjain,Jowar,Kharif,2020,34846.7,49705.3,1426.4
Karnataka,Mysuru,Groundnut,Rabi,2021,32793.1,66389.6,2024.5
West Bengal,Bardhaman,Maize,Rabi,2018,3222.6,11011.3,3416.9
Andhra Pradesh,Kurnool,Cotton,Kharif,2015,17189.5,10963.5,637.8
Punjab,Bathinda,Gram,Rabi,2020,14230.1,11035.4,775.5
West Bengal,Murshidabad,Groundnut,Rabi,2022,9298.6,10482.3,1127.3
Haryana,Karnal,Maize,Kharif,2022,8206.6,25860.6,3151.2
Haryana,Karnal,Maize,Rabi,2020,17396.4,63665.6,3659.7
Uttar Pradesh,Bareilly,Groundnut,Rabi,2021,20596.6,32384.0,1572.3
Tamil Nadu,Thanjavur,Bajra,Kharif,2019,28175.3,25338.0,899.3
Bihar,Rohtas,Jowar,Kharif,2017,31542.4,38478.6,1219.9
Punjab,Ludhiana,Groundnut,Kharif,2016,38446.0,48511.2,1261.8
Haryana,Karnal,Rice,Kharif,2018,34516.0,83004.1,2404.8
Haryana,Sirsa,Maize,Kharif,2015,548.3,1314.8,2398.0
Uttar Pradesh,Gorakhpur,Maize,Rabi,2021,28611.2,56581.5,1977.6
West Bengal,Hooghly,Maize,Rabi,2016,29201.0,90631.1,3103.7
Haryana,Karnal,Wheat,Rabi,2019,35955.6,137177.8,3815.2
Tamil Nadu,Coimbatore,Rice,Kharif,2018,20017.1,50134.8,2504.6
Punjab,Bathinda,Maize,Rabi,2019,7057.0,20367.9,2886.2
Uttar Pradesh,Kanpur Dehat,Sugarcane,Whole Year,2022,23491.5,1676860.9,71381.6
Tamil Nadu,Coimbatore,Gram,Rabi,2023,25410.8,35801.3,1408.9
Bihar,Patna,Soyabean,Kharif,2021,27839.2,36875.8,1324.6
Bihar,Rohtas,Groundnut,Kharif,2019,44185.5,68310.8,1546.0
Andhra Pradesh,Krishna,Maize,Rabi,2015,38314.5,99150.3,2587.8
Uttar Pradesh,Bareilly,Maize,Rabi,2018,1577.2,4251.2,2695.4
Maharashtra,Pune,Maize,Kharif,2023,11461.1,33961.5,2963.2
Karnataka,Davanagere,Groundnut,Rabi,2023,44517.6,43516.0,977.5
West Bengal,Bardhaman,Cotton,Kharif,2020,24384.4,9524.5,390.6
Punjab,Patiala,Maize,Rabi,2023,1613.6,5315.7,3294.3
Madhya Pradesh,Indore,Jowar,Kharif,2015,3974.6,5452.0,1371.7
West Bengal,Hooghly,Cotton,Kharif,2016,6918.4,3613.5,522.3
Madhya Pradesh,Hoshangabad,Jowar,Kharif,2019,32771.4,34469.0,1051.8
Punjab,Amritsar,Groundnut,Rabi,2023,37285.1,35611.0,955.1
Bihar,Patna,Wheat,Rabi,2015,33840.5,112854.7,3334.9
Uttar Pradesh,Bareilly,Rice,Kharif,2022,12780.1,32550.9,2547.0
Karnataka,Belagavi,Soyabean,Kharif,2016,29720.2,29842.1,1004.1
Madhya Pradesh,Sehore,Maize,Rabi,2022,32728.4,63529.1,1941.1
Andhra Pradesh,West Godavari,Jowar,Kharif,2019,27195.6,33322.8,1225.3
Andhra Pradesh,Guntur,Jowar,Rabi,2018,26910.1,25691.1,954.7
West Bengal,Hooghly,Rice,Kharif,2022,18209.7,45442.3,2495.5
Madhya Pradesh,Hoshangabad,Wheat,Rabi,2015,43807.7,176019.3,4018.0
Uttar Pradesh,Meerut,Cotton,Kharif,2018,30688.5,11726.1,382.1
West Bengal,Murshidabad,Rice,Kharif,2015,25540.7,78233.7,3063.1
Haryana,Kurukshetra,Sugarcane,Whole Year,2017,36919.0,2453998.5,66469.8
Madhya Pradesh,Sehore,Gram,Rabi,2017,25827.6,18412.5,712.9
Karnataka,Mysuru,Maize,Rabi,2015,16400.2,42173.1,2571.5
Punjab,Bathinda,Jowar,Rabi,2022,32467.1,47979.9,1477.8
Uttar Pradesh,Gorakhpur,Rice,Kharif,2018,40297.1,95326.8,2365.6
Punjab,Patiala,Jowar,Kharif,2022,2382.5,2097.6,880.4
Andhra Pradesh,Kurnool,Gram,Rabi,2018,1163.2,1045.3,898.6
Karnataka,Davanagere,Soyabean,Kharif,2016,29881.3,24562.4,822.0
Tamil Nadu,Salem,Sugarcane,Whole Year,2020,37617.3,2220522.9,59029.3
Karnataka,Raichur,Maize,Kharif,2023,31140.5,76166.5,2445.9
Bihar,Patna,Rice,Kharif,2020,9706.7,24133.8,2486.3
Andhra Pradesh,West Godavari,Bajra,Kharif,2016,43332.1,66449.8,1533.5
Karnataka,Raichur,Gram,Rabi,2016,5430.8,5983.7,1101.8
Bihar,Rohtas,Rice,Kharif,2015,11241.3,30668.5,2728.2
Haryana,Karnal,Maize,Kharif,2023,34853.5,108558.2,3114.7
Punjab,Ludhiana,Maize,Rabi,2017,44827.4,136849.1,3052.8
Maharashtra,Kolhapur,Jowar,Kharif,2016,44173.0,61113.3,1383.5
Punjab,Bathinda,Maize,Rabi,2015,23972.0,87171.8,3636.4
Tamil Nadu,Thanjavur,Cotton,Kharif,2020,41222.0,17638.9,427.9
Maharashtra,Pune,Soyabean,Kharif,2021,25860.7,26874.4,1039.2
Haryana,Karnal,Groundnut,Rabi,2021,1912.2,2807.9,1468.4
Punjab,Patiala,Bajra,Kharif,2023,22111.9,26353.0,1191.8
Punjab,Patiala,Groundnut,Rabi,2017,33887.6,65220.1,1924.6
Maharashtra,Nashik,Soyabean,Kharif,2021,35306.0,58276.1,1650.6
Punjab,Amritsar,Rice,Kharif,2022,38251.0,97995.2,2561.9
Tamil Nadu,Coimbatore,Gram,Rabi,2016,5719.7,5596.2,978.4
Andhra Pradesh,West Godavari,Jowar,Rabi,2017,31246.4,36352.1,1163.4
Haryana,Karnal,Cotton,Kharif,2018,32422.4,12852.2,396.4
Andhra Pradesh,Kurnool,Jowar,Rabi,2021,7741.7,7590.7,980.5
Haryana,Karnal,Maize,Rabi,2023,9492.0,28870.9,3041.6
Tamil Nadu,Coimbatore,Groundnut,Rabi,2023,32044.6,51668.7,1612.4
Haryana,Kurukshetra,Bajra,Kharif,2018,14093.0,25215.2,1789.2
Bihar,Muzaffarpur,Cotton,Kharif,2017,2590.9,949.8,366.6
Punjab,Ludhiana,Wheat,Rabi,2015,17344.8,63060.5,3635.7
Maharashtra,Nashik,Sugarcane,Whole Year,2021,14012.5,740019.7,52811.4
Haryana,Kurukshetra,Jowar,Rabi,2019,15435.6,12627.9,818.1
Uttar Pradesh,Gorakhpur,Maize,Rabi,2020,33275.4,104880.7,3151.9
Uttar Pradesh,Bareilly,Groundnut,Kharif,2018,5251.3,6474.3,1232.9
Andhra Pradesh,Guntur,Jowar,Kharif,2017,12876.8,14495.4,1125.7
Tamil Nadu,Coimbatore,Sugarcane,Whole Year,2021,34624.5,2512696.5,72569.9
Madhya Pradesh,Indore,Maize,Rabi,2021,23375.7,50624.8,2165.7
Haryana,Sirsa,Jowar,Rabi,2021,28568.6,43195.7,1512.0
Karnataka,Davanagere,Gram,Rabi,2022,27490.7,35787.4,1301.8
Maharashtra,Nagpur,Wheat,Rabi,2015,11859.0,49524.4,4176.1
Haryana,Sirsa,Gram,Rabi,2018,12360.5,15872.1,1284.1
Haryana,Sirsa,Sugarcane,Whole Year,2018,20675.0,1404665.7,67940.3
Bihar,Patna,Jowar,Rabi,2015,40744.9,37460.9,919.4
Uttar Pradesh,Meerut,Groundnut,Rabi,2019,31650.6,51172.7,1616.8
Punjab,Patiala,Rice,Kharif,2023,25683.8,66693.1,2596.7
Tamil Nadu,Coimbatore,Groundnut,Rabi,2020,7202.2,9434.9,1310.0
Haryana,Sirsa,Sugarcane,Whole Year,2016,30807.0,1798796.1,58389.2
Karnataka,Raichur,Maize,Rabi,2022,18875.6,62563.2,3314.5
Madhya Pradesh,Ujjain,Maize,Kharif,2023,36900.0,99659.5,2700.8
Andhra Pradesh,Krishna,Groundnut,Kharif,2015,40294.8,67667.1,1679.3
Madhya Pradesh,Indore,Maize,Kharif,2022,20941.9,63054.0,3010.9
West Bengal,Murshidabad,Sugarcane,Whole Year,2021,14145.3,928051.9,65608.5
Karnataka,Mysuru,Cotton,Kharif,2018,31357.2,15587.7,497.1
Maharashtra,Kolhapur,Bajra,Kharif,2023,44248.1,43177.3,975.8
Karnataka,Raichur,Maize,Kharif,2015,24800.8,52679.4,2124.1
Haryana,Kurukshetra,Cotton,Kharif,2021,4555.6,2095.6,460.0
Andhra Pradesh,West Godavari,Gram,Rabi,2022,21838.8,29347.0,1343.8
Punjab,Amritsar,Jowar,Kharif,2019,29765.9,35019.6,1176.5
Andhra Pradesh,West Godavari,Soyabean,Kharif,2015,6032.4,5552.2,920.4
Karnataka,Belagavi,Jowar,Kharif,2020,15759.0,23870.2,1514.7
Madhya Pradesh,Sehore,Cotton,Kharif,2021,43367.5,28861.1,665.5
Andhra Pradesh,Krishna,Maize,Rabi,2018,23368.5,72991.5,3123.5
Uttar Pradesh,Meerut,Soyabean,Kharif,2019,29743.9,36611.8,1230.9
Madhya Pradesh,Hoshangabad,Groundnut,Kharif,2023,34077.5,65599.2,1925.0
Maharashtra,Nagpur,Groundnut,Kharif,2017,29073.5,48317.2,1661.9
West Bengal,Hooghly,Soyabean,Kharif,2016,27187.5,37970.1,1396.6
Punjab,Amritsar,Groundnut,Rabi,2017,9746.6,11981.5,1229.3
Tamil Nadu,Thanjavur,Gram,Rabi,2023,18694.9,19195.9,1026.8
Bihar,Rohtas,Soyabean,Kharif,2018,13628.2,17697.6,1298.6
Tamil Nadu,Coimbatore,Jowar,Rabi,2022,39420.3,44820.9,1137.0
Haryana,Karnal,Gram,Rabi,2021,18919.9,17771.5,939.3
Tamil Nadu,Thanjavur,Soyabean,Kharif,2015,8707.0,9030.9,1037.2
Haryana,Sirsa,Gram,Rabi,2015,14690.1,13116.8,892.9
West Bengal,Hooghly,Sugarcane,Whole Year,2017,18363.5,1244259.3,67757.2
Maharashtra,Nagpur,Jowar,Kharif,2016,906.4,1243.9,1372.4
Bihar,Patna,Maize,Rabi,2021,40523.5,129784.6,3202.7
Maharashtra,Nashik,Maize,Rabi,2018,19892.6,61243.3,3078.7
Tamil Nadu,Salem,Maize,Rabi,2021,8876.9,26398.1,2973.8
Uttar Pradesh,Meerut,Sugarcane,Whole Year,2019,3831.5,243252.4,63487.5
Madhya Pradesh,Sehore,Maize,Kharif,2016,27841.8,84154.6,3022.6
Maharashtra,Pune,Sugarcane,Whole Year,2015,34429.7,2564165.7,74475.4
Tamil Nadu,Coimbatore,Bajra,Kharif,2020,13593.0,23963.1,1762.9
Maharashtra,Nagpur,Groundnut,Kharif,2020,42205.9,64727.0,1533.6
Madhya Pradesh,Sehore,Jowar,Kharif,2022,44786.5,59395.9,1326.2
West Bengal,Nadia,Wheat,Rabi,2020,34425.6,87609.7,2544.9
Tamil Nadu,Erode,Groundnut,Rabi,2022,14056.5,26001.7,1849.8
Madhya Pradesh,Hoshangabad,Rice,Kharif,2016,13472.5,27165.9,2016.4
Madhya Pradesh,Sehore,Maize,Kharif,2020,37444.5,70725.2,1888.8
Madhya Pradesh,Ujjain,Groundnut,Rabi,2015,30619.9,42408.6,1385.0
Maharashtra,Kolhapur,Maize,Rabi,2022,17174.2,43421.5,2528.3
Madhya Pradesh,Hoshangabad,Gram,Rabi,2020,23047.5,20977.8,910.2
Madhya Pradesh,Ujjain,Cotton,Kharif,2020,41654.3,13316.9,319.7
Madhya Pradesh,Ujjain,Jowar,Kharif,2021,16983.7,20061.1,1181.2
Andhra Pradesh,Kurnool,Jowar,Rabi,2020,40752.9,60444.7,1483.2
Maharashtra,Pune,Jowar,Kharif,2016,9115.8,11579.8,1270.3
Karnataka,Raichur,Rice,Kharif,2018,13776.0,41146.2,2986.8
Andhra Pradesh,Krishna,Groundnut,Kharif,2022,33887.1,56828.7,1677.0
Punjab,Ludhiana,Gram,Rabi,2019,30640.6,38193.5,1246.5
Uttar Pradesh,Kanpur Dehat,Sugarcane,Whole Year,2017,2405.0,158517.6,65911.7
Madhya Pradesh,Hoshangabad,Groundnut,Kharif,2021,3137.3,3206.0,1021.9
West Bengal,Nadia,Sugarcane,Whole Year,2015,1782.4,131969.8,74040.5
Uttar Pradesh,Kanpur Dehat,Groundnut,Kharif,2020,20679.4,29848.6,1443.4
Maharashtra,Nagpur,Groundnut,Rabi,2022,21783.6,38790.1,1780.7
Andhra Pradesh,Guntur,Bajra,Kharif,2022,25817.0,28300.6,1096.2
West Bengal,Bardhaman,Soyabean,Kharif,2023,22187.3,28943.3,1304.5
Bihar,Rohtas,Maize,Rabi,2023,38822.8,79839.1,2056.5
Madhya Pradesh,Hoshangabad,Bajra,Kharif,2023,4282.8,4187.3,977.7
Tamil Nadu,Erode,Gram,Rabi,2015,20339.9,22430.8,1102.8
Tamil Nadu,Salem,Groundnut,Rabi,2016,34669.1,44379.9,1280.1
Haryana,Sirsa,Cotton,Kharif,2023,14290.9,6480.9,453.5
Karnataka,Raichur,Jowar,Kharif,2020,37953.1,45741.1,1205.2
Andhra Pradesh,Krishna,Rice,Kharif,2019,34867.3,105267.9,3019.1
Uttar Pradesh,Gorakhpur,Cotton,Kharif,2021,5083.9,2007.6,394.9
Uttar Pradesh,Bareilly,Soyabean,Kharif,2020,36104.7,50344.4,1394.4
West Bengal,Hooghly,Rice,Kharif,2020,14862.8,28940.8,1947.2
Bihar,Rohtas,Wheat,Rabi,2015,36402.7,153375.5,4213.3
Tamil Nadu,Coimbatore,Bajra,Kharif,2016,34181.5,37073.3,1084.6
Tamil Nadu,Thanjavur,Soyabean,Kharif,2021,30669.6,49924.0,1627.8
Madhya Pradesh,Ujjain,Bajra,Kharif,2015,27361.8,44487.6,1625.9
Punjab,Patiala,Wheat,Rabi,2016,28077.1,88075.1,3136.9
Tamil Nadu,Erode,Soyabean,Kharif,2016,38135.7,54179.4,1420.7
Tamil Nadu,Coimbatore,Cotton,Kharif,2022,35335.8,13572.5,384.1
Punjab,Bathinda,Soyabean,Kharif,2020,6039.1,7496.9,1241.4
Uttar Pradesh,Bareilly,Maize,Rabi,2019,44562.1,105206.7,2360.9
Bihar,Gaya,Rice,Kharif,2023,8961.4,25174.4,2809.2
Tamil Nadu,Coimbatore,Jowar,Kharif,2022,28482.6,40354.1,1416.8
Andhra Pradesh,West Godavari,Groundnut,Kharif,2015,29337.2,35081.4,1195.8
Madhya Pradesh,Indore,Jowar,Kharif,2022,8024.0,7409.4,923.4
Andhra Pradesh,Kurnool,Jowar,Kharif,2019,34126.5,50009.0,1465.4
Andhra Pradesh,Kurnool,Bajra,Kharif,2016,28772.7,26813.3,931.9
West Bengal,Nadia,Groundnut,Rabi,2022,24734.3,36530.1,1476.9
Karnataka,Davanagere,Rice,Kharif,2021,41178.6,81607.7,1981.8
Madhya Pradesh,Sehore,Wheat,Rabi,2018,4715.6,12559.5,2663.4
Haryana,Kurukshetra,Jowar,Kharif,2023,40840.4,53358.0,1306.5
Tamil Nadu,Salem,Bajra,Kharif,2020,16736.3,29454.2,1759.9
Haryana,Kurukshetra,Maize,Rabi,2020,7842.4,23255.9,2965.4
Bihar,Gaya,Wheat,Rabi,2020,38859.3,109023.7,2805.6
Bihar,Rohtas,Soyabean,Kharif,2021,35652.6,47307.4,1326.9
Maharashtra,Kolhapur,Groundnut,Kharif,2022,37949.5,37960.9,1000.3
Madhya Pradesh,Indore,Wheat,Rabi,2019,31004.5,128268.7,4137.1
Karnataka,Mysuru,Maize,Rabi,2019,5124.6,17558.9,3426.4
Uttar Pradesh,Gorakhpur,Gram,Rabi,2023,7538.9,9409.3,1248.1
Maharashtra,Pune,Soyabean,Kharif,2023,24215.9,25821.4,1066.3
Karnataka,Mysuru,Maize,Rabi,2018,30193.7,78071.9,2585.7
Punjab,Patiala,Soyabean,Kharif,2015,11088.0,11162.3,1006.7
Haryana,Sirsa,Bajra,Kharif,2019,12292.9,11019.4,896.4
Punjab,Bathinda,Groundnut,Kharif,2017,16143.8,17963.2,1112.7
Maharashtra,Nashik,Sugarcane,Whole Year,2018,13069.3,1029553.7,78776.5
Bihar,Muzaffarpur,Groundnut,Kharif,2021,27487.3,32891.3,1196.6
West Bengal,Nadia,Soyabean,Kharif,2015,27054.9,40065.6,1480.9
West Bengal,Nadia,Maize,Rabi,2023,7292.1,23506.8,3223.6
Haryana,Hisar,Jowar,Rabi,2020,16825.3,21107.3,1254.5
Bihar,Rohtas,Maize,Kharif,2020,8755.2,22706.6,2593.5
Andhra Pradesh,West Godavari,Jowar,Kharif,2016,37974.3,36535.1,962.1
Punjab,Patiala,Soyabean,Kharif,2021,18372.0,24662.6,1342.4
Punjab,Ludhiana,Wheat,Rabi,2018,13377.8,32022.4,2393.7
Madhya Pradesh,Indore,Rice,Kharif,2023,15207.9,35195.6,2314.3
Karnataka,Mysuru,Jowar,Kharif,2022,21560.1,23162.0,1074.3
Karnataka,Davanagere,Jowar,Kharif,2015,29757.2,28858.5,969.8
Uttar Pradesh,Meerut,Groundnut,Kharif,2016,8845.7,16190.3,1830.3
Tamil Nadu,Salem,Groundnut,Rabi,2017,27670.2,52280.1,1889.4
Punjab,Amritsar,Maize,Rabi,2018,44995.9,115036.5,2556.6
Andhra Pradesh,West Godavari,Groundnut,Rabi,2016,23442.9,42028.4,1792.8
Karnataka,Davanagere,Sugarcane,Whole Year,2018,14264.9,786130.1,55109.4
West Bengal,Bardhaman,Sugarcane,Whole Year,2016,6276.4,473703.1,75473.7
West Bengal,Nadia,Jowar,Rabi,2017,11261.6,13381.0,1188.2
Karnataka,Belagavi,Maize,Kharif,2017,8320.0,23841.8,2865.6
Uttar Pradesh,Gorakhpur,Groundnut,Rabi,2019,34809.3,58009.7,1666.5
Andhra Pradesh,Krishna,Maize,Kharif,2019,28550.7,87385.1,3060.7
Maharashtra,Pune,Rice,Kharif,2020,33248.1,95890.8,2884.1
Tamil Nadu,Thanjavur,Rice,Kharif,2017,9057.2,23856.7,2634.0
Madhya Pradesh,Sehore,Soyabean,Kharif,2020,43650.1,67304.1,1541.9
Maharashtra,Nagpur,Jowar,Rabi,2016,5840.0,4917.9,842.1
Haryana,Kurukshetra,Wheat,Rabi,2015,6572.1,19775.4,3009.0
Bihar,Rohtas,Rice,Kharif,2023,9361.0,19772.3,2112.2
Andhra Pradesh,West Godavari,Rice,Kharif,2019,31677.8,80021.3,2526.1
Andhra Pradesh,Kurnool,Cotton,Kharif,2018,12164.8,4515.6,371.2
Madhya Pradesh,Ujjain,Wheat,Rabi,2023,29128.5,121416.3,4168.3
Karnataka,Belagavi,Maize,Kharif,2020,42619.7,103126.9,2419.7
Karnataka,Belagavi,Gram,Rabi,2016,2239.5,1891.9,844.8
Bihar,Patna,Rice,Kharif,2019,18641.7,45515.6,2441.6
Haryana,Kurukshetra,Sugarcane,Whole Year,2020,32286.6,2432010.7,75325.7
Haryana,Hisar,Bajra,Kharif,2020,38887.3,53991.1,1388.4
Maharashtra,Kolhapur,Rice,Kharif,2016,9029.8,19847.5,2198.0
Maharashtra,Pune,Maize,Kharif,2022,39933.9,104714.7,2622.2
Haryana,Kurukshetra,Jowar,Rabi,2020,14165.3,18902.2,1334.4
Uttar Pradesh,Gorakhpur,Wheat,Rabi,2016,22340.8,100605.1,4503.2
Uttar Pradesh,Gorakhpur,Maize,Rabi,2022,15513.8,45393.4,2926.0
Haryana,Karnal,Jowar,Kharif,2019,6875.1,8265.9,1202.3
Tamil Nadu,Erode,Jowar,Kharif,2022,40945.5,44814.8,1094.5
Bihar,Patna,Rice,Kharif,2023,28911.2,61841.1,2139.0
Tamil Nadu,Thanjavur,Groundnut,Kharif,2018,15520.2,21728.3,1400.0
Andhra Pradesh,Guntur,Cotton,Kharif,2020,2003.6,830.7,414.6
Haryana,Hisar,Jowar,Rabi,2019,5537.9,5152.5,930.4
Haryana,Sirsa,Bajra,Kharif,2020,37274.2,48959.7,1313.5
Haryana,Sirsa,Cotton,Kharif,2020,2272.3,876.2,385.6
West Bengal,Nadia,Groundnut,Kharif,2019,8268.9,9486.9,1147.3
Maharashtra,Nashik,Jowar,Kharif,2020,30423.3,40885.9,1343.9
Uttar Pradesh,Gorakhpur,Bajra,Kharif,2021,35591.0,59162.9,1662.3
Maharashtra,Nashik,Soyabean,Kharif,2015,1922.7,1739.3,904.6
Karnataka,Mysuru,Rice,Kharif,2022,8409.2,19816.3,2356.5
Punjab,Ludhiana,Jowar,Rabi,2016,15107.7,24599.9,1628.3
Andhra Pradesh,West Godavari,Soyabean,Kharif,2021,2382.2,3084.5,1294.8
Haryana,Hisar,Rice,Kharif,2019,41302.0,106794.6,2585.7
Maharashtra,Kolhapur,Bajra,Kharif,2021,3437.7,5686.0,1654.0
Bihar,Gaya,Jowar,Kharif,2022,10705.2,11470.6,1071.5
Tamil Nadu,Thanjavur,Jowar,Kharif,2015,17458.5,24265.6,1389.9
Uttar Pradesh,Kanpur Dehat,Jowar,Kharif,2021,44307.9,56080.5,1265.7
Madhya Pradesh,Hoshangabad,Soyabean,Kharif,2023,41591.7,47689.0,1146.6
West Bengal,Nadia,Gram,Rabi,2018,38822.3,35565.1,916.1
Madhya Pradesh,Hoshangabad,Jowar,Kharif,2022,12910.6,16014.3,1240.4
West Bengal,Nadia,Bajra,Kharif,2017,18648.2,28692.1,1538.6
Andhra Pradesh,Krishna,Maize,Kharif,2022,41610.3,96240.5,2312.9
Maharashtra,Kolhapur,Bajra,Kharif,2018,8934.9,9565.7,1070.6
Maharashtra,Nashik,Groundnut,Kharif,2019,19000.9,30633.3,1612.2
Punjab,Ludhiana,Cotton,Kharif,2016,39603.1,22007.4,555.7
Bihar,Gaya,Gram,Rabi,2022,27479.5,36218.0,1318.0
Andhra Pradesh,Guntur,Wheat,Rabi,2021,38394.4,107876.7,2809.7
Andhra Pradesh,Guntur,Maize,Kharif,2019,12589.9,29320.6,2328.9
Andhra Pradesh,West Godavari,Jowar,Rabi,2016,29083.5,25224.1,867.3
Punjab,Amritsar,Wheat,Rabi,2016,24880.3,103745.9,4169.8
Uttar Pradesh,Bareilly,Jowar,Kharif,2021,24685.8,21266.8,861.5
Maharashtra,Pune,Maize,Rabi,2018,544.5,1552.7,2851.6
West Bengal,Hooghly,Cotton,Kharif,2018,5825.9,3760.0,645.4
West Bengal,Nadia,Groundnut,Rabi,2018,8869.1,15773.7,1778.5
Uttar Pradesh,Gorakhpur,Sugarcane,Whole Year,2019,21688.9,1800135.3,82998.0
Bihar,Rohtas,Jowar,Rabi,2021,9194.6,10919.5,1187.6
Punjab,Patiala,Wheat,Rabi,2018,11802.0,29514.4,2500.8
Punjab,Patiala,Bajra,Kharif,2015,15622.2,15100.4,966.6
Andhra Pradesh,Guntur,Cotton,Kharif,2021,8605.6,3028.3,351.9
Madhya Pradesh,Ujjain,Maize,Rabi,2017,4080.3,11430.6,2801.4
Uttar Pradesh,Meerut,Soyabean,Kharif,2017,42790.8,42658.1,996.9
Haryana,Kurukshetra,Groundnut,Kharif,2021,9906.9,18706.2,1888.2
Tamil Nadu,Salem,Maize,Kharif,2019,33733.9,93473.3,2770.9
Andhra Pradesh,Krishna,Jowar,Kharif,2021,35221.0,47904.1,1360.1
Haryana,Kurukshetra,Jowar,Rabi,2018,36471.3,46074.2,1263.3
Andhra Pradesh,Kurnool,Sugarcane,Whole Year,2015,8702.5,602745.6,69261.2
West Bengal,Nadia,Jowar,Kharif,2015,23620.8,27201.7,1151.6
Punjab,Ludhiana,Jowar,Rabi,2018,42296.1,41234.5,974.9
Maharashtra,Nagpur,Maize,Kharif,2017,29802.6,71117.9,2386.3
Karnataka,Mysuru,Rice,Kharif,2021,32961.9,76300.2,2314.8
Haryana,Sirsa,Groundnut,Kharif,2018,13062.7,22456.1,1719.1
Uttar Pradesh,Bareilly,Maize,Rabi,2015,33237.2,68349.0,2056.4
Karnataka,Raichur,Maize,Kharif,2018,1220.5,3982.6,3263.1
Tamil Nadu,Salem,Gram,Rabi,2019,26662.2,26864.8,1007.6
Maharashtra,Pune,Soyabean,Kharif,2017,25674.0,35063.0,1365.7
Punjab,Amritsar,Sugarcane,Whole Year,2018,21179.5,1466879.5,69259.4
Punjab,Ludhiana,Jowar,Kharif,2019,38975.0,64866.1,1664.3
Maharashtra,Nagpur,Maize,Rabi,2023,823.2,2622.2,3185.4
Haryana,Sirsa,Jowar,Kharif,2019,28548.2,37395.3,1309.9
Uttar Pradesh,Kanpur Dehat,Sugarcane,Whole Year,2023,16204.0,1275896.5,78739.6
Maharashtra,Pune,Rice,Kharif,2018,36091.6,93852.6,2600.4
West Bengal,Bardhaman,Maize,Kharif,2022,37725.8,106217.0,2815.5
Andhra Pradesh,Guntur,Rice,Kharif,2017,16930.8,31440.5,1857.0
Bihar,Muzaffarpur,Sugarcane,Whole Year,2016,33009.6,1974317.4,59810.4
Haryana,Hisar,Gram,Rabi,2022,41385.2,57194.3,1382.0
Karnataka,Raichur,Soyabean,Kharif,2018,40309.9,37867.1,939.4
Tamil Nadu,Coimbatore,Maize,Rabi,2022,26483.5,76034.1,2871.0
Maharashtra,Pune,Jowar,Rabi,2022,16645.4,12261.0,736.6
Maharashtra,Nashik,Cotton,Kharif,2022,9053.0,3725.3,411.5
Punjab,Amritsar,Jowar,Kharif,2021,9558.3,12816.7,1340.9
Punjab,Ludhiana,Soyabean,Kharif,2023,13703.5,21513.1,1569.9
Uttar Pradesh,Meerut,Groundnut,Rabi,2022,30420.6,61026.8,2006.1
Punjab,Amritsar,Maize,Kharif,2015,40765.3,120045.7,2944.8
Bihar,Rohtas,Maize,Rabi,2018,8895.7,23394.8,2629.9
Tamil Nadu,Erode,Soyabean,Kharif,2021,11534.8,12883.2,1116.9
Karnataka,Davanagere,Maize,Kharif,2018,3430.2,6690.9,1950.6
West Bengal,Nadia,Gram,Rabi,2015,26741.2,26492.5,990.7
Madhya Pradesh,Sehore,Gram,Rabi,2023,14299.5,14024.9,980.8
Tamil Nadu,Coimbatore,Maize,Rabi,2021,8426.1,20272.4,2405.9
Maharashtra,Nagpur,Wheat,Rabi,2021,27295.6,119191.7,4366.7
Bihar,Muzaffarpur,Sugarcane,Whole Year,2017,19181.1,1382518.1,72077.1
Karnataka,Belagavi,Groundnut,Rabi,2023,12481.5,14987.8,1200.8
Punjab,Bathinda,Cotton,Kharif,2022,35828.5,15320.3,427.6
Haryana,Hisar,Rice,Kharif,2018,35876.4,75275.9,2098.2
Tamil Nadu,Erode,Groundnut,Rabi,2018,12750.3,18457.3,1447.6
Karnataka,Belagavi,Maize,Rabi,2021,42546.6,82659.5,1942.8
Madhya Pradesh,Sehore,Groundnut,Kharif,2019,4463.2,6635.4,1486.7
Tamil Nadu,Erode,Wheat,Rabi,2015,19109.0,62522.7,3271.9
Punjab,Bathinda,Jowar,Kharif,2015,43498.8,53725.4,1235.1
West Bengal,Murshidabad,Maize,Kharif,2022,35292.7,77234.5,2188.4
Haryana,Karnal,Bajra,Kharif,2016,15975.8,16678.7,1044.0
Andhra Pradesh,Krishna,Rice,Kharif,2017,6960.6,20059.8,2881.9
Andhra Pradesh,Kurnool,Soyabean,Kharif,2015,32056.8,29325.6,914.8
Madhya Pradesh,Sehore,Gram,Rabi,2021,35187.4,31816.4,904.2
Maharashtra,Pune,Sugarcane,Whole Year,2023,12993.7,1095780.8,84331.7
Haryana,Sirsa,Cotton,Kharif,2022,4168.0,2138.2,513.0
West Bengal,Nadia,Wheat,Rabi,2016,36048.8,112555.2,3122.3
Uttar Pradesh,Gorakhpur,Jowar,Kharif,2019,16836.5,13607.3,808.2
West Bengal,Hooghly,Cotton,Kharif,2021,22526.4,7582.4,336.6
Haryana,Hisar,Maize,Rabi,2023,18153.3,49190.0,2709.7
Haryana,Kurukshetra,Groundnut,Kharif,2018,22377.1,33194.2,1483.4
Andhra Pradesh,West Godavari,Jowar,Kharif,2021,38233.0,43914.4,1148.6
Maharashtra,Pune,Cotton,Kharif,2019,33994.9,15052.9,442.8
Maharashtra,Kolhapur,Cotton,Kharif,2018,28527.8,15173.9,531.9
Tamil Nadu,Thanjavur,Maize,Rabi,2021,10607.1,35493.5,3346.2
Bihar,Gaya,Maize,Kharif,2020,3842.5,8752.4,2277.8
Karnataka,Davanagere,Gram,Rabi,2019,40215.0,44300.8,1101.6
Tamil Nadu,Thanjavur,Rice,Kharif,2018,9557.5,30097.5,3149.1
Andhra Pradesh,Krishna,Groundnut,Rabi,2021,29850.2,28286.0,947.6
Uttar Pradesh,Gorakhpur,Jowar,Rabi,2017,9492.5,9866.5,1039.4
Bihar,Rohtas,Sugarcane,Whole Year,2021,15737.2,1118329.5,71062.8
Tamil Nadu,Thanjavur,Maize,Rabi,2020,19925.4,37756.6,1894.9
Maharashtra,Pune,Gram,Rabi,2015,9151.0,10019.4,1094.9
Andhra Pradesh,Krishna,Cotton,Kharif,2016,8384.9,4061.6,484.4
Madhya Pradesh,Ujjain,Wheat,Rabi,2022,22396.5,64060.7,2860.3
Uttar Pradesh,Bareilly,Maize,Kharif,2021,2694.3,6100.4,2264.2
Karnataka,Mysuru,Gram,Rabi,2017,15128.1,14804.4,978.6
Uttar Pradesh,Meerut,Groundnut,Rabi,2021,9439.6,14145.2,1498.5
Tamil Nadu,Erode,Maize,Rabi,2016,44801.3,128006.3,2857.2
Andhra Pradesh,Guntur,Sugarcane,Whole Year,2015,10382.8,717544.9,69109.0
Karnataka,Davanagere,Gram,Rabi,2021,5594.1,5867.7,1048.9
Haryana,Hisar,Soyabean,Kharif,2015,9437.9,11533.1,1222.0
Bihar,Muzaffarpur,Soyabean,Kharif,2022,2170.6,2590.6,1193.5
Maharashtra,Pune,Wheat,Rabi,2020,14623.5,37740.3,2580.8
Maharashtra,Kolhapur,Groundnut,Kharif,2021,11282.1,19471.8,1725.9
Uttar Pradesh,Kanpur Dehat,Maize,Kharif,2023,22180.0,48838.1,2201.9
Uttar Pradesh,Gorakhpur,Maize,Rabi,2023,3674.8,7476.4,2034.5
Haryana,Hisar,Groundnut,Rabi,2022,8263.2,9490.3,1148.5
Haryana,Sirsa,Wheat,Rabi,2019,530.1,1971.0,3718.2
West Bengal,Nadia,Maize,Rabi,2018,18121.6,42710.8,2356.9
Bihar,Patna,Rice,Kharif,2017,43313.7,126848.5,2928.6
Tamil Nadu,Erode,Bajra,Kharif,2023,19062.0,28751.2,1508.3
Karnataka,Davanagere,Wheat,Rabi,2016,11205.0,40392.9,3604.9
Tamil Nadu,Erode,Bajra,Kharif,2021,14011.0,13477.2,961.9
Uttar Pradesh,Bareilly,Groundnut,Rabi,2015,18880.5,36090.1,1911.5
Uttar Pradesh,Meerut,Wheat,Rabi,2019,24854.1,72999.0,2937.1
Bihar,Muzaffarpur,Sugarcane,Whole Year,2019,4156.5,356257.4,85710.9
Bihar,Muzaffarpur,Maize,Kharif,2019,32505.5,105077.3,3232.6
Uttar Pradesh,Meerut,Groundnut,Kharif,2018,41734.9,76470.9,1832.3
Tamil Nadu,Salem,Jowar,Rabi,2020,13992.5,18025.1,1288.2
Uttar Pradesh,Gorakhpur,Wheat,Rabi,2020,20973.1,65683.6,3131.8
Bihar,Rohtas,Maize,Kharif,2021,7058.7,15921.6,2255.6
Punjab,Patiala,Groundnut,Rabi,2020,16856.5,29519.1,1751.2
Haryana,Karnal,Sugarcane,Whole Year,2019,5274.9,410529.6,77827.0
Uttar Pradesh,Bareilly,Gram,Rabi,2015,12711.6,12674.7,997.1
West Bengal,Bardhaman,Maize,Rabi,2022,22641.2,56030.2,2474.7
Karnataka,Belagavi,Soyabean,Kharif,2021,2291.4,2792.1,1218.5
Bihar,Rohtas,Jowar,Kharif,2022,38142.7,56836.4,1490.1
Haryana,Hisar,Jowar,Rabi,2022,33934.9,38746.9,1141.8
Tamil Nadu,Salem,Jowar,Kharif,2019,16397.4,14069.0,858.0
West Bengal,Murshidabad,Cotton,Kharif,2018,6534.1,2866.5,438.7
West Bengal,Bardhaman,Soyabean,Kharif,2019,15803.6,22327.3,1412.8
West Bengal,Murshidabad,Bajra,Kharif,2023,41276.8,51604.3,1250.2
Uttar Pradesh,Meerut,Sugarcane,Whole Year,2015,31675.8,1860950.1,58749.9
Tamil Nadu,Erode,Sugarcane,Whole Year,2016,1746.2,99173.7,56794.0
West Bengal,Hooghly,Soyabean,Kharif,2018,1850.2,1688.7,912.7
Madhya Pradesh,Ujjain,Groundnut,Rabi,2023,20906.8,22915.9,1096.1
Punjab,Ludhiana,Bajra,Kharif,2017,28723.6,31765.4,1105.9
West Bengal,Hooghly,Jowar,Kharif,2016,33280.2,34648.0,1041.1
Madhya Pradesh,Hoshangabad,Groundnut,Kharif,2018,6077.8,5973.9,982.9
Tamil Nadu,Erode,Groundnut,Rabi,2020,43858.8,57450.6,1309.9
Madhya Pradesh,Sehore,Rice,Kharif,2022,15450.6,40281.3,2607.1
West Bengal,Nadia,Rice,Kharif,2020,3126.4,6762.4,2163.0
Punjab,Bathinda,Jowar,Rabi,2018,28935.1,34913.1,1206.6
Haryana,Kurukshetra,Groundnut,Rabi,2016,37745.5,45468.2,1204.6
Uttar Pradesh,Bareilly,Jowar,Kharif,2018,19171.4,20931.3,1091.8
Haryana,Karnal,Jowar,Rabi,2022,25368.8,32045.9,1263.2
West Bengal,Nadia,Jowar,Kharif,2019,16125.5,18852.3,1169.1
Maharashtra,Nagpur,Sugarcane,Whole Year,2018,27760.4,1525986.4,54969.9
Haryana,Hisar,Wheat,Rabi,2018,1027.4,3209.1,3123.5
West Bengal,Nadia,Bajra,Kharif,2015,26319.4,35618.0,1353.3
Uttar Pradesh,Bareilly,Gram,Rabi,2018,44389.4,38805.2,874.2
Punjab,Patiala,Gram,Rabi,2021,3914.5,5074.4,1296.3
West Bengal,Nadia,Jowar,Kharif,2016,42431.9,60295.7,1421.0
Haryana,Karnal,Jowar,Rabi,2021,39376.1,38943.0,989.0
Tamil Nadu,Salem,Wheat,Rabi,2022,38246.2,119366.4,3121.0
Tamil Nadu,Erode,Maize,Kharif,2020,40302.8,89887.3,2230.3
Andhra Pradesh,West Godavari,Rice,Kharif,2021,36338.6,77604.7,2135.6
Tamil Nadu,Coimbatore,Groundnut,Kharif,2023,43896.0,55695.2,1268.8
Bihar,Muzaffarpur,Soyabean,Kharif,2018,36755.1,49740.7,1353.3
Bihar,Muzaffarpur,Maize,Rabi,2018,23457.1,62370.1,2658.9
Andhra Pradesh,West Godavari,Groundnut,Kharif,2021,26437.4,55547.6,2101.1
Punjab,Ludhiana,Soyabean,Kharif,2022,44796.3,59453.6,1327.2
Tamil Nadu,Coimbatore,Jowar,Rabi,2021,4564.6,5838.6,1279.1
West Bengal,Hooghly,Groundnut,Kharif,2022,4166.3,3737.2,897.0
Uttar Pradesh,Kanpur Dehat,Groundnut,Rabi,2022,8911.4,15952.3,1790.1
Andhra Pradesh,West Godavari,Sugarcane,Whole Year,2023,35882.1,2022135.7,56355.0
Tamil Nadu,Coimbatore,Wheat,Rabi,2020,43213.6,155037.4,3587.7
Uttar Pradesh,Bareilly,Maize,Rabi,2017,19347.6,45397.2,2346.4
Andhra Pradesh,Kurnool,Gram,Rabi,2021,23102.6,25369.0,1098.1
Bihar,Gaya,Jowar,Rabi,2016,9068.2,12010.8,1324.5
Uttar Pradesh,Bareilly,Groundnut,Rabi,2020,23872.8,46871.9,1963.4
Karnataka,Belagavi,Rice,Kharif,2017,16169.2,37260.3,2304.4
Uttar Pradesh,Bareilly,Groundnut,Rabi,2017,22302.5,28495.9,1277.7
Tamil Nadu,Erode,Cotton,Kharif,2019,20287.9,12189.0,600.8
Maharashtra,Kolhapur,Maize,Rabi,2023,930.8,3168.4,3404.0
Karnataka,Belagavi,Wheat,Rabi,2019,7330.4,29416.9,4013.0
Haryana,Kurukshetra,Wheat,Rabi,2018,26708.3,69254.6,2593.0
Haryana,Karnal,Groundnut,Kharif,2018,11512.2,21580.8,1874.6
Madhya Pradesh,Ujjain,Cotton,Kharif,2021,21469.3,11567.7,538.8
Bihar,Muzaffarpur,Maize,Kharif,2017,42912.4,96381.3,2246.0
West Bengal,Hooghly,Wheat,Rabi,2019,4158.4,16773.7,4033.7
Uttar Pradesh,Bareilly,Gram,Rabi,2022,27618.6,34020.6,1231.8
West Bengal,Murshidabad,Bajra,Kharif,2017,19480.3,33069.8,1697.6
Andhra Pradesh,Guntur,Maize,Rabi,2019,35948.8,91514.9,2545.7
Andhra Pradesh,Kurnool,Maize,Kharif,2021,14453.2,37926.6,2624.1
West Bengal,Hooghly,Soyabean,Kharif,2017,39645.4,36025.8,908.7
Madhya Pradesh,Hoshangabad,Groundnut,Rabi,2020,9023.9,12439.4,1378.5
Karnataka,Raichur,Gram,Rabi,2018,6630.5,5707.5,860.8
West Bengal,Murshidabad,Maize,Rabi,2023,40586.4,86250.2,2125.1
Karnataka,Mysuru,Wheat,Rabi,2019,2446.4,6225.8,2544.9
Tamil Nadu,Thanjavur,Soyabean,Kharif,2022,25980.8,33034.6,1271.5
Tamil Nadu,Salem,Gram,Rabi,2016,6274.6,5396.2,860.0
Karnataka,Davanagere,Groundnut,Rabi,2016,18430.9,19501.7,1058.1
Tamil Nadu,Coimbatore,Jowar,Kharif,2023,39130.1,45950.5,1174.3
Andhra Pradesh,Krishna,Rice,Kharif,2016,34368.3,89825.0,2613.6
Maharashtra,Nashik,Jowar,Kharif,2018,40298.1,51601.7,1280.5
Punjab,Bathinda,Groundnut,Kharif,2021,35268.4,31635.8,897.0
Karnataka,Davanagere,Jowar,Rabi,2019,18029.8,27949.8,1550.2
Andhra Pradesh,Guntur,Bajra,Kharif,2020,39810.0,44814.1,1125.7
Madhya Pradesh,Ujjain,Soyabean,Kharif,2015,35105.9,31075.7,885.2
Bihar,Patna,Cotton,Kharif,2016,36375.4,19340.8,531.7
Madhya Pradesh,Indore,Bajra,Kharif,2018,18782.3,24614.2,1310.5
West Bengal,Hooghly,Cotton,Kharif,2017,801.5,439.1,547.8
Bihar,Rohtas,Maize,Kharif,2018,25883.7,74589.1,2881.7
Maharashtra,Pune,Wheat,Rabi,2022,6909.5,17688.3,2560.0
Karnataka,Mysuru,Bajra,Kharif,2021,38589.9,53308.1,1381.4
Punjab,Ludhiana,Sugarcane,Whole Year,2017,10687.9,935145.3,87495.7
Haryana,Karnal,Sugarcane,Whole Year,2015,8290.4,603769.1,72827.5
Maharashtra,Nagpur,Maize,Kharif,2015,40594.3,101173.2,2492.3
Haryana,Sirsa,Maize,Kharif,2016,30759.2,63428.5,2062.1
Maharashtra,Pune,Sugarcane,Whole Year,2016,3949.8,233723.1,59173.4
Karnataka,Raichur,Maize,Rabi,2021,21396.1,51085.3,2387.6
Karnataka,Raichur,Maize,Rabi,2017,22590.0,76431.0,3383.4
Punjab,Patiala,Sugarcane,Whole Year,2020,9718.5,637763.9,65623.7
Madhya Pradesh,Ujjain,Maize,Rabi,2022,32528.4,91385.3,2809.4
Karnataka,Raichur,Bajra,Kharif,2019,21209.3,36827.8,1736.4
Karnataka,Mysuru,Jowar,Rabi,2018,38095.2,56125.7,1473.3
Uttar Pradesh,Meerut,Wheat,Rabi,2016,2162.7,7886.9,3646.8
Tamil Nadu,Salem,Gram,Rabi,2021,20275.0,20518.3,1012.0
Karnataka,Mysuru,Maize,Kharif,2021,37113.9,71822.8,1935.2
Karnataka,Davanagere,Soyabean,Kharif,2021,19304.1,26620.4,1379.0
Madhya Pradesh,Ujjain,Bajra,Kharif,2019,12923.1,20806.2,1610.0
Haryana,Hisar,Sugarcane,Whole Year,2022,15164.6,1039469.6,68545.8
Madhya Pradesh,Hoshangabad,Wheat,Rabi,2017,6128.1,16159.8,2637.0
Tamil Nadu,Salem,Cotton,Kharif,2023,17317.0,7827.3,452.0
Tamil Nadu,Coimbatore,Rice,Kharif,2015,21731.2,38712.0,1781.4
Punjab,Ludhiana,Cotton,Kharif,2018,42639.3,15563.3,365.0
Haryana,Hisar,Soyabean,Kharif,2018,5568.0,7195.0,1292.2
Bihar,Gaya,Groundnut,Rabi,2020,650.0,1186.3,1825.1
Uttar Pradesh,Gorakhpur,Maize,Kharif,2022,35447.3,86027.1,2426.9
Punjab,Patiala,Cotton,Kharif,2018,6537.1,3233.9,494.7
Madhya Pradesh,Indore,Groundnut,Kharif,2021,6176.2,7531.9,1219.5
Madhya Pradesh,Indore,Maize,Kharif,2019,23801.4,66693.9,2802.1
Madhya Pradesh,Hoshangabad,Groundnut,Kharif,2020,2392.0,2777.8,1161.3
Andhra Pradesh,West Godavari,Maize,Rabi,2019,35767.6,88603.5,2477.2
Uttar Pradesh,Kanpur Dehat,Maize,Rabi,2020,39565.9,100172.9,2531.8
Uttar Pradesh,Meerut,Bajra,Kharif,2018,36469.6,42797.1,1173.5
West Bengal,Nadia,Cotton,Kharif,2015,34140.4,16083.5,471.1
Karnataka,Raichur,Soyabean,Kharif,2015,42106.4,56932.1,1352.1
Maharashtra,Kolhapur,Gram,Rabi,2017,37489.3,42910.3,1144.6
Maharashtra,Nagpur,Jowar,Rabi,2023,26520.1,38085.5,1436.1
Andhra Pradesh,Guntur,Rice,Kharif,2022,23297.8,65711.4,2820.5
Karnataka,Belagavi,Groundnut,Rabi,2015,22853.9,29643.8,1297.1
Haryana,Kurukshetra,Maize,Rabi,2015,3780.1,11413.3,3019.3
Punjab,Bathinda,Rice,Kharif,2022,3433.1,6763.9,1970.2
Bihar,Gaya,Soyabean,Kharif,2015,43193.3,56976.3,1319.1
Madhya Pradesh,Ujjain,Rice,Kharif,2018,10264.0,20252.9,1973.2
Punjab,Amritsar,Maize,Rabi,2015,2737.7,6349.5,2319.3
Uttar Pradesh,Bareilly,Maize,Kharif,2019,13395.3,30653.8,2288.4
Maharashtra,Kolhapur,Cotton,Kharif,2023,3592.4,2113.8,588.4
Uttar Pradesh,Meerut,Wheat,Rabi,2018,1378.5,4830.7,3504.3
Uttar Pradesh,Meerut,Groundnut,Kharif,2019,20547.5,37110.8,1806.1
Bihar,Muzaffarpur,Maize,Rabi,2023,38593.1,109998.1,2850.2
Andhra Pradesh,Kurnool,Wheat,Rabi,2021,24451.7,93134.1,3808.9
Andhra Pradesh,Guntur,Soyabean,Kharif,2019,35518.1,52708.9,1484.0
Tamil Nadu,Coimbatore,Soyabean,Kharif,2022,4278.8,4196.6,980.8
Andhra Pradesh,Krishna,Rice,Kharif,2020,38629.1,129882.6,3362.3
Tamil Nadu,Thanjavur,Groundnut,Kharif,2019,29835.7,55974.8,1876.1
Uttar Pradesh,Gorakhpur,Wheat,Rabi,2019,31042.1,95001.2,3060.4
West Bengal,Bardhaman,Groundnut,Kharif,2018,39362.1,49340.4,1253.5
Haryana,Karnal,Soyabean,Kharif,2019,42954.5,49204.4,1145.5
Andhra Pradesh,Guntur,Maize,Rabi,2017,15536.1,40302.2,2594.1
Punjab,Amritsar,Soyabean,Kharif,2015,31232.1,41076.5,1315.2
Haryana,Kurukshetra,Gram,Rabi,2015,2905.8,3115.9,1072.3
Tamil Nadu,Salem,Gram,Rabi,2015,12634.2,10197.1,807.1
Madhya Pradesh,Sehore,Jowar,Rabi,2015,39076.1,30678.6,785.1
West Bengal,Nadia,Maize,Kharif,2017,14529.5,44203.1,3042.3
Tamil Nadu,Coimbatore,Cotton,Kharif,2021,10951.3,4678.4,427.2
West Bengal,Nadia,Groundnut,Rabi,2016,43194.6,83274.9,1927.9
Tamil Nadu,Erode,Bajra,Kharif,2019,44161.4,68821.1,1558.4
Maharashtra,Kolhapur,Wheat,Rabi,2019,25926.0,100058.8,3859.4
Andhra Pradesh,Guntur,Groundnut,Rabi,2018,13398.0,25828.7,1927.8
Bihar,Rohtas,Jowar,Kharif,2020,16813.5,26047.5,1549.2
Bihar,Rohtas,Groundnut,Rabi,2017,28014.9,40335.9,1439.8
West Bengal,Bardhaman,Wheat,Rabi,2020,13980.4,41331.7,2956.4
Maharashtra,Nagpur,Jowar,Kharif,2023,35892.0,49739.1,1385.8
Uttar Pradesh,Bareilly,Groundnut,Kharif,2016,18924.8,25660.1,1355.9
Bihar,Rohtas,Maize,Rabi,2015,5517.5,16486.8,2988.1
West Bengal,Bardhaman,Groundnut,Rabi,2018,12889.8,27454.0,2129.9
Tamil Nadu,Thanjavur,Sugarcane,Whole Year,2019,31576.2,2266340.7,71773.7
Punjab,Ludhiana,Soyabean,Kharif,2019,7900.8,8850.5,1120.2
Andhra Pradesh,West Godavari,Wheat,Rabi,2019,35144.2,98112.1,2791.7
Uttar Pradesh,Meerut,Jowar,Kharif,2016,11073.0,16591.8,1498.4
Haryana,Hisar,Sugarcane,Whole Year,2021,42722.6,2789550.8,65294.5
West Bengal,Hooghly,Groundnut,Kharif,2016,18490.7,27103.7,1465.8
Maharashtra,Kolhapur,Soyabean,Kharif,2018,11586.5,18317.1,1580.9
Bihar,Muzaffarpur,Wheat,Rabi,2023,1577.2,5243.1,3324.3
Maharashtra,Nashik,Soyabean,Kharif,2016,5870.6,5673.9,966.5
Punjab,Ludhiana,Bajra,Kharif,2019,657.8,1058.3,1608.8
West Bengal,Nadia,Sugarcane,Whole Year,2019,36894.8,2097421.4,56848.7
Maharashtra,Kolhapur,Maize,Rabi,2016,21504.2,61942.8,2880.5
Tamil Nadu,Thanjavur,Jowar,Kharif,2020,12478.6,16922.2,1356.1
Madhya Pradesh,Indore,Sugarcane,Whole Year,2016,31632.9,2482958.1,78492.9
Andhra Pradesh,Guntur,Wheat,Rabi,2015,22049.1,55764.4,2529.1
Bihar,Muzaffarpur,Groundnut,Rabi,2017,22780.4,31676.1,1390.5
Andhra Pradesh,Krishna,Soyabean,Kharif,2018,26256.9,26128.2,995.1
Karnataka,Raichur,Groundnut,Kharif,2022,21930.1,40140.9,1830.4
Punjab,Amritsar,Maize,Kharif,2020,30721.8,71366.7,2323.0
West Bengal,Bardhaman,Rice,Kharif,2022,1339.8,2711.6,2023.9
Bihar,Rohtas,Jowar,Kharif,2018,15860.7,17045.5,1074.7
Uttar Pradesh,Gorakhpur,Groundnut,Rabi,2020,30824.2,37645.6,1221.3
Punjab,Patiala,Jowar,Rabi,2015,5625.2,4278.0,760.5
Uttar Pradesh,Gorakhpur,Sugarcane,Whole Year,2015,7409.7,592570.0,79972.2
Andhra Pradesh,Kurnool,Jowar,Kharif,2015,11807.6,19715.1,1669.7
Madhya Pradesh,Hoshangabad,Gram,Rabi,2016,13985.5,15288.9,1093.2
Uttar Pradesh,Gorakhpur,Jowar,Rabi,2021,9788.8,12525.7,1279.6
Maharashtra,Pune,Jowar,Kharif,2023,19281.7,16597.7,860.8
West Bengal,Hooghly,Gram,Rabi,2020,24020.8,22005.5,916.1
Maharashtra,Nashik,Rice,Kharif,2022,37948.4,88780.3,2339.5
Bihar,Patna,Maize,Kharif,2021,3494.4,13067.3,3739.5
Maharashtra,Kolhapur,Wheat,Rabi,2017,26487.2,61410.6,2318.5
Haryana,Hisar,Rice,Kharif,2022,42560.9,121209.2,2847.9
Andhra Pradesh,West Godavari,Groundnut,Kharif,2019,10881.8,11890.5,1092.7
Maharashtra,Nagpur,Rice,Kharif,2015,1381.6,3429.4,2482.2
Karnataka,Belagavi,Sugarcane,Whole Year,2015,11614.6,861044.9,74134.7
Uttar Pradesh,Gorakhpur,Maize,Kharif,2018,10993.3,27519.5,2503.3
Maharashtra,Nashik,Jowar,Rabi,2019,22284.6,37146.2,1666.9
Tamil Nadu,Thanjavur,Maize,Rabi,2017,31447.1,79564.3,2530.1
Uttar Pradesh,Bareilly,Groundnut,Rabi,2023,23467.6,32997.8,1406.1
Tamil Nadu,Salem,Gram,Rabi,2017,14658.1,10430.7,711.6
Maharashtra,Nagpur,Maize,Rabi,2015,42707.5,120409.5,2819.4
Tamil Nadu,Salem,Groundnut,Kharif,2015,4512.4,5735.7,1271.1
West Bengal,Bardhaman,Cotton,Kharif,2019,5502.3,2970.7,539.9
Punjab,Patiala,Groundnut,Kharif,2021,30097.3,36736.8,1220.6
West Bengal,Hooghly,Jowar,Rabi,2020,11258.0,13959.9,1240.0
Maharashtra,Kolhapur,Cotton,Kharif,2015,19152.1,10120.0,528.4
Andhra Pradesh,West Godavari,Jowar,Rabi,2023,3381.8,2710.2,801.4
Karnataka,Davanagere,Cotton,Kharif,2020,32905.6,12829.9,389.9
Maharashtra,Pune,Rice,Kharif,2021,25953.8,77677.1,2992.9
Tamil Nadu,Erode,Maize,Rabi,2019,32808.4,76000.7,2316.5
Haryana,Karnal,Soyabean,Kharif,2016,4359.8,5346.9,1226.4
Madhya Pradesh,Hoshangabad,Sugarcane,Whole Year,2019,39585.1,2082833.4,52616.6
Haryana,Sirsa,Jowar,Kharif,2023,26037.8,36002.5,1382.7
Haryana,Hisar,Jowar,Rabi,2021,24812.7,34583.9,1393.8
Bihar,Rohtas,Cotton,Kharif,2016,16596.7,6346.6,382.4
West Bengal,Bardhaman,Gram,Rabi,2016,1641.0,1461.1,890.4
Karnataka,Mysuru,Sugarcane,Whole Year,2017,6914.2,609082.2,88091.5
Bihar,Gaya,Maize,Kharif,2023,27329.3,84250.8,3082.8
Tamil Nadu,Salem,Soyabean,Kharif,2019,43216.1,63285.7,1464.4
Andhra Pradesh,West Godavari,Sugarcane,Whole Year,2021,1927.8,154682.6,80237.9
Haryana,Karnal,Bajra,Kharif,2023,4989.9,4639.1,929.7
Maharashtra,Nagpur,Gram,Rabi,2017,8507.2,9226.9,1084.6
Madhya Pradesh,Ujjain,Jowar,Kharif,2022,3646.1,5154.1,1413.6
Maharashtra,Pune,Jowar,Kharif,2019,43208.5,56266.1,1302.2
Karnataka,Mysuru,Bajra,Kharif,2019,23475.4,36992.5,1575.8
Andhra Pradesh,Guntur,Sugarcane,Whole Year,2023,815.3,45664.3,56009.2
West Bengal,Hooghly,Maize,Kharif,2018,40042.9,143994.3,3596.0
Bihar,Rohtas,Rice,Kharif,2021,40650.6,80045.1,1969.1
Haryana,Hisar,Jowar,Rabi,2023,16011.7,22334.7,1394.9
Haryana,Sirsa,Maize,Rabi,2015,18821.1,60731.9,3226.8
Haryana,Kurukshetra,Gram,Rabi,2022,18451.0,22323.9,1209.9
Tamil Nadu,Thanjavur,Maize,Kharif,2019,27117.6,68870.6,2539.7
Bihar,Muzaffarpur,Maize,Kharif,2015,34211.4,109497.0,3200.6
Uttar Pradesh,Gorakhpur,Maize,Rabi,2018,9353.6,27116.1,2899.0
Maharashtra,Nagpur,Sugarcane,Whole Year,2017,14985.9,1025705.4,68444.7
Bihar,Muzaffarpur,Jowar,Kharif,2017,35121.8,36568.8,1041.2
Tamil Nadu,Thanjavur,Maize,Rabi,2016,33337.6,81387.1,2441.3
Haryana,Sirsa,Rice,Kharif,2021,33106.2,90161.4,2723.4
Tamil Nadu,Thanjavur,Cotton,Kharif,2021,35219.3,15626.8,443.7
Haryana,Karnal,Jowar,Kharif,2023,19026.4,16514.9,868.0
Haryana,Sirsa,Jowar,Kharif,2020,36667.2,25960.4,708.0
Punjab,Ludhiana,Maize,Kharif,2017,12414.5,31223.7,2515.1
Punjab,Patiala,Soyabean,Kharif,2022,3770.3,3613.8,958.5
Punjab,Bathinda,Groundnut,Rabi,2021,38125.7,47134.8,1236.3
Punjab,Bathinda,Bajra,Kharif,2022,29084.1,38713.8,1331.1
Punjab,Bathinda,Groundnut,Rabi,2016,11607.7,13362.8,1151.2
Uttar Pradesh,Meerut,Jowar,Kharif,2015,33407.4,51614.4,1545.0
West Bengal,Hooghly,Gram,Rabi,2021,3023.7,3199.4,1058.1
Punjab,Patiala,Jowar,Kharif,2017,27170.0,20268.8,746.0
Uttar Pradesh,Kanpur Dehat,Jowar,Kharif,2022,27087.5,44485.8,1642.3
Maharashtra,Nashik,Jowar,Rabi,2018,22697.8,24813.2,1093.2
Haryana,Kurukshetra,Rice,Kharif,2022,17124.8,50677.4,2959.3
Tamil Nadu,Salem,Rice,Kharif,2016,23907.1,40092.2,1677.0
Maharashtra,Nashik,Gram,Rabi,2016,42856.1,43293.2,1010.2
Punjab,Patiala,Groundnut,Kharif,2018,38449.3,66159.7,1720.7
Tamil Nadu,Erode,Soyabean,Kharif,2015,20939.8,34691.0,1656.7
Bihar,Muzaffarpur,Soyabean,Kharif,2023,11127.4,15476.0,1390.8
Punjab,Ludhiana,Jowar,Kharif,2023,10398.3,14583.6,1402.5
Haryana,Sirsa,Maize,Kharif,2017,44472.9,103421.7,2325.5
Punjab,Bathinda,Cotton,Kharif,2023,27054.9,9398.9,347.4
Karnataka,Raichur,Wheat,Rabi,2022,37546.7,98053.2,2611.5
Tamil Nadu,Thanjavur,Jowar,Kharif,2023,39670.1,40542.8,1022.0
West Bengal,Murshidabad,Bajra,Kharif,2015,14802.5,23635.2,1596.7
Maharashtra,Kolhapur,Sugarcane,Whole Year,2021,26643.4,1906615.0,71560.5
Bihar,Muzaffarpur,Soyabean,Kharif,2020,8441.2,12502.3,1481.1
Bihar,Gaya,Jowar,Rabi,2022,19716.1,28178.3,1429.2
Uttar Pradesh,Meerut,Wheat,Rabi,2015,26741.3,70185.2,2624.6
Madhya Pradesh,Ujjain,Sugarcane,Whole Year,2016,10315.5,780836.9,75695.5
Maharashtra,Nagpur,Maize,Rabi,2021,821.6,2589.8,3152.1
Bihar,Rohtas,Groundnut,Rabi,2023,10333.3,13443.6,1301.0
West Bengal,Nadia,Sugarcane,Whole Year,2022,22731.9,1793446.9,78895.6
Haryana,Sirsa,Rice,Kharif,2023,19619.1,37725.6,1922.9
Karnataka,Belagavi,Jowar,Rabi,2019,39226.4,55148.4,1405.9
Maharashtra,Nagpur,Soyabean,Kharif,2015,13910.0,18828.6,1353.6
Bihar,Patna,Jowar,Rabi,2016,2304.2,3462.8,1502.8
Maharashtra,Nagpur,Jowar,Kharif,2021,2012.7,1942.3,965.0
West Bengal,Nadia,Gram,Rabi,2020,28100.3,27965.4,995.2
West Bengal,Hooghly,Jowar,Rabi,2023,9864.2,10318.9,1046.1
Madhya Pradesh,Ujjain,Gram,Rabi,2015,30770.1,23080.7,750.1
Maharashtra,Pune,Soyabean,Kharif,2015,9225.9,12912.6,1399.6
Andhra Pradesh,West Godavari,Soyabean,Kharif,2016,26557.6,36915.1,1390.0
Punjab,Ludhiana,Jowar,Kharif,2015,7090.2,5928.8,836.2
Karnataka,Belagavi,Jowar,Kharif,2018,8974.3,13234.4,1474.7
Madhya Pradesh,Hoshangabad,Maize,Kharif,2017,40557.8,88501.2,2182.1
Tamil Nadu,Erode,Bajra,Kharif,2016,5079.8,5957.6,1172.8
Madhya Pradesh,Sehore,Sugarcane,Whole Year,2019,4516.1,327053.7,72419.5
Andhra Pradesh,Guntur,Rice,Kharif,2021,9140.1,21550.5,2357.8
Andhra Pradesh,West Godavari,Maize,Kharif,2022,3387.3,9198.6,2715.6
Tamil Nadu,Erode,Sugarcane,Whole Year,2017,12044.2,956561.2,79420.9
Madhya Pradesh,Sehore,Maize,Rabi,2020,18611.8,48050.1,2581.7
Tamil Nadu,Coimbatore,Jowar,Rabi,2016,3947.7,3758.6,952.1
Karnataka,Mysuru,Jowar,Kharif,2021,4470.7,4398.7,983.9
Karnataka,Raichur,Groundnut,Kharif,2021,10279.4,19268.7,1874.5
Maharashtra,Pune,Maize,Rabi,2015,18600.2,39895.6,2144.9
Madhya Pradesh,Ujjain,Wheat,Rabi,2016,31456.6,89122.8,2833.2
West Bengal,Hooghly,Soyabean,Kharif,2015,10217.6,12458.3,1219.3
Punjab,Bathinda,Jowar,Rabi,2023,6319.1,6861.9,1085.9
West Bengal,Hooghly,Sugarcane,Whole Year,2022,1730.6,140874.1,81401.9
Madhya Pradesh,Sehore,Jowar,Rabi,2020,30622.4,39600.9,1293.2
Tamil Nadu,Salem,Rice,Kharif,2021,28324.5,94490.5,3336.0
Bihar,Rohtas,Maize,Rabi,2017,6599.2,23766.4,3601.4
Haryana,Kurukshetra,Cotton,Kharif,2023,10567.8,3937.6,372.6
Madhya Pradesh,Hoshangabad,Gram,Rabi,2018,22191.7,17309.5,780.0
Bihar,Gaya,Wheat,Rabi,2018,665.6,2266.4,3405.1
Haryana,Kurukshetra,Cotton,Kharif,2018,1645.2,609.2,370.3
Maharashtra,Pune,Bajra,Kharif,2015,20165.4,23775.0,1179.0
Uttar Pradesh,Meerut,Cotton,Kharif,2015,35962.5,14136.9,393.1
Bihar,Gaya,Groundnut,Rabi,2022,5326.7,7244.3,1360.0
West Bengal,Murshidabad,Wheat,Rabi,2017,10600.9,35777.0,3374.9
Karnataka,Raichur,Groundnut,Rabi,2015,18297.4,19499.5,1065.7
West Bengal,Murshidabad,Soyabean,Kharif,2021,4273.4,5428.1,1270.2
Uttar Pradesh,Bareilly,Jowar,Kharif,2017,7179.0,9603.3,1337.7
Karnataka,Raichur,Maize,Rabi,2020,10418.1,26412.0,2535.2
West Bengal,Nadia,Cotton,Kharif,2021,23234.1,8324.8,358.3
Madhya Pradesh,Ujjain,Sugarcane,Whole Year,2017,44207.6,3101477.0,70157.1
Karnataka,Mysuru,Cotton,Kharif,2016,43201.5,16343.1,378.3
Andhra Pradesh,Guntur,Soyabean,Kharif,2022,28028.2,36795.4,1312.8
Punjab,Ludhiana,Cotton,Kharif,2015,525.4,200.9,382.3
Andhra Pradesh,West Godavari,Cotton,Kharif,2018,36145.7,14928.2,413.0
Karnataka,Davanagere,Cotton,Kharif,2022,33475.1,20198.9,603.4
Andhra Pradesh,West Godavari,Soyabean,Kharif,2018,34199.3,51716.2,1512.2
Karnataka,Davanagere,Cotton,Kharif,2018,32102.0,20686.5,644.4
Bihar,Gaya,Soyabean,Kharif,2020,16216.4,26048.4,1606.3
Madhya Pradesh,Sehore,Sugarcane,Whole Year,2017,5931.4,511443.9,86226.5
Uttar Pradesh,Kanpur Dehat,Bajra,Kharif,2018,35378.6,44492.1,1257.6
West Bengal,Bardhaman,Bajra,Kharif,2022,21464.4,29661.7,1381.9
Karnataka,Belagavi,Gram,Rabi,2023,24413.8,32826.8,1344.6
Andhra Pradesh,West Godavari,Groundnut,Kharif,2020,33295.1,66633.5,2001.3
Madhya Pradesh,Ujjain,Bajra,Kharif,2020,15064.7,22976.7,1525.2
Uttar Pradesh,Kanpur Dehat,Gram,Rabi,2016,42642.2,54889.0,1287.2
Bihar,Patna,Groundnut,Rabi,2017,5956.5,10632.9,1785.1
Bihar,Rohtas,Maize,Kharif,2015,25299.0,57714.6,2281.3
Punjab,Bathinda,Jowar,Rabi,2020,13735.8,10198.8,742.5
Uttar Pradesh,Bareilly,Sugarcane,Whole Year,2017,8795.6,593998.5,67533.6
Uttar Pradesh,Bareilly,Bajra,Kharif,2019,6521.1,7987.0,1224.8
Karnataka,Mysuru,Bajra,Kharif,2022,17749.7,19361.4,1090.8
Andhra Pradesh,Kurnool,Groundnut,Rabi,2019,11308.9,14779.6,1306.9
West Bengal,Bardhaman,Rice,Kharif,2020,19741.7,35900.3,1818.5
Haryana,Karnal,Groundnut,Kharif,2016,33774.2,51735.3,1531.8
Punjab,Patiala,Wheat,Rabi,2020,15877.7,56094.3,3532.9
Karnataka,Belagavi,Wheat,Rabi,2021,3949.8,9398.9,2379.6
Maharashtra,Nashik,Groundnut,Kharif,2023,18896.7,25690.1,1359.5
Andhra Pradesh,West Godavari,Sugarcane,Whole Year,2016,30361.8,2218111.7,73056.0
Madhya Pradesh,Sehore,Bajra,Kharif,2022,24103.9,21777.9,903.5
West Bengal,Murshidabad,Bajra,Kharif,2021,32366.9,30541.4,943.6
Madhya Pradesh,Hoshangabad,Gram,Rabi,2022,1752.5,1349.6,770.1
Madhya Pradesh,Hoshangabad,Groundnut,Kharif,2019,35389.3,39805.9,1124.8
West Bengal,Hooghly,Cotton,Kharif,2015,15208.7,8469.7,556.9
Andhra Pradesh,West Godavari,Maize,Rabi,2015,21840.9,49961.1,2287.5
Andhra Pradesh,West Godavari,Maize,Kharif,2018,30958.0,83057.2,2682.9
Karnataka,Belagavi,Wheat,Rabi,2017,44793.5,148235.1,3309.3
Uttar Pradesh,Meerut,Maize,Rabi,2017,2255.3,5770.4,2558.6
Tamil Nadu,Coimbatore,Bajra,Kharif,2015,4123.8,4203.0,1019.2
Andhra Pradesh,Kurnool,Maize,Rabi,2015,31417.1,68875.7,2192.3
Uttar Pradesh,Kanpur Dehat,Sugarcane,Whole Year,2021,29588.6,1977654.7,66838.4
West Bengal,Nadia,Groundnut,Rabi,2023,24564.1,32761.1,1333.7
Karnataka,Mysuru,Rice,Kharif,2019,16904.5,45224.6,2675.3
Tamil Nadu,Salem,Maize,Rabi,2022,31541.3,73516.5,2330.8
Punjab,Ludhiana,Groundnut,Rabi,2021,13822.4,24939.8,1804.3
West Bengal,Hooghly,Jowar,Kharif,2019,31472.1,37061.5,1177.6
Bihar,Rohtas,Bajra,Kharif,2020,35636.7,45479.6,1276.2
Tamil Nadu,Coimbatore,Jowar,Kharif,2019,31385.0,36014.3,1147.5
Madhya Pradesh,Indore,Wheat,Rabi,2016,40196.6,128098.5,3186.8
Tamil Nadu,Salem,Groundnut,Kharif,2017,31062.0,56893.2,1831.6
Karnataka,Raichur,Rice,Kharif,2019,30299.2,69321.5,2287.9
Bihar,Gaya,Wheat,Rabi,2015,3477.1,13203.6,3797.3
Tamil Nadu,Coimbatore,Groundnut,Kharif,2018,29694.3,40318.9,1357.8
Haryana,Sirsa,Soyabean,Kharif,2019,32663.6,33829.7,1035.7
West Bengal,Nadia,Wheat,Rabi,2015,5856.1,22684.8,3873.7
Andhra Pradesh,West Godavari,Rice,Kharif,2017,889.0,2659.6,2991.7
Tamil Nadu,Coimbatore,Rice,Kharif,2021,14864.6,29867.4,2009.3
Madhya Pradesh,Indore,Gram,Rabi,2019,43298.4,41332.7,954.6
West Bengal,Bardhaman,Rice,Kharif,2015,36037.3,93790.7,2602.6
Bihar,Patna,Wheat,Rabi,2020,17701.8,61255.3,3460.4
West Bengal,Murshidabad,Rice,Kharif,2017,28458.8,63992.5,2248.6
West Bengal,Murshidabad,Rice,Kharif,2020,27761.1,69533.2,2504.7
Maharashtra,Kolhapur,Rice,Kharif,2020,43593.1,119584.6,2743.2
Karnataka,Belagavi,Sugarcane,Whole Year,2018,10177.1,707170.0,69486.4
Bihar,Patna,Wheat,Rabi,2021,16287.5,53224.3,3267.8
Tamil Nadu,Erode,Sugarcane,Whole Year,2019,7436.5,556420.5,74822.9
West Bengal,Murshidabad,Jowar,Kharif,2022,44544.4,55248.4,1240.3
Maharashtra,Nashik,Jowar,Kharif,2021,15089.2,20165.2,1336.4
Maharashtra,Pune,Maize,Kharif,2015,1709.1,3380.8,1978.1
Maharashtra,Nagpur,Maize,Rabi,2016,3124.7,7388.7,2364.6
Haryana,Hisar,Gram,Rabi,2015,35015.6,31041.3,886.5
Karnataka,Mysuru,Gram,Rabi,2023,21566.7,16854.4,781.5
Uttar Pradesh,Kanpur Dehat,Soyabean,Kharif,2019,9876.3,10587.4,1072.0
Uttar Pradesh,Meerut,Sugarcane,Whole Year,2023,29575.1,1637114.9,55354.5
Madhya Pradesh,Hoshangabad,Jowar,Kharif,2021,21674.3,26438.3,1219.8
West Bengal,Bardhaman,Rice,Kharif,2023,10418.6,26638.3,2556.8
West Bengal,Hooghly,Jowar,Kharif,2018,22225.6,28639.9,1288.6
Madhya Pradesh,Hoshangabad,Cotton,Kharif,2021,19063.5,9693.8,508.5
Uttar Pradesh,Gorakhpur,Soyabean,Kharif,2016,38233.6,42187.0,1103.4
Karnataka,Raichur,Groundnut,Kharif,2016,25744.6,35483.8,1378.3
Bihar,Gaya,Groundnut,Kharif,2017,34437.2,35349.8,1026.5
Uttar Pradesh,Meerut,Cotton,Kharif,2021,2545.8,1013.0,397.9
West Bengal,Murshidabad,Gram,Rabi,2023,11047.3,12799.4,1158.6
Tamil Nadu,Erode,Maize,Kharif,2023,41446.9,89599.9,2161.8
Tamil Nadu,Erode,Maize,Kharif,2016,4548.0,12037.6,2646.8
Karnataka,Belagavi,Cotton,Kharif,2015,23418.0,16303.6,696.2
West Bengal,Hooghly,Groundnut,Kharif,2015,16773.4,21921.2,1306.9
Madhya Pradesh,Sehore,Maize,Rabi,2019,4234.9,13112.5,3096.3
Haryana,Sirsa,Cotton,Kharif,2016,26929.9,14986.5,556.5
Madhya Pradesh,Hoshangabad,Rice,Kharif,2018,29249.3,65901.6,2253.1
Andhra Pradesh,Kurnool,Groundnut,Rabi,2017,43983.2,74371.2,1690.9
Tamil Nadu,Thanjavur,Wheat,Rabi,2017,15225.9,47599.2,3126.2
Bihar,Rohtas,Gram,Rabi,2016,889.2,1123.7,1263.7
Uttar Pradesh,Bareilly,Groundnut,Kharif,2015,39643.9,71299.6,1798.5
Maharashtra,Nagpur,Jowar,Rabi,2022,24370.5,34347.8,1409.4
Maharashtra,Pune,Gram,Rabi,2019,25175.5,17381.2,690.4
Andhra Pradesh,West Godavari,Sugarcane,Whole Year,2018,19967.6,1408444.6,70536.5
West Bengal,Hooghly,Maize,Kharif,2016,37787.9,97863.1,2589.8
Maharashtra,Nagpur,Bajra,Kharif,2020,13095.3,17969.4,1372.2
Bihar,Rohtas,Jowar,Rabi,2023,8453.5,7341.0,868.4
Haryana,Sirsa,Maize,Rabi,2019,6722.4,14143.9,2104.0
Bihar,Gaya,Maize,Rabi,2022,12472.6,22476.9,1802.1
Tamil Nadu,Coimbatore,Groundnut,Kharif,2020,25464.3,40676.7,1597.4
Andhra Pradesh,West Godavari,Jowar,Rabi,2020,39872.2,63010.0,1580.3
Punjab,Patiala,Jowar,Rabi,2022,11014.0,9084.3,824.8
Uttar Pradesh,Kanpur Dehat,Bajra,Kharif,2021,20373.5,27744.6,1361.8
Haryana,Hisar,Soyabean,Kharif,2020,32022.3,35666.4,1113.8
West Bengal,Hooghly,Soyabean,Kharif,2022,42232.9,64612.1,1529.9
Punjab,Ludhiana,Soyabean,Kharif,2017,38830.0,43050.8,1108.7
Madhya Pradesh,Indore,Sugarcane,Whole Year,2020,15001.2,1171095.7,78066.8
Bihar,Patna,Soyabean,Kharif,2022,17893.5,25033.0,1399.0
Karnataka,Belagavi,Groundnut,Kharif,2019,15725.3,32147.2,2044.3
Madhya Pradesh,Sehore,Soyabean,Kharif,2015,37185.8,50438.8,1356.4
Madhya Pradesh,Ujjain,Maize,Kharif,2022,35449.5,84759.8,2391.0
Bihar,Muzaffarpur,Jowar,Kharif,2016,18622.5,27522.2,1477.9
West Bengal,Murshidabad,Cotton,Kharif,2023,18015.9,7811.7,433.6
Tamil Nadu,Thanjavur,Jowar,Kharif,2021,11316.8,15051.3,1330.0
Karnataka,Belagavi,Bajra,Kharif,2022,38857.9,48199.3,1240.4
Haryana,Karnal,Groundnut,Kharif,2022,22994.2,32093.0,1395.7
Andhra Pradesh,Krishna,Groundnut,Kharif,2023,26693.2,43926.3,1645.6
Andhra Pradesh,Krishna,Bajra,Kharif,2017,2254.8,3367.1,1493.3
West Bengal,Bardhaman,Jowar,Kharif,2016,15691.3,17517.8,1116.4
Karnataka,Raichur,Gram,Rabi,2019,34010.0,45757.1,1345.4
Bihar,Gaya,Groundnut,Rabi,2017,5266.8,9130.5,1733.6
Bihar,Patna,Gram,Rabi,2016,11989.6,13357.6,1114.1
Madhya Pradesh,Indore,Groundnut,Rabi,2017,17614.5,35931.8,2039.9
Tamil Nadu,Thanjavur,Groundnut,Rabi,2023,27225.8,31946.8,1173.4
Andhra Pradesh,West Godavari,Maize,Rabi,2021,24724.6,72260.1,2922.6
Maharashtra,Nashik,Jowar,Rabi,2017,26676.7,30752.9,1152.8
Haryana,Sirsa,Groundnut,Rabi,2017,3165.3,6497.4,2052.7
Karnataka,Davanagere,Rice,Kharif,2019,26778.3,72373.7,2702.7
Bihar,Muzaffarpur,Groundnut,Rabi,2020,5484.7,6181.8,1127.1
Uttar Pradesh,Bareilly,Bajra,Kharif,2023,16651.0,21603.0,1297.4
Bihar,Gaya,Groundnut,Rabi,2019,41637.2,80568.0,1935.0
Tamil Nadu,Erode,Maize,Rabi,2015,806.3,1683.5,2087.9
Maharashtra,Nashik,Groundnut,Rabi,2018,42492.1,42806.5,1007.4
Haryana,Kurukshetra,Jowar,Rabi,2021,13585.3,19467.7,1433.0
Madhya Pradesh,Hoshangabad,Rice,Kharif,2022,34753.9,60857.6,1751.1
West Bengal,Bardhaman,Groundnut,Rabi,2020,6557.3,10803.8,1647.6
Tamil Nadu,Thanjavur,Groundnut,Rabi,2016,12788.4,21076.6,1648.1
Maharashtra,Pune,Sugarcane,Whole Year,2021,16423.0,950775.1,57892.9
Bihar,Patna,Cotton,Kharif,2015,30215.0,18101.8,599.1
Punjab,Bathinda,Rice,Kharif,2023,32706.1,95743.8,2927.4
Bihar,Patna,Jowar,Rabi,2021,29927.3,27096.2,905.4
Tamil Nadu,Erode,Maize,Rabi,2021,29408.5,68474.8,2328.4
Karnataka,Belagavi,Jowar,Rabi,2017,6237.6,5172.8,829.3
Haryana,Kurukshetra,Maize,Kharif,2021,33100.0,122446.8,3699.3
West Bengal,Nadia,Bajra,Kharif,2020,41364.3,65417.6,1581.5
Uttar Pradesh,Bareilly,Wheat,Rabi,2020,40890.7,132845.7,3248.8
Tamil Nadu,Coimbatore,Jowar,Kharif,2015,11680.2,14818.7,1268.7
Uttar Pradesh,Gorakhpur,Gram,Rabi,2019,8461.0,9276.6,1096.4
Uttar Pradesh,Bareilly,Jowar,Rabi,2015,11389.7,14168.8,1244.0
Uttar Pradesh,Meerut,Groundnut,Rabi,2016,44087.8,87897.8,1993.7
Bihar,Muzaffarpur,Rice,Kharif,2015,4550.6,12479.6,2742.4
Karnataka,Mysuru,Cotton,Kharif,2021,17615.9,8823.8,500.9
Punjab,Patiala,Maize,Rabi,2015,37198.7,106511.0,2863.3
Uttar Pradesh,Gorakhpur,Cotton,Kharif,2019,29960.0,19414.1,648.0
Uttar Pradesh,Kanpur Dehat,Soyabean,Kharif,2016,3930.4,4792.3,1219.3
West Bengal,Murshidabad,Cotton,Kharif,2022,39948.8,13087.2,327.6
Bihar,Muzaffarpur,Wheat,Rabi,2021,21010.0,84407.7,4017.5
West Bengal,Hooghly,Groundnut,Rabi,2015,34802.5,58054.1,1668.1
Madhya Pradesh,Indore,Sugarcane,Whole Year,2018,21025.3,1317201.4,62648.4
Bihar,Gaya,Wheat,Rabi,2017,29092.5,71058.4,2442.5
Bihar,Muzaffarpur,Rice,Kharif,2018,24242.7,72003.2,2970.1
Madhya Pradesh,Indore,Bajra,Kharif,2020,31227.1,33150.7,1061.6
Bihar,Gaya,Cotton,Kharif,2020,735.2,342.2,465.5
Bihar,Gaya,Soyabean,Kharif,2017,6925.1,10195.8,1472.3
Haryana,Hisar,Soyabean,Kharif,2016,13469.4,18166.2,1348.7
Andhra Pradesh,Kurnool,Groundnut,Rabi,2021,17388.1,17657.6,1015.5
Uttar Pradesh,Gorakhpur,Bajra,Kharif,2020,35720.2,32869.7,920.2
Karnataka,Belagavi,Maize,Kharif,2018,22288.0,63823.9,2863.6
Madhya Pradesh,Sehore,Cotton,Kharif,2018,6920.4,3043.6,439.8
Bihar,Rohtas,Gram,Rabi,2020,6386.9,8228.2,1288.3
Andhra Pradesh,Kurnool,Gram,Rabi,2022,36190.7,33863.6,935.7
West Bengal,Nadia,Wheat,Rabi,2021,7068.9,24912.2,3524.2
Maharashtra,Nagpur,Groundnut,Kharif,2016,17277.0,30680.5,1775.8
West Bengal,Murshidabad,Soyabean,Kharif,2022,5551.9,8567.7,1543.2
West Bengal,Hooghly,Bajra,Kharif,2017,9668.3,15891.8,1643.7
Punjab,Ludhiana,Jowar,Rabi,2023,33516.8,42154.1,1257.7
Madhya Pradesh,Ujjain,Cotton,Kharif,2022,6308.9,2185.4,346.4
Bihar,Gaya,Soyabean,Kharif,2023,33800.4,38583.2,1141.5
Madhya Pradesh,Ujjain,Gram,Rabi,2017,30684.7,28883.5,941.3
Uttar Pradesh,Gorakhpur,Wheat,Rabi,2022,24911.1,69995.2,2809.8
Uttar Pradesh,Kanpur Dehat,Jowar,Rabi,2022,26083.3,25045.2,960.2
Karnataka,Davanagere,Maize,Kharif,2022,4693.8,13255.8,2824.1
Tamil Nadu,Thanjavur,Groundnut,Kharif,2023,3107.0,5536.7,1782.0
Andhra Pradesh,Guntur,Cotton,Kharif,2016,43151.5,17964.0,416.3
Uttar Pradesh,Kanpur Dehat,Jowar,Kharif,2018,19874.3,15319.1,770.8
Andhra Pradesh,Guntur,Maize,Kharif,2016,27899.5,84061.2,3013.0
Punjab,Amritsar,Cotton,Kharif,2015,43430.1,14223.4,327.5
Bihar,Rohtas,Jowar,Kharif,2019,40958.9,32619.7,796.4
Bihar,Patna,Wheat,Rabi,2022,39154.0,121765.0,3109.9
Punjab,Bathinda,Jowar,Kharif,2020,28760.0,31446.2,1093.4
Maharashtra,Pune,Rice,Kharif,2022,6008.3,13938.7,2319.9
Haryana,Karnal,Groundnut,Kharif,2023,23655.2,23799.5,1006.1
Uttar Pradesh,Gorakhpur,Sugarcane,Whole Year,2023,24515.2,1863459.2,76012.4
Uttar Pradesh,Bareilly,Wheat,Rabi,2019,8194.2,32703.9,3991.1
Andhra Pradesh,Krishna,Jowar,Kharif,2020,29724.3,24498.8,824.2
Punjab,Bathinda,Wheat,Rabi,2018,36686.7,141152.1,3847.5
Tamil Nadu,Coimbatore,Groundnut,Rabi,2017,22296.6,24673.4,1106.6
Tamil Nadu,Erode,Rice,Kharif,2017,14532.5,34193.5,2352.9
Karnataka,Belagavi,Wheat,Rabi,2023,12659.8,45638.6,3605.0
Madhya Pradesh,Sehore,Bajra,Kharif,2018,28074.8,31222.0,1112.1
West Bengal,Bardhaman,Rice,Kharif,2018,33382.7,78566.2,2353.5
Madhya Pradesh,Ujjain,Groundnut,Rabi,2018,6949.9,12912.9,1858.0
Karnataka,Raichur,Jowar,Kharif,2017,19245.1,15451.9,802.9
Tamil Nadu,Salem,Maize,Rabi,2023,16024.2,45691.4,2851.4
Karnataka,Mysuru,Sugarcane,Whole Year,2018,11291.1,778798.0,68974.5
Tamil Nadu,Coimbatore,Soyabean,Kharif,2023,18984.4,18276.3,962.7
Punjab,Patiala,Maize,Kharif,2020,29262.2,69216.8,2365.4
West Bengal,Murshidabad,Gram,Rabi,2015,5922.2,4239.1,715.8
Bihar,Muzaffarpur,Bajra,Kharif,2021,18623.9,20223.7,1085.9
Uttar Pradesh,Meerut,Gram,Rabi,2015,44850.1,58663.9,1308.0
Haryana,Hisar,Wheat,Rabi,2017,22002.6,62388.4,2835.5
Punjab,Patiala,Wheat,Rabi,2021,11629.4,41197.1,3542.5
Bihar,Muzaffarpur,Gram,Rabi,2022,25989.0,31415.5,1208.8
Uttar Pradesh,Meerut,Maize,Kharif,2017,31802.9,66805.2,2100.6
Madhya Pradesh,Sehore,Groundnut,Rabi,2021,31339.5,54361.5,1734.6
Andhra Pradesh,West Godavari,Maize,Rabi,2022,20425.4,38926.7,1905.8
Uttar Pradesh,Bareilly,Wheat,Rabi,2022,15982.9,59307.7,3710.7
Madhya Pradesh,Indore,Gram,Rabi,2017,31899.5,27841.9,872.8
Punjab,Patiala,Cotton,Kharif,2015,10350.8,4032.7,389.6
Madhya Pradesh,Ujjain,Rice,Kharif,2017,1032.3,1751.4,1696.6
Bihar,Gaya,Gram,Rabi,2020,26945.0,26702.5,991.0
Karnataka,Raichur,Bajra,Kharif,2020,17658.8,24994.3,1415.4
Punjab,Amritsar,Bajra,Kharif,2017,31638.1,53939.8,1704.9
Uttar Pradesh,Meerut,Sugarcane,Whole Year,2016,15885.9,1131708.3,71239.8
Uttar Pradesh,Kanpur Dehat,Gram,Rabi,2018,25561.0,30870.0,1207.7
Haryana,Karnal,Sugarcane,Whole Year,2017,43314.8,3833728.0,88508.5
Haryana,Karnal,Maize,Kharif,2017,7238.7,20932.9,2891.8
Madhya Pradesh,Ujjain,Jowar,Rabi,2015,12505.6,19189.8,1534.5
Andhra Pradesh,West Godavari,Jowar,Rabi,2021,27637.2,27908.0,1009.8
Bihar,Gaya,Soyabean,Kharif,2018,14967.5,18043.3,1205.5
Uttar Pradesh,Gorakhpur,Cotton,Kharif,2015,13465.4,5857.4,435.0
Haryana,Karnal,Maize,Rabi,2016,10506.6,33599.1,3197.9
Tamil Nadu,Thanjavur,Gram,Rabi,2015,25178.8,32808.0,1303.0
Andhra Pradesh,Kurnool,Gram,Rabi,2017,41623.5,29336.2,704.8
Tamil Nadu,Salem,Bajra,Kharif,2023,32879.5,37121.0,1129.0
Tamil Nadu,Erode,Sugarcane,Whole Year,2023,35121.6,2797842.9,79661.6
Tamil Nadu,Coimbatore,Maize,Kharif,2019,32867.6,79960.3,2432.8
West Bengal,Hooghly,Jowar,Kharif,2023,13169.4,14508.7,1101.7
Punjab,Bathinda,Cotton,Kharif,2020,5447.8,2199.8,403.8
Bihar,Patna,Rice,Kharif,2021,27395.6,61481.2,2244.2
Maharashtra,Kolhapur,Sugarcane,Whole Year,2016,8146.2,627021.2,76971.0
Karnataka,Raichur,Groundnut,Kharif,2017,44721.4,66594.6,1489.1
Andhra Pradesh,Krishna,Groundnut,Kharif,2021,30828.2,34845.1,1130.3
Tamil Nadu,Salem,Bajra,Kharif,2015,36258.0,30710.5,847.0
Madhya Pradesh,Hoshangabad,Sugarcane,Whole Year,2021,24067.7,1956711.2,81300.3
West Bengal,Bardhaman,Groundnut,Kharif,2015,15735.7,20695.6,1315.2
Uttar Pradesh,Bareilly,Groundnut,Kharif,2020,31088.3,43187.9,1389.2
Bihar,Rohtas,Rice,Kharif,2017,958.1,2021.4,2109.8
Punjab,Bathinda,Soyabean,Kharif,2019,16385.4,25277.8,1542.7
Madhya Pradesh,Indore,Groundnut,Rabi,2015,18044.9,22493.0,1246.5
Uttar Pradesh,Meerut,Groundnut,Kharif,2022,21990.5,35831.3,1629.4
Karnataka,Belagavi,Cotton,Kharif,2017,32280.1,18780.6,581.8
Bihar,Muzaffarpur,Sugarcane,Whole Year,2023,13575.6,1225865.8,90299.2
Karnataka,Belagavi,Groundnut,Kharif,2018,22750.0,36554.7,1606.8
West Bengal,Hooghly,Gram,Rabi,2016,9428.9,9709.9,1029.8
Maharashtra,Pune,Maize,Rabi,2023,25557.1,59433.0,2325.5
Andhra Pradesh,Krishna,Bajra,Kharif,2021,2009.0,2996.4,1491.5
Maharashtra,Nagpur,Cotton,Kharif,2021,39170.7,17415.3,444.6
Tamil Nadu,Salem,Jowar,Rabi,2018,11930.2,16890.8,1415.8
Maharashtra,Nagpur,Bajra,Kharif,2023,7784.4,8161.2,1048.4
Andhra Pradesh,West Godavari,Jowar,Rabi,2015,19346.8,18052.5,933.1
Karnataka,Belagavi,Groundnut,Kharif,2020,13381.3,20683.5,1545.7
Haryana,Sirsa,Bajra,Kharif,2016,3823.6,4324.9,1131.1
Maharashtra,Nagpur,Maize,Rabi,2020,30439.8,56660.6,1861.4
Madhya Pradesh,Indore,Gram,Rabi,2018,1027.9,1242.6,1208.9
Bihar,Rohtas,Rice,Kharif,2018,42131.4,99552.3,2362.9
Punjab,Ludhiana,Rice,Kharif,2023,36417.2,101116.0,2776.6
Madhya Pradesh,Sehore,Groundnut,Kharif,2016,42690.9,83068.0,1945.8
West Bengal,Murshidabad,Groundnut,Kharif,2016,7353.3,13838.9,1882.0
West Bengal,Murshidabad,Maize,Kharif,2021,33695.7,85219.8,2529.1
Uttar Pradesh,Bareilly,Maize,Kharif,2017,10325.5,22138.9,2144.1
Punjab,Bathinda,Gram,Rabi,2019,34458.9,33690.5,977.7
Karnataka,Belagavi,Maize,Kharif,2023,7419.4,15347.0,2068.5
Karnataka,Mysuru,Bajra,Kharif,2017,4651.4,7705.5,1656.6
Punjab,Bathinda,Maize,Rabi,2022,10992.1,36222.3,3295.3
Haryana,Karnal,Rice,Kharif,2017,9162.2,20483.9,2235.7
Haryana,Kurukshetra,Wheat,Rabi,2023,42182.6,119739.5,2838.6
West Bengal,Hooghly,Maize,Rabi,2017,26054.5,54443.5,2089.6
Punjab,Amritsar,Maize,Rabi,2021,25596.6,61042.8,2384.8
Andhra Pradesh,Kurnool,Jowar,Kharif,2023,7397.7,11419.1,1543.6
West Bengal,Bardhaman,Groundnut,Kharif,2020,42385.6,76128.8,1796.1
Maharashtra,Kolhapur,Wheat,Rabi,2016,22518.2,63255.9,2809.1
Maharashtra,Pune,Rice,Kharif,2023,26170.1,48679.0,1860.1
Uttar Pradesh,Meerut,Sugarcane,Whole Year,2021,10957.5,791495.3,72233.2
Karnataka,Belagavi,Maize,Rabi,2020,14416.8,26777.8,1857.4
West Bengal,Murshidabad,Maize,Kharif,2019,17600.9,43738.2,2485.0
Maharashtra,Nagpur,Jowar,Rabi,2021,8727.6,10821.4,1239.9
Maharashtra,Nagpur,Groundnut,Kharif,2021,38473.2,74745.7,1942.8
Punjab,Ludhiana,Sugarcane,Whole Year,2020,25911.4,1875288.3,72373.1
Uttar Pradesh,Bareilly,Maize,Rabi,2021,9386.0,24982.7,2661.7
Bihar,Patna,Maize,Kharif,2019,5986.8,15463.3,2582.9
Karnataka,Belagavi,Maize,Kharif,2016,43610.4,98132.1,2250.2
Madhya Pradesh,Hoshangabad,Cotton,Kharif,2020,37623.8,18751.7,498.4
Karnataka,Raichur,Groundnut,Rabi,2018,22208.5,39973.1,1799.9
Punjab,Bathinda,Maize,Rabi,2020,20575.2,44495.9,2162.6
Madhya Pradesh,Ujjain,Sugarcane,Whole Year,2015,36892.1,2091546.0,56693.6
Bihar,Patna,Wheat,Rabi,2018,19003.1,53440.5,2812.2
Uttar Pradesh,Gorakhpur,Jowar,Kharif,2020,8756.3,7594.3,867.3
Madhya Pradesh,Hoshangabad,Maize,Kharif,2021,26462.7,66924.2,2529.0
Uttar Pradesh,Bareilly,Jowar,Kharif,2015,23269.2,34287.2,1473.5
Haryana,Hisar,Groundnut,Rabi,2023,10817.6,13620.4,1259.1
Madhya Pradesh,Indore,Groundnut,Kharif,2018,14588.6,24701.4,1693.2
Madhya Pradesh,Indore,Wheat,Rabi,2023,14495.2,35294.4,2434.9
Maharashtra,Nagpur,Groundnut,Rabi,2023,17263.5,31920.2,1849.0
Madhya Pradesh,Indore,Rice,Kharif,2018,1002.7,1921.2,1916.0
Bihar,Patna,Rice,Kharif,2016,18078.3,43977.3,2432.6
Maharashtra,Kolhapur,Sugarcane,Whole Year,2017,5428.1,374157.3,68929.7
Uttar Pradesh,Kanpur Dehat,Maize,Kharif,2020,38386.8,143321.0,3733.6
Karnataka,Raichur,Rice,Kharif,2021,15719.9,39986.7,2543.7
Uttar Pradesh,Kanpur Dehat,Groundnut,Rabi,2021,38727.9,53138.6,1372.1
West Bengal,Bardhaman,Soyabean,Kharif,2021,5743.0,6556.8,1141.7
Punjab,Patiala,Maize,Rabi,2019,36304.2,96939.5,2670.2
Tamil Nadu,Coimbatore,Maize,Rabi,2019,39475.9,143948.9,3646.5
Andhra Pradesh,West Godavari,Groundnut,Kharif,2023,19670.0,39694.1,2018.0
Uttar Pradesh,Gorakhpur,Soyabean,Kharif,2021,33301.7,36891.6,1107.8
West Bengal,Nadia,Sugarcane,Whole Year,2017,33555.2,2453126.7,73107.2
Karnataka,Belagavi,Groundnut,Rabi,2016,28734.2,31193.8,1085.6
Madhya Pradesh,Sehore,Groundnut,Kharif,2017,40854.6,72553.7,1775.9
Haryana,Karnal,Sugarcane,Whole Year,2023,35689.2,2671900.5,74865.8
Uttar Pradesh,Gorakhpur,Gram,Rabi,2016,2309.1,1587.0,687.3
Tamil Nadu,Erode,Maize,Rabi,2018,29295.5,70241.8,2397.7
Madhya Pradesh,Indore,Soyabean,Kharif,2020,17361.5,21957.1,1264.7
Maharashtra,Pune,Groundnut,Kharif,2015,42236.1,75252.1,1781.7
Bihar,Patna,Gram,Rabi,2023,5545.0,4738.8,854.6
West Bengal,Hooghly,Rice,Kharif,2021,31660.2,85039.3,2686.0
West Bengal,Nadia,Groundnut,Rabi,2020,31781.1,58594.8,1843.7
Madhya Pradesh,Hoshangabad,Maize,Kharif,2018,18372.5,57610.6,3135.7
Andhra Pradesh,Kurnool,Maize,Kharif,2020,40217.3,80305.9,1996.8
Bihar,Muzaffarpur,Wheat,Rabi,2017,2458.8,8684.7,3532.1
Andhra Pradesh,Guntur,Gram,Rabi,2019,34317.9,38878.7,1132.9
Andhra Pradesh,Guntur,Soyabean,Kharif,2021,17361.5,28344.4,1632.6
Punjab,Amritsar,Groundnut,Kharif,2016,25124.5,37596.3,1496.4
Punjab,Bathinda,Groundnut,Rabi,2017,17720.9,25333.8,1429.6
Bihar,Gaya,Wheat,Rabi,2022,44828.0,156539.4,3492.0
West Bengal,Bardhaman,Jowar,Rabi,2021,16551.2,23828.8,1439.7
Madhya Pradesh,Hoshangabad,Bajra,Kharif,2015,10035.2,9736.2,970.2
Punjab,Patiala,Jowar,Rabi,2018,11327.6,14124.4,1246.9
Karnataka,Raichur,Rice,Kharif,2015,30923.4,67944.9,2197.2
Tamil Nadu,Salem,Jowar,Kharif,2015,5909.0,6631.7,1122.3
Andhra Pradesh,Krishna,Sugarcane,Whole Year,2015,41995.6,2500283.6,59536.8
Madhya Pradesh,Ujjain,Soyabean,Kharif,2023,4757.9,5708.5,1199.8
Madhya Pradesh,Sehore,Groundnut,Kharif,2021,19864.6,36745.5,1849.8
Haryana,Karnal,Soyabean,Kharif,2015,38598.5,62321.1,1614.6
Punjab,Patiala,Groundnut,Rabi,2016,15169.2,15974.7,1053.1
Madhya Pradesh,Hoshangabad,Jowar,Rabi,2021,22316.1,21079.8,944.6
West Bengal,Hooghly,Groundnut,Kharif,2023,27630.0,39621.4,1434.0
Bihar,Gaya,Groundnut,Kharif,2019,43376.1,53426.3,1231.7
Bihar,Patna,Groundnut,Kharif,2022,5738.5,6116.1,1065.8
West Bengal,Hooghly,Jowar,Kharif,2020,28873.1,27706.6,959.6
Bihar,Gaya,Wheat,Rabi,2019,29367.9,99756.9,3396.8
Maharashtra,Kolhapur,Sugarcane,Whole Year,2015,29850.9,1473279.2,49354.6
Madhya Pradesh,Sehore,Soyabean,Kharif,2016,27294.2,41487.2,1520.0
Andhra Pradesh,Krishna,Gram,Rabi,2022,43603.9,38048.8,872.6
Maharashtra,Nagpur,Bajra,Kharif,2019,44569.0,66822.3,1499.3
Tamil Nadu,Thanjavur,Rice,Kharif,2015,9388.2,19396.0,2066.0
Bihar,Muzaffarpur,Wheat,Rabi,2020,19284.4,60024.6,3112.6
Uttar Pradesh,Gorakhpur,Bajra,Kharif,2016,897.4,880.2,980.8
Haryana,Sirsa,Sugarcane,Whole Year,2021,32574.1,1723554.3,52911.8
Maharashtra,Nashik,Maize,Kharif,2020,21731.8,70450.1,3241.8
Tamil Nadu,Erode,Jowar,Rabi,2023,32157.4,35945.5,1117.8
Uttar Pradesh,Gorakhpur,Jowar,Kharif,2016,8945.0,7955.7,889.4
Andhra Pradesh,Kurnool,Jowar,Kharif,2020,27011.2,23896.8,884.7
Uttar Pradesh,Kanpur Dehat,Wheat,Rabi,2018,19976.6,64320.7,3219.8
Maharashtra,Pune,Sugarcane,Whole Year,2017,30414.9,2101027.8,69078.9
Tamil Nadu,Thanjavur,Rice,Kharif,2020,32984.0,102511.0,3107.9
Karnataka,Mysuru,Jowar,Rabi,2023,21071.4,17815.9,845.5
West Bengal,Hooghly,Jowar,Kharif,2017,18907.0,20786.4,1099.4
Haryana,Kurukshetra,Gram,Rabi,2021,34478.8,26048.7,755.5
Andhra Pradesh,West Godavari,Jowar,Kharif,2017,4571.9,5249.9,1148.3
Punjab,Ludhiana,Rice,Kharif,2016,30613.1,81369.6,2658.0
Karnataka,Mysuru,Soyabean,Kharif,2017,36710.2,33035.5,899.9
West Bengal,Murshidabad,Groundnut,Rabi,2018,24055.3,31931.0,1327.4
Tamil Nadu,Thanjavur,Bajra,Kharif,2022,15810.3,18283.0,1156.4
West Bengal,Murshidabad,Wheat,Rabi,2021,8997.9,27214.1,3024.5
Andhra Pradesh,West Godavari,Groundnut,Rabi,2022,39880.3,68303.0,1712.7
Bihar,Muzaffarpur,Jowar,Rabi,2019,23153.9,21767.0,940.1
Tamil Nadu,Erode,Soyabean,Kharif,2020,39331.4,53667.7,1364.5
Karnataka,Mysuru,Bajra,Kharif,2018,29612.8,41967.3,1417.2
Tamil Nadu,Thanjavur,Jowar,Kharif,2019,2788.7,3222.6,1155.6
Haryana,Sirsa,Bajra,Kharif,2017,7415.8,7510.7,1012.8
West Bengal,Hooghly,Maize,Kharif,2020,40552.4,128433.5,3167.1
Maharashtra,Pune,Bajra,Kharif,2019,10873.5,15887.3,1461.1
Uttar Pradesh,Bareilly,Jowar,Rabi,2022,16901.3,16162.7,956.3
Maharashtra,Pune,Jowar,Rabi,2015,35444.2,38683.8,1091.4
West Bengal,Murshidabad,Groundnut,Kharif,2022,9378.7,14251.9,1519.6
Haryana,Sirsa,Wheat,Rabi,2020,6370.1,20432.1,3207.5
Uttar Pradesh,Meerut,Maize,Rabi,2021,28170.4,81615.3,2897.2
Maharashtra,Pune,Maize,Kharif,2021,18614.9,48307.5,2595.1
Bihar,Patna,Jowar,Kharif,2016,44716.6,57858.8,1293.9
Tamil Nadu,Erode,Maize,Rabi,2020,34709.9,90915.6,2619.3
Karnataka,Davanagere,Jowar,Rabi,2020,21493.0,28353.6,1319.2
Tamil Nadu,Coimbatore,Bajra,Kharif,2023,9598.6,14342.2,1494.2
Tamil Nadu,Thanjavur,Rice,Kharif,2019,18657.2,41542.1,2226.6
Karnataka,Raichur,Groundnut,Rabi,2023,37287.5,66942.2,1795.3
Tamil Nadu,Coimbatore,Wheat,Rabi,2016,5775.5,16437.7,2846.1
Madhya Pradesh,Hoshangabad,Groundnut,Rabi,2015,40602.3,45117.3,1111.2
Punjab,Patiala,Maize,Rabi,2021,20738.0,63535.0,3063.7
Andhra Pradesh,Kurnool,Maize,Rabi,2017,3253.1,10404.4,3198.3
Bihar,Patna,Bajra,Kharif,2022,17099.6,14979.2,876.0
Maharashtra,Nagpur,Maize,Rabi,2017,40651.2,106941.1,2630.7
Madhya Pradesh,Sehore,Cotton,Kharif,2022,32347.4,16500.4,510.1
West Bengal,Nadia,Maize,Rabi,2016,43768.2,104597.2,2389.8
Maharashtra,Kolhapur,Maize,Rabi,2018,10598.2,32067.0,3025.7
Maharashtra,Nagpur,Soyabean,Kharif,2017,11220.1,12210.8,1088.3
Punjab,Amritsar,Jowar,Rabi,2022,44951.2,47522.4,1057.2
Tamil Nadu,Salem,Groundnut,Rabi,2020,17713.3,27701.8,1563.9
West Bengal,Bardhaman,Maize,Kharif,2019,44339.3,133354.9,3007.6
Maharashtra,Nashik,Soyabean,Kharif,2020,37951.1,32520.3,856.9
Tamil Nadu,Salem,Bajra,Kharif,2019,17090.7,21165.1,1238.4
Maharashtra,Kolhapur,Soyabean,Kharif,2022,32647.2,33434.0,1024.1
Punjab,Bathinda,Maize,Kharif,2021,20477.3,53191.8,2597.6
Tamil Nadu,Coimbatore,Soyabean,Kharif,2021,29659.8,30451.7,1026.7
West Bengal,Murshidabad,Soyabean,Kharif,2020,22253.0,26076.1,1171.8
Uttar Pradesh,Gorakhpur,Gram,Rabi,2022,7923.0,6085.7,768.1
Karnataka,Mysuru,Soyabean,Kharif,2020,7437.0,9679.3,1301.5
Karnataka,Mysuru,Maize,Rabi,2017,24106.4,71282.6,2957.0
Punjab,Ludhiana,Gram,Rabi,2016,15193.9,14333.9,943.4
Maharashtra,Kolhapur,Soyabean,Kharif,2017,13736.5,19216.0,1398.9
Andhra Pradesh,Krishna,Cotton,Kharif,2019,20199.9,7815.3,386.9
Uttar Pradesh,Bareilly,Rice,Kharif,2021,38579.6,74531.9,1931.9
Bihar,Gaya,Gram,Rabi,2015,38009.4,31532.6,829.6
Bihar,Gaya,Groundnut,Kharif,2020,6440.2,11599.4,1801.1
Punjab,Patiala,Maize,Kharif,2017,13235.6,42405.5,3203.9
West Bengal,Bardhaman,Groundnut,Kharif,2016,29082.0,50370.0,1732.0
Haryana,Karnal,Maize,Kharif,2021,14964.7,43960.3,2937.6
Punjab,Bathinda,Gram,Rabi,2021,43517.6,33852.3,777.9
Punjab,Amritsar,Gram,Rabi,2018,37023.3,46456.8,1254.8
Maharashtra,Kolhapur,Groundnut,Kharif,2017,21066.5,23141.6,1098.5
Uttar Pradesh,Bareilly,Cotton,Kharif,2015,5451.9,2262.5,415.0
Andhra Pradesh,Guntur,Maize,Rabi,2020,8411.0,20099.8,2389.7
Andhra Pradesh,Kurnool,Maize,Kharif,2015,23505.2,85946.8,3656.5
Tamil Nadu,Thanjavur,Maize,Rabi,2019,40423.0,132268.1,3272.1
Bihar,Muzaffarpur,Sugarcane,Whole Year,2020,44208.3,2767700.4,62605.9
West Bengal,Nadia,Wheat,Rabi,2023,31930.2,93022.3,2913.3
Karnataka,Davanagere,Cotton,Kharif,2019,40646.4,18872.1,464.3
West Bengal,Murshidabad,Rice,Kharif,2022,6926.1,16660.7,2405.5
West Bengal,Nadia,Wheat,Rabi,2022,34251.5,84402.5,2464.2
Punjab,Amritsar,Groundnut,Kharif,2018,20100.9,20541.1,1021.9
West Bengal,Bardhaman,Cotton,Kharif,2021,14358.7,7581.4,528.0
Bihar,Rohtas,Groundnut,Rabi,2018,37914.2,43161.5,1138.4
Punjab,Ludhiana,Jowar,Rabi,2022,575.3,872.6,1516.8
Tamil Nadu,Thanjavur,Wheat,Rabi,2016,13771.1,33754.3,2451.1
Madhya Pradesh,Sehore,Groundnut,Rabi,2018,12150.1,21165.5,1742.0
Andhra Pradesh,Krishna,Wheat,Rabi,2016,1521.7,4663.7,3064.8
Karnataka,Mysuru,Cotton,Kharif,2017,8593.3,3719.2,432.8
Bihar,Rohtas,Maize,Kharif,2019,17112.6,35513.8,2075.3
Maharashtra,Kolhapur,Jowar,Kharif,2015,38345.7,39162.5,1021.3
Andhra Pradesh,Krishna,Rice,Kharif,2023,19629.4,55411.8,2822.9
Maharashtra,Nagpur,Jowar,Rabi,2018,12680.8,18566.0,1464.1
Madhya Pradesh,Ujjain,Maize,Rabi,2018,8359.5,16283.5,1947.9
Karnataka,Belagavi,Cotton,Kharif,2020,30516.2,18395.2,602.8
West Bengal,Hooghly,Groundnut,Rabi,2018,29021.5,49647.1,1710.7
Bihar,Patna,Groundnut,Kharif,2018,36557.1,48540.5,1327.8
Uttar Pradesh,Kanpur Dehat,Soyabean,Kharif,2023,2988.1,2890.4,967.3
Haryana,Hisar,Rice,Kharif,2016,29630.1,74739.0,2522.4
Bihar,Rohtas,Rice,Kharif,2019,31522.3,79871.2,2533.8
Tamil Nadu,Salem,Jowar,Kharif,2020,4240.1,3830.5,903.4
Tamil Nadu,Erode,Jowar,Kharif,2020,14984.0,18274.5,1219.6
Tamil Nadu,Erode,Cotton,Kharif,2022,42543.2,17055.6,400.9
Madhya Pradesh,Hoshangabad,Sugarcane,Whole Year,2017,26099.2,1868081.6,71576.2
West Bengal,Murshidabad,Sugarcane,Whole Year,2023,34309.5,2052061.5,59810.3
Madhya Pradesh,Sehore,Soyabean,Kharif,2021,31016.0,41958.4,1352.8
Andhra Pradesh,Kurnool,Cotton,Kharif,2021,14692.5,6392.7,435.1
Haryana,Sirsa,Soyabean,Kharif,2023,33459.6,37156.9,1110.5
Madhya Pradesh,Indore,Wheat,Rabi,2018,32760.9,97879.7,2987.7
Punjab,Bathinda,Wheat,Rabi,2016,43562.5,152277.1,3495.6
Punjab,Ludhiana,Jowar,Rabi,2021,17641.2,20329.7,1152.4
Andhra Pradesh,Krishna,Wheat,Rabi,2018,8239.2,23396.0,2839.6
Uttar Pradesh,Meerut,Sugarcane,Whole Year,2022,38618.2,2324062.6,60180.5
Madhya Pradesh,Sehore,Jowar,Kharif,2016,37648.8,56936.3,1512.3
Haryana,Sirsa,Groundnut,Rabi,2015,565.1,994.9,1760.5
Maharashtra,Nashik,Gram,Rabi,2019,13995.1,14540.9,1039.0
Andhra Pradesh,Krishna,Soyabean,Kharif,2021,18227.0,25122.3,1378.3
West Bengal,Bardhaman,Wheat,Rabi,2022,20064.0,74192.7,3697.8
Madhya Pradesh,Indore,Wheat,Rabi,2020,43647.8,111454.7,2553.5
Tamil Nadu,Salem,Sugarcane,Whole Year,2021,30695.7,2146792.8,69937.9
Tamil Nadu,Erode,Groundnut,Rabi,2016,22420.9,25768.3,1149.3
Tamil Nadu,Salem,Soyabean,Kharif,2016,41544.7,68943.4,1659.5
Uttar Pradesh,Bareilly,Bajra,Kharif,2018,5536.1,9611.2,1736.1
Haryana,Kurukshetra,Groundnut,Kharif,2020,12489.2,17895.8,1432.9
Madhya Pradesh,Ujjain,Sugarcane,Whole Year,2022,31485.2,2163480.3,68714.2
Punjab,Ludhiana,Groundnut,Kharif,2020,11456.6,18355.8,1602.2
Punjab,Patiala,Bajra,Kharif,2018,10073.4,12038.7,1195.1
West Bengal,Murshidabad,Groundnut,Kharif,2019,21004.0,41180.4,1960.6
Karnataka,Mysuru,Groundnut,Kharif,2020,36248.6,53640.7,1479.8
Andhra Pradesh,West Godavari,Bajra,Kharif,2023,2583.6,3319.4,1284.8
Uttar Pradesh,Bareilly,Wheat,Rabi,2023,39205.5,114617.3,2923.5
Tamil Nadu,Coimbatore,Maize,Kharif,2020,28562.8,82597.9,2891.8
Bihar,Muzaffarpur,Jowar,Rabi,2022,43359.2,35840.7,826.6
Punjab,Amritsar,Groundnut,Rabi,2019,26924.6,31563.7,1172.3
Tamil Nadu,Salem,Soyabean,Kharif,2017,9331.6,15310.4,1640.7
Punjab,Ludhiana,Cotton,Kharif,2023,44784.1,23417.6,522.9
Punjab,Bathinda,Wheat,Rabi,2020,16601.4,46307.9,2789.4
Uttar Pradesh,Bareilly,Groundnut,Rabi,2016,3443.1,7274.9,2112.9
Karnataka,Raichur,Cotton,Kharif,2018,36991.5,18307.1,494.9
Karnataka,Belagavi,Cotton,Kharif,2016,18543.5,10690.3,576.5
Andhra Pradesh,Guntur,Soyabean,Kharif,2018,21488.9,23661.4,1101.1
Maharashtra,Nashik,Cotton,Kharif,2018,36842.7,18811.9,510.6
Andhra Pradesh,Kurnool,Maize,Rabi,2019,32066.4,68686.2,2142.0
Karnataka,Davanagere,Maize,Rabi,2018,15365.4,31895.5,2075.8
Uttar Pradesh,Gorakhpur,Maize,Rabi,2016,16562.8,50950.5,3076.2
Uttar Pradesh,Kanpur Dehat,Cotton,Kharif,2016,1888.1,942.2,499.0
Tamil Nadu,Salem,Groundnut,Kharif,2016,17154.5,23726.4,1383.1
Tamil Nadu,Erode,Jowar,Kharif,2016,1366.8,1681.3,1230.1
West Bengal,Nadia,Sugarcane,Whole Year,2021,14290.6,786699.0,55050.1
Uttar Pradesh,Meerut,Soyabean,Kharif,2021,13493.3,17510.3,1297.7
Maharashtra,Kolhapur,Soyabean,Kharif,2019,41032.1,41865.1,1020.3
Karnataka,Mysuru,Soyabean,Kharif,2018,33790.8,43407.7,1284.6
Madhya Pradesh,Indore,Maize,Rabi,2015,31073.8,78327.7,2520.7
Bihar,Gaya,Cotton,Kharif,2016,25473.0,13044.7,512.1
Andhra Pradesh,Kurnool,Groundnut,Kharif,2018,43829.8,67537.3,1540.9
Madhya Pradesh,Ujjain,Soyabean,Kharif,2022,703.4,658.7,936.5
Madhya Pradesh,Ujjain,Rice,Kharif,2016,8506.3,22230.4,2613.4
Karnataka,Mysuru,Groundnut,Kharif,2018,25388.6,49289.4,1941.4
Andhra Pradesh,Kurnool,Soyabean,Kharif,2019,32138.0,45186.0,1406.0
Maharashtra,Pune,Groundnut,Kharif,2017,19748.4,36188.9,1832.5
Tamil Nadu,Coimbatore,Groundnut,Rabi,2019,34649.7,40252.6,1161.7
Andhra Pradesh,Guntur,Groundnut,Kharif,2019,14999.1,17484.5,1165.7
Haryana,Hisar,Cotton,Kharif,2015,44670.1,20852.0,466.8
Uttar Pradesh,Gorakhpur,Maize,Kharif,2023,18228.9,47869.1,2626.0
Uttar Pradesh,Kanpur Dehat,Maize,Rabi,2015,4952.0,15594.3,3149.1
Madhya Pradesh,Hoshangabad,Rice,Kharif,2017,42661.5,109866.2,2575.3
West Bengal,Bardhaman,Groundnut,Kharif,2022,27241.7,33414.7,1226.6
Bihar,Gaya,Rice,Kharif,2018,41035.9,119615.5,2914.9
Haryana,Sirsa,Sugarcane,Whole Year,2020,7790.6,638685.1,81981.5
Maharashtra,Pune,Rice,Kharif,2015,40562.8,113721.9,2803.6
Madhya Pradesh,Indore,Soyabean,Kharif,2022,39983.1,61817.9,1546.1
Punjab,Amritsar,Soyabean,Kharif,2017,26379.2,31918.8,1210.0
Haryana,Kurukshetra,Maize,Kharif,2018,11604.6,22295.9,1921.3
Bihar,Rohtas,Soyabean,Kharif,2023,25784.4,29172.5,1131.4
West Bengal,Hooghly,Gram,Rabi,2022,28027.1,24347.1,868.7
Madhya Pradesh,Sehore,Bajra,Kharif,2015,10950.4,20671.1,1887.7
Haryana,Kurukshetra,Bajra,Kharif,2022,29974.8,46919.6,1565.3
Tamil Nadu,Erode,Wheat,Rabi,2021,17559.2,69325.5,3948.1
Maharashtra,Kolhapur,Rice,Kharif,2019,2870.0,8933.2,3112.6
Haryana,Kurukshetra,Groundnut,Rabi,2022,25965.5,54299.1,2091.2
West Bengal,Murshidabad,Wheat,Rabi,2018,42413.7,130184.6,3069.4
Bihar,Patna,Bajra,Kharif,2023,22797.9,23187.7,1017.1
Maharashtra,Nashik,Groundnut,Kharif,2015,39253.7,66707.7,1699.4
Punjab,Ludhiana,Sugarcane,Whole Year,2022,21282.6,1666048.7,78282.2
Uttar Pradesh,Kanpur Dehat,Groundnut,Kharif,2017,44678.5,74470.1,1666.8
Maharashtra,Nagpur,Cotton,Kharif,2017,42374.1,21996.4,519.1
Punjab,Ludhiana,Maize,Rabi,2019,12373.7,32169.1,2599.8
Haryana,Sirsa,Jowar,Kharif,2018,44224.2,42243.0,955.2
Uttar Pradesh,Bareilly,Jowar,Rabi,2017,2134.1,3218.0,1507.9
Karnataka,Raichur,Maize,Rabi,2015,41668.5,150431.6,3610.2
Uttar Pradesh,Gorakhpur,Soyabean,Kharif,2015,12061.4,11406.5,945.7
Uttar Pradesh,Gorakhpur,Maize,Rabi,2019,35223.8,90842.2,2579.0
Karnataka,Mysuru,Rice,Kharif,2017,10318.4,22352.7,2166.3
Uttar Pradesh,Gorakhpur,Cotton,Kharif,2016,20298.0,11626.7,572.8
Tamil Nadu,Salem,Rice,Kharif,2022,41777.1,134601.6,3221.9
Punjab,Ludhiana,Sugarcane,Whole Year,2016,10740.1,574155.0,53459.0
West Bengal,Bardhaman,Cotton,Kharif,2017,7538.7,2870.7,380.8
Karnataka,Belagavi,Gram,Rabi,2022,10257.9,11733.0,1143.8
Karnataka,Belagavi,Soyabean,Kharif,2017,19561.2,21163.3,1081.9
Haryana,Sirsa,Rice,Kharif,2019,16923.7,49364.7,2916.9
Haryana,Hisar,Gram,Rabi,2017,6696.0,4975.1,743.0
Haryana,Karnal,Wheat,Rabi,2022,32602.3,101621.4,3117.0
Andhra Pradesh,Kurnool,Soyabean,Kharif,2022,44742.6,48594.9,1086.1
Maharashtra,Nashik,Jowar,Kharif,2016,6051.4,6498.6,1073.9
Uttar Pradesh,Bareilly,Wheat,Rabi,2016,26405.9,80508.9,3048.9
Maharashtra,Nagpur,Jowar,Kharif,2022,42977.7,53636.2,1248.0
Punjab,Ludhiana,Rice,Kharif,2019,29419.9,68245.3,2319.7
Bihar,Gaya,Groundnut,Kharif,2016,13113.4,16087.5,1226.8
Tamil Nadu,Erode,Jowar,Rabi,2018,7193.7,6727.5,935.2
Punjab,Bathinda,Gram,Rabi,2023,39764.1,42038.6,1057.2
Tamil Nadu,Thanjavur,Maize,Kharif,2015,34530.7,75266.6,2179.7
Bihar,Patna,Maize,Rabi,2019,21978.6,44616.6,2030.0
Tamil Nadu,Erode,Wheat,Rabi,2016,5200.9,22700.4,4364.7
West Bengal,Bardhaman,Maize,Kharif,2018,27415.8,79599.0,2903.4
Bihar,Rohtas,Bajra,Kharif,2015,10305.2,9342.7,906.6
Maharashtra,Nashik,Groundnut,Rabi,2022,18389.1,30551.7,1661.4
Madhya Pradesh,Hoshangabad,Wheat,Rabi,2016,7330.1,18315.7,2498.7
Haryana,Sirsa,Groundnut,Kharif,2020,28210.9,41213.3,1460.9
Madhya Pradesh,Ujjain,Gram,Rabi,2019,3420.4,4074.7,1191.3
Tamil Nadu,Thanjavur,Cotton,Kharif,2016,13512.4,6968.3,515.7
Bihar,Muzaffarpur,Cotton,Kharif,2021,22680.9,13971.4,616.0
Haryana,Kurukshetra,Bajra,Kharif,2017,27250.8,22582.7,828.7
Punjab,Patiala,Maize,Rabi,2022,37097.6,110966.3,2991.2
Punjab,Patiala,Gram,Rabi,2016,41624.9,43618.7,1047.9
Punjab,Bathinda,Rice,Kharif,2021,15557.3,42966.2,2761.8
West Bengal,Hooghly,Sugarcane,Whole Year,2016,31973.2,2536472.3,79331.2
Haryana,Kurukshetra,Sugarcane,Whole Year,2021,30650.3,1985538.7,64780.4
Bihar,Patna,Groundnut,Kharif,2021,7118.1,7153.0,1004.9
Karnataka,Raichur,Jowar,Rabi,2015,25262.0,26621.1,1053.8
West Bengal,Murshidabad,Jowar,Rabi,2018,24945.1,23805.1,954.3
Maharashtra,Kolhapur,Soyabean,Kharif,2023,25100.7,34834.8,1387.8
Tamil Nadu,Salem,Wheat,Rabi,2016,33260.7,116894.7,3514.5
Karnataka,Raichur,Cotton,Kharif,2015,39642.5,18033.4,454.9
Haryana,Hisar,Wheat,Rabi,2022,23927.3,85245.8,3562.7
West Bengal,Hooghly,Bajra,Kharif,2015,40209.8,53804.7,1338.1
Maharashtra,Nagpur,Groundnut,Rabi,2015,38196.8,70324.1,1841.1
Tamil Nadu,Salem,Cotton,Kharif,2018,22917.6,14394.5,628.1
Tamil Nadu,Coimbatore,Groundnut,Kharif,2017,1542.7,1770.2,1147.5
West Bengal,Nadia,Groundnut,Rabi,2019,2463.5,4098.3,1663.6
West Bengal,Nadia,Maize,Rabi,2015,23763.7,73643.7,3099.0
Punjab,Bathinda,Soyabean,Kharif,2022,22639.8,34317.4,1515.8
West Bengal,Nadia,Soyabean,Kharif,2023,13737.4,11176.7,813.6
Uttar Pradesh,Gorakhpur,Maize,Kharif,2015,17067.8,51522.6,3018.7
Punjab,Patiala,Maize,Kharif,2022,8316.0,18003.3,2164.9
West Bengal,Bardhaman,Wheat,Rabi,2015,30110.4,113952.8,3784.5
Tamil Nadu,Coimbatore,Gram,Rabi,2022,21240.4,24158.8,1137.4
West Bengal,Bardhaman,Gram,Rabi,2015,36685.6,41260.3,1124.7
Maharashtra,Pune,Jowar,Rabi,2018,20716.4,25516.4,1231.7
Karnataka,Raichur,Bajra,Kharif,2017,35188.4,33041.9,939.0
Haryana,Kurukshetra,Cotton,Kharif,2016,37873.5,14104.1,372.4
Madhya Pradesh,Hoshangabad,Maize,Rabi,2020,19360.5,57299.3,2959.6
Haryana,Hisar,Maize,Kharif,2017,25095.2,44581.6,1776.5
Karnataka,Davanagere,Maize,Kharif,2016,43174.2,86819.0,2010.9
Madhya Pradesh,Indore,Bajra,Kharif,2016,20527.0,22446.3,1093.5
Madhya Pradesh,Indore,Rice,Kharif,2017,18924.8,42484.3,2244.9
Punjab,Patiala,Wheat,Rabi,2019,40603.8,131897.4,3248.4
Tamil Nadu,Salem,Sugarcane,Whole Year,2022,34461.2,2760965.9,80118.1
Punjab,Bathinda,Wheat,Rabi,2015,15334.6,47391.6,3090.5
Andhra Pradesh,Kurnool,Rice,Kharif,2020,15706.9,42912.8,2732.1
Haryana,Karnal,Groundnut,Rabi,2017,36407.7,59541.2,1635.4
West Bengal,Murshidabad,Soyabean,Kharif,2019,15724.7,25261.7,1606.5
Tamil Nadu,Erode,Wheat,Rabi,2019,41614.0,107518.1,2583.7
Andhra Pradesh,Krishna,Jowar,Kharif,2022,43814.4,51508.2,1175.6
Madhya Pradesh,Hoshangabad,Maize,Rabi,2018,4398.1,13068.5,2971.4
Haryana,Hisar,Gram,Rabi,2021,30728.8,25375.8,825.8
Andhra Pradesh,West Godavari,Maize,Kharif,2021,28972.8,79382.6,2739.9
Bihar,Muzaffarpur,Soyabean,Kharif,2017,18798.0,19006.7,1011.1
West Bengal,Bardhaman,Sugarcane,Whole Year,2021,23636.3,1830437.6,77441.8
West Bengal,Murshidabad,Gram,Rabi,2016,36417.0,41817.6,1148.3
Maharashtra,Pune,Groundnut,Kharif,2023,28356.8,30166.0,1063.8
Maharashtra,Nagpur,Wheat,Rabi,2023,29175.7,112425.6,3853.4
Punjab,Amritsar,Soyabean,Kharif,2023,4973.4,4672.0,939.4
Andhra Pradesh,Guntur,Groundnut,Kharif,2016,5881.4,7479.4,1271.7
Karnataka,Davanagere,Soyabean,Kharif,2020,21556.4,26061.7,1209.0
Madhya Pradesh,Indore,Groundnut,Kharif,2020,4473.3,4945.2,1105.5
West Bengal,Murshidabad,Soyabean,Kharif,2015,6313.9,10066.3,1594.3
Maharashtra,Nashik,Groundnut,Kharif,2022,34031.1,43886.5,1289.6
Bihar,Muzaffarpur,Bajra,Kharif,2018,3655.6,3626.7,992.1
Uttar Pradesh,Bareilly,Cotton,Kharif,2020,13138.6,7743.9,589.4
Maharashtra,Kolhapur,Sugarcane,Whole Year,2022,831.2,42671.1,51336.7
Bihar,Gaya,Gram,Rabi,2016,3758.0,3419.0,909.8
Madhya Pradesh,Hoshangabad,Cotton,Kharif,2017,17488.7,7768.5,444.2
Andhra Pradesh,Kurnool,Rice,Kharif,2022,1475.9,3228.5,2187.5
Punjab,Ludhiana,Jowar,Rabi,2020,32920.3,34651.9,1052.6
Uttar Pradesh,Gorakhpur,Groundnut,Kharif,2017,28212.5,28647.0,1015.4
Uttar Pradesh,Kanpur Dehat,Sugarcane,Whole Year,2019,14921.2,1113360.3,74616.0
Uttar Pradesh,Gorakhpur,Jowar,Rabi,2023,3201.2,4327.4,1351.8
Punjab,Patiala,Sugarcane,Whole Year,2018,11338.8,660566.7,58257.2
Karnataka,Belagavi,Cotton,Kharif,2019,24001.0,12809.3,533.7
Punjab,Amritsar,Bajra,Kharif,2023,28747.9,33686.8,1171.8
Punjab,Amritsar,Bajra,Kharif,2020,26096.4,50394.8,1931.1
Punjab,Patiala,Groundnut,Rabi,2018,27218.2,36586.7,1344.2
Andhra Pradesh,Guntur,Jowar,Kharif,2018,36752.9,54188.5,1474.4
Punjab,Bathinda,Jowar,Kharif,2019,42370.2,68177.9,1609.1
Andhra Pradesh,Guntur,Sugarcane,Whole Year,2018,23431.5,1612633.2,68823.3
Punjab,Amritsar,Groundnut,Kharif,2019,21758.9,37671.2,1731.3
Madhya Pradesh,Sehore,Jowar,Kharif,2017,39523.7,53060.6,1342.5
Karnataka,Belagavi,Rice,Kharif,2015,23615.2,69400.3,2938.8
West Bengal,Murshidabad,Jowar,Rabi,2015,29948.9,28050.1,936.6
Andhra Pradesh,Krishna,Cotton,Kharif,2018,10312.7,3822.9,370.7
Madhya Pradesh,Indore,Jowar,Rabi,2017,26833.8,23764.0,885.6
Maharashtra,Nagpur,Groundnut,Rabi,2017,10385.3,14267.3,1373.8
Uttar Pradesh,Gorakhpur,Rice,Kharif,2016,11547.5,22700.1,1965.8
Haryana,Hisar,Wheat,Rabi,2016,17107.4,61750.9,3609.6
Bihar,Rohtas,Sugarcane,Whole Year,2023,14430.8,1276919.4,88485.7
Tamil Nadu,Erode,Bajra,Kharif,2020,12487.6,21027.9,1683.9
Madhya Pradesh,Hoshangabad,Jowar,Rabi,2022,24824.6,33267.4,1340.1
Tamil Nadu,Erode,Maize,Kharif,2018,7681.4,20961.8,2728.9
Haryana,Hisar,Maize,Rabi,2017,32215.7,72736.6,2257.8
Karnataka,Mysuru,Maize,Kharif,2018,23263.6,67043.4,2881.9
Andhra Pradesh,Guntur,Cotton,Kharif,2015,17076.4,7237.0,423.8
West Bengal,Nadia,Groundnut,Kharif,2018,42882.9,82266.6,1918.4
Madhya Pradesh,Sehore,Soyabean,Kharif,2022,33215.2,36739.3,1106.1
Andhra Pradesh,Krishna,Jowar,Rabi,2015,32475.0,31734.6,977.2
Bihar,Muzaffarpur,Groundnut,Kharif,2016,32045.1,40469.8,1262.9
Haryana,Kurukshetra,Rice,Kharif,2020,14899.7,27184.5,1824.5
Madhya Pradesh,Hoshangabad,Wheat,Rabi,2022,15242.0,54607.5,3582.7
Maharashtra,Nashik,Rice,Kharif,2017,36589.2,93269.5,2549.1
Uttar Pradesh,Bareilly,Gram,Rabi,2017,44429.9,44967.5,1012.1
West Bengal,Hooghly,Wheat,Rabi,2023,10110.6,23219.0,2296.5
Punjab,Ludhiana,Jowar,Rabi,2017,29045.9,35621.9,1226.4
Madhya Pradesh,Indore,Maize,Rabi,2017,26201.4,69394.4,2648.5
Karnataka,Davanagere,Groundnut,Rabi,2021,6914.8,11719.9,1694.9
West Bengal,Murshidabad,Gram,Rabi,2020,26186.3,21145.4,807.5
Punjab,Bathinda,Groundnut,Rabi,2019,22358.4,26687.0,1193.6
Karnataka,Belagavi,Groundnut,Kharif,2015,32287.3,44533.9,1379.3
Maharashtra,Kolhapur,Groundnut,Rabi,2017,2032.8,3078.3,1514.3
Uttar Pradesh,Gorakhpur,Sugarcane,Whole Year,2018,1771.4,141326.4,79782.3
Haryana,Sirsa,Gram,Rabi,2021,37845.4,40842.8,1079.2
West Bengal,Hooghly,Maize,Kharif,2022,11486.8,28449.4,2476.7
Madhya Pradesh,Indore,Jowar,Rabi,2022,11088.7,12896.2,1163.0
Uttar Pradesh,Kanpur Dehat,Groundnut,Rabi,2017,23731.0,27995.5,1179.7
West Bengal,Hooghly,Groundnut,Kharif,2019,23966.5,37107.3,1548.3
Maharashtra,Nashik,Maize,Kharif,2021,27284.0,74831.8,2742.7
Punjab,Bathinda,Wheat,Rabi,2021,42671.2,128700.6,3016.1
Uttar Pradesh,Kanpur Dehat,Rice,Kharif,2023,24300.1,65863.0,2710.4
Karnataka,Davanagere,Sugarcane,Whole Year,2019,27750.4,1818736.2,65539.1
Uttar Pradesh,Bareilly,Rice,Kharif,2018,11807.0,35732.7,3026.4
Haryana,Karnal,Groundnut,Rabi,2022,44035.8,69224.3,1572.0
Tamil Nadu,Erode,Cotton,Kharif,2021,10335.5,4484.6,433.9
Madhya Pradesh,Ujjain,Wheat,Rabi,2021,22381.6,91520.6,4089.1
Haryana,Kurukshetra,Sugarcane,Whole Year,2018,21629.7,1707232.2,78930.0
Haryana,Kurukshetra,Gram,Rabi,2016,18709.0,20982.1,1121.5
Punjab,Amritsar,Rice,Kharif,2020,34767.1,64805.9,1864.0
Karnataka,Mysuru,Sugarcane,Whole Year,2021,17039.9,1316075.0,77234.9
Karnataka,Davanagere,Jowar,Rabi,2017,16158.1,20774.5,1285.7
Maharashtra,Pune,Jowar,Kharif,2018,35967.6,28313.7,787.2
West Bengal,Murshidabad,Cotton,Kharif,2021,42623.9,23750.0,557.2
Maharashtra,Pune,Wheat,Rabi,2019,1535.2,4748.2,3092.9
Karnataka,Mysuru,Maize,Kharif,2019,1568.0,3672.1,2341.9
Tamil Nadu,Erode,Jowar,Rabi,2021,13468.2,11484.3,852.7
Andhra Pradesh,Krishna,Bajra,Kharif,2019,1219.4,1364.1,1118.7
Karnataka,Belagavi,Maize,Kharif,2019,25043.6,78311.3,3127.0
Haryana,Hisar,Cotton,Kharif,2022,25185.9,10192.7,404.7
Maharashtra,Nashik,Gram,Rabi,2022,36951.1,32321.1,874.7
Haryana,Sirsa,Groundnut,Kharif,2021,34881.3,44829.4,1285.2
Uttar Pradesh,Gorakhpur,Maize,Kharif,2020,7154.9,20526.7,2868.9
Madhya Pradesh,Hoshangabad,Maize,Kharif,2022,1503.4,4057.8,2699.1
Bihar,Gaya,Groundnut,Rabi,2018,43116.7,88600.5,2054.9
Bihar,Gaya,Bajra,Kharif,2015,43249.1,57222.9,1323.1
Uttar Pradesh,Kanpur Dehat,Bajra,Kharif,2023,31952.2,36422.3,1139.9
Maharashtra,Pune,Wheat,Rabi,2018,27505.0,75402.2,2741.4
Punjab,Patiala,Rice,Kharif,2022,13554.9,27932.6,2060.7
Tamil Nadu,Thanjavur,Jowar,Rabi,2015,41201.3,54567.0,1324.4
Bihar,Rohtas,Wheat,Rabi,2021,42626.9,141384.9,3316.8
Karnataka,Davanagere,Sugarcane,Whole Year,2017,40015.8,2548318.2,63682.8
Uttar Pradesh,Bareilly,Maize,Kharif,2023,22209.8,59469.0,2677.6
Maharashtra,Kolhapur,Maize,Kharif,2023,879.8,2274.5,2585.3
Madhya Pradesh,Ujjain,Groundnut,Kharif,2019,13185.4,17660.5,1339.4
Bihar,Muzaffarpur,Rice,Kharif,2023,24693.3,46295.0,1874.8
Tamil Nadu,Erode,Cotton,Kharif,2016,9848.8,3773.1,383.1
Maharashtra,Kolhapur,Jowar,Rabi,2017,12876.6,17610.0,1367.6
Uttar Pradesh,Meerut,Soyabean,Kharif,2020,10367.7,12486.9,1204.4
Andhra Pradesh,Guntur,Bajra,Kharif,2016,40344.5,47933.3,1188.1
Bihar,Gaya,Maize,Kharif,2017,43401.5,87540.8,2017.0
West Bengal,Hooghly,Maize,Rabi,2021,25854.0,91272.4,3530.3
Andhra Pradesh,Krishna,Jowar,Kharif,2016,29303.5,28975.3,988.8
Tamil Nadu,Salem,Sugarcane,Whole Year,2015,28511.5,1969517.4,69078.0
Tamil Nadu,Erode,Bajra,Kharif,2022,33662.0,42003.4,1247.8
Bihar,Muzaffarpur,Gram,Rabi,2018,31254.3,23450.1,750.3
Punjab,Amritsar,Wheat,Rabi,2015,27763.0,100893.5,3634.1
Haryana,Sirsa,Rice,Kharif,2016,30592.4,75599.9,2471.2
Punjab,Patiala,Groundnut,Rabi,2023,12401.4,15014.4,1210.7
Maharashtra,Nagpur,Maize,Kharif,2019,35062.8,78151.5,2228.9
Tamil Nadu,Erode,Soyabean,Kharif,2017,9512.6,12330.2,1296.2
Tamil Nadu,Coimbatore,Bajra,Kharif,2018,8097.1,12769.9,1577.1
Punjab,Bathinda,Cotton,Kharif,2018,20462.8,6257.5,305.8
Madhya Pradesh,Hoshangabad,Bajra,Kharif,2020,38563.8,35787.2,928.0
Uttar Pradesh,Kanpur Dehat,Cotton,Kharif,2020,23213.3,10622.4,457.6
Tamil Nadu,Coimbatore,Maize,Kharif,2017,33057.7,67464.2,2040.8
West Bengal,Bardhaman,Bajra,Kharif,2019,7257.2,9597.6,1322.5
Tamil Nadu,Thanjavur,Maize,Rabi,2015,36605.7,109216.8,2983.6
Maharashtra,Kolhapur,Jowar,Rabi,2020,15241.5,14916.9,978.7
Maharashtra,Nashik,Cotton,Kharif,2023,40953.6,18511.0,452.0
Andhra Pradesh,Kurnool,Jowar,Rabi,2018,2121.1,1908.4,899.7
Maharashtra,Nashik,Groundnut,Rabi,2019,7812.4,8622.5,1103.7
Uttar Pradesh,Bareilly,Jowar,Rabi,2019,8432.1,11310.8,1341.4
Maharashtra,Nashik,Sugarcane,Whole Year,2020,27455.8,1519887.2,55357.6
Andhra Pradesh,Kurnool,Groundnut,Kharif,2016,21803.1,25071.4,1149.9
Tamil Nadu,Thanjavur,Maize,Kharif,2016,41625.8,133344.1,3203.4
Haryana,Sirsa,Wheat,Rabi,2015,15530.1,53625.4,3453.0
Uttar Pradesh,Bareilly,Wheat,Rabi,2018,41345.7,159763.9,3864.1
Bihar,Gaya,Jowar,Kharif,2018,27125.4,41103.1,1515.3
Andhra Pradesh,West Godavari,Wheat,Rabi,2017,15035.4,43520.0,2894.5
Tamil Nadu,Coimbatore,Jowar,Rabi,2020,21566.6,21077.0,977.3
Maharashtra,Nashik,Maize,Rabi,2022,38760.9,100429.5,2591.0
Maharashtra,Kolhapur,Jowar,Rabi,2021,30092.8,30709.7,1020.5
Madhya Pradesh,Hoshangabad,Bajra,Kharif,2018,5649.7,6527.7,1155.4
West Bengal,Hooghly,Jowar,Kharif,2022,30800.3,45171.7,1466.6
Haryana,Karnal,Sugarcane,Whole Year,2022,20921.7,1176423.0,56229.8
Punjab,Ludhiana,Groundnut,Kharif,2023,13849.9,18920.3,1366.1
West Bengal,Bardhaman,Maize,Kharif,2020,5483.7,12544.0,2287.5
Punjab,Bathinda,Soyabean,Kharif,2018,24664.9,27590.2,1118.6
West Bengal,Hooghly,Cotton,Kharif,2022,26043.1,15651.9,601.0
Maharashtra,Nashik,Jowar,Kharif,2015,28401.0,26526.5,934.0
Bihar,Muzaffarpur,Wheat,Rabi,2019,31595.5,74318.9,2352.2
Tamil Nadu,Salem,Jowar,Rabi,2022,19944.1,29114.4,1459.8
Uttar Pradesh,Bareilly,Sugarcane,Whole Year,2018,1456.2,89294.6,61320.3
Andhra Pradesh,Guntur,Groundnut,Rabi,2016,14208.7,19588.1,1378.6
Andhra Pradesh,West Godavari,Bajra,Kharif,2019,14033.1,14942.4,1064.8
Bihar,Muzaffarpur,Sugarcane,Whole Year,2021,34215.8,2384731.8,69696.8
Maharashtra,Kolhapur,Bajra,Kharif,2022,3496.2,3548.3,1014.9
Bihar,Rohtas,Gram,Rabi,2023,28986.1,28960.0,999.1
Maharashtra,Kolhapur,Groundnut,Rabi,2015,24292.1,29374.0,1209.2
Maharashtra,Nagpur,Cotton,Kharif,2022,16895.1,9180.8,543.4
Andhra Pradesh,Kurnool,Gram,Rabi,2015,36852.6,46272.1,1255.6
Karnataka,Belagavi,Groundnut,Rabi,2022,21824.2,33312.5,1526.4
Andhra Pradesh,Guntur,Wheat,Rabi,2018,15041.2,40319.4,2680.6
Haryana,Kurukshetra,Groundnut,Kharif,2023,14345.0,19106.1,1331.9
Karnataka,Davanagere,Jowar,Kharif,2022,43344.4,52468.4,1210.5
Haryana,Hisar,Bajra,Kharif,2015,19730.0,18339.0,929.5
Tamil Nadu,Coimbatore,Bajra,Kharif,2019,24845.3,28919.9,1164.0
Punjab,Amritsar,Maize,Kharif,2018,33764.4,95266.3,2821.5
Madhya Pradesh,Sehore,Cotton,Kharif,2020,42717.6,18167.8,425.3
Andhra Pradesh,Guntur,Maize,Rabi,2016,20178.0,44054.6,2183.3
Karnataka,Davanagere,Wheat,Rabi,2015,29353.0,86306.6,2940.3
Karnataka,Belagavi,Jowar,Rabi,2020,17594.7,23798.6,1352.6
Maharashtra,Nashik,Bajra,Kharif,2019,32766.9,45234.7,1380.5
West Bengal,Murshidabad,Wheat,Rabi,2023,18665.3,60615.6,3247.5
Haryana,Kurukshetra,Wheat,Rabi,2022,41486.2,155656.2,3752.0
Madhya Pradesh,Indore,Soyabean,Kharif,2017,26051.4,32256.8,1238.2
West Bengal,Nadia,Gram,Rabi,2022,21631.8,19330.2,893.6
Uttar Pradesh,Kanpur Dehat,Jowar,Kharif,2023,20034.3,19533.4,975.0
Madhya Pradesh,Sehore,Jowar,Rabi,2023,29849.5,37804.4,1266.5
West Bengal,Hooghly,Wheat,Rabi,2015,39523.5,115392.8,2919.6
Andhra Pradesh,Krishna,Groundnut,Rabi,2019,4253.7,7008.4,1647.6
Maharashtra,Pune,Groundnut,Rabi,2015,26867.6,40793.1,1518.3
West Bengal,Nadia,Bajra,Kharif,2019,24494.9,39725.8,1621.8
Punjab,Ludhiana,Maize,Rabi,2016,35747.5,81507.9,2280.1
Maharashtra,Nashik,Bajra,Kharif,2023,44419.5,38400.7,864.5
Maharashtra,Nagpur,Maize,Kharif,2020,41885.8,100835.9,2407.4
Andhra Pradesh,Kurnool,Sugarcane,Whole Year,2017,15363.1,1020904.1,66451.7
Uttar Pradesh,Kanpur Dehat,Sugarcane,Whole Year,2015,16466.4,985272.0,59835.3
Karnataka,Mysuru,Maize,Kharif,2017,5976.9,16944.5,2835.0
Uttar Pradesh,Meerut,Jowar,Kharif,2021,41061.1,56660.2,1379.9
Maharashtra,Kolhapur,Groundnut,Kharif,2018,17461.4,32436.3,1857.6
Madhya Pradesh,Ujjain,Jowar,Kharif,2017,42772.1,35813.1,837.3
Punjab,Patiala,Soyabean,Kharif,2018,23339.1,22239.8,952.9
Tamil Nadu,Thanjavur,Groundnut,Rabi,2022,30688.3,53486.6,1742.9
Andhra Pradesh,Krishna,Jowar,Rabi,2019,39794.4,56508.0,1420.0
Andhra Pradesh,Krishna,Wheat,Rabi,2021,29748.0,87786.3,2951.0
Bihar,Gaya,Jowar,Kharif,2021,35909.6,47447.4,1321.3
Uttar Pradesh,Kanpur Dehat,Groundnut,Rabi,2016,37324.7,73899.2,1979.9
Uttar Pradesh,Meerut,Sugarcane,Whole Year,2018,7483.3,640062.4,85532.1
Haryana,Hisar,Maize,Rabi,2015,40519.4,98944.3,2441.9
Bihar,Rohtas,Groundnut,Rabi,2019,10284.3,19615.2,1907.3
Bihar,Patna,Rice,Kharif,2018,32466.8,96007.6,2957.1
Punjab,Ludhiana,Soyabean,Kharif,2015,11565.2,11495.8,994.0
Karnataka,Mysuru,Maize,Rabi,2016,41434.4,138685.1,3347.1
Andhra Pradesh,Krishna,Soyabean,Kharif,2022,33470.8,40924.7,1222.7
West Bengal,Hooghly,Sugarcane,Whole Year,2021,43380.2,2616919.2,60325.2
Haryana,Karnal,Maize,Kharif,2018,41463.2,141870.5,3421.6
Karnataka,Belagavi,Jowar,Kharif,2015,9846.5,11684.8,1186.7
Punjab,Patiala,Maize,Kharif,2018,28829.5,86151.2,2988.3
Tamil Nadu,Thanjavur,Maize,Kharif,2018,34568.1,77729.8,2248.6
Uttar Pradesh,Meerut,Maize,Rabi,2020,30019.3,63610.9,2119.0
Haryana,Sirsa,Jowar,Kharif,2015,11618.4,14282.5,1229.3
Tamil Nadu,Thanjavur,Rice,Kharif,2016,9453.1,20185.2,2135.3
Punjab,Ludhiana,Cotton,Kharif,2021,12295.0,7188.9,584.7
Punjab,Patiala,Jowar,Kharif,2016,22155.2,25451.9,1148.8
Punjab,Ludhiana,Maize,Kharif,2020,12192.0,37686.7,3091.1
Haryana,Karnal,Jowar,Kharif,2018,27107.3,33737.7,1244.6
Karnataka,Mysuru,Rice,Kharif,2015,5236.7,14082.0,2689.1
Madhya Pradesh,Indore,Jowar,Kharif,2017,23313.5,28318.9,1214.7
Punjab,Bathinda,Wheat,Rabi,2019,31000.9,106454.0,3433.9
Uttar Pradesh,Gorakhpur,Bajra,Kharif,2015,7947.5,8031.7,1010.6
Tamil Nadu,Thanjavur,Soyabean,Kharif,2017,40246.0,66997.5,1664.7
Andhra Pradesh,West Godavari,Jowar,Rabi,2018,5261.9,8090.2,1537.5
Haryana,Karnal,Rice,Kharif,2023,21581.6,52736.8,2443.6
Punjab,Bathinda,Maize,Rabi,2017,25177.1,57562.4,2286.3
Andhra Pradesh,Kurnool,Maize,Rabi,2022,29484.1,63897.9,2167.2
Andhra Pradesh,Kurnool,Jowar,Rabi,2019,33772.6,34079.9,1009.1
West Bengal,Bardhaman,Gram,Rabi,2023,16010.0,20204.6,1262.0
Maharashtra,Kolhapur,Rice,Kharif,2015,3409.3,7379.4,2164.5
Madhya Pradesh,Sehore,Rice,Kharif,2015,4832.1,10363.4,2144.7
West Bengal,Murshidabad,Jowar,Kharif,2015,3431.6,3673.5,1070.5
Bihar,Rohtas,Bajra,Kharif,2023,35569.1,35882.1,1008.8
West Bengal,Hooghly,Wheat,Rabi,2018,36748.5,136039.3,3701.9
Punjab,Bathinda,Groundnut,Rabi,2023,40164.3,76436.7,1903.1
Tamil Nadu,Coimbatore,Soyabean,Kharif,2015,15251.8,16563.5,1086.0
Tamil Nadu,Salem,Jowar,Rabi,2015,7030.4,11223.3,1596.4
Tamil Nadu,Thanjavur,Groundnut,Kharif,2017,42818.0,42411.2,990.5
Karnataka,Raichur,Jowar,Rabi,2017,5902.9,6517.4,1104.1
Maharashtra,Nagpur,Sugarcane,Whole Year,2019,41922.6,3774887.0,90044.2
Tamil Nadu,Thanjavur,Cotton,Kharif,2015,2445.5,1127.9,461.2
Uttar Pradesh,Bareilly,Soyabean,Kharif,2017,11196.1,12317.9,1100.2
Tamil Nadu,Erode,Gram,Rabi,2017,11863.4,11660.5,982.9
Andhra Pradesh,Krishna,Rice,Kharif,2018,25809.9,51317.8,1988.3
West Bengal,Murshidabad,Sugarcane,Whole Year,2018,38380.8,2145624.9,55903.6
West Bengal,Nadia,Soyabean,Kharif,2022,33512.2,35794.4,1068.1
Tamil Nadu,Thanjavur,Wheat,Rabi,2023,1834.0,5160.9,2814.0
Karnataka,Belagavi,Jowar,Kharif,2021,32574.2,24424.1,749.8
Maharashtra,Pune,Maize,Kharif,2016,18870.6,44285.5,2346.8
Karnataka,Mysuru,Gram,Rabi,2022,17422.7,20673.8,1186.6
Tamil Nadu,Thanjavur,Sugarcane,Whole Year,2021,2002.2,119974.8,59921.5
Tamil Nadu,Erode,Sugarcane,Whole Year,2022,15735.3,916455.3,58242.0
Haryana,Karnal,Bajra,Kharif,2015,30881.5,45485.4,1472.9
Andhra Pradesh,Krishna,Gram,Rabi,2015,6745.8,8090.2,1199.3
West Bengal,Bardhaman,Jowar,Rabi,2019,17525.1,22400.6,1278.2
Andhra Pradesh,West Godavari,Soyabean,Kharif,2023,18077.5,26272.0,1453.3
Karnataka,Raichur,Jowar,Rabi,2016,31492.3,38924.5,1236.0
Haryana,Karnal,Maize,Rabi,2018,42049.7,123306.5,2932.4
Haryana,Sirsa,Maize,Kharif,2020,6602.3,21663.5,3281.2
Karnataka,Belagavi,Bajra,Kharif,2023,35157.0,45612.7,1297.4
Andhra Pradesh,Krishna,Jowar,Kharif,2023,7171.3,10049.1,1401.3
West Bengal,Murshidabad,Cotton,Kharif,2016,44257.0,26523.2,599.3
West Bengal,Hooghly,Bajra,Kharif,2016,9699.8,12228.5,1260.7
Uttar Pradesh,Kanpur Dehat,Groundnut,Kharif,2019,29854.4,38924.2,1303.8
Bihar,Muzaffarpur,Jowar,Rabi,2016,20775.5,22740.9,1094.6
Haryana,Hisar,Jowar,Rabi,2018,20850.8,30271.2,1451.8
Bihar,Patna,Jowar,Rabi,2017,19635.5,32324.0,1646.2
Bihar,Patna,Cotton,Kharif,2018,43787.9,24459.9,558.6
Bihar,Patna,Gram,Rabi,2021,39358.3,40582.3,1031.1
West Bengal,Bardhaman,Groundnut,Kharif,2019,4192.0,7639.9,1822.5
Andhra Pradesh,West Godavari,Wheat,Rabi,2016,5779.9,16401.0,2837.6
Bihar,Gaya,Sugarcane,Whole Year,2022,33647.2,2643142.3,78554.6
Karnataka,Mysuru,Cotton,Kharif,2019,36195.3,18018.0,497.8
Uttar Pradesh,Bareilly,Soyabean,Kharif,2022,6959.3,11665.2,1676.2
Bihar,Muzaffarpur,Groundnut,Kharif,2022,9310.6,10777.0,1157.5
Andhra Pradesh,Guntur,Wheat,Rabi,2022,38173.9,142197.8,3725.0
Punjab,Amritsar,Cotton,Kharif,2020,35327.3,15356.8,434.7
Tamil Nadu,Erode,Groundnut,Kharif,2019,28708.8,30195.9,1051.8
Tamil Nadu,Coimbatore,Sugarcane,Whole Year,2017,7910.8,487090.1,61572.8
Andhra Pradesh,West Godavari,Jowar,Rabi,2022,27725.3,21914.1,790.4
Tamil Nadu,Salem,Groundnut,Rabi,2019,15611.6,24697.6,1582.0
Uttar Pradesh,Kanpur Dehat,Groundnut,Kharif,2016,29947.7,33496.5,1118.5
Tamil Nadu,Coimbatore,Jowar,Kharif,2018,3483.6,5112.5,1467.6
Punjab,Ludhiana,Jowar,Kharif,2020,1603.0,2077.8,1296.2
Haryana,Karnal,Sugarcane,Whole Year,2020,24676.9,1868700.2,75726.7
Karnataka,Davanagere,Maize,Rabi,2015,3590.7,8804.4,2452.0
Bihar,Rohtas,Sugarcane,Whole Year,2022,12435.4,724086.0,58227.8
Uttar Pradesh,Gorakhpur,Jowar,Rabi,2019,11889.3,13015.2,1094.7
Bihar,Muzaffarpur,Rice,Kharif,2021,39473.1,104848.4,2656.2
Uttar Pradesh,Bareilly,Gram,Rabi,2019,23879.9,29066.6,1217.2
Maharashtra,Kolhapur,Jowar,Kharif,2022,34197.4,38331.9,1120.9
Madhya Pradesh,Indore,Bajra,Kharif,2017,26218.3,39621.1,1511.2
Bihar,Muzaffarpur,Cotton,Kharif,2020,12010.4,6521.6,543.0
Uttar Pradesh,Gorakhpur,Maize,Rabi,2015,21706.0,61521.3,2834.3
Punjab,Amritsar,Sugarcane,Whole Year,2015,12518.7,976722.7,78021.1
Haryana,Hisar,Groundnut,Kharif,2017,24392.3,34815.1,1427.3
Karnataka,Mysuru,Groundnut,Rabi,2023,33494.6,38790.1,1158.1
Maharashtra,Nashik,Bajra,Kharif,2021,34188.6,30588.5,894.7
Haryana,Kurukshetra,Jowar,Kharif,2021,2071.7,2811.1,1356.9
Haryana,Kurukshetra,Groundnut,Kharif,2016,11072.3,20880.1,1885.8
Madhya Pradesh,Indore,Wheat,Rabi,2021,28379.7,110783.0,3903.6
Uttar Pradesh,Meerut,Sugarcane,Whole Year,2020,2740.6,170874.2,62349.2
Punjab,Amritsar,Gram,Rabi,2016,10893.5,10928.4,1003.2
West Bengal,Bardhaman,Jowar,Rabi,2016,11302.1,13486.8,1193.3
Karnataka,Raichur,Sugarcane,Whole Year,2017,9567.4,530500.8,55448.8
Andhra Pradesh,Krishna,Cotton,Kharif,2021,30377.0,15039.7,495.1
Tamil Nadu,Erode,Jowar,Rabi,2020,25986.6,33538.3,1290.6
Karnataka,Raichur,Rice,Kharif,2022,19150.0,48267.6,2520.5
Bihar,Rohtas,Groundnut,Kharif,2021,2925.3,4967.7,1698.2
Maharashtra,Nashik,Cotton,Kharif,2015,32232.6,22043.9,683.9
Bihar,Muzaffarpur,Groundnut,Rabi,2019,44878.2,40502.6,902.5
Uttar Pradesh,Gorakhpur,Groundnut,Rabi,2021,2377.3,4514.7,1899.1
West Bengal,Murshidabad,Jowar,Kharif,2018,2400.1,2510.0,1045.8
Karnataka,Raichur,Wheat,Rabi,2018,33556.2,116993.7,3486.5
Tamil Nadu,Erode,Sugarcane,Whole Year,2018,18560.1,1218550.4,65654.3
Uttar Pradesh,Gorakhpur,Bajra,Kharif,2019,28318.4,27310.3,964.4
Bihar,Muzaffarpur,Rice,Kharif,2019,29409.7,86729.2,2949.0
Uttar Pradesh,Meerut,Gram,Rabi,2022,23368.3,26445.9,1131.7
Karnataka,Raichur,Sugarcane,Whole Year,2023,35479.1,2812389.2,79268.9
Bihar,Muzaffarpur,Jowar,Kharif,2023,39862.0,37059.7,929.7
Punjab,Ludhiana,Wheat,Rabi,2016,38846.0,138777.3,3572.5
Maharashtra,Nagpur,Sugarcane,Whole Year,2015,36661.5,1912696.4,52171.8
Bihar,Patna,Soyabean,Kharif,2020,15191.3,14026.1,923.3
West Bengal,Murshidabad,Maize,Kharif,2017,13864.3,47015.2,3391.1
Haryana,Kurukshetra,Jowar,Kharif,2020,44887.4,43172.7,961.8
Maharashtra,Nashik,Rice,Kharif,2020,23848.2,50491.4,2117.2
Tamil Nadu,Salem,Groundnut,Rabi,2018,6644.6,7126.3,1072.5
Karnataka,Raichur,Maize,Kharif,2016,42880.8,147407.0,3437.6
Bihar,Gaya,Maize,Rabi,2017,36116.5,77921.3,2157.5
Maharashtra,Nagpur,Rice,Kharif,2016,41508.2,97083.5,2338.9
Uttar Pradesh,Meerut,Sugarcane,Whole Year,2017,25346.3,1852642.2,73093.2
Haryana,Karnal,Bajra,Kharif,2019,30470.7,41632.1,1366.3
Andhra Pradesh,Guntur,Maize,Kharif,2017,21543.5,46523.2,2159.5
Haryana,Karnal,Cotton,Kharif,2023,24314.3,14946.0,614.7
West Bengal,Hooghly,Maize,Kharif,2017,18848.4,61374.2,3256.2
West Bengal,Nadia,Rice,Kharif,2018,35095.8,93790.0,2672.4
Bihar,Gaya,Wheat,Rabi,2021,25482.8,60773.9,2384.9
Punjab,Patiala,Maize,Kharif,2021,33090.0,65270.0,1972.5
Uttar Pradesh,Kanpur Dehat,Maize,Kharif,2021,24960.1,52705.7,2111.6
Tamil Nadu,Coimbatore,Soyabean,Kharif,2016,2105.3,2088.0,991.8
Punjab,Patiala,Groundnut,Kharif,2022,3487.4,5578.8,1599.7
Madhya Pradesh,Sehore,Groundnut,Rabi,2016,27203.7,49975.9,1837.1
Madhya Pradesh,Indore,Sugarcane,Whole Year,2022,43838.2,2726863.2,62202.9
Andhra Pradesh,Kurnool,Maize,Kharif,2019,20095.4,64500.2,3209.7
Uttar Pradesh,Bareilly,Sugarcane,Whole Year,2019,18006.3,1007096.0,55930.2
Madhya Pradesh,Indore,Cotton,Kharif,2021,34130.6,14758.1,432.4
Punjab,Amritsar,Bajra,Kharif,2022,29492.2,45536.0,1544.0
West Bengal,Hooghly,Groundnut,Kharif,2020,24814.0,27717.2,1117.0
Karnataka,Davanagere,Soyabean,Kharif,2022,13940.0,15437.2,1107.4
Punjab,Amritsar,Groundnut,Kharif,2015,1129.6,1591.8,1409.2
Haryana,Hisar,Maize,Kharif,2016,38690.8,106086.3,2741.9
Karnataka,Davanagere,Cotton,Kharif,2023,9126.0,5864.4,642.6
Andhra Pradesh,West Godavari,Cotton,Kharif,2017,16569.9,7753.1,467.9
Bihar,Rohtas,Bajra,Kharif,2022,31803.8,46958.3,1476.5
Madhya Pradesh,Sehore,Maize,Kharif,2021,37155.1,100842.7,2714.1
Andhra Pradesh,Guntur,Soyabean,Kharif,2015,861.1,755.5,877.4
West Bengal,Murshidabad,Cotton,Kharif,2017,30042.2,11377.0,378.7
Haryana,Kurukshetra,Jowar,Rabi,2023,22771.2,32164.3,1412.5
Madhya Pradesh,Hoshangabad,Maize,Rabi,2022,44405.4,101604.0,2288.1
Karnataka,Mysuru,Cotton,Kharif,2022,31360.7,18480.9,589.3
Madhya Pradesh,Indore,Cotton,Kharif,2019,31621.8,15697.1,496.4
Madhya Pradesh,Ujjain,Sugarcane,Whole Year,2019,34508.1,2345833.0,67979.2
Tamil Nadu,Thanjavur,Soyabean,Kharif,2019,19816.4,24532.7,1238.0
Punjab,Amritsar,Jowar,Kharif,2015,15332.2,21805.5,1422.2
West Bengal,Murshidabad,Maize,Kharif,2023,39127.3,93033.0,2377.7
Haryana,Karnal,Bajra,Kharif,2020,11514.3,12818.9,1113.3
Haryana,Kurukshetra,Wheat,Rabi,2019,6167.0,25068.9,4065.0
West Bengal,Nadia,Jowar,Kharif,2017,22268.5,25009.8,1123.1
Andhra Pradesh,Krishna,Wheat,Rabi,2019,10650.9,35034.0,3289.3
Bihar,Gaya,Soyabean,Kharif,2019,20231.8,21247.4,1050.2
Karnataka,Raichur,Cotton,Kharif,2019,44680.9,20642.6,462.0
Haryana,Karnal,Maize,Rabi,2017,9723.9,27627.5,2841.2
Haryana,Sirsa,Soyabean,Kharif,2016,3929.6,4501.7,1145.6
Uttar Pradesh,Gorakhpur,Maize,Rabi,2017,1382.7,3218.5,2327.7
Andhra Pradesh,Guntur,Maize,Rabi,2022,6557.6,23003.4,3507.9
Karnataka,Mysuru,Jowar,Rabi,2021,37045.0,31762.4,857.4
Andhra Pradesh,Krishna,Rice,Kharif,2015,29057.8,86237.7,2967.8
Uttar Pradesh,Meerut,Gram,Rabi,2023,24439.9,14915.7,610.3
Maharashtra,Nagpur,Groundnut,Rabi,2019,20782.4,29502.7,1419.6
Haryana,Hisar,Maize,Rabi,2022,37821.0,98977.6,2617.0
Maharashtra,Pune,Maize,Rabi,2020,27105.1,83486.4,3080.1
Karnataka,Belagavi,Groundnut,Kharif,2021,7286.1,10046.1,1378.8
Madhya Pradesh,Ujjain,Soyabean,Kharif,2019,28972.2,34960.8,1206.7
Punjab,Amritsar,Gram,Rabi,2015,14819.1,12344.3,833.0
Uttar Pradesh,Kanpur Dehat,Maize,Rabi,2017,25667.1,60730.9,2366.1
Haryana,Sirsa,Rice,Kharif,2015,11610.6,34317.5,2955.7
Haryana,Kurukshetra,Rice,Kharif,2019,6306.8,19091.9,3027.2
Karnataka,Mysuru,Bajra,Kharif,2015,26629.3,33012.3,1239.7
Punjab,Ludhiana,Bajra,Kharif,2023,40724.8,59971.3,1472.6
Uttar Pradesh,Gorakhpur,Jowar,Kharif,2022,17743.3,21079.0,1188.0
Andhra Pradesh,Krishna,Bajra,Kharif,2022,24631.6,43763.0,1776.7
Uttar Pradesh,Bareilly,Rice,Kharif,2023,7384.8,12846.6,1739.6
Uttar Pradesh,Kanpur Dehat,Cotton,Kharif,2017,40830.5,20750.1,508.2
Uttar Pradesh,Bareilly,Groundnut,Rabi,2022,23582.3,34024.5,1442.8
Karnataka,Davanagere,Jowar,Kharif,2021,40248.3,44888.9,1115.3
Tamil Nadu,Thanjavur,Sugarcane,Whole Year,2017,9879.2,689087.0,69751.3
Uttar Pradesh,Gorakhpur,Groundnut,Rabi,2017,5927.3,9560.7,1613.0
Uttar Pradesh,Gorakhpur,Rice,Kharif,2015,43017.3,92521.6,2150.8
Uttar Pradesh,Gorakhpur,Rice,Kharif,2023,24595.6,44382.8,1804.5
Karnataka,Raichur,Jowar,Kharif,2023,32684.8,34609.9,1058.9
Haryana,Karnal,Gram,Rabi,2020,21392.3,27775.8,1298.4
Madhya Pradesh,Indore,Soyabean,Kharif,2018,25201.4,33243.2,1319.1
West Bengal,Nadia,Gram,Rabi,2023,32344.6,39069.0,1207.9
Uttar Pradesh,Gorakhpur,Groundnut,Kharif,2021,15715.1,21639.7,1377.0
Karnataka,Davanagere,Groundnut,Kharif,2021,43108.4,63640.9,1476.3
West Bengal,Nadia,Bajra,Kharif,2018,6625.0,11606.3,1751.9
Tamil Nadu,Thanjavur,Bajra,Kharif,2016,37109.8,47786.3,1287.7
Andhra Pradesh,Krishna,Sugarcane,Whole Year,2020,18358.4,1370651.0,74660.7
Madhya Pradesh,Ujjain,Groundnut,Kharif,2020,34249.2,36985.7,1079.9
West Bengal,Bardhaman,Gram,Rabi,2019,43824.3,35782.5,816.5
Tamil Nadu,Salem,Jowar,Kharif,2023,23798.4,24131.6,1014.0
Karnataka,Davanagere,Groundnut,Rabi,2022,30567.8,52384.0,1713.7
Bihar,Patna,Maize,Rabi,2022,43027.2,101647.5,2362.4
Tamil Nadu,Erode,Jowar,Kharif,2015,16235.7,25647.5,1579.7
Madhya Pradesh,Hoshangabad,Cotton,Kharif,2018,37639.0,16437.0,436.7
Bihar,Muzaffarpur,Cotton,Kharif,2023,7391.3,2798.3,378.6
Madhya Pradesh,Ujjain,Jowar,Kharif,2018,4537.5,4975.4,1096.5
West Bengal,Murshidabad,Groundnut,Rabi,2023,31648.5,46830.3,1479.7
Uttar Pradesh,Bareilly,Jowar,Rabi,2016,37223.7,27709.3,744.4
Madhya Pradesh,Indore,Jowar,Rabi,2019,38859.6,36364.8,935.8
Punjab,Bathinda,Maize,Kharif,2020,11070.1,27191.5,2456.3
West Bengal,Hooghly,Jowar,Rabi,2022,2326.8,3749.4,1611.4
Bihar,Gaya,Bajra,Kharif,2016,28295.6,44825.9,1584.2
Karnataka,Raichur,Soyabean,Kharif,2019,37805.1,43158.3,1141.6
Uttar Pradesh,Meerut,Soyabean,Kharif,2018,20723.5,26909.5,1298.5
Bihar,Muzaffarpur,Sugarcane,Whole Year,2015,13634.2,813914.0,59696.5
Karnataka,Davanagere,Soyabean,Kharif,2023,14850.4,19779.2,1331.9
Andhra Pradesh,Krishna,Sugarcane,Whole Year,2022,3997.5,226276.1,56604.4
Tamil Nadu,Salem,Cotton,Kharif,2015,37512.0,14337.1,382.2
Tamil Nadu,Thanjavur,Bajra,Kharif,2020,41078.3,38001.5,925.1
Haryana,Karnal,Soyabean,Kharif,2023,14338.5,15195.9,1059.8
Madhya Pradesh,Hoshangabad,Cotton,Kharif,2022,5811.3,2765.6,475.9
Tamil Nadu,Salem,Gram,Rabi,2018,3335.6,2992.4,897.1
Haryana,Kurukshetra,Sugarcane,Whole Year,2016,43696.4,3139525.2,71848.6
West Bengal,Murshidabad,Rice,Kharif,2019,27914.2,70329.8,2519.5
Maharashtra,Nagpur,Maize,Kharif,2018,39499.8,106507.3,2696.4
Bihar,Muzaffarpur,Gram,Rabi,2016,24023.1,20489.3,852.9
Bihar,Patna,Maize,Kharif,2023,6828.4,20111.0,2945.2
Bihar,Gaya,Cotton,Kharif,2017,29357.6,16305.2,555.4
Madhya Pradesh,Ujjain,Maize,Kharif,2020,40755.5,114172.5,2801.4
Uttar Pradesh,Kanpur Dehat,Maize,Kharif,2018,23308.6,47290.8,2028.9
Tamil Nadu,Erode,Jowar,Kharif,2023,17188.3,15295.9,889.9
West Bengal,Bardhaman,Wheat,Rabi,2021,10167.0,27908.4,2745.0
Madhya Pradesh,Hoshangabad,Bajra,Kharif,2017,31860.5,38404.6,1205.4
Haryana,Karnal,Soyabean,Kharif,2022,18541.0,24921.0,1344.1
Tamil Nadu,Erode,Maize,Rabi,2017,12071.3,32662.5,2705.8
Maharashtra,Kolhapur,Maize,Kharif,2022,44929.0,145475.6,3237.9
Maharashtra,Nagpur,Wheat,Rabi,2020,12129.2,40520.0,3340.7
Bihar,Patna,Cotton,Kharif,2021,7320.0,2738.4,374.1
Andhra Pradesh,West Godavari,Groundnut,Rabi,2018,1720.6,3124.3,1815.8
West Bengal,Bardhaman,Wheat,Rabi,2018,38089.1,143512.1,3767.8
Tamil Nadu,Thanjavur,Wheat,Rabi,2020,41965.5,133530.0,3181.9
Punjab,Amritsar,Groundnut,Kharif,2017,22344.1,41573.4,1860.6
Uttar Pradesh,Meerut,Maize,Kharif,2018,9742.4,30890.2,3170.7
West Bengal,Nadia,Groundnut,Rabi,2021,13250.0,13582.6,1025.1
Bihar,Patna,Maize,Kharif,2018,28168.9,58991.3,2094.2
Andhra Pradesh,Kurnool,Groundnut,Kharif,2022,19601.1,24101.5,1229.6
Madhya Pradesh,Hoshangabad,Soyabean,Kharif,2020,37498.0,46737.5,1246.4
Bihar,Gaya,Maize,Rabi,2016,15353.4,45828.4,2984.9
Tamil Nadu,Salem,Maize,Kharif,2017,22817.9,61480.5,2694.4
Punjab,Ludhiana,Gram,Rabi,2021,26309.3,27780.0,1055.9
Punjab,Amritsar,Cotton,Kharif,2022,5196.5,3346.0,643.9
Madhya Pradesh,Ujjain,Groundnut,Kharif,2021,8327.0,14440.7,1734.2
Uttar Pradesh,Gorakhpur,Groundnut,Kharif,2019,8774.2,8871.6,1011.1
Punjab,Amritsar,Sugarcane,Whole Year,2016,19883.1,1402814.3,70553.1
Maharashtra,Pune,Groundnut,Kharif,2019,10492.4,12804.9,1220.4
Madhya Pradesh,Hoshangabad,Maize,Rabi,2021,4330.5,9696.9,2239.2
Madhya Pradesh,Sehore,Jowar,Kharif,2021,2095.9,2169.0,1034.9
Uttar Pradesh,Meerut,Maize,Rabi,2023,17664.3,60759.9,3439.7
West Bengal,Bardhaman,Bajra,Kharif,2020,979.2,913.6,933.0
Andhra Pradesh,Krishna,Groundnut,Kharif,2019,10907.0,16433.6,1506.7
Bihar,Gaya,Wheat,Rabi,2023,1945.4,7086.3,3642.6
Maharashtra,Kolhapur,Groundnut,Kharif,2016,15007.6,19885.1,1325.0
Andhra Pradesh,Krishna,Jowar,Rabi,2021,2205.1,2632.4,1193.8
Madhya Pradesh,Indore,Maize,Kharif,2017,41144.2,93907.5,2282.4
Maharashtra,Nashik,Soyabean,Kharif,2017,16308.2,16265.8,997.4
Karnataka,Belagavi,Sugarcane,Whole Year,2020,22227.9,1465425.4,65927.3
Andhra Pradesh,Krishna,Gram,Rabi,2021,41981.2,36788.1,876.3
Andhra Pradesh,Kurnool,Groundnut,Kharif,2019,23375.5,26968.3,1153.7
West Bengal,Hooghly,Jowar,Rabi,2016,39839.2,61452.0,1542.5
Tamil Nadu,Erode,Maize,Kharif,2015,14963.4,35264.2,2356.7
Maharashtra,Nashik,Maize,Rabi,2019,13890.8,36257.8,2610.2
Maharashtra,Nagpur,Wheat,Rabi,2019,28577.4,106848.0,3738.9
Bihar,Gaya,Jowar,Rabi,2018,37313.8,33026.4,885.1
Haryana,Hisar,Bajra,Kharif,2021,27703.2,37075.2,1338.3
West Bengal,Hooghly,Gram,Rabi,2018,29781.5,30636.2,1028.7
Punjab,Patiala,Rice,Kharif,2016,32482.9,99336.0,3058.1
Punjab,Ludhiana,Maize,Rabi,2023,34431.7,101039.8,2934.5
Maharashtra,Nagpur,Bajra,Kharif,2022,36325.7,62131.5,1710.4
Uttar Pradesh,Bareilly,Groundnut,Rabi,2018,18516.6,19944.2,1077.1
Maharashtra,Kolhapur,Jowar,Kharif,2017,31370.6,33726.5,1075.1
Uttar Pradesh,Bareilly,Groundnut,Kharif,2022,38419.8,50675.7,1319.0
Uttar Pradesh,Bareilly,Maize,Kharif,2018,20329.9,57407.6,2823.8
Tamil Nadu,Coimbatore,Groundnut,Rabi,2021,747.9,1313.2,1755.9
Andhra Pradesh,Guntur,Rice,Kharif,2018,43053.5,133341.0,3097.1
Madhya Pradesh,Hoshangabad,Cotton,Kharif,2019,1694.4,544.2,321.2
Punjab,Ludhiana,Gram,Rabi,2023,8051.3,5917.7,735.0
Madhya Pradesh,Hoshangabad,Soyabean,Kharif,2015,31002.2,37441.4,1207.7
Punjab,Patiala,Jowar,Kharif,2021,37584.3,47142.0,1254.3
Haryana,Karnal,Gram,Rabi,2018,12139.5,11918.6,981.8
Haryana,Sirsa,Soyabean,Kharif,2022,41936.6,62175.2,1482.6
Bihar,Rohtas,Groundnut,Kharif,2023,9617.7,18038.0,1875.5
Andhra Pradesh,Guntur,Sugarcane,Whole Year,2021,8973.9,459475.3,51201.3
Andhra Pradesh,Kurnool,Soyabean,Kharif,2018,1168.1,1409.2,1206.4
Uttar Pradesh,Kanpur Dehat,Groundnut,Kharif,2021,5331.4,6826.3,1280.4
Tamil Nadu,Erode,Rice,Kharif,2018,7919.7,17389.3,2195.7
Madhya Pradesh,Ujjain,Jowar,Kharif,2016,11202.8,11915.3,1063.6
Karnataka,Mysuru,Wheat,Rabi,2018,1421.9,5779.6,4064.7
Punjab,Amritsar,Maize,Rabi,2020,1406.9,2764.0,1964.6
Tamil Nadu,Salem,Maize,Kharif,2015,18441.2,61101.2,3313.3
Karnataka,Davanagere,Maize,Kharif,2023,14086.9,43055.2,3056.4
Madhya Pradesh,Ujjain,Soyabean,Kharif,2021,42788.3,59912.2,1400.2
Andhra Pradesh,West Godavari,Maize,Rabi,2023,43852.0,129455.5,2952.1
Tamil Nadu,Coimbatore,Maize,Kharif,2022,35841.8,94113.4,2625.8
Haryana,Karnal,Bajra,Kharif,2021,32763.6,34532.8,1054.0
West Bengal,Bardhaman,Jowar,Kharif,2015,20719.4,19424.4,937.5
Madhya Pradesh,Indore,Groundnut,Rabi,2018,44886.8,66235.0,1475.6
Bihar,Muzaffarpur,Bajra,Kharif,2015,18990.2,17233.6,907.5
Uttar Pradesh,Kanpur Dehat,Bajra,Kharif,2019,11793.1,12981.8,1100.8
Andhra Pradesh,Guntur,Rice,Kharif,2015,5048.8,16457.6,3259.7
Maharashtra,Pune,Maize,Rabi,2021,28633.2,80550.9,2813.2
Karnataka,Raichur,Soyabean,Kharif,2023,40919.5,53686.4,1312.0
Maharashtra,Nagpur,Groundnut,Kharif,2018,10448.0,10163.8,972.8
Karnataka,Raichur,Wheat,Rabi,2019,20910.3,61319.5,2932.5
Karnataka,Mysuru,Jowar,Rabi,2022,7540.2,7328.3,971.9
Madhya Pradesh,Ujjain,Gram,Rabi,2018,36095.7,48130.0,1333.4
Maharashtra,Kolhapur,Gram,Rabi,2020,11579.1,9705.6,838.2
Punjab,Amritsar,Maize,Kharif,2017,34029.6,121485.7,3570.0
Madhya Pradesh,Sehore,Gram,Rabi,2019,17471.9,14679.9,840.2
Bihar,Gaya,Gram,Rabi,2018,24123.5,29864.9,1238.0
Tamil Nadu,Salem,Maize,Kharif,2023,8761.8,27605.8,3150.7
Tamil Nadu,Erode,Wheat,Rabi,2020,15365.4,45131.3,2937.2
Andhra Pradesh,Guntur,Soyabean,Kharif,2016,7626.7,10328.8,1354.3
Uttar Pradesh,Kanpur Dehat,Soyabean,Kharif,2022,7670.2,8841.4,1152.7
Tamil Nadu,Coimbatore,Gram,Rabi,2015,20066.2,20545.8,1023.9
Karnataka,Belagavi,Maize,Kharif,2021,43576.0,121742.6,2793.8
Maharashtra,Pune,Groundnut,Kharif,2018,21263.1,30100.0,1415.6
Haryana,Sirsa,Bajra,Kharif,2023,1883.2,2292.4,1217.3
West Bengal,Bardhaman,Gram,Rabi,2022,34801.0,33301.1,956.9
Uttar Pradesh,Meerut,Jowar,Rabi,2019,29954.1,35474.6,1184.3
Maharashtra,Nagpur,Groundnut,Kharif,2015,41964.2,74134.0,1766.6
Karnataka,Mysuru,Groundnut,Kharif,2019,14436.9,25050.9,1735.2
Karnataka,Davanagere,Gram,Rabi,2017,21700.4,27474.9,1266.1
Tamil Nadu,Coimbatore,Gram,Rabi,2018,39806.2,52241.7,1312.4
West Bengal,Bardhaman,Groundnut,Rabi,2022,43187.8,43576.5,1009.0
Maharashtra,Kolhapur,Bajra,Kharif,2017,18997.8,17647.1,928.9
Tamil Nadu,Salem,Bajra,Kharif,2022,42070.9,54153.7,1287.2
Karnataka,Mysuru,Gram,Rabi,2020,21413.6,21591.3,1008.3
Bihar,Patna,Cotton,Kharif,2022,33542.3,14886.1,443.8
Maharashtra,Nashik,Groundnut,Kharif,2021,34090.6,47140.5,1382.8
Tamil Nadu,Salem,Maize,Kharif,2020,16105.5,40138.1,2492.2
Bihar,Rohtas,Groundnut,Rabi,2021,44050.9,54341.2,1233.6
Uttar Pradesh,Meerut,Cotton,Kharif,2017,7593.1,3596.9,473.7
Punjab,Patiala,Gram,Rabi,2022,23064.5,22291.8,966.5
Madhya Pradesh,Indore,Groundnut,Kharif,2022,2864.2,5148.1,1797.4
Haryana,Sirsa,Wheat,Rabi,2023,31625.1,92920.9,2938.2
Tamil Nadu,Thanjavur,Gram,Rabi,2018,31207.1,35660.4,1142.7
Haryana,Hisar,Groundnut,Kharif,2018,29763.3,40802.5,1370.9
Andhra Pradesh,Kurnool,Wheat,Rabi,2018,18391.9,49820.0,2708.8
Karnataka,Belagavi,Sugarcane,Whole Year,2019,37244.9,2016569.2,54143.5
Punjab,Patiala,Jowar,Rabi,2021,16047.2,23388.8,1457.5
Andhra Pradesh,West Godavari,Bajra,Kharif,2020,39667.9,47359.5,1193.9
Tamil Nadu,Coimbatore,Wheat,Rabi,2018,41641.0,133921.6,3216.1
Tamil Nadu,Erode,Gram,Rabi,2021,1927.7,2028.3,1052.2
West Bengal,Bardhaman,Maize,Rabi,2015,21475.6,67611.6,3148.3
West Bengal,Hooghly,Maize,Rabi,2020,7080.7,18544.4,2619.0
Tamil Nadu,Salem,Bajra,Kharif,2016,17587.6,22371.4,1272.0
Haryana,Hisar,Groundnut,Rabi,2015,15851.0,14229.4,897.7
Bihar,Patna,Bajra,Kharif,2020,43089.3,76199.1,1768.4
Maharashtra,Nagpur,Groundnut,Rabi,2020,36157.5,61558.1,1702.5
Punjab,Patiala,Sugarcane,Whole Year,2021,7066.2,493020.8,69771.7
Andhra Pradesh,Guntur,Groundnut,Kharif,2015,17966.1,24924.4,1387.3
Madhya Pradesh,Hoshangabad,Bajra,Kharif,2016,6000.9,5300.6,883.3
Karnataka,Belagavi,Sugarcane,Whole Year,2021,16248.2,961178.5,59156.0
Bihar,Gaya,Groundnut,Rabi,2021,25147.3,33528.9,1333.3
Maharashtra,Kolhapur,Groundnut,Kharif,2019,977.8,1176.4,1203.1
Madhya Pradesh,Ujjain,Maize,Kharif,2019,42013.8,115411.9,2747.0
West Bengal,Murshidabad,Soyabean,Kharif,2017,2101.3,2949.2,1403.5
Madhya Pradesh,Sehore,Sugarcane,Whole Year,2018,40985.6,2996076.0,73100.7
Andhra Pradesh,Krishna,Maize,Kharif,2020,36489.0,82873.8,2271.2
Bihar,Rohtas,Groundnut,Kharif,2015,11737.8,24312.5,2071.3
Tamil Nadu,Thanjavur,Bajra,Kharif,2018,18662.1,26849.2,1438.7
Andhra Pradesh,Kurnool,Bajra,Kharif,2023,40772.6,63307.6,1552.7
Bihar,Patna,Sugarcane,Whole Year,2022,4188.1,252464.1,60281.3
Madhya Pradesh,Ujjain,Groundnut,Kharif,2017,21611.4,25868.8,1197.0
Andhra Pradesh,Krishna,Bajra,Kharif,2023,23077.6,23679.9,1026.1
Karnataka,Davanagere,Sugarcane,Whole Year,2023,36090.4,1722071.5,47715.5
Tamil Nadu,Erode,Groundnut,Rabi,2017,42838.9,59396.1,1386.5
Bihar,Rohtas,Jowar,Kharif,2021,38487.3,50637.7,1315.7
Uttar Pradesh,Bareilly,Rice,Kharif,2015,14524.4,43117.1,2968.6
Maharashtra,Pune,Groundnut,Rabi,2016,5298.9,6136.7,1158.1
Andhra Pradesh,Kurnool,Rice,Kharif,2019,5304.2,11465.0,2161.5
Tamil Nadu,Salem,Groundnut,Kharif,2021,6441.9,12274.4,1905.4
Bihar,Muzaffarpur,Cotton,Kharif,2022,34491.5,15190.1,440.4
Tamil Nadu,Coimbatore,Sugarcane,Whole Year,2015,41100.4,2674403.0,65070.0
Andhra Pradesh,West Godavari,Maize,Rabi,2017,35978.0,85714.0,2382.4
Karnataka,Davanagere,Groundnut,Kharif,2015,6538.2,9402.6,1438.1
Bihar,Gaya,Bajra,Kharif,2017,16381.2,25494.1,1556.3
Madhya Pradesh,Ujjain,Wheat,Rabi,2015,40545.4,153265.7,3780.1
Andhra Pradesh,Kurnool,Soyabean,Kharif,2023,36633.5,36062.0,984.4
Punjab,Amritsar,Jowar,Kharif,2022,31572.1,30965.9,980.8
Maharashtra,Nagpur,Groundnut,Rabi,2016,30728.9,54098.2,1760.5
Bihar,Gaya,Soyabean,Kharif,2016,37433.7,29853.4,797.5
Andhra Pradesh,Kurnool,Cotton,Kharif,2022,1785.7,739.8,414.3
Andhra Pradesh,Krishna,Jowar,Kharif,2019,18373.6,18373.6,1000.0
Madhya Pradesh,Sehore,Jowar,Kharif,2023,32051.8,37064.7,1156.4
Madhya Pradesh,Sehore,Rice,Kharif,2017,41012.3,71857.7,1752.1
Maharashtra,Nagpur,Soyabean,Kharif,2018,4479.7,5551.7,1239.3
Tamil Nadu,Erode,Jowar,Rabi,2015,16940.5,22883.2,1350.8
Andhra Pradesh,Guntur,Maize,Rabi,2018,24590.1,61524.4,2502.0
Andhra Pradesh,Krishna,Jowar,Kharif,2017,20875.9,32597.7,1561.5
Uttar Pradesh,Bareilly,Bajra,Kharif,2020,26769.0,37155.4,1388.0
Karnataka,Belagavi,Gram,Rabi,2018,37141.8,32239.1,868.0
West Bengal,Nadia,Maize,Kharif,2019,2036.8,4895.4,2403.5
Maharashtra,Nashik,Soyabean,Kharif,2018,7227.4,9784.5,1353.8
Haryana,Kurukshetra,Maize,Kharif,2017,28940.1,92674.9,3202.3
West Bengal,Bardhaman,Maize,Kharif,2023,44986.9,96712.8,2149.8
West Bengal,Nadia,Sugarcane,Whole Year,2016,18553.2,966506.7,52093.8
Punjab,Patiala,Jowar,Rabi,2023,34329.6,40660.0,1184.4
Andhra Pradesh,Krishna,Soyabean,Kharif,2017,14165.9,19211.8,1356.2
Haryana,Sirsa,Wheat,Rabi,2018,20951.4,60461.6,2885.8
Andhra Pradesh,Krishna,Jowar,Kharif,2018,20142.5,19564.4,971.3
Andhra Pradesh,West Godavari,Bajra,Kharif,2017,43423.9,73612.2,1695.2
Tamil Nadu,Salem,Groundnut,Rabi,2021,19267.3,22879.9,1187.5
Madhya Pradesh,Indore,Soyabean,Kharif,2015,24731.4,26759.4,1082.0
Andhra Pradesh,Guntur,Jowar,Rabi,2021,7254.5,6162.0,849.4
Uttar Pradesh,Kanpur Dehat,Sugarcane,Whole Year,2020,37651.8,2335330.3,62024.4
Madhya Pradesh,Indore,Gram,Rabi,2016,33703.7,38152.6,1132.0
Andhra Pradesh,Krishna,Soyabean,Kharif,2019,2413.6,3403.4,1410.1
West Bengal,Murshidabad,Jowar,Kharif,2020,40509.5,41672.1,1028.7
Uttar Pradesh,Kanpur Dehat,Bajra,Kharif,2015,14557.6,15862.0,1089.6
Haryana,Karnal,Maize,Rabi,2022,15913.2,38745.5,2434.8
Uttar Pradesh,Bareilly,Cotton,Kharif,2016,24441.2,9857.1,403.3
Karnataka,Belagavi,Maize,Rabi,2017,44388.0,138468.4,3119.5
Maharashtra,Nashik,Cotton,Kharif,2016,27014.9,12869.9,476.4
Uttar Pradesh,Bareilly,Maize,Kharif,2015,1008.8,3020.3,2994.0
Punjab,Patiala,Maize,Rabi,2016,15572.8,36906.0,2369.9
Tamil Nadu,Erode,Bajra,Kharif,2017,7379.6,7999.5,1084.0
West Bengal,Murshidabad,Jowar,Rabi,2019,19762.1,27398.2,1386.4
Bihar,Patna,Groundnut,Kharif,2016,31647.5,34745.8,1097.9
Uttar Pradesh,Gorakhpur,Wheat,Rabi,2015,22409.1,100507.1,4485.1
Bihar,Rohtas,Cotton,Kharif,2021,40049.1,22623.7,564.9
Uttar Pradesh,Kanpur Dehat,Gram,Rabi,2023,44741.8,44911.8,1003.8
Andhra Pradesh,Krishna,Cotton,Kharif,2020,20481.6,7631.4,372.6
Punjab,Amritsar,Gram,Rabi,2022,29637.8,22726.3,766.8
Andhra Pradesh,Krishna,Maize,Kharif,2016,18577.3,57608.2,3101.0
Uttar Pradesh,Meerut,Groundnut,Rabi,2023,22923.3,36143.2,1576.7
Madhya Pradesh,Ujjain,Jowar,Rabi,2019,8299.4,8970.8,1080.9
Tamil Nadu,Thanjavur,Gram,Rabi,2019,41378.7,48260.0,1166.3
Bihar,Rohtas,Wheat,Rabi,2017,15633.1,60748.7,3885.9
Punjab,Patiala,Cotton,Kharif,2016,13947.5,5831.4,418.1
Maharashtra,Nashik,Groundnut,Rabi,2020,29045.2,47767.7,1644.6
West Bengal,Nadia,Rice,Kharif,2015,1363.2,2996.4,2198.1
Haryana,Kurukshetra,Cotton,Kharif,2022,16938.4,7503.7,443.0
Haryana,Kurukshetra,Groundnut,Kharif,2019,6480.2,12291.6,1896.8
Tamil Nadu,Coimbatore,Groundnut,Rabi,2018,21571.4,36859.1,1708.7
Karnataka,Davanagere,Sugarcane,Whole Year,2022,28258.9,1960551.6,69378.2
Tamil Nadu,Thanjavur,Gram,Rabi,2020,25283.9,25074.0,991.7
Bihar,Rohtas,Bajra,Kharif,2016,26293.9,35838.6,1363.0
Haryana,Sirsa,Cotton,Kharif,2018,16760.9,9679.4,577.5
Uttar Pradesh,Gorakhpur,Sugarcane,Whole Year,2022,23794.0,1637053.4,68801.1
Uttar Pradesh,Bareilly,Gram,Rabi,2016,27736.4,21922.9,790.4
Haryana,Karnal,Cotton,Kharif,2021,21746.5,9722.9,447.1
Andhra Pradesh,Kurnool,Soyabean,Kharif,2016,22899.5,35345.4,1543.5
West Bengal,Murshidabad,Wheat,Rabi,2020,18250.3,61361.2,3362.2
Haryana,Sirsa,Groundnut,Rabi,2016,5125.7,7131.9,1391.4
Haryana,Hisar,Jowar,Kharif,2019,22289.1,18881.1,847.1
Haryana,Sirsa,Maize,Rabi,2021,38231.2,105701.6,2764.8
Uttar Pradesh,Meerut,Jowar,Rabi,2023,16555.5,16754.2,1012.0
Uttar Pradesh,Meerut,Groundnut,Rabi,2017,43379.9,82335.1,1898.0
Haryana,Hisar,Gram,Rabi,2019,13008.3,12391.7,952.6
Haryana,Hisar,Sugarcane,Whole Year,2016,40781.7,3415626.4,83753.9
Uttar Pradesh,Gorakhpur,Jowar,Kharif,2017,12751.9,20151.8,1580.3
Maharashtra,Kolhapur,Maize,Rabi,2019,35475.9,114675.8,3232.5
Madhya Pradesh,Ujjain,Cotton,Kharif,2017,2405.2,975.1,405.4
Uttar Pradesh,Meerut,Maize,Rabi,2018,33365.0,74310.5,2227.2
Maharashtra,Nagpur,Bajra,Kharif,2016,2839.2,4265.0,1502.2
Maharashtra,Nashik,Groundnut,Kharif,2016,20147.5,31345.5,1555.8
Uttar Pradesh,Gorakhpur,Groundnut,Rabi,2016,9052.6,17576.5,1941.6
West Bengal,Nadia,Groundnut,Rabi,2017,9520.1,12280.0,1289.9
Uttar Pradesh,Gorakhpur,Jowar,Kharif,2015,22095.9,23470.3,1062.2
Maharashtra,Pune,Gram,Rabi,2018,8249.5,10458.7,1267.8
Tamil Nadu,Erode,Gram,Rabi,2023,25656.2,34443.4,1342.5
West Bengal,Hooghly,Rice,Kharif,2017,28955.6,63140.6,2180.6
Bihar,Patna,Soyabean,Kharif,2016,29334.7,39777.9,1356.0
Karnataka,Davanagere,Maize,Kharif,2021,15969.7,38801.6,2429.7
Karnataka,Davanagere,Wheat,Rabi,2020,7202.6,23599.3,3276.5
Uttar Pradesh,Kanpur Dehat,Maize,Kharif,2016,24403.3,77307.2,3167.9
Andhra Pradesh,Guntur,Wheat,Rabi,2016,26398.0,67098.4,2541.8
West Bengal,Hooghly,Wheat,Rabi,2021,30204.7,87207.0,2887.2
Bihar,Gaya,Wheat,Rabi,2016,41123.3,143236.6,3483.1
Maharashtra,Nashik,Maize,Rabi,2023,37605.8,66524.7,1769.0
Haryana,Sirsa,Sugarcane,Whole Year,2017,38167.8,1887378.6,49449.5
Haryana,Hisar,Wheat,Rabi,2020,40984.9,96076.8,2344.2
Karnataka,Belagavi,Maize,Rabi,2015,2852.5,9633.7,3377.3
West Bengal,Bardhaman,Bajra,Kharif,2018,40222.4,42088.7,1046.4
Haryana,Karnal,Rice,Kharif,2019,5787.1,17372.9,3002.0
Punjab,Amritsar,Groundnut,Kharif,2022,44729.4,52082.9,1164.4
Bihar,Muzaffarpur,Bajra,Kharif,2020,21741.9,35845.9,1648.7
Uttar Pradesh,Meerut,Maize,Rabi,2015,44495.6,105058.6,2361.1
Haryana,Sirsa,Soyabean,Kharif,2021,11382.5,13243.5,1163.5
Andhra Pradesh,Krishna,Gram,Rabi,2019,5088.1,4391.0,863.0
Haryana,Karnal,Gram,Rabi,2017,35010.4,31964.5,913.0
West Bengal,Hooghly,Sugarcane,Whole Year,2020,44199.5,2367082.1,53554.5
Bihar,Patna,Jowar,Rabi,2023,9411.4,11036.7,1172.7
Haryana,Kurukshetra,Groundnut,Rabi,2023,30657.4,37052.5,1208.6
Karnataka,Mysuru,Rice,Kharif,2020,8733.7,23565.3,2698.2
West Bengal,Hooghly,Groundnut,Kharif,2017,36585.4,71747.6,1961.1
Andhra Pradesh,West Godavari,Soyabean,Kharif,2019,634.7,749.8,1181.3
West Bengal,Hooghly,Gram,Rabi,2015,15690.0,21534.5,1372.5
Punjab,Amritsar,Gram,Rabi,2021,23904.8,24000.4,1004.0
Punjab,Bathinda,Bajra,Kharif,2019,4336.6,5620.7,1296.1
Tamil Nadu,Erode,Rice,Kharif,2021,38310.2,67085.0,1751.1
West Bengal,Bardhaman,Gram,Rabi,2021,44598.4,40111.8,899.4
Tamil Nadu,Erode,Groundnut,Rabi,2019,43986.7,83178.8,1891.0
Madhya Pradesh,Hoshangabad,Sugarcane,Whole Year,2015,26357.4,2024124.4,76795.3
Karnataka,Belagavi,Jowar,Rabi,2021,8691.0,7294.4,839.3
Andhra Pradesh,West Godavari,Rice,Kharif,2018,13258.7,27831.3,2099.1
Maharashtra,Pune,Groundnut,Kharif,2020,729.6,758.6,1039.8
Maharashtra,Pune,Sugarcane,Whole Year,2019,875.2,65352.1,74671.0
Tamil Nadu,Coimbatore,Jowar,Kharif,2017,37408.7,28834.6,770.8
Haryana,Hisar,Cotton,Kharif,2018,36013.5,17679.0,490.9
Uttar Pradesh,Kanpur Dehat,Maize,Rabi,2021,25049.4,56797.0,2267.4
Madhya Pradesh,Hoshangabad,Groundnut,Kharif,2017,10394.9,17093.4,1644.4
Uttar Pradesh,Kanpur Dehat,Wheat,Rabi,2022,42751.2,145452.4,3402.3
Maharashtra,Nagpur,Soyabean,Kharif,2019,41839.0,66754.1,1595.5
Madhya Pradesh,Hoshangabad,Gram,Rabi,2019,30999.2,31340.2,1011.0
Uttar Pradesh,Bareilly,Bajra,Kharif,2022,32467.7,28844.3,888.4
Punjab,Ludhiana,Rice,Kharif,2021,15641.1,34377.6,2197.9
Bihar,Rohtas,Bajra,Kharif,2019,24586.3,30123.1,1225.2
West Bengal,Nadia,Bajra,Kharif,2021,28655.0,47822.3,1668.9
Tamil Nadu,Coimbatore,Rice,Kharif,2017,26913.1,63151.6,2346.5
Andhra Pradesh,Guntur,Jowar,Rabi,2023,2880.9,3836.2,1331.6
Haryana,Kurukshetra,Jowar,Kharif,2019,29893.6,41414.6,1385.4
Bihar,Muzaffarpur,Groundnut,Rabi,2016,34248.7,43067.7,1257.5
Maharashtra,Kolhapur,Maize,Rabi,2020,35740.2,79168.1,2215.1
West Bengal,Bardhaman,Jowar,Kharif,2018,39492.8,56036.3,1418.9
Haryana,Sirsa,Gram,Rabi,2017,44982.5,50555.8,1123.9
Haryana,Sirsa,Wheat,Rabi,2016,15796.4,49847.1,3155.6
Uttar Pradesh,Kanpur Dehat,Groundnut,Rabi,2018,10712.1,20221.2,1887.7
Bihar,Gaya,Gram,Rabi,2023,9234.0,8451.0,915.2
Madhya Pradesh,Hoshangabad,Soyabean,Kharif,2016,37137.5,33067.2,890.4
Andhra Pradesh,Krishna,Soyabean,Kharif,2016,8972.2,11678.2,1301.6
Madhya Pradesh,Sehore,Cotton,Kharif,2017,17852.8,9322.7,522.2
Haryana,Hisar,Maize,Rabi,2019,15262.0,42321.5,2773.0
West Bengal,Bardhaman,Cotton,Kharif,2016,2569.2,1189.3,462.9
Uttar Pradesh,Gorakhpur,Wheat,Rabi,2021,26354.9,80725.1,3063.0
Maharashtra,Nagpur,Gram,Rabi,2016,43472.8,48198.3,1108.7
Karnataka,Davanagere,Jowar,Kharif,2023,44188.0,51068.1,1155.7
Tamil Nadu,Coimbatore,Jowar,Rabi,2018,34589.4,38390.8,1109.9
Bihar,Gaya,Rice,Kharif,2017,17760.7,39839.0,2243.1
Punjab,Amritsar,Wheat,Rabi,2018,23697.8,77619.8,3275.4
Haryana,Kurukshetra,Maize,Rabi,2016,42849.0,80744.7,1884.4
Maharashtra,Nashik,Rice,Kharif,2016,21701.6,53685.4,2473.8
Karnataka,Mysuru,Cotton,Kharif,2020,22621.1,11344.5,501.5
Haryana,Sirsa,Cotton,Kharif,2019,34781.3,10702.2,307.7
Madhya Pradesh,Hoshangabad,Sugarcane,Whole Year,2020,19168.4,1482459.1,77338.7
Madhya Pradesh,Hoshangabad,Maize,Kharif,2023,4388.3,10914.1,2487.1
Bihar,Patna,Jowar,Rabi,2020,27210.9,25107.5,922.7
Uttar Pradesh,Meerut,Wheat,Rabi,2021,12514.0,39058.7,3121.2
Haryana,Karnal,Gram,Rabi,2023,42096.7,42084.1,999.7
Uttar Pradesh,Meerut,Wheat,Rabi,2022,5168.7,16918.2,3273.2
Punjab,Amritsar,Sugarcane,Whole Year,2023,4309.8,320943.9,74468.4
Haryana,Sirsa,Bajra,Kharif,2021,15086.8,13513.2,895.7
Karnataka,Belagavi,Cotton,Kharif,2018,33384.8,22391.2,670.7
Punjab,Bathinda,Groundnut,Kharif,2015,24773.6,28477.3,1149.5
Andhra Pradesh,West Godavari,Cotton,Kharif,2016,10698.9,3448.3,322.3
Maharashtra,Nashik,Cotton,Kharif,2021,15931.0,7619.8,478.3
Uttar Pradesh,Meerut,Gram,Rabi,2019,42552.0,39045.7,917.6
Haryana,Hisar,Rice,Kharif,2023,37993.2,82859.4,2180.9
Karnataka,Davanagere,Bajra,Kharif,2023,19739.7,26050.5,1319.7
Uttar Pradesh,Kanpur Dehat,Cotton,Kharif,2018,21508.6,11797.5,548.5
Madhya Pradesh,Indore,Cotton,Kharif,2018,8464.7,4468.5,527.9
Tamil Nadu,Coimbatore,Rice,Kharif,2020,40429.9,112035.3,2771.1
Punjab,Amritsar,Wheat,Rabi,2017,12034.0,35473.8,2947.8
Maharashtra,Pune,Soyabean,Kharif,2022,9037.4,13640.1,1509.3
Haryana,Karnal,Jowar,Rabi,2023,43087.4,37947.1,880.7
Tamil Nadu,Salem,Wheat,Rabi,2023,26614.7,106975.1,4019.4
Maharashtra,Nagpur,Rice,Kharif,2022,26679.8,54413.5,2039.5
Madhya Pradesh,Ujjain,Wheat,Rabi,2020,3172.6,11988.6,3778.8
Haryana,Kurukshetra,Groundnut,Rabi,2019,26934.9,33862.6,1257.2
Madhya Pradesh,Indore,Groundnut,Rabi,2023,19005.6,28979.7,1524.8
Bihar,Patna,Wheat,Rabi,2019,41562.2,107716.8,2591.7
Haryana,Hisar,Maize,Rabi,2020,32725.3,98457.3,3008.6
Andhra Pradesh,Krishna,Wheat,Rabi,2022,13169.2,30885.7,2345.3
Bihar,Muzaffarpur,Jowar,Kharif,2015,31446.1,43147.2,1372.1
Haryana,Sirsa,Maize,Rabi,2018,26736.0,75128.2,2810.0
Andhra Pradesh,West Godavari,Cotton,Kharif,2021,19452.9,8508.7,437.4
West Bengal,Bardhaman,Sugarcane,Whole Year,2023,42090.8,2538622.4,60313.0
Bihar,Gaya,Groundnut,Kharif,2021,44398.9,69617.5,1568.0
Karnataka,Mysuru,Sugarcane,Whole Year,2015,43113.9,3081078.8,71463.7
Madhya Pradesh,Ujjain,Cotton,Kharif,2023,35819.5,15567.2,434.6
Madhya Pradesh,Sehore,Wheat,Rabi,2017,10551.9,34663.0,3285.0
Punjab,Amritsar,Rice,Kharif,2018,28524.6,60532.1,2122.1
Punjab,Patiala,Groundnut,Kharif,2016,24109.8,35096.6,1455.7
Karnataka,Raichur,Maize,Kharif,2021,5545.4,12014.7,2166.6
Bihar,Muzaffarpur,Gram,Rabi,2021,11858.4,13352.6,1126.0
Haryana,Sirsa,Maize,Rabi,2020,27200.4,82735.5,3041.7
Madhya Pradesh,Hoshangabad,Groundnut,Rabi,2022,31995.1,43602.9,1362.8
Tamil Nadu,Salem,Rice,Kharif,2020,21803.7,41555.7,1905.9
Punjab,Amritsar,Jowar,Rabi,2020,35655.3,43731.2,1226.5
Punjab,Patiala,Soyabean,Kharif,2020,20882.9,28453.0,1362.5
West Bengal,Hooghly,Bajra,Kharif,2020,37282.5,48765.5,1308.0
Haryana,Karnal,Groundnut,Kharif,2020,31817.6,33993.9,1068.4
Punjab,Ludhiana,Wheat,Rabi,2022,8115.7,27035.8,3331.3
Maharashtra,Nagpur,Maize,Rabi,2018,39142.1,81282.5,2076.6
Andhra Pradesh,Kurnool,Groundnut,Kharif,2023,15565.0,16035.1,1030.2
Haryana,Kurukshetra,Bajra,Kharif,2019,17253.2,19120.0,1108.2
Maharashtra,Nashik,Bajra,Kharif,2018,9279.7,9340.0,1006.5
Andhra Pradesh,West Godavari,Jowar,Rabi,2019,29809.1,35043.6,1175.6
Maharashtra,Nashik,Sugarcane,Whole Year,2023,16388.5,1035156.7,63163.6
Maharashtra,Pune,Bajra,Kharif,2022,42222.5,65280.2,1546.1
West Bengal,Hooghly,Groundnut,Rabi,2017,14166.8,24177.1,1706.6
Andhra Pradesh,Guntur,Groundnut,Rabi,2015,26203.4,44718.7,1706.6
Maharashtra,Kolhapur,Groundnut,Rabi,2022,34636.6,63045.5,1820.2
Andhra Pradesh,Krishna,Groundnut,Rabi,2023,3742.4,6700.8,1790.5
Maharashtra,Kolhapur,Cotton,Kharif,2019,44117.7,17192.7,389.7
Uttar Pradesh,Kanpur Dehat,Maize,Kharif,2017,40707.8,97613.2,2397.9
Andhra Pradesh,Kurnool,Groundnut,Kharif,2015,2879.5,3993.6,1386.9
Madhya Pradesh,Hoshangabad,Rice,Kharif,2019,37964.9,85197.0,2244.1
Bihar,Gaya,Jowar,Rabi,2023,17324.8,13943.0,804.8
Tamil Nadu,Erode,Groundnut,Kharif,2023,35094.1,44088.7,1256.3
Punjab,Amritsar,Rice,Kharif,2021,43129.5,93940.4,2178.1
Haryana,Sirsa,Bajra,Kharif,2018,24348.6,38828.7,1594.7
West Bengal,Hooghly,Cotton,Kharif,2020,34267.5,12387.7,361.5
Karnataka,Belagavi,Soyabean,Kharif,2015,7340.1,7038.4,958.9
Haryana,Karnal,Groundnut,Rabi,2016,23339.5,29391.4,1259.3
Punjab,Amritsar,Gram,Rabi,2020,26763.0,34941.8,1305.6
Karnataka,Belagavi,Soyabean,Kharif,2020,16486.0,22384.7,1357.8
Bihar,Patna,Bajra,Kharif,2018,42965.9,53200.4,1238.2
Andhra Pradesh,Kurnool,Groundnut,Rabi,2018,4276.6,6418.3,1500.8
Bihar,Rohtas,Cotton,Kharif,2018,39244.8,19645.9,500.6
Karnataka,Belagavi,Jowar,Kharif,2023,43893.1,64018.1,1458.5
Maharashtra,Pune,Jowar,Rabi,2017,43356.4,53514.8,1234.3
Haryana,Kurukshetra,Maize,Rabi,2017,33073.3,100238.6,3030.8
Uttar Pradesh,Bareilly,Soyabean,Kharif,2016,43247.0,57829.9,1337.2
Bihar,Muzaffarpur,Gram,Rabi,2023,36459.1,45176.5,1239.1
Uttar Pradesh,Meerut,Groundnut,Kharif,2023,26245.7,40064.1,1526.5
Haryana,Sirsa,Sugarcane,Whole Year,2019,33459.3,2013031.9,60163.6
Madhya Pradesh,Ujjain,Rice,Kharif,2022,32009.3,67030.7,2094.1
Uttar Pradesh,Bareilly,Soyabean,Kharif,2023,25301.6,34807.4,1375.7
Karnataka,Davanagere,Rice,Kharif,2022,39119.7,102970.9,2632.2
Punjab,Bathinda,Bajra,Kharif,2023,39569.2,64030.9,1618.2
Tamil Nadu,Erode,Rice,Kharif,2019,1541.7,4822.9,3128.3
Karnataka,Raichur,Bajra,Kharif,2015,1832.3,1810.9,988.3
Madhya Pradesh,Sehore,Wheat,Rabi,2020,13932.2,51625.8,3705.5
Punjab,Bathinda,Maize,Rabi,2016,6658.7,15977.6,2399.5
Haryana,Karnal,Gram,Rabi,2015,5720.6,7210.2,1260.4
Haryana,Hisar,Jowar,Kharif,2020,2885.7,2674.5,926.8
Haryana,Sirsa,Jowar,Rabi,2017,39812.4,33112.0,831.7
Madhya Pradesh,Hoshangabad,Groundnut,Rabi,2019,4910.2,6613.5,1346.9
Andhra Pradesh,Guntur,Gram,Rabi,2022,39520.8,48974.2,1239.2
Karnataka,Belagavi,Sugarcane,Whole Year,2017,13562.8,861378.9,63510.4
Haryana,Hisar,Rice,Kharif,2015,15179.0,37458.7,2467.8
Karnataka,Raichur,Wheat,Rabi,2015,942.0,3606.4,3828.5
Punjab,Amritsar,Maize,Rabi,2016,34374.7,91653.3,2666.3
Punjab,Ludhiana,Jowar,Kharif,2018,18583.8,21410.4,1152.1
Haryana,Karnal,Maize,Rabi,2021,36305.4,81523.8,2245.5
Uttar Pradesh,Kanpur Dehat,Maize,Rabi,2023,39941.9,73389.2,1837.4
Maharashtra,Kolhapur,Jowar,Rabi,2016,27114.3,43678.4,1610.9
Uttar Pradesh,Kanpur Dehat,Rice,Kharif,2021,17767.5,45667.8,2570.3
Maharashtra,Nashik,Gram,Rabi,2023,39234.0,37040.8,944.1
Karnataka,Davanagere,Soyabean,Kharif,2015,26891.7,23350.1,868.3
Maharashtra,Kolhapur,Groundnut,Rabi,2019,40416.9,52105.5,1289.2
West Bengal,Bardhaman,Bajra,Kharif,2016,35490.9,49832.8,1404.1
Uttar Pradesh,Meerut,Jowar,Kharif,2018,43924.1,45575.6,1037.6
Madhya Pradesh,Indore,Groundnut,Rabi,2021,22158.2,34941.3,1576.9
Madhya Pradesh,Indore,Gram,Rabi,2023,17906.3,21618.3,1207.3
Madhya Pradesh,Indore,Cotton,Kharif,2015,6288.3,3147.3,500.5
Haryana,Karnal,Jowar,Kharif,2016,10168.5,13101.1,1288.4
Maharashtra,Pune,Wheat,Rabi,2016,8498.6,22525.5,2650.5
Haryana,Sirsa,Soyabean,Kharif,2015,12603.1,12240.1,971.2
West Bengal,Murshidabad,Jowar,Kharif,2016,33527.6,38714.3,1154.7
Uttar Pradesh,Meerut,Rice,Kharif,2018,26695.8,57331.9,2147.6
Tamil Nadu,Thanjavur,Maize,Kharif,2017,3744.6,13788.7,3682.3
Karnataka,Raichur,Soyabean,Kharif,2022,3895.9,5078.3,1303.5
Uttar Pradesh,Gorakhpur,Jowar,Rabi,2018,37715.3,49094.0,1301.7
Punjab,Patiala,Wheat,Rabi,2022,22002.8,63431.9,2882.9
Uttar Pradesh,Bareilly,Bajra,Kharif,2017,6829.7,10830.5,1585.8
Haryana,Hisar,Rice,Kharif,2017,43509.6,114195.3,2624.6
Madhya Pradesh,Sehore,Jowar,Kharif,2018,14429.0,20294.4,1406.5
Haryana,Kurukshetra,Soyabean,Kharif,2017,18182.3,18855.0,1037.0
Uttar Pradesh,Gorakhpur,Gram,Rabi,2015,16923.6,20105.2,1188.0
Haryana,Karnal,Jowar,Rabi,2017,25299.3,20904.8,826.3
West Bengal,Murshidabad,Sugarcane,Whole Year,2016,42719.9,2457786.9,57532.6
Madhya Pradesh,Sehore,Wheat,Rabi,2019,21649.4,64868.1,2996.3
Tamil Nadu,Erode,Rice,Kharif,2016,9736.0,29163.2,2995.4
Haryana,Hisar,Groundnut,Kharif,2022,23586.5,37047.3,1570.7
Andhra Pradesh,Kurnool,Groundnut,Rabi,2023,27500.0,34776.5,1264.6
Maharashtra,Kolhapur,Groundnut,Rabi,2023,4566.7,7124.1,1560.0
Punjab,Ludhiana,Groundnut,Kharif,2018,26979.1,41073.0,1522.4
Uttar Pradesh,Kanpur Dehat,Jowar,Rabi,2016,10809.4,8687.5,803.7
Haryana,Karnal,Groundnut,Rabi,2018,33688.3,45795.9,1359.4
Haryana,Kurukshetra,Soyabean,Kharif,2018,39369.2,57435.7,1458.9
Maharashtra,Kolhapur,Sugarcane,Whole Year,2019,39023.6,2071833.2,53091.8
Madhya Pradesh,Indore,Cotton,Kharif,2022,41426.2,19586.3,472.8
Bihar,Gaya,Cotton,Kharif,2019,43099.5,25661.4,595.4
Madhya Pradesh,Sehore,Groundnut,Kharif,2023,35304.4,44268.2,1253.9
Karnataka,Davanagere,Jowar,Rabi,2015,16023.1,20725.9,1293.5
Madhya Pradesh,Sehore,Maize,Rabi,2015,29288.0,53570.7,1829.1
Madhya Pradesh,Ujjain,Maize,Rabi,2019,31466.8,106052.6,3370.3
Haryana,Hisar,Jowar,Rabi,2017,13498.0,13552.0,1004.0
West Bengal,Murshidabad,Jowar,Rabi,2023,7557.8,10065.5,1331.8
Maharashtra,Nashik,Sugarcane,Whole Year,2016,43211.2,3519742.4,81454.4
Haryana,Kurukshetra,Groundnut,Rabi,2015,39630.3,36626.3,924.2
Madhya Pradesh,Hoshangabad,Rice,Kharif,2021,8142.3,17110.2,2101.4
Punjab,Bathinda,Groundnut,Kharif,2018,44917.7,62687.1,1395.6
Karnataka,Belagavi,Gram,Rabi,2015,25070.7,17333.9,691.4
West Bengal,Bardhaman,Sugarcane,Whole Year,2015,33818.0,2449383.6,72428.4
Tamil Nadu,Coimbatore,Groundnut,Rabi,2015,25560.3,39181.4,1532.9
Madhya Pradesh,Ujjain,Groundnut,Rabi,2019,6570.0,11389.8,1733.6
West Bengal,Nadia,Bajra,Kharif,2022,43986.8,74940.3,1703.7
Bihar,Rohtas,Rice,Kharif,2020,2667.8,7161.2,2684.3
West Bengal,Murshidabad,Soyabean,Kharif,2016,1354.9,1700.8,1255.3
Punjab,Ludhiana,Gram,Rabi,2017,13864.3,11690.4,843.2
West Bengal,Nadia,Rice,Kharif,2016,28250.5,52594.0,1861.7
Uttar Pradesh,Bareilly,Bajra,Kharif,2015,18212.8,22600.3,1240.9
Madhya Pradesh,Hoshangabad,Wheat,Rabi,2018,2043.7,5812.7,2844.2
Bihar,Patna,Bajra,Kharif,2021,34803.3,52528.6,1509.3
Bihar,Patna,Soyabean,Kharif,2023,27886.9,37418.6,1341.8
West Bengal,Hooghly,Groundnut,Kharif,2018,4895.7,7559.0,1544.0
Andhra Pradesh,Guntur,Sugarcane,Whole Year,2020,8192.9,615757.9,75157.5
Uttar Pradesh,Meerut,Groundnut,Kharif,2021,24101.2,27391.0,1136.5
Maharashtra,Pune,Jowar,Kharif,2017,19234.8,25507.3,1326.1
Punjab,Patiala,Groundnut,Kharif,2020,20680.7,25588.2,1237.3
Madhya Pradesh,Sehore,Groundnut,Rabi,2019,30949.9,38476.9,1243.2
Karnataka,Belagavi,Bajra,Kharif,2015,14732.9,11948.4,811.0
Andhra Pradesh,West Godavari,Rice,Kharif,2022,6205.0,16757.8,2700.7
Madhya Pradesh,Sehore,Jowar,Rabi,2016,8539.1,7798.8,913.3
Andhra Pradesh,Kurnool,Rice,Kharif,2023,13942.9,24602.2,1764.5
Uttar Pradesh,Bareilly,Wheat,Rabi,2021,26144.6,59484.2,2275.2
Bihar,Muzaffarpur,Sugarcane,Whole Year,2018,24010.3,1367559.5,56957.2
Karnataka,Davanagere,Sugarcane,Whole Year,2015,39532.9,3202232.1,81001.7
Madhya Pradesh,Sehore,Maize,Kharif,2022,18561.0,36173.5,1948.9
West Bengal,Murshidabad,Soyabean,Kharif,2018,36240.0,56770.0,1566.5
Uttar Pradesh,Kanpur Dehat,Jowar,Rabi,2017,512.8,521.9,1017.8
Madhya Pradesh,Hoshangabad,Jowar,Kharif,2020,12647.3,18304.4,1447.3
Uttar Pradesh,Meerut,Maize,Kharif,2020,40856.2,135193.2,3309.0
West Bengal,Hooghly,Maize,Rabi,2023,10076.6,26571.0,2636.9
Tamil Nadu,Salem,Cotton,Kharif,2017,36585.4,19430.5,531.1
Uttar Pradesh,Bareilly,Rice,Kharif,2017,25559.9,55886.7,2186.5
Tamil Nadu,Thanjavur,Maize,Rabi,2023,36661.7,68363.1,1864.7
Maharashtra,Nashik,Soyabean,Kharif,2019,31935.0,47452.2,1485.9
Andhra Pradesh,West Godavari,Maize,Kharif,2017,15736.4,40120.0,2549.5
West Bengal,Nadia,Bajra,Kharif,2016,7069.7,11412.6,1614.3
Tamil Nadu,Erode,Groundnut,Kharif,2022,26386.3,43112.6,1633.9
Andhra Pradesh,Kurnool,Wheat,Rabi,2023,25026.3,58013.5,2318.1
Karnataka,Davanagere,Cotton,Kharif,2021,29841.8,11414.5,382.5
Maharashtra,Nashik,Rice,Kharif,2015,37526.4,91872.1,2448.2
Maharashtra,Nagpur,Maize,Kharif,2022,23860.8,73515.1,3081.0
Madhya Pradesh,Sehore,Maize,Kharif,2017,28390.8,74366.9,2619.4
Bihar,Rohtas,Cotton,Kharif,2019,41919.7,19618.4,468.0
Bihar,Rohtas,Groundnut,Rabi,2020,27925.2,47637.6,1705.9
Bihar,Patna,Wheat,Rabi,2023,41528.3,126860.7,3054.8
Bihar,Gaya,Jowar,Kharif,2023,42092.1,58394.4,1387.3
Karnataka,Belagavi,Groundnut,Kharif,2016,22832.7,46587.8,2040.4
Karnataka,Mysuru,Jowar,Kharif,2023,6749.9,6021.6,892.1
Madhya Pradesh,Sehore,Rice,Kharif,2019,25778.2,72354.3,2806.8
Andhra Pradesh,Guntur,Jowar,Kharif,2021,7753.7,7745.9,999.0
Andhra Pradesh,West Godavari,Wheat,Rabi,2023,43397.7,149496.4,3444.8
Uttar Pradesh,Kanpur Dehat,Jowar,Rabi,2021,12804.6,14786.8,1154.8
Andhra Pradesh,Kurnool,Soyabean,Kharif,2021,35458.9,33877.4,955.4
Bihar,Muzaffarpur,Maize,Rabi,2022,28313.3,53107.3,1875.7
Uttar Pradesh,Gorakhpur,Bajra,Kharif,2017,27031.4,29104.7,1076.7
Uttar Pradesh,Gorakhpur,Wheat,Rabi,2018,21785.2,72673.2,3335.9
Andhra Pradesh,Krishna,Gram,Rabi,2020,41261.9,34853.9,844.7
Uttar Pradesh,Kanpur Dehat,Groundnut,Rabi,2023,5743.4,5863.4,1020.9
Karnataka,Mysuru,Gram,Rabi,2018,31751.9,28783.1,906.5
Madhya Pradesh,Hoshangabad,Gram,Rabi,2023,33521.5,25754.6,768.3
West Bengal,Hooghly,Maize,Rabi,2015,36422.8,109028.0,2993.4
Tamil Nadu,Erode,Groundnut,Kharif,2016,37465.8,42872.1,1144.3
Madhya Pradesh,Sehore,Rice,Kharif,2018,1377.2,2999.7,2178.1
West Bengal,Murshidabad,Gram,Rabi,2022,28654.3,33345.0,1163.7
Maharashtra,Kolhapur,Gram,Rabi,2022,18221.9,14010.8,768.9
West Bengal,Nadia,Cotton,Kharif,2020,41226.4,21751.0,527.6
Haryana,Hisar,Soyabean,Kharif,2019,30836.2,43124.4,1398.5
Uttar Pradesh,Kanpur Dehat,Jowar,Rabi,2015,13227.3,10936.3,826.8
Madhya Pradesh,Ujjain,Gram,Rabi,2016,22137.1,19808.3,894.8
Karnataka,Davanagere,Maize,Kharif,2019,32354.1,73288.5,2265.2
Uttar Pradesh,Meerut,Maize,Rabi,2022,8637.7,24503.4,2836.8
Uttar Pradesh,Kanpur Dehat,Wheat,Rabi,2015,26559.6,85118.2,3204.8
Bihar,Muzaffarpur,Bajra,Kharif,2022,27492.3,32355.7,1176.9
Andhra Pradesh,Guntur,Jowar,Rabi,2015,1569.3,1585.6,1010.4
Karnataka,Davanagere,Groundnut,Rabi,2017,20979.8,19104.2,910.6
Tamil Nadu,Thanjavur,Jowar,Rabi,2021,44254.5,56251.9,1271.1
Tamil Nadu,Erode,Maize,Kharif,2022,22759.6,49363.3,2168.9
Punjab,Bathinda,Sugarcane,Whole Year,2023,31444.8,2448361.3,77862.2
Madhya Pradesh,Indore,Bajra,Kharif,2023,4435.9,6086.5,1372.1
Uttar Pradesh,Kanpur Dehat,Jowar,Rabi,2018,16214.2,18033.4,1112.2
Tamil Nadu,Salem,Soyabean,Kharif,2020,36166.3,39363.4,1088.4
Haryana,Sirsa,Rice,Kharif,2022,16440.9,30542.3,1857.7
Bihar,Rohtas,Groundnut,Kharif,2017,20736.8,41114.9,1982.7
Tamil Nadu,Coimbatore,Jowar,Kharif,2016,32545.8,42628.5,1309.8
Haryana,Karnal,Rice,Kharif,2016,34491.6,75778.0,2197.0
Tamil Nadu,Coimbatore,Groundnut,Kharif,2022,17086.8,23178.2,1356.5
Bihar,Gaya,Maize,Rabi,2020,25080.3,65883.4,2626.9
Karnataka,Belagavi,Maize,Rabi,2022,25160.1,73648.6,2927.2
Karnataka,Raichur,Rice,Kharif,2023,31502.7,74028.2,2349.9
Punjab,Amritsar,Groundnut,Rabi,2015,20201.1,41240.5,2041.5
Tamil Nadu,Salem,Cotton,Kharif,2022,8795.9,3436.6,390.7
Karnataka,Mysuru,Wheat,Rabi,2023,15558.4,51881.0,3334.6
Bihar,Muzaffarpur,Cotton,Kharif,2016,41646.6,14626.3,351.2
West Bengal,Bardhaman,Rice,Kharif,2019,15621.5,40578.4,2597.6
Haryana,Karnal,Wheat,Rabi,2023,28078.2,97872.2,3485.7
Haryana,Sirsa,Maize,Kharif,2022,6857.0,16335.4,2382.3
Tamil Nadu,Erode,Jowar,Kharif,2019,22881.0,29791.1,1302.0
Andhra Pradesh,Guntur,Wheat,Rabi,2020,38141.5,117662.7,3084.9
Madhya Pradesh,Ujjain,Maize,Kharif,2017,11651.5,33401.4,2866.7
Karnataka,Raichur,Gram,Rabi,2020,20381.7,15477.9,759.4
Bihar,Patna,Sugarcane,Whole Year,2021,7837.8,436551.4,55698.2
Madhya Pradesh,Hoshangabad,Wheat,Rabi,2020,18503.0,54924.3,2968.4
Haryana,Hisar,Groundnut,Rabi,2016,43296.9,52436.9,1211.1
Tamil Nadu,Erode,Soyabean,Kharif,2019,3490.3,4419.8,1266.3
Maharashtra,Nashik,Jowar,Rabi,2022,6257.6,9094.8,1453.4
Uttar Pradesh,Meerut,Jowar,Rabi,2022,4591.6,4052.1,882.5
Andhra Pradesh,Kurnool,Sugarcane,Whole Year,2021,39720.3,2916629.9,73429.2
Haryana,Sirsa,Rice,Kharif,2018,4642.7,10766.4,2319.0
Andhra Pradesh,Kurnool,Gram,Rabi,2020,17674.3,14913.6,843.8
West Bengal,Nadia,Sugarcane,Whole Year,2020,25724.7,1915075.3,74445.0
Haryana,Karnal,Jowar,Kharif,2021,28356.7,31532.7,1112.0
Maharashtra,Pune,Jowar,Rabi,2021,33433.6,28886.6,864.0
Haryana,Hisar,Soyabean,Kharif,2022,28683.5,31124.5,1085.1
Madhya Pradesh,Sehore,Jowar,Kharif,2020,36020.8,26925.5,747.5
Haryana,Sirsa,Gram,Rabi,2016,3107.3,3952.8,1272.1
Haryana,Hisar,Cotton,Kharif,2019,32169.6,17982.8,559.0
Haryana,Kurukshetra,Jowar,Kharif,2018,40536.1,61509.5,1517.4
Maharashtra,Kolhapur,Bajra,Kharif,2016,35963.1,52844.2,1469.4
West Bengal,Nadia,Maize,Kharif,2018,29261.6,70699.0,2416.1
Madhya Pradesh,Sehore,Sugarcane,Whole Year,2022,37132.3,2990379.2,80533.1
West Bengal,Bardhaman,Cotton,Kharif,2023,16768.4,9215.9,549.6
Andhra Pradesh,Kurnool,Wheat,Rabi,2016,1904.7,4968.8,2608.7
Madhya Pradesh,Indore,Cotton,Kharif,2023,32104.6,14270.5,444.5
West Bengal,Nadia,Rice,Kharif,2021,37205.2,81654.3,2194.7
Madhya Pradesh,Hoshangabad,Wheat,Rabi,2021,14749.7,38262.2,2594.1
Maharashtra,Pune,Wheat,Rabi,2023,18623.8,52103.8,2797.7
Andhra Pradesh,Krishna,Maize,Kharif,2023,18240.8,40430.7,2216.5
Andhra Pradesh,West Godavari,Gram,Rabi,2018,24646.6,18635.3,756.1
Haryana,Kurukshetra,Bajra,Kharif,2020,30635.2,47748.0,1558.6
Tamil Nadu,Coimbatore,Rice,Kharif,2023,33190.8,95420.2,2874.9
Madhya Pradesh,Indore,Groundnut,Kharif,2017,17854.2,25324.4,1418.4
West Bengal,Bardhaman,Maize,Rabi,2017,6193.7,14163.1,2286.7
Uttar Pradesh,Meerut,Rice,Kharif,2022,18450.9,40355.8,2187.2
Maharashtra,Nashik,Rice,Kharif,2019,31037.5,60967.0,1964.3
West Bengal,Murshidabad,Jowar,Kharif,2017,14449.6,20742.4,1435.5
Maharashtra,Kolhapur,Maize,Kharif,2021,30917.5,76533.2,2475.4
Punjab,Amritsar,Soyabean,Kharif,2019,11687.5,10334.1,884.2
Tamil Nadu,Erode,Wheat,Rabi,2023,44951.5,163421.2,3635.5
Madhya Pradesh,Indore,Maize,Rabi,2022,6799.3,19136.6,2814.5
West Bengal,Nadia,Jowar,Kharif,2021,20687.6,32599.5,1575.8
Uttar Pradesh,Bareilly,Bajra,Kharif,2021,11628.7,19065.3,1639.5
Tamil Nadu,Thanjavur,Wheat,Rabi,2015,17237.3,39276.9,2278.6
Madhya Pradesh,Indore,Sugarcane,Whole Year,2017,20671.1,1119660.5,54165.5
Bihar,Gaya,Jowar,Rabi,2015,33381.1,52521.8,1573.4
Madhya Pradesh,Hoshangabad,Jowar,Rabi,2019,28177.5,21479.7,762.3
Madhya Pradesh,Hoshangabad,Jowar,Rabi,2020,34657.0,44759.5,1291.5
Maharashtra,Nashik,Maize,Kharif,2016,8830.0,20851.2,2361.4
Karnataka,Mysuru,Wheat,Rabi,2016,40956.3,148720.5,3631.2
Karnataka,Davanagere,Groundnut,Rabi,2015,25668.1,34487.7,1343.6
Punjab,Bathinda,Sugarcane,Whole Year,2021,33215.8,1858404.1,55949.4
Haryana,Sirsa,Maize,Rabi,2022,23173.8,66837.9,2884.2
Maharashtra,Nashik,Maize,Kharif,2017,39286.9,83449.3,2124.1
Bihar,Patna,Jowar,Kharif,2020,18626.5,25408.4,1364.1
Madhya Pradesh,Sehore,Bajra,Kharif,2016,43540.8,64949.8,1491.7
Punjab,Amritsar,Groundnut,Rabi,2021,35558.3,58667.6,1649.9
Andhra Pradesh,Kurnool,Sugarcane,Whole Year,2019,30549.4,1638327.7,53628.8
Maharashtra,Nashik,Wheat,Rabi,2023,13745.3,46340.9,3371.4
Bihar,Patna,Groundnut,Kharif,2019,31901.8,47010.5,1473.6
Andhra Pradesh,Guntur,Bajra,Kharif,2021,42317.8,70323.7,1661.8
Karnataka,Davanagere,Rice,Kharif,2023,12863.8,24200.7,1881.3
Bihar,Gaya,Groundnut,Kharif,2018,10482.1,13418.1,1280.1
Madhya Pradesh,Sehore,Rice,Kharif,2023,27859.8,61681.6,2214.0
Punjab,Patiala,Maize,Rabi,2018,38776.3,131044.5,3379.5
Karnataka,Belagavi,Groundnut,Kharif,2023,9329.4,16755.6,1796.0
West Bengal,Nadia,Sugarcane,Whole Year,2023,17888.6,1499796.3,83840.9
Bihar,Rohtas,Groundnut,Kharif,2016,645.4,831.4,1288.2
Andhra Pradesh,Krishna,Cotton,Kharif,2022,4597.1,2899.9,630.8
Bihar,Rohtas,Gram,Rabi,2021,12927.8,9792.8,757.5
Uttar Pradesh,Meerut,Cotton,Kharif,2022,30667.8,17692.3,576.9
Punjab,Bathinda,Cotton,Kharif,2017,37424.4,18502.6,494.4
Bihar,Muzaffarpur,Groundnut,Kharif,2020,23916.4,43095.0,1801.9
Haryana,Sirsa,Maize,Kharif,2019,33019.0,66014.9,1999.3
Haryana,Sirsa,Groundnut,Rabi,2020,43867.7,41591.0,948.1
Maharashtra,Nashik,Rice,Kharif,2021,21753.7,38525.8,1771.0
Madhya Pradesh,Sehore,Jowar,Rabi,2018,23907.7,28665.3,1199.0
Bihar,Gaya,Sugarcane,Whole Year,2016,11581.9,823425.6,71095.9
Punjab,Patiala,Bajra,Kharif,2016,18334.9,18998.6,1036.2
West Bengal,Murshidabad,Sugarcane,Whole Year,2017,1210.0,94388.8,78007.3
Karnataka,Raichur,Cotton,Kharif,2021,6234.7,3690.3,591.9
Uttar Pradesh,Gorakhpur,Maize,Kharif,2021,44802.5,143645.8,3206.2
Uttar Pradesh,Gorakhpur,Jowar,Kharif,2021,11126.0,15541.9,1396.9
Punjab,Amritsar,Maize,Kharif,2021,6179.4,15530.1,2513.2
Haryana,Karnal,Jowar,Rabi,2020,8976.4,9277.1,1033.5
Uttar Pradesh,Meerut,Gram,Rabi,2021,20327.3,15865.5,780.5
Karnataka,Mysuru,Gram,Rabi,2015,40555.6,34598.0,853.1
West Bengal,Nadia,Jowar,Kharif,2018,42193.3,54231.0,1285.3
Haryana,Sirsa,Groundnut,Kharif,2015,32552.8,35980.6,1105.3
Punjab,Amritsar,Groundnut,Rabi,2022,19418.7,30351.4,1563.0
West Bengal,Murshidabad,Bajra,Kharif,2020,28083.1,39967.9,1423.2
Madhya Pradesh,Sehore,Soyabean,Kharif,2018,35700.4,33761.9,945.7
Madhya Pradesh,Indore,Maize,Kharif,2020,37085.2,128774.6,3472.4
Maharashtra,Nagpur,Cotton,Kharif,2016,16999.9,11537.8,678.7
Punjab,Bathinda,Rice,Kharif,2018,15783.0,43138.1,2733.2
West Bengal,Bardhaman,Maize,Rabi,2020,42165.0,150541.7,3570.3
West Bengal,Bardhaman,Maize,Kharif,2017,5915.8,16321.7,2759.0
Maharashtra,Pune,Wheat,Rabi,2017,31900.0,122907.5,3852.9
Punjab,Bathinda,Groundnut,Rabi,2018,20359.2,37448.7,1839.4
Tamil Nadu,Thanjavur,Jowar,Kharif,2018,19104.6,28127.7,1472.3
West Bengal,Murshidabad,Jowar,Rabi,2016,4720.7,4663.1,987.8
Tamil Nadu,Salem,Gram,Rabi,2022,31548.8,31826.4,1008.8
Punjab,Ludhiana,Gram,Rabi,2020,24883.2,16059.6,645.4
West Bengal,Bardhaman,Maize,Kharif,2021,18313.7,56492.3,3084.7
Bihar,Muzaffarpur,Jowar,Rabi,2018,10227.9,14577.8,1425.3
Andhra Pradesh,Kurnool,Maize,Kharif,2023,21760.2,56654.9,2603.6
Uttar Pradesh,Kanpur Dehat,Maize,Rabi,2016,20553.7,55686.1,2709.3
Andhra Pradesh,Krishna,Cotton,Kharif,2017,20227.5,8481.4,419.3
Tamil Nadu,Coimbatore,Cotton,Kharif,2018,29977.6,11142.7,371.7
Bihar,Gaya,Maize,Rabi,2023,26679.5,55861.5,2093.8
Tamil Nadu,Thanjavur,Maize,Kharif,2022,29440.0,72157.4,2451.0
Bihar,Rohtas,Soyabean,Kharif,2019,14790.8,21476.2,1452.0
Madhya Pradesh,Hoshangabad,Groundnut,Rabi,2017,42412.1,77440.3,1825.9
Maharashtra,Kolhapur,Gram,Rabi,2015,28729.3,20320.2,707.3
Andhra Pradesh,Guntur,Groundnut,Rabi,2017,33301.6,56716.0,1703.1
Bihar,Muzaffarpur,Groundnut,Rabi,2015,43051.4,82822.3,1923.8
Andhra Pradesh,Kurnool,Bajra,Kharif,2021,38913.4,64810.3,1665.5
Bihar,Patna,Maize,Rabi,2016,9155.0,24936.4,2723.8
West Bengal,Murshidabad,Jowar,Rabi,2017,1464.8,1510.5,1031.2
Punjab,Patiala,Cotton,Kharif,2017,14044.2,6112.0,435.2
West Bengal,Bardhaman,Maize,Kharif,2015,18263.4,39847.1,2181.8
Bihar,Gaya,Rice,Kharif,2021,16136.5,34795.1,2156.3
Uttar Pradesh,Meerut,Wheat,Rabi,2017,2662.1,11329.6,4255.9
Maharashtra,Nashik,Maize,Rabi,2021,7282.8,24264.1,3331.7
Uttar Pradesh,Gorakhpur,Sugarcane,Whole Year,2021,27092.5,2020940.7,74594.1
Maharashtra,Nashik,Bajra,Kharif,2020,13134.8,12763.1,971.7
Punjab,Amritsar,Jowar,Rabi,2021,37014.5,35123.1,948.9
Andhra Pradesh,Kurnool,Sugarcane,Whole Year,2022,34489.5,2398655.1,69547.4
Maharashtra,Pune,Maize,Kharif,2018,22437.6,66426.5,2960.5
Punjab,Bathinda,Jowar,Kharif,2021,24239.8,25994.8,1072.4
Bihar,Gaya,Groundnut,Rabi,2023,36304.4,57999.9,1597.6
Haryana,Hisar,Sugarcane,Whole Year,2015,13487.2,782930.6,58049.9
Punjab,Amritsar,Bajra,Kharif,2015,33828.6,44055.0,1302.3
Haryana,Kurukshetra,Gram,Rabi,2020,34373.1,28670.6,834.1
Andhra Pradesh,Guntur,Rice,Kharif,2020,22205.7,64549.7,2906.9
Uttar Pradesh,Gorakhpur,Rice,Kharif,2020,39337.0,74032.2,1882.0
Haryana,Karnal,Maize,Rabi,2015,27648.4,57680.1,2086.2
Bihar,Rohtas,Cotton,Kharif,2023,1875.7,604.5,322.3
Haryana,Hisar,Maize,Rabi,2016,14494.6,49731.0,3431.0
Bihar,Rohtas,Bajra,Kharif,2017,4966.3,4972.3,1001.2
Karnataka,Belagavi,Soyabean,Kharif,2019,37851.4,35992.9,950.9
Maharashtra,Kolhapur,Wheat,Rabi,2018,38911.0,114390.6,2939.8
Haryana,Hisar,Cotton,Kharif,2023,4641.4,2287.7,492.9
Haryana,Hisar,Sugarcane,Whole Year,2017,17442.6,954886.4,54744.5
Bihar,Gaya,Bajra,Kharif,2020,10793.0,16340.6,1514.0
Haryana,Sirsa,Wheat,Rabi,2021,12693.9,41851.8,3297.0
West Bengal,Bardhaman,Bajra,Kharif,2015,34524.4,61073.7,1769.0
West Bengal,Hooghly,Sugarcane,Whole Year,2018,15617.5,1188154.4,76078.4
Uttar Pradesh,Bareilly,Cotton,Kharif,2023,29874.5,15558.6,520.8
Bihar,Patna,Groundnut,Kharif,2015,3389.9,4981.8,1469.6
Uttar Pradesh,Meerut,Groundnut,Kharif,2017,35273.2,53103.8,1505.5
Tamil Nadu,Salem,Maize,Rabi,2020,8421.2,17292.1,2053.4
Punjab,Amritsar,Soyabean,Kharif,2018,33694.1,39108.7,1160.7
West Bengal,Murshidabad,Bajra,Kharif,2019,3377.1,3023.5,895.3
Bihar,Rohtas,Soyabean,Kharif,2022,22614.5,23539.4,1040.9
Tamil Nadu,Coimbatore,Gram,Rabi,2019,37595.4,44903.9,1194.4
Andhra Pradesh,West Godavari,Rice,Kharif,2020,37864.2,74202.5,1959.7
Tamil Nadu,Erode,Jowar,Kharif,2018,14993.0,16837.1,1123.0
Punjab,Ludhiana,Sugarcane,Whole Year,2021,8973.2,497672.5,55462.1
West Bengal,Bardhaman,Jowar,Rabi,2020,42956.2,47612.7,1108.4
Uttar Pradesh,Meerut,Rice,Kharif,2021,16486.7,36986.3,2243.4
West Bengal,Hooghly,Maize,Rabi,2019,25375.3,49601.1,1954.7
Tamil Nadu,Thanjavur,Gram,Rabi,2022,2513.1,2697.1,1073.2
Andhra Pradesh,Guntur,Jowar,Rabi,2022,31667.9,35762.6,1129.3
Bihar,Gaya,Sugarcane,Whole Year,2018,9006.8,497226.7,55205.7
Maharashtra,Pune,Cotton,Kharif,2020,15702.5,7661.2,487.9
Punjab,Patiala,Groundnut,Rabi,2022,29100.1,32321.5,1110.7
Haryana,Karnal,Soyabean,Kharif,2021,31328.2,25996.1,829.8
Karnataka,Mysuru,Groundnut,Rabi,2018,2532.8,3615.6,1427.5
Haryana,Hisar,Sugarcane,Whole Year,2019,3923.0,223707.1,57024.5
Andhra Pradesh,Krishna,Bajra,Kharif,2016,15069.0,18280.2,1213.1
Tamil Nadu,Erode,Wheat,Rabi,2018,22520.1,78248.3,3474.6
West Bengal,Hooghly,Jowar,Kharif,2015,38936.6,45649.3,1172.4
Karnataka,Belagavi,Rice,Kharif,2021,6217.9,14426.8,2320.2
Uttar Pradesh,Bareilly,Sugarcane,Whole Year,2021,36629.2,2890538.4,78913.5
Bihar,Rohtas,Gram,Rabi,2017,1421.9,1232.2,866.6
Punjab,Bathinda,Groundnut,Kharif,2023,30718.3,56451.0,1837.7
Uttar Pradesh,Gorakhpur,Cotton,Kharif,2022,1673.2,817.4,488.5
Bihar,Rohtas,Groundnut,Kharif,2018,25751.7,26642.7,1034.6
Haryana,Sirsa,Sugarcane,Whole Year,2015,24369.4,1639914.4,67294.0
Tamil Nadu,Erode,Sugarcane,Whole Year,2015,7020.4,423540.7,60330.0
Haryana,Hisar,Groundnut,Kharif,2016,24692.2,41559.4,1683.1
Uttar Pradesh,Kanpur Dehat,Sugarcane,Whole Year,2018,21400.5,1265632.0,59140.3
Tamil Nadu,Coimbatore,Jowar,Rabi,2019,12837.1,19819.2,1543.9
Haryana,Hisar,Maize,Rabi,2018,11201.0,34505.8,3080.6
Karnataka,Raichur,Maize,Kharif,2020,16173.4,44633.7,2759.7
Madhya Pradesh,Indore,Rice,Kharif,2021,15690.6,44332.2,2825.4
Andhra Pradesh,West Godavari,Bajra,Kharif,2021,25913.4,32809.0,1266.1
Uttar Pradesh,Meerut,Jowar,Kharif,2020,28115.0,42762.9,1521.0
Karnataka,Raichur,Jowar,Kharif,2018,17537.2,20374.7,1161.8
Andhra Pradesh,Krishna,Groundnut,Rabi,2016,42249.7,49673.0,1175.7
Andhra Pradesh,Guntur,Wheat,Rabi,2017,9853.3,27739.0,2815.2
West Bengal,Murshidabad,Jowar,Rabi,2021,21713.2,20354.0,937.4
Haryana,Sirsa,Groundnut,Rabi,2022,3830.0,5756.9,1503.1
Maharashtra,Nagpur,Groundnut,Rabi,2018,6939.2,14281.6,2058.1
West Bengal,Hooghly,Bajra,Kharif,2019,36706.9,66314.7,1806.6
Bihar,Patna,Jowar,Rabi,2018,36741.9,43377.5,1180.6
Andhra Pradesh,Guntur,Groundnut,Kharif,2020,27859.0,51915.2,1863.5
Karnataka,Mysuru,Maize,Kharif,2016,7375.8,15723.7,2131.8
Punjab,Bathinda,Gram,Rabi,2015,21258.0,16681.2,784.7
Tamil Nadu,Erode,Maize,Kharif,2019,42202.8,132837.5,3147.6
Andhra Pradesh,Guntur,Jowar,Rabi,2017,718.6,787.4,1095.7
Bihar,Muzaffarpur,Maize,Rabi,2020,14813.0,41729.7,2817.1
Madhya Pradesh,Ujjain,Groundnut,Rabi,2017,10319.5,14741.4,1428.5
Uttar Pradesh,Bareilly,Cotton,Kharif,2017,21994.7,11078.7,503.7
Karnataka,Belagavi,Gram,Rabi,2020,24942.7,26910.7,1078.9
Haryana,Kurukshetra,Wheat,Rabi,2016,43249.5,139263.4,3220.0
Maharashtra,Nagpur,Bajra,Kharif,2021,18022.9,19043.0,1056.6
Tamil Nadu,Thanjavur,Wheat,Rabi,2018,11686.5,37443.5,3204.0
Karnataka,Belagavi,Gram,Rabi,2017,12534.4,14875.8,1186.8
Haryana,Sirsa,Cotton,Kharif,2021,28471.4,13586.6,477.2
Tamil Nadu,Coimbatore,Maize,Rabi,2017,42470.7,117138.4,2758.1
Madhya Pradesh,Sehore,Sugarcane,Whole Year,2016,14262.4,1123720.2,78789.0
Bihar,Rohtas,Soyabean,Kharif,2016,18813.5,19509.6,1037.0
Punjab,Patiala,Bajra,Kharif,2019,32611.0,51727.6,1586.2
Uttar Pradesh,Meerut,Jowar,Rabi,2020,35389.4,33765.0,954.1
Tamil Nadu,Coimbatore,Rice,Kharif,2019,4812.0,9974.3,2072.8
West Bengal,Bardhaman,Jowar,Kharif,2022,38999.9,41180.0,1055.9
Karnataka,Raichur,Wheat,Rabi,2021,18584.2,53531.8,2880.5
Maharashtra,Nagpur,Bajra,Kharif,2017,17935.4,32506.1,1812.4
Uttar Pradesh,Kanpur Dehat,Bajra,Kharif,2016,11786.7,18809.2,1595.8
Bihar,Patna,Cotton,Kharif,2020,38079.7,17238.7,452.7
Punjab,Patiala,Rice,Kharif,2020,4880.7,14009.6,2870.4
Andhra Pradesh,Kurnool,Rice,Kharif,2017,32752.3,78287.8,2390.3
Punjab,Amritsar,Jowar,Kharif,2020,16599.2,23472.9,1414.1
Andhra Pradesh,Krishna,Soyabean,Kharif,2015,21313.9,29903.4,1403.0
Karnataka,Davanagere,Rice,Kharif,2018,36923.8,66739.8,1807.5
Madhya Pradesh,Sehore,Groundnut,Rabi,2017,19115.7,23867.9,1248.6
Punjab,Bathinda,Jowar,Kharif,2023,37992.6,50199.6,1321.3
West Bengal,Bardhaman,Soyabean,Kharif,2020,20618.6,21773.2,1056.0
Andhra Pradesh,West Godavari,Gram,Rabi,2023,26120.9,25089.1,960.5
Haryana,Sirsa,Jowar,Rabi,2018,13632.2,15209.4,1115.7
Maharashtra,Nagpur,Cotton,Kharif,2020,32772.3,17870.7,545.3
West Bengal,Bardhaman,Soyabean,Kharif,2018,7703.9,8612.2,1117.9
Bihar,Patna,Maize,Rabi,2017,7248.3,18681.8,2577.4
Karnataka,Davanagere,Groundnut,Kharif,2017,28460.2,41532.0,1459.3
Madhya Pradesh,Indore,Jowar,Kharif,2023,28282.1,25349.2,896.3
Tamil Nadu,Thanjavur,Sugarcane,Whole Year,2015,31894.8,2161182.1,67759.7
West Bengal,Murshidabad,Rice,Kharif,2023,44961.8,128536.8,2858.8
Punjab,Bathinda,Cotton,Kharif,2019,37655.9,19995.3,531.0
Andhra Pradesh,Guntur,Groundnut,Kharif,2021,33109.8,60432.0,1825.2
Karnataka,Raichur,Bajra,Kharif,2022,27551.7,49736.3,1805.2
Bihar,Muzaffarpur,Maize,Kharif,2018,17033.5,56198.6,3299.3
Madhya Pradesh,Sehore,Maize,Rabi,2017,36257.4,96854.4,2671.3
Karnataka,Raichur,Wheat,Rabi,2023,4836.3,15204.4,3143.8
Uttar Pradesh,Meerut,Bajra,Kharif,2017,33780.2,51585.7,1527.1
Maharashtra,Kolhapur,Rice,Kharif,2017,43975.7,81170.3,1845.8
Andhra Pradesh,Krishna,Groundnut,Rabi,2015,44753.8,66683.2,1490.0
Haryana,Karnal,Groundnut,Rabi,2015,4546.9,7225.9,1589.2
Haryana,Karnal,Cotton,Kharif,2022,29242.5,15875.8,542.9
Maharashtra,Pune,Jowar,Rabi,2020,11136.3,16815.8,1510.0
Punjab,Bathinda,Jowar,Rabi,2017,26166.3,36004.8,1376.0
West Bengal,Nadia,Maize,Rabi,2017,22414.3,61966.6,2764.6
Bihar,Muzaffarpur,Maize,Rabi,2021,35438.7,78156.5,2205.4
Bihar,Patna,Sugarcane,Whole Year,2019,39620.2,3011285.8,76003.8
Punjab,Ludhiana,Maize,Kharif,2018,14503.2,41054.2,2830.7
West Bengal,Hooghly,Bajra,Kharif,2023,30249.7,48965.2,1618.7
Karnataka,Belagavi,Wheat,Rabi,2022,3435.2,11595.5,3375.5
Karnataka,Davanagere,Bajra,Kharif,2018,21581.5,34206.7,1585.0
Karnataka,Mysuru,Soyabean,Kharif,2023,22833.3,30482.5,1335.0
Haryana,Hisar,Wheat,Rabi,2019,1262.8,4993.4,3954.2
Karnataka,Mysuru,Groundnut,Rabi,2017,43961.5,68166.7,1550.6
Madhya Pradesh,Hoshangabad,Soyabean,Kharif,2019,10339.6,11461.4,1108.5
Punjab,Patiala,Bajra,Kharif,2022,27993.8,38718.2,1383.1
West Bengal,Nadia,Maize,Kharif,2020,39805.1,85378.0,2144.9
Tamil Nadu,Erode,Maize,Rabi,2023,37222.7,102299.1,2748.3
Bihar,Muzaffarpur,Maize,Kharif,2023,7200.7,21493.4,2984.9
Tamil Nadu,Coimbatore,Maize,Kharif,2021,14509.0,47096.2,3246.0
Tamil Nadu,Salem,Jowar,Kharif,2021,19684.0,21939.8,1114.6
Haryana,Karnal,Rice,Kharif,2020,15589.3,50434.5,3235.2
Haryana,Sirsa,Jowar,Rabi,2023,41114.1,46800.2,1138.3
West Bengal,Bardhaman,Jowar,Rabi,2017,5126.5,7502.1,1463.4
Andhra Pradesh,West Godavari,Rice,Kharif,2016,30895.4,73166.5,2368.2
Haryana,Kurukshetra,Bajra,Kharif,2023,27602.7,28290.0,1024.9
Haryana,Kurukshetra,Soyabean,Kharif,2015,44878.5,63610.8,1417.4
Andhra Pradesh,Krishna,Cotton,Kharif,2015,3755.7,1853.1,493.4
Bihar,Patna,Maize,Rabi,2015,18050.8,34469.8,1909.6
West Bengal,Hooghly,Cotton,Kharif,2023,31490.5,11538.1,366.4
Uttar Pradesh,Kanpur Dehat,Maize,Rabi,2022,38712.8,84242.9,2176.1
Haryana,Sirsa,Groundnut,Rabi,2019,40429.3,62992.9,1558.1
Madhya Pradesh,Hoshangabad,Wheat,Rabi,2023,42508.4,175976.3,4139.8
Punjab,Bathinda,Bajra,Kharif,2015,28877.7,45554.6,1577.5
Haryana,Karnal,Bajra,Kharif,2017,32889.7,30794.6,936.3
Maharashtra,Kolhapur,Cotton,Kharif,2020,8881.1,3372.2,379.7
Andhra Pradesh,Krishna,Maize,Kharif,2015,19819.6,42602.2,2149.5
Bihar,Rohtas,Gram,Rabi,2015,32682.8,28022.2,857.4
Tamil Nadu,Thanjavur,Bajra,Kharif,2015,23241.1,24101.0,1037.0
West Bengal,Bardhaman,Groundnut,Rabi,2019,40592.6,85926.4,2116.8
Punjab,Amritsar,Rice,Kharif,2019,11357.3,26286.5,2314.5
Maharashtra,Nagpur,Rice,Kharif,2023,17624.8,41046.4,2328.9
Maharashtra,Nagpur,Rice,Kharif,2018,27468.1,46160.1,1680.5
Uttar Pradesh,Gorakhpur,Soyabean,Kharif,2022,19289.7,21442.4,1111.6
Punjab,Bathinda,Maize,Kharif,2018,7720.0,26139.1,3385.9
Haryana,Kurukshetra,Groundnut,Rabi,2020,16064.3,20067.5,1249.2
Karnataka,Mysuru,Sugarcane,Whole Year,2023,39236.2,2064785.4,52624.5
Madhya Pradesh,Hoshangabad,Groundnut,Kharif,2015,36858.2,69610.4,1888.6
Andhra Pradesh,Kurnool,Cotton,Kharif,2023,36052.4,23102.4,640.8
Maharashtra,Kolhapur,Jowar,Kharif,2023,13699.4,11373.2,830.2
Andhra Pradesh,Krishna,Jowar,Rabi,2023,8623.7,10144.9,1176.4
West Bengal,Bardhaman,Groundnut,Rabi,2016,28726.9,49312.6,1716.6
Punjab,Ludhiana,Cotton,Kharif,2022,24498.7,12548.2,512.2
Haryana,Kurukshetra,Sugarcane,Whole Year,2015,30202.3,1627411.7,53883.7
Andhra Pradesh,Guntur,Groundnut,Kharif,2022,28995.9,35404.0,1221.0
Maharashtra,Pune,Maize,Rabi,2016,43572.1,122289.5,2806.6
Andhra Pradesh,Krishna,Sugarcane,Whole Year,2017,30521.1,2096964.4,68705.4
Uttar Pradesh,Kanpur Dehat,Soyabean,Kharif,2018,36597.2,49867.3,1362.6
West Bengal,Nadia,Groundnut,Kharif,2023,17295.4,17186.4,993.7
Maharashtra,Nashik,Maize,Rabi,2017,38726.0,90696.3,2342.0
Haryana,Sirsa,Jowar,Rabi,2020,6607.0,6791.3,1027.9
Madhya Pradesh,Indore,Jowar,Kharif,2016,2848.5,3198.3,1122.8
Maharashtra,Pune,Sugarcane,Whole Year,2020,10357.7,529917.5,51161.7
Bihar,Muzaffarpur,Jowar,Kharif,2022,44566.5,48827.1,1095.6
West Bengal,Murshidabad,Cotton,Kharif,2019,1388.0,814.5,586.8
Tamil Nadu,Thanjavur,Groundnut,Kharif,2021,8455.9,11873.8,1404.2
Haryana,Kurukshetra,Rice,Kharif,2018,23927.0,46516.5,1944.1
Punjab,Bathinda,Groundnut,Kharif,2019,3839.3,5914.8,1540.6
Haryana,Kurukshetra,Groundnut,Rabi,2018,28775.7,27736.9,963.9
Karnataka,Davanagere,Sugarcane,Whole Year,2020,35759.2,2486398.0,69531.7
Madhya Pradesh,Ujjain,Maize,Rabi,2020,4276.4,13038.7,3049.0
Maharashtra,Kolhapur,Groundnut,Kharif,2020,33816.1,43534.8,1287.4
Karnataka,Raichur,Sugarcane,Whole Year,2022,13713.1,888063.1,64760.2
Karnataka,Davanagere,Rice,Kharif,2020,14376.2,31111.5,2164.1
Karnataka,Davanagere,Cotton,Kharif,2016,11951.6,5577.8,466.7
West Bengal,Nadia,Rice,Kharif,2023,37174.1,109514.9,2946.0
Bihar,Rohtas,Rice,Kharif,2022,15248.0,26472.1,1736.1
Maharashtra,Kolhapur,Jowar,Kharif,2018,14649.5,21060.1,1437.6
Madhya Pradesh,Ujjain,Jowar,Kharif,2015,21827.5,33134.1,1518.0
West Bengal,Bardhaman,Rice,Kharif,2016,27646.4,91545.5,3311.3
Uttar Pradesh,Bareilly,Groundnut,Kharif,2017,40288.8,71536.8,1775.6
Punjab,Ludhiana,Maize,Rabi,2021,22776.1,55692.1,2445.2
Tamil Nadu,Coimbatore,Groundnut,Kharif,2015,7257.2,13204.5,1819.5
Bihar,Muzaffarpur,Jowar,Rabi,2023,35824.6,59458.1,1659.7
Uttar Pradesh,Kanpur Dehat,Rice,Kharif,2020,25334.7,59853.2,2362.5
Maharashtra,Kolhapur,Cotton,Kharif,2016,24423.4,9361.5,383.3
Bihar,Rohtas,Wheat,Rabi,2022,31602.0,78610.0,2487.5
Madhya Pradesh,Sehore,Bajra,Kharif,2020,22916.7,42579.2,1858.0
Punjab,Bathinda,Groundnut,Kharif,2022,16801.6,23043.4,1371.5
Haryana,Karnal,Jowar,Kharif,2017,13372.2,20063.6,1500.4
Bihar,Gaya,Jowar,Rabi,2020,28029.8,23856.2,851.1
Punjab,Ludhiana,Groundnut,Kharif,2021,26473.4,43686.4,1650.2
Uttar Pradesh,Gorakhpur,Rice,Kharif,2017,3883.3,11681.7,3008.2
Uttar Pradesh,Gorakhpur,Sugarcane,Whole Year,2020,20295.6,1748232.5,86138.5
Andhra Pradesh,Guntur,Groundnut,Rabi,2022,3609.8,3473.3,962.2
Maharashtra,Pune,Rice,Kharif,2019,18095.2,50418.7,2786.3
Karnataka,Davanagere,Rice,Kharif,2016,3971.7,10858.6,2734.0
Bihar,Gaya,Maize,Rabi,2018,24984.3,74808.0,2994.2
West Bengal,Nadia,Soyabean,Kharif,2021,4826.9,5651.8,1170.9
Tamil Nadu,Salem,Sugarcane,Whole Year,2016,15394.7,1002744.6,65135.7
Andhra Pradesh,Guntur,Jowar,Kharif,2016,33902.0,56460.4,1665.4
Uttar Pradesh,Gorakhpur,Rice,Kharif,2022,30573.6,83716.6,2738.2
Madhya Pradesh,Hoshangabad,Groundnut,Rabi,2018,22778.2,35848.3,1573.8
Punjab,Amritsar,Jowar,Rabi,2019,23116.7,37049.1,1602.7
Tamil Nadu,Erode,Gram,Rabi,2019,18135.7,15506.0,855.0
Maharashtra,Pune,Cotton,Kharif,2022,29266.7,9944.8,339.8
Tamil Nadu,Salem,Groundnut,Rabi,2022,21189.1,23433.0,1105.9
Punjab,Amritsar,Groundnut,Rabi,2018,8234.7,7530.6,914.5
Karnataka,Davanagere,Groundnut,Rabi,2019,21925.3,25255.8,1151.9
Punjab,Amritsar,Cotton,Kharif,2016,30642.0,18538.4,605.0
West Bengal,Murshidabad,Cotton,Kharif,2020,26527.7,11521.0,434.3
Punjab,Ludhiana,Groundnut,Rabi,2018,16944.0,20763.2,1225.4
Punjab,Patiala,Jowar,Kharif,2023,26121.3,33780.1,1293.2
Punjab,Bathinda,Jowar,Rabi,2021,22049.2,21273.1,964.8
Bihar,Gaya,Soyabean,Kharif,2022,19781.6,20907.2,1056.9
Madhya Pradesh,Indore,Groundnut,Kharif,2023,38825.5,65828.6,1695.5
Bihar,Rohtas,Jowar,Kharif,2015,11570.1,10844.7,937.3
Uttar Pradesh,Kanpur Dehat,Rice,Kharif,2015,34924.4,100533.4,2878.6
Haryana,Sirsa,Wheat,Rabi,2022,40719.1,107490.3,2639.8
West Bengal,Bardhaman,Gram,Rabi,2017,4896.8,6442.2,1315.6
Karnataka,Davanagere,Bajra,Kharif,2015,5604.5,5049.1,900.9
Tamil Nadu,Erode,Cotton,Kharif,2020,26952.1,13826.4,513.0
Andhra Pradesh,Guntur,Jowar,Rabi,2016,33204.0,31782.9,957.2
Tamil Nadu,Coimbatore,Gram,Rabi,2021,19875.9,15469.4,778.3
Punjab,Patiala,Soyabean,Kharif,2017,23910.8,32949.1,1378.0
Tamil Nadu,Thanjavur,Wheat,Rabi,2019,43581.1,113785.9,2610.9
West Bengal,Nadia,Jowar,Rabi,2022,19275.3,19901.7,1032.5
Uttar Pradesh,Gorakhpur,Soyabean,Kharif,2018,42639.6,44844.1,1051.7
Karnataka,Raichur,Maize,Kharif,2022,26972.7,71760.9,2660.5
Andhra Pradesh,Krishna,Bajra,Kharif,2018,19633.3,26218.3,1335.4
Haryana,Karnal,Cotton,Kharif,2020,41844.9,21407.9,511.6
Uttar Pradesh,Bareilly,Bajra,Kharif,2016,19299.6,24197.8,1253.8
Haryana,Kurukshetra,Groundnut,Kharif,2017,1400.4,2356.2,1682.5
Maharashtra,Nashik,Rice,Kharif,2018,2299.5,5060.5,2200.7
Haryana,Hisar,Cotton,Kharif,2021,12504.6,4370.4,349.5
Uttar Pradesh,Gorakhpur,Soyabean,Kharif,2019,13535.1,12242.5,904.5
Madhya Pradesh,Indore,Jowar,Rabi,2015,38389.3,34657.9,902.8
Madhya Pradesh,Sehore,Groundnut,Kharif,2015,39499.4,82277.3,2083.0
Uttar Pradesh,Meerut,Bajra,Kharif,2022,34034.9,33313.4,978.8
Andhra Pradesh,Krishna,Jowar,Rabi,2017,24180.3,27655.0,1143.7
Andhra Pradesh,Guntur,Bajra,Kharif,2019,35681.1,59048.7,1654.9
Punjab,Ludhiana,Soyabean,Kharif,2016,12895.3,14980.5,1161.7
Madhya Pradesh,Hoshangabad,Maize,Rabi,2023,4435.9,12507.9,2819.7
Tamil Nadu,Salem,Maize,Kharif,2021,25695.4,60862.1,2368.6
Haryana,Sirsa,Groundnut,Kharif,2022,11408.1,10935.8,958.6
Andhra Pradesh,West Godavari,Maize,Rabi,2020,34473.3,65537.2,1901.1
Punjab,Ludhiana,Cotton,Kharif,2020,34579.6,13015.8,376.4
Andhra Pradesh,Krishna,Groundnut,Kharif,2020,24501.5,48831.5,1993.0
Bihar,Gaya,Soyabean,Kharif,2021,22301.1,33469.5,1500.8
Haryana,Sirsa,Sugarcane,Whole Year,2022,12460.0,1060212.7,85089.3
West Bengal,Nadia,Maize,Rabi,2020,11147.3,32725.1,2935.7
Andhra Pradesh,West Godavari,Wheat,Rabi,2018,9934.6,27452.3,2763.3
Maharashtra,Kolhapur,Jowar,Rabi,2018,44001.8,53493.0,1215.7
Karnataka,Belagavi,Maize,Kharif,2022,21720.4,40571.5,1867.9
Bihar,Patna,Wheat,Rabi,2016,1228.8,3403.7,2769.9
Andhra Pradesh,Krishna,Gram,Rabi,2017,38180.1,47393.0,1241.3
Punjab,Ludhiana,Jowar,Rabi,2019,43332.8,38479.5,888.0
Uttar Pradesh,Kanpur Dehat,Maize,Rabi,2019,19907.5,57345.5,2880.6
Madhya Pradesh,Sehore,Cotton,Kharif,2023,27458.8,16799.3,611.8
West Bengal,Bardhaman,Jowar,Kharif,2020,27157.6,31595.2,1163.4
Tamil Nadu,Thanjavur,Rice,Kharif,2022,28022.3,64000.1,2283.9
Madhya Pradesh,Indore,Groundnut,Kharif,2019,42478.3,66775.9,1572.0
Uttar Pradesh,Bareilly,Jowar,Kharif,2020,28203.9,27276.0,967.1
Karnataka,Davanagere,Groundnut,Kharif,2022,13956.4,16962.6,1215.4
Bihar,Gaya,Bajra,Kharif,2023,4810.1,5872.2,1220.8
Tamil Nadu,Erode,Cotton,Kharif,2023,20073.9,9117.6,454.2
Uttar Pradesh,Meerut,Gram,Rabi,2020,41054.4,46231.4,1126.1
West Bengal,Hooghly,Soyabean,Kharif,2019,42361.3,57586.0,1359.4
Haryana,Hisar,Maize,Kharif,2015,10550.6,33905.4,3213.6
West Bengal,Bardhaman,Wheat,Rabi,2016,39673.9,140040.9,3529.8
West Bengal,Bardhaman,Groundnut,Rabi,2017,7266.3,14146.8,1946.9
Uttar Pradesh,Gorakhpur,Gram,Rabi,2021,16429.4,16283.2,991.1
Karnataka,Belagavi,Groundnut,Kharif,2022,38955.4,70836.5,1818.4
Maharashtra,Nagpur,Bajra,Kharif,2018,44602.3,58058.8,1301.7
Uttar Pradesh,Kanpur Dehat,Gram,Rabi,2017,36685.1,39234.7,1069.5
West Bengal,Bardhaman,Groundnut,Rabi,2021,25231.2,35765.2,1417.5
Bihar,Rohtas,Wheat,Rabi,2018,20287.7,80722.7,3978.9
Punjab,Amritsar,Jowar,Kharif,2018,43673.2,48014.3,1099.4
Uttar Pradesh,Gorakhpur,Jowar,Kharif,2018,3565.0,3043.4,853.7
Andhra Pradesh,Guntur,Maize,Rabi,2021,43559.7,134176.9,3080.3
Maharashtra,Kolhapur,Wheat,Rabi,2020,6477.7,16454.0,2540.1
Bihar,Patna,Jowar,Kharif,2023,13862.6,15750.7,1136.2
Madhya Pradesh,Sehore,Jowar,Rabi,2017,40144.8,50714.9,1263.3
Karnataka,Raichur,Groundnut,Kharif,2023,13597.3,23111.3,1699.7
Punjab,Patiala,Gram,Rabi,2023,40366.5,41202.1,1020.7
Punjab,Patiala,Cotton,Kharif,2022,42799.7,22713.8,530.7
Karnataka,Raichur,Groundnut,Rabi,2017,34607.0,47591.5,1375.2
Maharashtra,Pune,Groundnut,Rabi,2019,34502.4,55783.5,1616.8
Karnataka,Davanagere,Groundnut,Rabi,2018,29419.7,34300.4,1165.9
Maharashtra,Nashik,Cotton,Kharif,2020,19062.6,9132.9,479.1
Bihar,Gaya,Rice,Kharif,2015,35189.4,75956.3,2158.5
Tamil Nadu,Salem,Bajra,Kharif,2018,28718.2,43545.4,1516.3
Andhra Pradesh,Kurnool,Wheat,Rabi,2019,41064.2,161517.8,3933.3
Karnataka,Davanagere,Jowar,Rabi,2023,2499.3,3294.8,1318.3
Bihar,Muzaffarpur,Gram,Rabi,2015,11065.4,14527.8,1312.9
Karnataka,Belagavi,Rice,Kharif,2020,43105.3,102991.5,2389.3
Maharashtra,Nashik,Bajra,Kharif,2022,26866.4,31320.8,1165.8
Punjab,Patiala,Sugarcane,Whole Year,2015,8946.5,557389.3,62302.5
Punjab,Amritsar,Cotton,Kharif,2023,31975.2,15882.1,496.7
Bihar,Muzaffarpur,Maize,Kharif,2021,7587.7,18970.0,2500.1
Bihar,Gaya,Rice,Kharif,2019,44649.5,84677.8,1896.5
Madhya Pradesh,Hoshangabad,Jowar,Rabi,2018,43757.2,49358.1,1128.0
Punjab,Amritsar,Jowar,Rabi,2016,5727.2,8181.3,1428.5
Haryana,Sirsa,Rice,Kharif,2017,18933.0,46446.4,2453.2
Madhya Pradesh,Hoshangabad,Rice,Kharif,2015,6375.2,14001.2,2196.2
Karnataka,Davanagere,Soyabean,Kharif,2017,13105.3,19996.1,1525.8
West Bengal,Bardhaman,Maize,Rabi,2021,8581.9,24987.1,2911.6
Madhya Pradesh,Sehore,Cotton,Kharif,2019,11816.6,6054.8,512.4
Uttar Pradesh,Gorakhpur,Rice,Kharif,2019,40991.8,92170.1,2248.5
West Bengal,Murshidabad,Jowar,Rabi,2022,36261.2,35057.3,966.8
West Bengal,Nadia,Cotton,Kharif,2017,2285.8,1086.7,475.4
Madhya Pradesh,Hoshangabad,Maize,Rabi,2015,27426.0,100883.8,3678.4
Madhya Pradesh,Hoshangabad,Bajra,Kharif,2022,22378.4,21357.9,954.4
Karnataka,Raichur,Groundnut,Kharif,2018,7548.3,14220.2,1883.9
Haryana,Kurukshetra,Maize,Kharif,2015,44215.9,106670.9,2412.5
Tamil Nadu,Coimbatore,Groundnut,Kharif,2016,27453.3,33537.0,1221.6
Tamil Nadu,Coimbatore,Soyabean,Kharif,2019,34872.3,34356.2,985.2
Madhya Pradesh,Ujjain,Jowar,Rabi,2016,35552.3,32903.7,925.5
Tamil Nadu,Erode,Rice,Kharif,2023,33183.5,74613.1,2248.5
Uttar Pradesh,Kanpur Dehat,Wheat,Rabi,2019,24239.3,62758.0,2589.1
Punjab,Bathinda,Jowar,Kharif,2022,7361.6,10063.3,1367.0
Tamil Nadu,Coimbatore,Sugarcane,Whole Year,2018,27792.0,1805674.0,64971.0
Tamil Nadu,Coimbatore,Gram,Rabi,2017,21614.3,18800.1,869.8
Madhya Pradesh,Indore,Maize,Rabi,2019,5735.5,11714.8,2042.5
Karnataka,Raichur,Sugarcane,Whole Year,2021,28601.8,1711019.7,59822.1
Punjab,Patiala,Gram,Rabi,2015,22488.2,26956.6,1198.7
Punjab,Patiala,Groundnut,Rabi,2015,36623.7,56807.0,1551.1
Uttar Pradesh,Bareilly,Groundnut,Rabi,2019,14423.9,24072.0,1668.9
West Bengal,Nadia,Cotton,Kharif,2019,40486.8,14599.5,360.6
Bihar,Patna,Jowar,Kharif,2015,33276.3,39372.5,1183.2
Tamil Nadu,Coimbatore,Cotton,Kharif,2020,22026.4,12665.2,575.0
Karnataka,Belagavi,Jowar,Rabi,2018,31374.2,41479.8,1322.1
Punjab,Amritsar,Jowar,Rabi,2015,4647.8,7987.2,1718.5
Maharashtra,Pune,Groundnut,Rabi,2018,35837.9,72711.5,2028.9
Bihar,Patna,Soyabean,Kharif,2018,37290.7,42586.0,1142.0
Punjab,Amritsar,Maize,Rabi,2022,7966.6,24047.2,3018.5
Haryana,Hisar,Maize,Kharif,2018,22743.7,63070.6,2773.1
Madhya Pradesh,Hoshangabad,Cotton,Kharif,2015,25233.7,14759.2,584.9
Uttar Pradesh,Bareilly,Sugarcane,Whole Year,2016,4932.4,339166.6,68763.0
Punjab,Ludhiana,Wheat,Rabi,2021,12380.5,51273.8,4141.5
Haryana,Karnal,Jowar,Rabi,2016,36357.0,55168.1,1517.4
Karnataka,Davanagere,Gram,Rabi,2023,31593.3,32120.9,1016.7
West Bengal,Bardhaman,Soyabean,Kharif,2015,2636.8,2452.2,930.0
Uttar Pradesh,Meerut,Cotton,Kharif,2023,44016.4,22664.0,514.9
Punjab,Ludhiana,Soyabean,Kharif,2020,3109.3,3972.1,1277.5
West Bengal,Hooghly,Groundnut,Rabi,2022,17001.7,31133.5,1831.2
West Bengal,Nadia,Jowar,Rabi,2018,4798.1,5961.2,1242.4
Madhya Pradesh,Indore,Sugarcane,Whole Year,2021,18336.3,1242376.0,67755.0
Uttar Pradesh,Meerut,Jowar,Rabi,2021,3533.9,4059.4,1148.7
Andhra Pradesh,West Godavari,Groundnut,Kharif,2016,36708.1,50187.3,1367.2
Tamil Nadu,Erode,Gram,Rabi,2022,22394.4,23601.5,1053.9
Uttar Pradesh,Bareilly,Jowar,Kharif,2016,34687.6,52607.2,1516.6
Maharashtra,Nashik,Wheat,Rabi,2019,11841.3,30494.9,2575.3
Bihar,Gaya,Maize,Rabi,2021,2312.8,7462.0,3226.4
Punjab,Amritsar,Gram,Rabi,2017,31882.6,35816.9,1123.4
Andhra Pradesh,Krishna,Maize,Rabi,2021,37148.4,102915.9,2770.4
Andhra Pradesh,Kurnool,Groundnut,Rabi,2020,22273.2,24493.8,1099.7
Tamil Nadu,Erode,Soyabean,Kharif,2023,2290.4,3001.6,1310.5
Uttar Pradesh,Kanpur Dehat,Soyabean,Kharif,2017,16618.9,20496.1,1233.3
Punjab,Amritsar,Maize,Kharif,2016,34569.0,75664.6,2188.8
Tamil Nadu,Salem,Bajra,Kharif,2017,18375.8,27119.0,1475.8
Madhya Pradesh,Sehore,Rice,Kharif,2020,26665.5,80087.2,3003.4
Tamil Nadu,Erode,Jowar,Kharif,2021,43715.4,37123.1,849.2
Tamil Nadu,Thanjavur,Sugarcane,Whole Year,2023,38893.4,2228506.3,57297.8
West Bengal,Murshidabad,Groundnut,Rabi,2015,670.9,1091.7,1627.2
West Bengal,Hooghly,Maize,Kharif,2019,44195.3,129739.7,2935.6
Madhya Pradesh,Hoshangabad,Groundnut,Kharif,2016,15721.0,23042.3,1465.7
Punjab,Amritsar,Gram,Rabi,2023,15566.0,17581.8,1129.5
Karnataka,Raichur,Jowar,Kharif,2016,9272.0,13032.7,1405.6
Tamil Nadu,Thanjavur,Groundnut,Rabi,2020,38795.4,52742.3,1359.5
Andhra Pradesh,Krishna,Wheat,Rabi,2020,40899.8,158462.2,3874.4
Haryana,Hisar,Cotton,Kharif,2016,19717.2,11087.0,562.3
Haryana,Kurukshetra,Jowar,Rabi,2015,37908.4,50948.9,1344.0
Bihar,Patna,Gram,Rabi,2017,40815.0,29909.2,732.8
Maharashtra,Kolhapur,Maize,Rabi,2021,31558.4,70299.5,2227.6
West Bengal,Nadia,Groundnut,Kharif,2016,41984.9,89818.3,2139.3
Haryana,Karnal,Wheat,Rabi,2016,33399.7,93866.5,2810.4
Karnataka,Belagavi,Maize,Rabi,2019,14080.8,50302.2,3572.4
Bihar,Muzaffarpur,Jowar,Rabi,2021,28142.5,47248.4,1678.9
Uttar Pradesh,Bareilly,Groundnut,Kharif,2021,22853.4,37701.3,1649.7
Maharashtra,Kolhapur,Wheat,Rabi,2015,14821.1,47571.3,3209.7
Punjab,Amritsar,Cotton,Kharif,2017,3881.8,2177.7,561.0
Madhya Pradesh,Ujjain,Gram,Rabi,2021,13332.6,14901.8,1117.7
Tamil Nadu,Coimbatore,Groundnut,Kharif,2021,11385.3,11282.8,991.0
Tamil Nadu,Salem,Maize,Rabi,2017,11479.6,37772.5,3290.4
Maharashtra,Kolhapur,Wheat,Rabi,2023,17515.5,44636.5,2548.4
Uttar Pradesh,Gorakhpur,Groundnut,Rabi,2022,28914.1,37151.7,1284.9
Bihar,Gaya,Bajra,Kharif,2022,20137.0,21292.9,1057.4
Bihar,Patna,Sugarcane,Whole Year,2020,18536.6,1374952.3,74175.0
West Bengal,Bardhaman,Maize,Rabi,2023,12300.6,31923.7,2595.3
Tamil Nadu,Erode,Wheat,Rabi,2017,14641.0,47340.2,3233.4
Bihar,Rohtas,Jowar,Rabi,2020,42419.7,58458.6,1378.1
Madhya Pradesh,Hoshangabad,Maize,Rabi,2019,36264.0,92763.3,2558.0
Haryana,Kurukshetra,Soyabean,Kharif,2023,2167.2,2098.3,968.2
West Bengal,Hooghly,Groundnut,Kharif,2021,9312.8,17319.9,1859.8
Uttar Pradesh,Meerut,Jowar,Kharif,2023,13590.9,13066.3,961.4
Andhra Pradesh,Krishna,Groundnut,Rabi,2020,15091.1,19209.5,1272.9
Haryana,Karnal,Groundnut,Kharif,2017,21451.8,33512.0,1562.2
Madhya Pradesh,Ujjain,Wheat,Rabi,2019,3792.9,13706.0,3613.6
Punjab,Bathinda,Maize,Kharif,2023,44307.6,109807.5,2478.3
Punjab,Patiala,Rice,Kharif,2021,31383.1,82860.8,2640.3
West Bengal,Bardhaman,Jowar,Kharif,2023,11699.4,13476.5,1151.9
Bihar,Patna,Soyabean,Kharif,2015,22422.9,23631.5,1053.9
West Bengal,Nadia,Cotton,Kharif,2016,22404.1,12642.6,564.3
Maharashtra,Pune,Maize,Kharif,2017,5883.0,14069.2,2391.5
Haryana,Sirsa,Soyabean,Kharif,2017,25726.4,27208.2,1057.6
Punjab,Ludhiana,Sugarcane,Whole Year,2023,4879.6,305984.1,62706.8
Punjab,Patiala,Sugarcane,Whole Year,2016,29993.2,2225441.5,74198.2
Madhya Pradesh,Hoshangabad,Groundnut,Rabi,2023,43119.8,47798.3,1108.5
Andhra Pradesh,West Godavari,Cotton,Kharif,2020,8586.8,4296.8,500.4
Bihar,Muzaffarpur,Gram,Rabi,2019,44697.0,40593.8,908.2
Bihar,Rohtas,Sugarcane,Whole Year,2019,31438.6,2603468.2,82811.2
Andhra Pradesh,Guntur,Bajra,Kharif,2023,31870.4,38515.4,1208.5
Andhra Pradesh,Kurnool,Maize,Rabi,2020,17071.3,34554.0,2024.1
Haryana,Kurukshetra,Soyabean,Kharif,2020,34247.8,57683.6,1684.3
Haryana,Hisar,Groundnut,Kharif,2015,18335.8,29837.8,1627.3
Tamil Nadu,Erode,Groundnut,Kharif,2017,3208.5,3924.6,1223.2
Bihar,Muzaffarpur,Maize,Rabi,2017,11429.8,26920.6,2355.3
Punjab,Ludhiana,Rice,Kharif,2017,1826.0,3754.8,2056.3
Bihar,Patna,Jowar,Rabi,2019,42890.6,62195.7,1450.1
West Bengal,Bardhaman,Maize,Kharif,2016,4631.9,11301.4,2439.9
Punjab,Bathinda,Sugarcane,Whole Year,2017,3511.7,242805.6,69141.9
West Bengal,Bardhaman,Jowar,Kharif,2019,10496.2,10183.4,970.2
Uttar Pradesh,Bareilly,Rice,Kharif,2016,34506.2,85520.2,2478.4
Bihar,Patna,Groundnut,Rabi,2023,18188.3,28937.6,1591.0
Andhra Pradesh,Krishna,Rice,Kharif,2022,36414.9,80389.5,2207.6
Uttar Pradesh,Kanpur Dehat,Groundnut,Kharif,2023,27856.3,30274.2,1086.8
Andhra Pradesh,West Godavari,Maize,Kharif,2023,17052.7,40172.8,2355.8
Tamil Nadu,Coimbatore,Bajra,Kharif,2017,19973.3,30475.3,1525.8
Andhra Pradesh,Krishna,Sugarcane,Whole Year,2019,16425.6,1226676.9,74680.8
Maharashtra,Nashik,Bajra,Kharif,2016,9628.4,14013.2,1455.4
Punjab,Amritsar,Rice,Kharif,2015,15415.9,47127.9,3057.1
Tamil Nadu,Salem,Maize,Rabi,2018,9003.3,24918.4,2767.7
Haryana,Sirsa,Jowar,Rabi,2022,35295.3,37843.6,1072.2
Andhra Pradesh,Guntur,Cotton,Kharif,2017,37304.9,23479.7,629.4
West Bengal,Bardhaman,Gram,Rabi,2018,38299.6,34416.0,898.6
Bihar,Gaya,Rice,Kharif,2016,12884.4,25860.3,2007.1
Punjab,Patiala,Maize,Kharif,2019,29833.6,97869.1,3280.5
Madhya Pradesh,Sehore,Gram,Rabi,2018,14881.1,9468.8,636.3
Andhra Pradesh,West Godavari,Cotton,Kharif,2015,2389.1,1058.1,442.9
Maharashtra,Kolhapur,Cotton,Kharif,2021,40316.1,13348.7,331.1
Andhra Pradesh,Krishna,Jowar,Kharif,2015,15528.6,21086.3,1357.9
Madhya Pradesh,Indore,Wheat,Rabi,2015,35977.8,125598.5,3491.0
Bihar,Patna,Maize,Kharif,2020,2108.9,6898.0,3270.9
Madhya Pradesh,Ujjain,Soyabean,Kharif,2020,27668.9,22940.3,829.1
Haryana,Hisar,Jowar,Kharif,2022,43390.4,50883.9,1172.7
Punjab,Ludhiana,Jowar,Kharif,2022,35538.2,33647.6,946.8
West Bengal,Bardhaman,Cotton,Kharif,2015,40052.5,15412.2,384.8
Tamil Nadu,Thanjavur,Jowar,Rabi,2022,40544.3,51969.7,1281.8
Punjab,Bathinda,Jowar,Rabi,2019,43070.9,53713.7,1247.1
Madhya Pradesh,Sehore,Jowar,Rabi,2022,37745.5,30321.0,803.3
Karnataka,Belagavi,Jowar,Rabi,2022,39622.4,54706.6,1380.7
Bihar,Rohtas,Wheat,Rabi,2023,28750.0,74637.9,2596.1
Maharashtra,Nagpur,Rice,Kharif,2021,43686.9,98658.1,2258.3
Haryana,Karnal,Wheat,Rabi,2017,24189.1,82891.2,3426.8
Punjab,Bathinda,Sugarcane,Whole Year,2018,25159.8,1624007.2,64547.7
Haryana,Karnal,Wheat,Rabi,2015,15094.5,47620.1,3154.8
Uttar Pradesh,Kanpur Dehat,Groundnut,Kharif,2022,19180.9,19273.0,1004.8
Haryana,Karnal,Maize,Kharif,2015,1904.9,5720.4,3003.0
Tamil Nadu,Thanjavur,Jowar,Rabi,2016,19138.8,25391.4,1326.7
Tamil Nadu,Erode,Soyabean,Kharif,2022,29460.9,32277.4,1095.6
Punjab,Amritsar,Wheat,Rabi,2023,24646.2,71267.0,2891.6
West Bengal,Murshidabad,Wheat,Rabi,2016,6907.3,23296.3,3372.7
Andhra Pradesh,Kurnool,Groundnut,Kharif,2021,33982.8,57108.1,1680.5
West Bengal,Bardhaman,Jowar,Rabi,2015,44247.4,33557.2,758.4
Tamil Nadu,Salem,Rice,Kharif,2018,11792.3,36501.9,3095.4
Karnataka,Belagavi,Maize,Rabi,2023,19367.3,55262.7,2853.4
Punjab,Amritsar,Bajra,Kharif,2021,12493.2,12153.4,972.8
Haryana,Karnal,Sugarcane,Whole Year,2016,44874.1,2923991.9,65159.9
Madhya Pradesh,Ujjain,Cotton,Kharif,2018,20897.5,12358.8,591.4
West Bengal,Nadia,Groundnut,Kharif,2020,39946.6,62172.9,1556.4
Madhya Pradesh,Ujjain,Bajra,Kharif,2018,22270.0,39914.5,1792.3
Karnataka,Raichur,Cotton,Kharif,2020,29177.3,18343.8,628.7
Punjab,Amritsar,Sugarcane,Whole Year,2017,37467.5,2310073.7,61655.4
Tamil Nadu,Thanjavur,Groundnut,Rabi,2015,14474.2,13783.8,952.3
Punjab,Ludhiana,Sugarcane,Whole Year,2019,30269.5,1641966.0,54244.9
Bihar,Patna,Gram,Rabi,2019,14272.4,14446.5,1012.2
West Bengal,Murshidabad,Rice,Kharif,2018,41031.1,129120.8,3146.9
Andhra Pradesh,Krishna,Sugarcane,Whole Year,2023,19274.5,1683101.4,87322.7
Andhra Pradesh,West Godavari,Groundnut,Kharif,2017,18784.5,22712.3,1209.1
Uttar Pradesh,Meerut,Soyabean,Kharif,2016,14054.6,15915.4,1132.4
Haryana,Sirsa,Groundnut,Kharif,2017,44172.9,74855.4,1694.6
Maharashtra,Nashik,Cotton,Kharif,2017,22131.5,11703.1,528.8
Andhra Pradesh,West Godavari,Maize,Rabi,2016,19821.2,42445.1,2141.4
Punjab,Bathinda,Maize,Rabi,2018,13185.3,38071.2,2887.4
Madhya Pradesh,Hoshangabad,Soyabean,Kharif,2017,22078.0,27083.1,1226.7
Andhra Pradesh,Guntur,Groundnut,Rabi,2023,21348.7,31764.7,1487.9
Tamil Nadu,Coimbatore,Groundnut,Rabi,2022,24778.7,32958.1,1330.1
Maharashtra,Kolhapur,Soyabean,Kharif,2020,42583.1,48544.7,1140.0
Andhra Pradesh,Guntur,Gram,Rabi,2018,20368.8,23450.6,1151.3
Maharashtra,Nashik,Maize,Kharif,2015,28259.6,73966.7,2617.4
Punjab,Patiala,Rice,Kharif,2019,41481.3,137456.6,3313.7
West Bengal,Hooghly,Rice,Kharif,2018,17530.0,39070.9,2228.8
Uttar Pradesh,Bareilly,Cotton,Kharif,2022,870.9,373.0,428.3
Maharashtra,Kolhapur,Cotton,Kharif,2017,41535.4,17901.8,431.0
Andhra Pradesh,Krishna,Wheat,Rabi,2017,20844.6,71790.9,3444.1
Maharashtra,Kolhapur,Cotton,Kharif,2022,1926.6,1042.7,541.2
Punjab,Patiala,Maize,Kharif,2015,12714.4,36998.9,2910.0
Madhya Pradesh,Ujjain,Bajra,Kharif,2021,7129.2,8595.7,1205.7
Madhya Pradesh,Ujjain,Groundnut,Kharif,2023,32602.4,48368.9,1483.6
Andhra Pradesh,Kurnool,Bajra,Kharif,2019,10710.0,19062.7,1779.9
Karnataka,Raichur,Cotton,Kharif,2017,1191.1,445.1,373.7
Andhra Pradesh,Guntur,Cotton,Kharif,2022,23853.2,11051.2,463.3
Maharashtra,Nashik,Bajra,Kharif,2015,23986.7,42497.2,1771.7
Madhya Pradesh,Indore,Maize,Kharif,2018,22752.4,56203.0,2470.2
Tamil Nadu,Salem,Wheat,Rabi,2017,38138.2,99906.8,2619.6
Bihar,Rohtas,Jowar,Rabi,2019,42945.8,59630.2,1388.5
Madhya Pradesh,Sehore,Groundnut,Rabi,2022,33256.6,36505.8,1097.7
Uttar Pradesh,Kanpur Dehat,Cotton,Kharif,2023,29843.9,19759.6,662.1
Bihar,Patna,Rice,Kharif,2015,525.5,1348.7,2566.6
Madhya Pradesh,Ujjain,Rice,Kharif,2021,29718.9,95986.1,3229.8
Haryana,Kurukshetra,Maize,Rabi,2022,8954.3,28104.9,3138.7
Madhya Pradesh,Indore,Sugarcane,Whole Year,2019,6169.0,377834.6,61247.3
Karnataka,Raichur,Groundnut,Rabi,2016,39985.5,48570.4,1214.7
Uttar Pradesh,Meerut,Rice,Kharif,2017,31361.9,63140.9,2013.3
Karnataka,Belagavi,Bajra,Kharif,2019,42700.6,48529.2,1136.5
Andhra Pradesh,Guntur,Soyabean,Kharif,2020,33733.8,39205.4,1162.2
Madhya Pradesh,Indore,Maize,Rabi,2018,9068.3,20362.0,2245.4
Uttar Pradesh,Gorakhpur,Cotton,Kharif,2017,43465.9,18468.7,424.9
West Bengal,Hooghly,Soyabean,Kharif,2023,20433.1,19826.2,970.3
Uttar Pradesh,Kanpur Dehat,Rice,Kharif,2017,31772.1,105019.5,3305.4
Karnataka,Raichur,Groundnut,Rabi,2019,36807.2,59844.8,1625.9
Andhra Pradesh,Kurnool,Maize,Rabi,2023,26326.2,55140.2,2094.5
Haryana,Kurukshetra,Gram,Rabi,2018,28581.0,23236.4,813.0
Maharashtra,Kolhapur,Soyabean,Kharif,2015,20979.1,28279.8,1348.0
Maharashtra,Pune,Bajra,Kharif,2017,25387.0,27971.4,1101.8
West Bengal,Murshidabad,Bajra,Kharif,2018,29640.5,47931.7,1617.1
Punjab,Amritsar,Groundnut,Kharif,2023,35688.0,42897.0,1202.0
Maharashtra,Pune,Gram,Rabi,2021,35539.9,29533.7,831.0
Karnataka,Raichur,Groundnut,Kharif,2019,1815.2,1816.1,1000.5
Uttar Pradesh,Bareilly,Maize,Kharif,2022,34935.2,67784.8,1940.3
Maharashtra,Nashik,Groundnut,Rabi,2023,33550.0,54572.4,1626.6
Punjab,Patiala,Sugarcane,Whole Year,2022,6938.6,372989.3,53755.7
Karnataka,Mysuru,Jowar,Rabi,2020,28117.3,38281.7,1361.5
Maharashtra,Pune,Cotton,Kharif,2017,12935.9,6219.6,480.8
Haryana,Sirsa,Maize,Kharif,2023,20084.4,62368.1,3105.3
Madhya Pradesh,Ujjain,Jowar,Rabi,2018,5438.0,5969.3,1097.7
Uttar Pradesh,Kanpur Dehat,Gram,Rabi,2019,20918.8,20358.2,973.2
Bihar,Patna,Gram,Rabi,2015,42622.7,26796.9,628.7
Andhra Pradesh,Guntur,Gram,Rabi,2021,15510.4,16085.8,1037.1
Karnataka,Mysuru,Groundnut,Rabi,2015,3406.7,5653.8,1659.6
Uttar Pradesh,Gorakhpur,Soyabean,Kharif,2023,36437.1,46293.3,1270.5
Maharashtra,Kolhapur,Rice,Kharif,2023,29205.7,71527.7,2449.1
Madhya Pradesh,Hoshangabad,Jowar,Kharif,2017,15569.1,21806.1,1400.6
West Bengal,Hooghly,Gram,Rabi,2023,6885.1,4767.9,692.5
Bihar,Rohtas,Groundnut,Rabi,2016,28284.0,34585.7,1222.8
Bihar,Rohtas,Cotton,Kharif,2022,27154.6,12360.8,455.2
Bihar,Muzaffarpur,Maize,Rabi,2016,1668.2,4113.8,2466.0
Andhra Pradesh,Guntur,Groundnut,Kharif,2018,29665.1,63542.6,2142.0
Bihar,Muzaffarpur,Groundnut,Kharif,2015,16300.3,27255.7,1672.1
Punjab,Patiala,Jowar,Kharif,2018,6606.9,6184.7,936.1
Haryana,Kurukshetra,Groundnut,Kharif,2015,31367.9,34943.8,1114.0
West Bengal,Bardhaman,Maize,Rabi,2016,14885.6,30025.7,2017.1
Uttar Pradesh,Kanpur Dehat,Wheat,Rabi,2021,41180.5,163737.8,3976.1
Maharashtra,Nashik,Groundnut,Kharif,2020,15688.7,20572.6,1311.3
Tamil Nadu,Coimbatore,Cotton,Kharif,2016,21902.7,7289.2,332.8
Tamil Nadu,Erode,Sugarcane,Whole Year,2021,8304.7,580651.3,69918.4
Karnataka,Davanagere,Maize,Rabi,2020,38462.5,121468.4,3158.1
West Bengal,Nadia,Gram,Rabi,2021,1716.1,1206.2,702.9
Madhya Pradesh,Hoshangabad,Sugarcane,Whole Year,2023,39323.7,3204877.6,81499.9
Haryana,Sirsa,Cotton,Kharif,2017,42059.6,17454.7,415.0
Andhra Pradesh,Krishna,Gram,Rabi,2023,31409.6,28513.6,907.8
Madhya Pradesh,Ujjain,Groundnut,Rabi,2020,9498.4,10953.6,1153.2
Uttar Pradesh,Gorakhpur,Groundnut,Kharif,2023,42848.2,47235.9,1102.4
Punjab,Amritsar,Soyabean,Kharif,2016,4640.9,5008.9,1079.3
Punjab,Patiala,Jowar,Rabi,2019,14307.2,14308.6,1000.1
West Bengal,Nadia,Jowar,Rabi,2023,13859.6,13880.4,1001.5
West Bengal,Hooghly,Jowar,Rabi,2017,6156.6,9506.4,1544.1
West Bengal,Nadia,Bajra,Kharif,2023,37143.2,69008.4,1857.9
Bihar,Muzaffarpur,Gram,Rabi,2020,26046.9,33785.4,1297.1
Punjab,Bathinda,Sugarcane,Whole Year,2015,6889.2,469350.9,68128.5
Karnataka,Raichur,Maize,Rabi,2019,26364.9,49832.3,1890.1
Bihar,Patna,Sugarcane,Whole Year,2016,40074.1,2874451.1,71728.4
Madhya Pradesh,Indore,Bajra,Kharif,2021,44273.2,68486.2,1546.9
Bihar,Patna,Maize,Kharif,2017,1574.2,4304.5,2734.4
Andhra Pradesh,West Godavari,Groundnut,Rabi,2017,4461.5,4186.7,938.4
Maharashtra,Nagpur,Soyabean,Kharif,2023,32780.9,32302.3,985.4
Haryana,Hisar,Jowar,Kharif,2017,6635.1,6584.0,992.3
Karnataka,Mysuru,Maize,Kharif,2020,10551.9,33131.9,3139.9
Andhra Pradesh,Krishna,Groundnut,Kharif,2018,33187.4,51115.2,1540.2
Bihar,Rohtas,Bajra,Kharif,2018,33392.8,41764.4,1250.7
Tamil Nadu,Coimbatore,Jowar,Rabi,2015,18445.4,18242.5,989.0
Punjab,Bathinda,Groundnut,Kharif,2020,30733.8,53157.2,1729.6
West Bengal,Murshidabad,Maize,Kharif,2018,2764.4,6351.8,2297.7
Bihar,Gaya,Sugarcane,Whole Year,2019,29016.5,1730538.3,59639.8
Maharashtra,Pune,Rice,Kharif,2017,20521.9,53159.9,2590.4
Haryana,Karnal,Bajra,Kharif,2022,34589.4,50075.1,1447.7
West Bengal,Nadia,Groundnut,Kharif,2022,3316.1,5071.0,1529.2
Maharashtra,Nagpur,Sugarcane,Whole Year,2020,33175.4,1902801.6,57355.8
Andhra Pradesh,Kurnool,Cotton,Kharif,2020,40214.6,21925.0,545.2
Uttar Pradesh,Gorakhpur,Groundnut,Kharif,2020,32856.3,35954.6,1094.3
Tamil Nadu,Thanjavur,Groundnut,Rabi,2021,3206.2,5028.6,1568.4
Haryana,Hisar,Sugarcane,Whole Year,2018,3315.4,215491.7,64997.2
Madhya Pradesh,Hoshangabad,Maize,Kharif,2016,40856.2,111231.0,2722.5
Maharashtra,Nashik,Gram,Rabi,2021,2665.0,3533.5,1325.9
Bihar,Muzaffarpur,Cotton,Kharif,2015,1256.2,681.1,542.2
Uttar Pradesh,Meerut,Jowar,Kharif,2017,30070.0,43881.2,1459.3
Karnataka,Davanagere,Bajra,Kharif,2021,44230.0,76836.4,1737.2
Karnataka,Raichur,Gram,Rabi,2022,10549.5,8366.8,793.1
Tamil Nadu,Thanjavur,Groundnut,Kharif,2020,6031.6,8800.1,1459.0
Maharashtra,Pune,Rice,Kharif,2016,27454.1,76830.3,2798.5
Maharashtra,Nagpur,Maize,Rabi,2019,12815.9,32093.6,2504.2
Karnataka,Mysuru,Soyabean,Kharif,2021,22896.6,21989.9,960.4
Andhra Pradesh,West Godavari,Groundnut,Kharif,2018,13256.1,13489.4,1017.6
Bihar,Rohtas,Jowar,Rabi,2018,4606.1,3929.9,853.2
Andhra Pradesh,West Godavari,Groundnut,Kharif,2022,1152.4,2125.7,1844.6
Tamil Nadu,Salem,Jowar,Kharif,2016,31044.2,29060.5,936.1
Bihar,Patna,Sugarcane,Whole Year,2015,21912.2,1573256.5,71798.2
Uttar Pradesh,Kanpur Dehat,Cotton,Kharif,2019,34860.4,18333.1,525.9
Uttar Pradesh,Bareilly,Gram,Rabi,2021,23626.9,24810.6,1050.1
West Bengal,Bardhaman,Jowar,Kharif,2021,37733.6,56623.0,1500.6
Madhya Pradesh,Ujjain,Sugarcane,Whole Year,2023,2311.1,142330.9,61585.8
West Bengal,Hooghly,Maize,Rabi,2022,22341.0,74131.9,3318.2
Karnataka,Davanagere,Maize,Rabi,2022,25743.4,95011.2,3690.7
Madhya Pradesh,Indore,Jowar,Kharif,2020,33849.4,46339.8,1369.0
Bihar,Rohtas,Sugarcane,Whole Year,2020,26042.5,1570081.5,60289.2
Karnataka,Davanagere,Jowar,Kharif,2016,21689.0,22762.6,1049.5
Karnataka,Belagavi,Jowar,Kharif,2017,5855.8,8012.5,1368.3
Andhra Pradesh,Kurnool,Rice,Kharif,2018,36761.4,125591.6,3416.4
Tamil Nadu,Erode,Rice,Kharif,2022,25898.2,47240.9,1824.1
Bihar,Gaya,Maize,Kharif,2015,37086.3,96350.2,2598.0
West Bengal,Bardhaman,Jowar,Rabi,2018,37764.8,40725.6,1078.4
Uttar Pradesh,Gorakhpur,Groundnut,Kharif,2016,13387.0,22009.6,1644.1
Maharashtra,Nagpur,Jowar,Rabi,2020,4925.1,4513.9,916.5
Punjab,Ludhiana,Maize,Kharif,2019,20918.9,45718.3,2185.5
Andhra Pradesh,Guntur,Jowar,Kharif,2023,35175.3,48517.3,1379.3
West Bengal,Bardhaman,Wheat,Rabi,2017,9673.4,23272.3,2405.8
Madhya Pradesh,Indore,Jowar,Rabi,2018,12125.7,16024.1,1321.5
Tamil Nadu,Thanjavur,Groundnut,Kharif,2022,43481.9,68292.7,1570.6
Maharashtra,Pune,Bajra,Kharif,2023,9065.4,8985.6,991.2
Bihar,Patna,Cotton,Kharif,2019,36174.5,16321.9,451.2
Punjab,Patiala,Jowar,Rabi,2020,23216.5,20226.2,871.2
Maharashtra,Nagpur,Rice,Kharif,2019,7385.2,13014.9,1762.3
Punjab,Amritsar,Cotton,Kharif,2021,23015.3,11061.2,480.6
Punjab,Amritsar,Jowar,Kharif,2017,24979.3,26997.6,1080.8
Uttar Pradesh,Meerut,Maize,Kharif,2023,32698.6,64311.6,1966.8
Andhra Pradesh,West Godavari,Gram,Rabi,2020,22830.5,26102.1,1143.3
Andhra Pradesh,West Godavari,Wheat,Rabi,2021,22521.1,58597.7,2601.9
Bihar,Patna,Jowar,Kharif,2021,39581.4,65879.3,1664.4
Andhra Pradesh,Guntur,Maize,Rabi,2015,34895.2,100927.4,2892.3
Maharashtra,Kolhapur,Maize,Kharif,2016,29142.6,100203.9,3438.4
Bihar,Rohtas,Bajra,Kharif,2021,27895.9,46226.3,1657.1
Bihar,Muzaffarpur,Soyabean,Kharif,2019,33019.7,37810.9,1145.1
Bihar,Patna,Groundnut,Rabi,2019,2005.7,2082.7,1038.4
Uttar Pradesh,Kanpur Dehat,Cotton,Kharif,2021,38235.2,22711.7,594.0
Madhya Pradesh,Hoshangabad,Jowar,Rabi,2023,41214.8,42364.7,1027.9
West Bengal,Murshidabad,Groundnut,Rabi,2020,38992.9,37086.1,951.1
Punjab,Amritsar,Jowar,Kharif,2016,31368.5,35117.0,1119.5
West Bengal,Murshidabad,Jowar,Kharif,2019,41593.3,67160.7,1614.7
Punjab,Bathinda,Cotton,Kharif,2015,37843.3,21612.3,571.1
Maharashtra,Pune,Groundnut,Kharif,2022,3812.6,4246.9,1113.9
Haryana,Kurukshetra,Groundnut,Rabi,2017,31856.2,42853.0,1345.2
Madhya Pradesh,Indore,Gram,Rabi,2015,5661.7,4304.6,760.3
Punjab,Bathinda,Soyabean,Kharif,2021,40311.4,51598.6,1280.0
Tamil Nadu,Erode,Maize,Kharif,2017,29608.2,89248.0,3014.3
Bihar,Patna,Groundnut,Rabi,2016,31103.8,50577.9,1626.1
Haryana,Karnal,Soyabean,Kharif,2018,11538.1,11352.3,983.9
Bihar,Patna,Maize,Rabi,2018,525.2,1173.9,2235.2
Maharashtra,Nagpur,Wheat,Rabi,2016,22243.7,83611.8,3758.9
Andhra Pradesh,West Godavari,Maize,Kharif,2016,6128.5,15029.5,2452.4
Haryana,Kurukshetra,Cotton,Kharif,2020,14221.7,6487.9,456.2
Tamil Nadu,Coimbatore,Cotton,Kharif,2015,22085.2,12332.4,558.4
Punjab,Ludhiana,Rice,Kharif,2020,36519.7,69467.8,1902.2
Madhya Pradesh,Sehore,Maize,Rabi,2018,43388.5,101225.4,2333.0
Karnataka,Davanagere,Jowar,Kharif,2017,22436.9,28371.5,1264.5
Haryana,Karnal,Jowar,Kharif,2015,2666.1,3528.8,1323.6
Punjab,Bathinda,Bajra,Kharif,2018,16916.5,27129.0,1603.7
Andhra Pradesh,West Godavari,Rice,Kharif,2015,13051.0,23328.7,1787.5
West Bengal,Nadia,Rice,Kharif,2017,40145.5,115590.9,2879.3
West Bengal,Bardhaman,Jowar,Kharif,2017,40154.7,34557.1,860.6
Andhra Pradesh,Kurnool,Groundnut,Rabi,2016,20411.5,36256.9,1776.3
Karnataka,Davanagere,Cotton,Kharif,2015,33260.3,16703.3,502.2
Madhya Pradesh,Hoshangabad,Sugarcane,Whole Year,2022,8654.5,519634.4,60042.1
Andhra Pradesh,Kurnool,Bajra,Kharif,2017,10714.7,16177.1,1509.8
Punjab,Patiala,Cotton,Kharif,2023,24728.7,14948.5,604.5
Punjab,Patiala,Groundnut,Rabi,2021,38109.4,79359.0,2082.4
Maharashtra,Nagpur,Jowar,Kharif,2020,26906.0,42683.7,1586.4
Punjab,Ludhiana,Maize,Rabi,2020,20690.7,75879.0,3667.3
Madhya Pradesh,Sehore,Cotton,Kharif,2016,5941.3,3279.0,551.9
Andhra Pradesh,West Godavari,Gram,Rabi,2019,35625.8,29198.9,819.6
Bihar,Rohtas,Jowar,Kharif,2016,21402.2,19007.3,888.1
Karnataka,Raichur,Sugarcane,Whole Year,2018,26901.3,1542418.3,57336.2
Madhya Pradesh,Sehore,Gram,Rabi,2020,39015.4,31251.3,801.0
Punjab,Patiala,Gram,Rabi,2017,38959.0,37225.3,955.5
Andhra Pradesh,West Godavari,Groundnut,Rabi,2020,42174.8,86057.7,2040.5
Haryana,Hisar,Groundnut,Kharif,2021,19655.3,18167.4,924.3
Andhra Pradesh,Guntur,Groundnut,Kharif,2023,7912.1,13416.5,1695.7
Uttar Pradesh,Kanpur Dehat,Jowar,Rabi,2019,33293.2,24833.4,745.9
Maharashtra,Kolhapur,Groundnut,Rabi,2018,37724.3,69039.2,1830.1
West Bengal,Hooghly,Soyabean,Kharif,2021,22645.5,32922.0,1453.8
Uttar Pradesh,Gorakhpur,Bajra,Kharif,2022,9087.0,12979.9,1428.4
West Bengal,Bardhaman,Sugarcane,Whole Year,2019,39967.8,2107198.3,52722.4
Haryana,Sirsa,Groundnut,Kharif,2023,15915.9,31308.2,1967.1
Haryana,Kurukshetra,Soyabean,Kharif,2022,18784.6,21314.9,1134.7
Karnataka,Mysuru,Maize,Rabi,2022,7114.6,19743.7,2775.1
Bihar,Patna,Groundnut,Rabi,2018,26651.4,46597.3,1748.4
Tamil Nadu,Erode,Rice,Kharif,2015,43563.7,115792.3,2658.0
Andhra Pradesh,West Godavari,Sugarcane,Whole Year,2017,37105.1,2941302.7,79269.5
Maharashtra,Nagpur,Gram,Rabi,2022,23023.6,20845.6,905.4
Punjab,Bathinda,Groundnut,Rabi,2015,26039.5,37814.6,1452.2
Punjab,Patiala,Cotton,Kharif,2021,42842.7,14532.2,339.2
Punjab,Ludhiana,Maize,Kharif,2021,10259.8,35059.8,3417.2
Uttar Pradesh,Bareilly,Soyabean,Kharif,2018,15153.2,17483.8,1153.8
Bihar,Rohtas,Soyabean,Kharif,2020,32744.4,50030.2,1527.9
Andhra Pradesh,Krishna,Sugarcane,Whole Year,2021,9618.8,879270.9,91411.7
Andhra Pradesh,Guntur,Maize,Kharif,2015,35764.2,68899.7,1926.5
Andhra Pradesh,Krishna,Soyabean,Kharif,2020,2854.1,3542.5,1241.2
Madhya Pradesh,Ujjain,Soyabean,Kharif,2018,36429.8,53701.2,1474.1
Tamil Nadu,Coimbatore,Cotton,Kharif,2017,34095.8,16246.6,476.5
Karnataka,Davanagere,Maize,Kharif,2020,39639.0,85842.2,2165.6
Haryana,Sirsa,Bajra,Kharif,2015,31682.3,45993.2,1451.7
Karnataka,Belagavi,Bajra,Kharif,2017,9933.0,14174.4,1427.0
Haryana,Kurukshetra,Cotton,Kharif,2017,13607.5,7465.1,548.6
Maharashtra,Nagpur,Cotton,Kharif,2019,15196.4,5569.5,366.5
Bihar,Muzaffarpur,Groundnut,Kharif,2023,10544.4,21113.1,2002.3
Bihar,Gaya,Jowar,Rabi,2021,16815.6,24582.7,1461.9
Uttar Pradesh,Bareilly,Sugarcane,Whole Year,2020,28322.8,1924735.4,67957.1
Haryana,Hisar,Groundnut,Kharif,2020,30647.5,44530.8,1453.0
Bihar,Gaya,Rice,Kharif,2022,5108.8,13541.9,2650.7
Uttar Pradesh,Meerut,Bajra,Kharif,2016,21876.5,31443.1,1437.3
Haryana,Kurukshetra,Rice,Kharif,2021,34959.3,111156.6,3179.6
Maharashtra,Kolhapur,Jowar,Rabi,2023,768.9,997.8,1297.7
Punjab,Patiala,Wheat,Rabi,2023,44674.8,146779.1,3285.5
Uttar Pradesh,Bareilly,Maize,Rabi,2022,5500.5,12449.8,2263.4
Maharashtra,Nashik,Jowar,Rabi,2016,21693.3,23650.0,1090.2
Madhya Pradesh,Hoshangabad,Rice,Kharif,2023,7903.2,25134.5,3180.3
West Bengal,Hooghly,Rice,Kharif,2016,10626.9,27535.4,2591.1
Uttar Pradesh,Kanpur Dehat,Rice,Kharif,2019,15261.3,25336.8,1660.2
Maharashtra,Nashik,Sugarcane,Whole Year,2017,35920.8,3010942.5,83821.7
Tamil Nadu,Salem,Maize,Kharif,2018,12760.9,28631.6,2243.7
Punjab,Patiala,Groundnut,Kharif,2019,10068.5,13257.2,1316.7
Punjab,Patiala,Rice,Kharif,2015,38429.2,109058.2,2837.9
West Bengal,Murshidabad,Maize,Rabi,2015,42019.4,126780.9,3017.2
Punjab,Ludhiana,Jowar,Kharif,2017,11604.1,10699.0,922.0
Karnataka,Davanagere,Jowar,Kharif,2018,5276.4,5719.1,1083.9
West Bengal,Hooghly,Maize,Rabi,2018,19910.2,60969.0,3062.2
Punjab,Ludhiana,Rice,Kharif,2015,1613.0,3192.4,1979.2
Bihar,Gaya,Maize,Kharif,2018,7310.1,17485.8,2392.0
Karnataka,Belagavi,Sugarcane,Whole Year,2022,16276.7,919205.5,56473.7
Madhya Pradesh,Sehore,Wheat,Rabi,2015,38206.4,155454.2,4068.8
Bihar,Muzaffarpur,Jowar,Kharif,2019,5684.8,5364.7,943.7
Bihar,Gaya,Jowar,Kharif,2015,44613.5,62887.2,1409.6
Andhra Pradesh,Krishna,Gram,Rabi,2018,42356.9,46812.8,1105.2
Haryana,Hisar,Jowar,Kharif,2018,31357.8,45399.8,1447.8
Karnataka,Davanagere,Gram,Rabi,2018,33102.8,29961.3,905.1
Bihar,Gaya,Jowar,Kharif,2016,4660.0,7192.2,1543.4
Punjab,Ludhiana,Wheat,Rabi,2020,28788.0,84662.6,2940.9
Haryana,Hisar,Maize,Kharif,2019,38679.2,81404.2,2104.6
Karnataka,Belagavi,Jowar,Rabi,2015,41032.8,33462.2,815.5
Bihar,Rohtas,Maize,Kharif,2016,42715.5,102965.7,2410.5
Maharashtra,Pune,Gram,Rabi,2020,41023.9,29799.8,726.4
Madhya Pradesh,Ujjain,Wheat,Rabi,2017,28925.7,108164.8,3739.4
Punjab,Amritsar,Jowar,Kharif,2023,11148.7,10204.4,915.3
Bihar,Gaya,Cotton,Kharif,2023,30176.3,12082.6,400.4
Bihar,Gaya,Cotton,Kharif,2015,16570.2,7781.4,469.6
Karnataka,Belagavi,Rice,Kharif,2016,26179.7,71195.7,2719.5
Madhya Pradesh,Sehore,Cotton,Kharif,2015,41954.2,19122.7,455.8
Madhya Pradesh,Indore,Rice,Kharif,2016,5747.7,18026.5,3136.3
West Bengal,Bardhaman,Wheat,Rabi,2019,15072.0,41527.9,2755.3
Madhya Pradesh,Hoshangabad,Maize,Rabi,2017,13166.9,36413.1,2765.5
Karnataka,Raichur,Gram,Rabi,2015,42067.9,46985.6,1116.9
Bihar,Patna,Jowar,Rabi,2022,44522.8,51820.1,1163.9
Haryana,Karnal,Cotton,Kharif,2016,30307.6,15581.1,514.1
Haryana,Hisar,Sugarcane,Whole Year,2020,26924.4,1436799.1,53364.2
Uttar Pradesh,Gorakhpur,Gram,Rabi,2018,8931.0,8274.6,926.5
Madhya Pradesh,Sehore,Rice,Kharif,2021,25978.0,66638.8,2565.2
West Bengal,Murshidabad,Wheat,Rabi,2019,20253.2,60222.9,2973.5
West Bengal,Hooghly,Groundnut,Rabi,2021,39379.9,67162.4,1705.5
Uttar Pradesh,Gorakhpur,Jowar,Rabi,2016,3467.3,4492.2,1295.6
Andhra Pradesh,Krishna,Cotton,Kharif,2023,41565.9,28547.5,686.8
Andhra Pradesh,Krishna,Maize,Rabi,2022,17196.0,36268.1,2109.1
West Bengal,Hooghly,Wheat,Rabi,2022,44255.2,117019.6,2644.2
Bihar,Patna,Sugarcane,Whole Year,2017,21556.2,1307107.6,60637.2
Punjab,Patiala,Maize,Kharif,2016,2682.5,7603.5,2834.5
Maharashtra,Kolhapur,Soyabean,Kharif,2021,28449.7,33900.7,1191.6
Punjab,Bathinda,Rice,Kharif,2019,11524.6,26691.0,2316.0
Tamil Nadu,Thanjavur,Cotton,Kharif,2019,24692.3,12723.9,515.3
Karnataka,Mysuru,Wheat,Rabi,2017,32841.0,127318.0,3876.8
Madhya Pradesh,Ujjain,Bajra,Kharif,2022,2282.6,3148.6,1379.4
Maharashtra,Nagpur,Groundnut,Rabi,2021,44569.9,55039.4,1234.9
Tamil Nadu,Coimbatore,Rice,Kharif,2016,41277.2,111853.0,2709.8
Haryana,Hisar,Jowar,Kharif,2016,8645.5,11451.0,1324.5
Haryana,Sirsa,Groundnut,Rabi,2023,11036.3,12924.6,1171.1
Haryana,Kurukshetra,Maize,Rabi,2023,12304.3,27103.9,2202.8
Uttar Pradesh,Gorakhpur,Gram,Rabi,2017,43246.1,33818.5,782.0
Maharashtra,Pune,Gram,Rabi,2022,11186.7,13465.4,1203.7
Haryana,Hisar,Groundnut,Rabi,2019,19998.4,31547.5,1577.5
Maharashtra,Nashik,Groundnut,Kharif,2018,15390.0,18598.8,1208.5
Tamil Nadu,Thanjavur,Soyabean,Kharif,2023,17467.5,26854.5,1537.4
West Bengal,Hooghly,Cotton,Kharif,2019,33001.9,17151.1,519.7
Tamil Nadu,Coimbatore,Maize,Kharif,2023,39552.0,81920.1,2071.2
Andhra Pradesh,Kurnool,Wheat,Rabi,2022,43061.0,171774.6,3989.1
Uttar Pradesh,Bareilly,Soyabean,Kharif,2021,23809.3,26025.9,1093.1
Haryana,Hisar,Gram,Rabi,2016,16103.1,18288.3,1135.7
Karnataka,Raichur,Jowar,Kharif,2019,38596.6,66166.2,1714.3
Tamil Nadu,Salem,Bajra,Kharif,2021,17564.5,23497.8,1337.8
Bihar,Gaya,Cotton,Kharif,2021,35043.7,14049.0,400.9
Bihar,Rohtas,Jowar,Rabi,2017,10694.4,10998.1,1028.4
Tamil Nadu,Erode,Jowar,Kharif,2017,13618.5,13923.6,1022.4
Karnataka,Raichur,Sugarcane,Whole Year,2016,28415.7,1763688.6,62067.4
Punjab,Bathinda,Gram,Rabi,2018,7606.6,6781.3,891.5
Andhra Pradesh,Kurnool,Maize,Rabi,2018,36433.9,78176.2,2145.7
Andhra Pradesh,Guntur,Bajra,Kharif,2018,33997.3,35238.2,1036.5
Haryana,Kurukshetra,Groundnut,Kharif,2022,39089.9,69673.8,1782.4
Tamil Nadu,Thanjavur,Gram,Rabi,2021,40476.7,42877.0,1059.3
Madhya Pradesh,Sehore,Jowar,Kharif,2019,34483.6,33769.8,979.3
Madhya Pradesh,Indore,Wheat,Rabi,2022,26986.0,111187.7,4120.2
Karnataka,Belagavi,Wheat,Rabi,2018,29750.7,116018.8,3899.7
Haryana,Hisar,Groundnut,Rabi,2020,36553.3,43297.4,1184.5
West Bengal,Murshidabad,Jowar,Kharif,2021,19172.1,13903.6,725.2
Tamil Nadu,Erode,Bajra,Kharif,2018,38429.9,49524.6,1288.7
Andhra Pradesh,Kurnool,Rice,Kharif,2016,10043.1,29643.2,2951.6
West Bengal,Hooghly,Wheat,Rabi,2016,24210.8,83028.5,3429.4
Uttar Pradesh,Bareilly,Jowar,Rabi,2020,26976.1,34497.0,1278.8
Maharashtra,Kolhapur,Jowar,Kharif,2020,10842.9,15107.4,1393.3
Karnataka,Belagavi,Rice,Kharif,2019,11051.0,21089.7,1908.4
Maharashtra,Kolhapur,Gram,Rabi,2021,12597.8,12809.4,1016.8
Haryana,Karnal,Jowar,Kharif,2022,42400.6,59326.9,1399.2
Madhya Pradesh,Indore,Jowar,Rabi,2021,7359.7,9674.3,1314.5
Andhra Pradesh,Kurnool,Bajra,Kharif,2022,32324.4,39345.3,1217.2
Madhya Pradesh,Ujjain,Jowar,Kharif,2019,38677.5,46285.4,1196.7
Madhya Pradesh,Hoshangabad,Jowar,Kharif,2023,22628.7,26047.9,1151.1
Maharashtra,Kolhapur,Gram,Rabi,2023,33204.3,40499.3,1219.7
Bihar,Rohtas,Sugarcane,Whole Year,2015,6977.6,488182.2,69964.2
Punjab,Patiala,Gram,Rabi,2020,14313.1,12013.0,839.3
Haryana,Hisar,Bajra,Kharif,2016,26853.0,34444.3,1282.7
Madhya Pradesh,Sehore,Wheat,Rabi,2021,9403.4,30126.6,3203.8
Karnataka,Davanagere,Groundnut,Rabi,2020,30511.4,45812.9,1501.5
Andhra Pradesh,Krishna,Jowar,Rabi,2020,17861.9,23032.9,1289.5
West Bengal,Nadia,Cotton,Kharif,2022,15384.6,6309.2,410.1
Punjab,Ludhiana,Maize,Rabi,2018,1010.9,3178.3,3144.0
Bihar,Muzaffarpur,Maize,Kharif,2022,24530.6,58468.7,2383.5
Karnataka,Raichur,Jowar,Rabi,2023,40651.3,47887.2,1178.0
Punjab,Bathinda,Maize,Kharif,2022,21371.2,65479.2,3063.9
Madhya Pradesh,Indore,Sugarcane,Whole Year,2015,38818.8,3076688.8,79257.7
Punjab,Ludhiana,Groundnut,Rabi,2016,44931.2,77874.8,1733.2
Madhya Pradesh,Sehore,Groundnut,Kharif,2018,8009.6,10741.7,1341.1
Haryana,Kurukshetra,Groundnut,Rabi,2021,31153.8,37898.6,1216.5
Bihar,Muzaffarpur,Gram,Rabi,2017,27845.6,18884.9,678.2
Bihar,Gaya,Maize,Kharif,2022,15085.0,49394.3,3274.4
Karnataka,Davanagere,Maize,Kharif,2015,22465.9,60750.0,2704.1
Karnataka,Davanagere,Jowar,Rabi,2022,43006.2,46584.3,1083.2
Karnataka,Mysuru,Soyabean,Kharif,2022,39481.0,53765.2,1361.8
Tamil Nadu,Salem,Wheat,Rabi,2020,44261.5,125702.7,2840.0
Bihar,Gaya,Gram,Rabi,2019,26560.1,22974.5,865.0
Andhra Pradesh,West Godavari,Wheat,Rabi,2020,19299.5,53536.8,2774.0
Madhya Pradesh,Hoshangabad,Bajra,Kharif,2019,43940.0,56445.3,1284.6
West Bengal,Nadia,Soyabean,Kharif,2020,500.4,625.8,1250.5
West Bengal,Bardhaman,Jowar,Rabi,2022,18021.7,23559.8,1307.3
Andhra Pradesh,Krishna,Maize,Rabi,2020,9491.6,18091.9,1906.1
Maharashtra,Pune,Jowar,Kharif,2020,35009.6,29796.7,851.1
Haryana,Hisar,Sugarcane,Whole Year,2023,43853.0,2410060.0,54957.7
Punjab,Bathinda,Groundnut,Kharif,2016,14139.1,21675.2,1533.0
Punjab,Ludhiana,Gram,Rabi,2018,13656.7,10126.4,741.5
Haryana,Hisar,Maize,Kharif,2021,39131.2,126299.9,3227.6
Uttar Pradesh,Kanpur Dehat,Bajra,Kharif,2017,12762.4,20051.0,1571.1
Tamil Nadu,Thanjavur,Groundnut,Rabi,2017,7037.1,9818.9,1395.3
West Bengal,Bardhaman,Groundnut,Kharif,2021,10372.6,10897.5,1050.6
Punjab,Ludhiana,Gram,Rabi,2022,10009.7,10590.3,1058.0
Madhya Pradesh,Sehore,Sugarcane,Whole Year,2023,37931.8,3103431.9,81816.1
Andhra Pradesh,Kurnool,Maize,Kharif,2018,11579.4,38051.1,3286.1
Maharashtra,Kolhapur,Bajra,Kharif,2019,5875.8,6028.0,1025.9
Karnataka,Davanagere,Groundnut,Kharif,2019,42102.2,69729.7,1656.2
Punjab,Bathinda,Maize,Kharif,2016,2179.8,5687.8,2609.3
Bihar,Gaya,Bajra,Kharif,2021,44820.0,44143.2,984.9
Maharashtra,Kolhapur,Bajra,Kharif,2015,9050.8,12305.5,1359.6
Madhya Pradesh,Hoshangabad,Gram,Rabi,2015,20954.7,14917.7,711.9
Haryana,Kurukshetra,Sugarcane,Whole Year,2022,8193.1,757008.8,92395.9
Maharashtra,Pune,Groundnut,Rabi,2023,38222.3,35898.4,939.2
Andhra Pradesh,West Godavari,Jowar,Kharif,2020,32816.1,39684.5,1209.3
Bihar,Patna,Wheat,Rabi,2017,21252.5,74876.8,3523.2
Andhra Pradesh,Kurnool,Rice,Kharif,2021,25255.1,45532.4,1802.9
Punjab,Amritsar,Maize,Rabi,2019,29503.1,100458.1,3405.0
Madhya Pradesh,Hoshangabad,Gram,Rabi,2021,27953.8,27892.3,997.8
Punjab,Patiala,Gram,Rabi,2019,13975.5,10442.5,747.2
Tamil Nadu,Coimbatore,Sugarcane,Whole Year,2023,38757.7,2519014.1,64993.9
Bihar,Rohtas,Maize,Rabi,2020,28686.1,84778.9,2955.4
Maharashtra,Nagpur,Gram,Rabi,2020,7673.9,8462.0,1102.7
Tamil Nadu,Salem,Groundnut,Kharif,2018,37494.9,66583.4,1775.8
Tamil Nadu,Erode,Cotton,Kharif,2015,18873.7,9197.2,487.3
West Bengal,Bardhaman,Wheat,Rabi,2023,33605.4,119352.9,3551.6
Karnataka,Mysuru,Jowar,Rabi,2016,18341.8,29409.2,1603.4
Maharashtra,Nagpur,Sugarcane,Whole Year,2022,25949.2,2044278.0,78780.0
Haryana,Karnal,Jowar,Rabi,2015,21571.6,29527.2,1368.8
Karnataka,Davanagere,Sugarcane,Whole Year,2021,31005.9,1898556.4,61232.1
Tamil Nadu,Salem,Cotton,Kharif,2016,24438.7,10357.1,423.8
Andhra Pradesh,Kurnool,Jowar,Rabi,2016,14495.3,16169.5,1115.5
Karnataka,Mysuru,Sugarcane,Whole Year,2020,31826.3,1808118.9,56812.1
Karnataka,Davanagere,Rice,Kharif,2015,39342.8,110765.7,2815.4
Karnataka,Davanagere,Wheat,Rabi,2018,20642.5,65905.3,3192.7
Maharashtra,Pune,Jowar,Rabi,2019,664.5,590.1,888.0
Karnataka,Raichur,Cotton,Kharif,2016,18954.9,8609.3,454.2
Uttar Pradesh,Kanpur Dehat,Groundnut,Rabi,2015,5729.5,7495.3,1308.2
Karnataka,Mysuru,Jowar,Kharif,2017,24847.6,40914.1,1646.6
Punjab,Ludhiana,Groundnut,Rabi,2019,27719.7,55827.5,2014.0
Bihar,Rohtas,Sugarcane,Whole Year,2018,23259.1,1653638.3,71096.4
Maharashtra,Kolhapur,Jowar,Rabi,2022,27558.8,28338.7,1028.3
Tamil Nadu,Coimbatore,Maize,Kharif,2015,5377.9,17460.4,3246.7
Madhya Pradesh,Sehore,Gram,Rabi,2015,758.3,985.7,1299.9
Haryana,Sirsa,Groundnut,Kharif,2016,22840.8,38872.8,1701.9
Maharashtra,Nashik,Groundnut,Rabi,2021,32244.9,52465.7,1627.1
Tamil Nadu,Coimbatore,Bajra,Kharif,2021,27872.0,34840.0,1250.0
Karnataka,Davanagere,Sugarcane,Whole Year,2016,43144.6,2799333.8,64882.6
Karnataka,Davanagere,Soyabean,Kharif,2019,9254.4,10546.3,1139.6
West Bengal,Hooghly,Jowar,Rabi,2019,37572.7,37050.4,986.1
Karnataka,Raichur,Wheat,Rabi,2017,27934.8,93441.9,3345.0
Madhya Pradesh,Sehore,Soyabean,Kharif,2017,1717.1,1624.7,946.2
Haryana,Hisar,Bajra,Kharif,2023,27844.6,24016.0,862.5
Karnataka,Raichur,Gram,Rabi,2017,27767.4,30252.6,1089.5
Madhya Pradesh,Indore,Rice,Kharif,2019,14195.9,33164.5,2336.2
Uttar Pradesh,Meerut,Cotton,Kharif,2019,1782.3,1048.9,588.5
Karnataka,Raichur,Groundnut,Rabi,2020,25737.8,35652.0,1385.2
Maharashtra,Pune,Maize,Rabi,2019,43757.6,94849.0,2167.6
Maharashtra,Pune,Bajra,Kharif,2021,35884.8,61007.7,1700.1
Uttar Pradesh,Meerut,Rice,Kharif,2015,17103.0,28960.5,1693.3
West Bengal,Nadia,Cotton,Kharif,2018,818.3,456.6,558.0
Karnataka,Davanagere,Maize,Rabi,2021,22229.7,46246.7,2080.4
Andhra Pradesh,Kurnool,Soyabean,Kharif,2017,17776.9,17417.8,979.8
Madhya Pradesh,Sehore,Wheat,Rabi,2016,13287.3,37688.1,2836.4
Punjab,Ludhiana,Groundnut,Rabi,2017,12301.4,25451.6,2069.0
Tamil Nadu,Coimbatore,Soyabean,Kharif,2018,22078.0,20631.9,934.5
Karnataka,Mysuru,Groundnut,Kharif,2017,28047.4,30627.8,1092.0
Punjab,Amritsar,Bajra,Kharif,2018,4079.7,3657.9,896.6
Maharashtra,Nagpur,Cotton,Kharif,2015,41979.7,19293.9,459.6
Tamil Nadu,Coimbatore,Groundnut,Rabi,2016,43923.9,42931.2,977.4
West Bengal,Nadia,Jowar,Kharif,2022,526.5,737.4,1400.6
Uttar Pradesh,Bareilly,Rice,Kharif,2020,44706.8,91921.7,2056.1
Tamil Nadu,Thanjavur,Soyabean,Kharif,2020,3041.8,2812.8,924.7
Andhra Pradesh,Guntur,Groundnut,Rabi,2021,38797.3,50056.3,1290.2
Andhra Pradesh,Guntur,Gram,Rabi,2017,6262.9,4456.7,711.6
Bihar,Patna,Bajra,Kharif,2017,25712.3,33508.3,1303.2
Tamil Nadu,Coimbatore,Sugarcane,Whole Year,2022,16613.3,900482.4,54202.5
Maharashtra,Nashik,Sugarcane,Whole Year,2015,29734.6,1618076.6,54417.3
Haryana,Karnal,Wheat,Rabi,2018,16891.9,67427.4,3991.7
Madhya Pradesh,Ujjain,Cotton,Kharif,2015,14194.0,7666.2,540.1
Karnataka,Raichur,Sugarcane,Whole Year,2015,22939.4,1774358.0,77349.8
Maharashtra,Kolhapur,Sugarcane,Whole Year,2020,32080.4,2223415.5,69307.6
Bihar,Patna,Maize,Rabi,2020,41654.6,99304.6,2384.0
Punjab,Ludhiana,Rice,Kharif,2022,4627.2,9509.8,2055.2
Uttar Pradesh,Bareilly,Groundnut,Kharif,2019,12375.4,17602.8,1422.4
Uttar Pradesh,Kanpur Dehat,Maize,Rabi,2018,715.0,1533.7,2145.1
Andhra Pradesh,West Godavari,Jowar,Kharif,2018,40149.1,53651.2,1336.3
Andhra Pradesh,Krishna,Groundnut,Rabi,2022,42199.1,67708.5,1604.5
Bihar,Gaya,Groundnut,Rabi,2015,23483.4,29258.0,1245.9
West Bengal,Hooghly,Rice,Kharif,2015,15352.5,42313.0,2756.1
Punjab,Bathinda,Groundnut,Rabi,2020,40491.2,51023.0,1260.1
West Bengal,Hooghly,Maize,Kharif,2021,43135.1,101143.2,2344.8
Punjab,Bathinda,Soyabean,Kharif,2023,32855.1,31402.9,955.8
Bihar,Muzaffarpur,Bajra,Kharif,2019,13264.2,16655.9,1255.7
Madhya Pradesh,Indore,Maize,Rabi,2016,2553.2,7204.9,2821.9
Madhya Pradesh,Sehore,Maize,Kharif,2023,37311.7,99592.4,2669.2
Andhra Pradesh,Guntur,Groundnut,Rabi,2020,32763.8,37196.7,1135.3
Maharashtra,Nashik,Wheat,Rabi,2021,8490.1,22620.2,2664.3
Tamil Nadu,Salem,Jowar,Kharif,2022,11362.5,17568.7,1546.2
Andhra Pradesh,Guntur,Maize,Kharif,2020,38612.2,86753.9,2246.8
Punjab,Ludhiana,Groundnut,Kharif,2015,33784.9,35575.5,1053.0
Punjab,Bathinda,Rice,Kharif,2015,14807.9,32414.5,2189.0
Punjab,Bathinda,Bajra,Kharif,2020,23893.5,40169.8,1681.2
Uttar Pradesh,Bareilly,Rice,Kharif,2019,32820.9,104134.2,3172.8
Maharashtra,Pune,Cotton,Kharif,2023,30435.4,15488.6,508.9
Madhya Pradesh,Sehore,Gram,Rabi,2022,5866.8,5589.9,952.8
Tamil Nadu,Erode,Groundnut,Rabi,2015,20803.3,21618.8,1039.2
Andhra Pradesh,Krishna,Jowar,Rabi,2018,30864.1,41697.4,1351.0
Maharashtra,Pune,Jowar,Rabi,2016,44195.6,52760.7,1193.8
Maharashtra,Pune,Gram,Rabi,2023,43981.0,61138.0,1390.1
Punjab,Amritsar,Jowar,Rabi,2017,23144.8,24961.7,1078.5
West Bengal,Bardhaman,Sugarcane,Whole Year,2020,29841.9,2116459.2,70922.4
Andhra Pradesh,Guntur,Wheat,Rabi,2019,16791.9,70934.0,4224.3
Punjab,Ludhiana,Jowar,Rabi,2015,35892.9,30171.6,840.6
Madhya Pradesh,Ujjain,Groundnut,Rabi,2016,4863.9,9022.5,1855.0
Punjab,Bathinda,Rice,Kharif,2020,7564.2,16171.5,2137.9
Bihar,Gaya,Cotton,Kharif,2018,1249.6,533.3,426.8
Maharashtra,Kolhapur,Rice,Kharif,2022,30025.8,55475.7,1847.6
Madhya Pradesh,Sehore,Soyabean,Kharif,2023,36079.0,35750.7,990.9
Tamil Nadu,Thanjavur,Cotton,Kharif,2022,12405.3,6770.8,545.8
West Bengal,Murshidabad,Groundnut,Kharif,2018,27977.0,32559.6,1163.8
Andhra Pradesh,Kurnool,Maize,Kharif,2022,32646.0,85225.6,2610.6
Madhya Pradesh,Ujjain,Groundnut,Kharif,2015,10257.8,18429.2,1796.6
Andhra Pradesh,Kurnool,Jowar,Kharif,2016,19523.6,25739.9,1318.4
Uttar Pradesh,Bareilly,Sugarcane,Whole Year,2022,36761.2,2031218.0,55254.4
Bihar,Patna,Groundnut,Kharif,2020,44314.6,54054.9,1219.8
Bihar,Patna,Groundnut,Rabi,2022,11722.1,13553.1,1156.2
Madhya Pradesh,Sehore,Maize,Kharif,2019,30996.1,72828.4,2349.6
Andhra Pradesh,Kurnool,Soyabean,Kharif,2020,8193.6,11711.9,1429.4
Haryana,Kurukshetra,Soyabean,Kharif,2021,4994.1,5406.6,1082.6
Andhra Pradesh,Guntur,Groundnut,Rabi,2019,11798.4,22299.0,1890.0
Maharashtra,Nashik,Groundnut,Rabi,2015,35860.0,41870.1,1167.6
West Bengal,Murshidabad,Gram,Rabi,2019,41250.3,55419.8,1343.5
Bihar,Gaya,Sugarcane,Whole Year,2015,18501.2,1449989.0,78372.7
Maharashtra,Kolhapur,Jowar,Kharif,2021,27927.5,39294.0,1407.0
Punjab,Ludhiana,Bajra,Kharif,2020,33484.8,44749.1,1336.4
West Bengal,Nadia,Jowar,Rabi,2021,35035.0,27425.4,782.8
West Bengal,Murshidabad,Maize,Kharif,2020,31381.6,82285.7,2622.1
Uttar Pradesh,Meerut,Maize,Kharif,2016,9388.8,22049.6,2348.5
Punjab,Ludhiana,Wheat,Rabi,2023,44533.8,158068.3,3549.4
Punjab,Amritsar,Sugarcane,Whole Year,2021,39674.2,2772500.5,69881.7
Haryana,Karnal,Rice,Kharif,2015,38199.2,98286.5,2573.0
Bihar,Rohtas,Groundnut,Kharif,2022,12444.4,24006.5,1929.1
Tamil Nadu,Erode,Gram,Rabi,2016,21005.8,19268.6,917.3
Bihar,Gaya,Maize,Rabi,2019,24927.7,73060.6,2930.9
Madhya Pradesh,Indore,Gram,Rabi,2020,28865.4,35218.7,1220.1
Tamil Nadu,Thanjavur,Sugarcane,Whole Year,2016,6602.4,505042.0,76493.7
Bihar,Muzaffarpur,Groundnut,Rabi,2021,11375.2,15166.6,1333.3
Maharashtra,Nashik,Jowar,Kharif,2017,44241.3,70113.6,1584.8
Madhya Pradesh,Indore,Bajra,Kharif,2015,19443.8,20178.8,1037.8
Madhya Pradesh,Indore,Jowar,Rabi,2023,33179.1,36079.0,1087.4
Uttar Pradesh,Meerut,Rice,Kharif,2016,8980.7,24838.8,2765.8
Haryana,Hisar,Groundnut,Rabi,2021,30632.7,39090.4,1276.1
Tamil Nadu,Salem,Groundnut,Rabi,2015,33449.1,48046.3,1436.4
Karnataka,Raichur,Jowar,Kharif,2015,19267.9,25160.0,1305.8
Bihar,Muzaffarpur,Maize,Rabi,2019,10993.2,22427.2,2040.1
West Bengal,Nadia,Groundnut,Rabi,2015,8288.5,9022.9,1088.6
West Bengal,Murshidabad,Gram,Rabi,2017,3309.1,3057.3,923.9
Bihar,Rohtas,Cotton,Kharif,2020,33813.1,13173.6,389.6
Maharashtra,Pune,Cotton,Kharif,2018,14664.5,7609.4,518.9
Uttar Pradesh,Bareilly,Cotton,Kharif,2018,1318.3,702.9,533.2
Maharashtra,Nagpur,Jowar,Rabi,2015,29438.8,30430.9,1033.7
Bihar,Rohtas,Soyabean,Kharif,2015,16008.8,18847.2,1177.3
Punjab,Amritsar,Jowar,Rabi,2023,15858.0,19410.2,1224.0
West Bengal,Nadia,Wheat,Rabi,2017,36927.1,85120.7,2305.1
Karnataka,Mysuru,Rice,Kharif,2016,39216.1,104118.7,2655.0
Tamil Nadu,Thanjavur,Sugarcane,Whole Year,2022,4260.0,270625.9,63527.2
Punjab,Bathinda,Soyabean,Kharif,2017,2364.8,3595.7,1520.5
Andhra Pradesh,West Godavari,Jowar,Kharif,2023,32245.5,34015.8,1054.9
Tamil Nadu,Salem,Groundnut,Kharif,2022,33001.6,44591.8,1351.2
Uttar Pradesh,Gorakhpur,Rice,Kharif,2021,28027.6,49594.8,1769.5
Tamil Nadu,Salem,Jowar,Rabi,2023,30379.1,42017.3,1383.1
Madhya Pradesh,Ujjain,Wheat,Rabi,2018,40700.9,144301.0,3545.4
Andhra Pradesh,West Godavari,Maize,Kharif,2020,40905.1,103927.6,2540.7
Uttar Pradesh,Bareilly,Jowar,Kharif,2022,26704.4,30029.1,1124.5
Karnataka,Raichur,Jowar,Rabi,2022,31098.2,31878.8,1025.1
Andhra Pradesh,Krishna,Jowar,Rabi,2022,8327.9,12370.3,1485.4
Uttar Pradesh,Kanpur Dehat,Groundnut,Rabi,2020,4848.4,5328.9,1099.1
West Bengal,Hooghly,Jowar,Kharif,2021,8659.5,9985.3,1153.1
Andhra Pradesh,Guntur,Bajra,Kharif,2017,41216.6,40915.7,992.7
Punjab,Patiala,Soyabean,Kharif,2019,2429.7,3753.6,1544.9
Uttar Pradesh,Bareilly,Jowar,Kharif,2019,28377.2,22398.1,789.3
Punjab,Bathinda,Jowar,Kharif,2018,7827.2,8508.9,1087.1
Bihar,Rohtas,Jowar,Rabi,2015,2727.9,2550.9,935.1
Madhya Pradesh,Sehore,Bajra,Kharif,2019,43578.6,60870.6,1396.8
Madhya Pradesh,Sehore,Maize,Rabi,2023,42015.6,123618.3,2942.2
Haryana,Kurukshetra,Jowar,Kharif,2016,29006.5,39535.9,1363.0
Madhya Pradesh,Indore,Wheat,Rabi,2017,18920.9,75371.4,3983.5
Bihar,Patna,Bajra,Kharif,2016,43518.0,51734.2,1188.8
Punjab,Bathinda,Sugarcane,Whole Year,2019,44156.3,2361138.9,53472.3
Karnataka,Bagalkote,Bajra,Kharif,2015,20172.1,26673.6,1322.3
Karnataka,Bagalkote,Cotton,Kharif,2015,23183.3,11162.8,481.5
Karnataka,Bagalkote,Gram,Rabi,2015,23342.2,19362.4,829.5
Karnataka,Bagalkote,Groundnut,Kharif,2015,22966.5,28129.4,1224.8
Karnataka,Bagalkote,Groundnut,Rabi,2015,17928.9,33480.4,1867.4
Karnataka,Bagalkote,Jowar,Kharif,2015,20795.4,23384.4,1124.5
Karnataka,Bagalkote,Jowar,Rabi,2015,22701.4,20140.7,887.2
Karnataka,Bagalkote,Maize,Kharif,2015,26505.6,58691.4,2214.3
Karnataka,Bagalkote,Maize,Rabi,2015,12780.6,47520.8,3718.2
Karnataka,Bagalkote,Rice,Kharif,2015,29587.6,84919.4,2870.1
Karnataka,Bagalkote,Soyabean,Kharif,2015,16264.6,15298.5,940.6
Karnataka,Bagalkote,Sugarcane,Whole Year,2015,26632.0,1736528.9,65204.6
Karnataka,Bagalkote,Wheat,Rabi,2015,13220.4,44847.6,3392.3
Karnataka,Bagalkote,Bajra,Kharif,2016,15768.9,18020.7,1142.8
Karnataka,Bagalkote,Cotton,Kharif,2016,22664.1,10788.1,476.0
Karnataka,Bagalkote,Gram,Rabi,2016,25944.9,24733.3,953.3
Karnataka,Bagalkote,Groundnut,Kharif,2016,22775.9,30906.9,1357.0
Karnataka,Bagalkote,Groundnut,Rabi,2016,13832.0,26030.4,1881.9
Karnataka,Bagalkote,Jowar,Kharif,2016,19043.7,27445.8,1441.2
Karnataka,Bagalkote,Jowar,Rabi,2016,25039.2,25264.6,1009.0
Karnataka,Bagalkote,Maize,Kharif,2016,18077.3,58100.4,3214.0
Karnataka,Bagalkote,Maize,Rabi,2016,20482.3,68951.6,3366.4
Karnataka,Bagalkote,Rice,Kharif,2016,27255.2,54207.9,1988.9
Karnataka,Bagalkote,Soyabean,Kharif,2016,17018.5,16198.2,951.8
Karnataka,Bagalkote,Sugarcane,Whole Year,2016,29672.8,2097834.3,70698.9
Karnataka,Bagalkote,Wheat,Rabi,2016,15309.0,41360.3,2701.7
Karnataka,Bagalkote,Bajra,Kharif,2017,15534.3,22102.2,1422.8
Karnataka,Bagalkote,Cotton,Kharif,2017,21772.3,11809.3,542.4
Karnataka,Bagalkote,Gram,Rabi,2017,26890.8,23989.3,892.1
Karnataka,Bagalkote,Groundnut,Kharif,2017,24976.5,37881.9,1516.7
Karnataka,Bagalkote,Groundnut,Rabi,2017,14974.4,18948.6,1265.4
Karnataka,Bagalkote,Jowar,Kharif,2017,22056.5,19586.2,888.0
Karnataka,Bagalkote,Jowar,Rabi,2017,27086.1,40534.3,1496.5
Karnataka,Bagalkote,Maize,Kharif,2017,26867.7,88684.9,3300.8
Karnataka,Bagalkote,Maize,Rabi,2017,21644.1,54077.8,2498.5
Karnataka,Bagalkote,Rice,Kharif,2017,28710.7,73131.9,2547.2
Karnataka,Bagalkote,Soyabean,Kharif,2017,23304.2,33455.5,1435.6
Karnataka,Bagalkote,Sugarcane,Whole Year,2017,20406.1,1128490.0,55301.6
Karnataka,Bagalkote,Wheat,Rabi,2017,14279.4,46885.0,3283.4
Karnataka,Bagalkote,Bajra,Kharif,2018,23453.2,26286.3,1120.8
Karnataka,Bagalkote,Cotton,Kharif,2018,21418.1,8787.8,410.3
Karnataka,Bagalkote,Gram,Rabi,2018,23314.8,24165.8,1036.5
Karnataka,Bagalkote,Groundnut,Kharif,2018,18875.1,21876.2,1159.0
Karnataka,Bagalkote,Groundnut,Rabi,2018,23807.5,33416.2,1403.6
Karnataka,Bagalkote,Jowar,Kharif,2018,20028.5,22189.6,1107.9
Karnataka,Bagalkote,Jowar,Rabi,2018,27813.5,29026.2,1043.6
Karnataka,Bagalkote,Maize,Kharif,2018,27409.9,85806.7,3130.5
Karnataka,Bagalkote,Maize,Rabi,2018,14851.7,49977.5,3365.1
Karnataka,Bagalkote,Rice,Kharif,2018,22413.4,59592.7,2658.8
Karnataka,Bagalkote,Soyabean,Kharif,2018,20869.4,25297.9,1212.2
Karnataka,Bagalkote,Sugarcane,Whole Year,2018,16534.9,1274164.5,77059.1
Karnataka,Bagalkote,Wheat,Rabi,2018,15207.8,44078.3,2898.4
Karnataka,Bagalkote,Bajra,Kharif,2019,19385.0,27991.9,1444.0
Karnataka,Bagalkote,Cotton,Kharif,2019,27806.7,15446.6,555.5
Karnataka,Bagalkote,Gram,Rabi,2019,22355.8,19849.7,887.9
Karnataka,Bagalkote,Groundnut,Kharif,2019,19582.7,31780.8,1622.9
Karnataka,Bagalkote,Groundnut,Rabi,2019,23705.4,41202.4,1738.1
Karnataka,Bagalkote,Jowar,Kharif,2019,22746.4,23064.8,1014.0
Karnataka,Bagalkote,Jowar,Rabi,2019,24437.4,38310.5,1567.7
Karnataka,Bagalkote,Maize,Kharif,2019,30419.2,96088.2,3158.8
Karnataka,Bagalkote,Maize,Rabi,2019,19704.4,46001.9,2334.6
Karnataka,Bagalkote,Rice,Kharif,2019,19939.5,59385.8,2978.3
Karnataka,Bagalkote,Soyabean,Kharif,2019,20490.0,18148.0,885.7
Karnataka,Bagalkote,Sugarcane,Whole Year,2019,16725.0,1202612.8,71905.1
Karnataka,Bagalkote,Wheat,Rabi,2019,12050.6,34432.2,2857.3
Karnataka,Bagalkote,Bajra,Kharif,2020,31541.2,37969.3,1203.8
Karnataka,Bagalkote,Cotton,Kharif,2020,28704.6,16553.9,576.7
Karnataka,Bagalkote,Gram,Rabi,2020,25537.7,26469.8,1036.5
Karnataka,Bagalkote,Groundnut,Kharif,2020,27807.4,36689.1,1319.4
Karnataka,Bagalkote,Groundnut,Rabi,2020,14538.2,26373.7,1814.1
Karnataka,Bagalkote,Jowar,Kharif,2020,21930.8,17463.5,796.3
Karnataka,Bagalkote,Jowar,Rabi,2020,23391.1,23197.0,991.7
Karnataka,Bagalkote,Maize,Kharif,2020,31166.4,106857.1,3428.6
Karnataka,Bagalkote,Maize,Rabi,2020,22978.4,64162.6,2792.3
Karnataka,Bagalkote,Rice,Kharif,2020,18185.5,54811.1,3014.0
Karnataka,Bagalkote,Soyabean,Kharif,2020,17994.6,26619.4,1479.3
Karnataka,Bagalkote,Sugarcane,Whole Year,2020,31381.5,2434900.0,77590.3
Karnataka,Bagalkote,Wheat,Rabi,2020,14944.5,48064.5,3216.2
Karnataka,Bagalkote,Bajra,Kharif,2021,21111.3,23522.2,1114.2
Karnataka,Bagalkote,Cotton,Kharif,2021,27712.3,17370.1,626.8
Karnataka,Bagalkote,Gram,Rabi,2021,26404.9,33547.4,1270.5
Karnataka,Bagalkote,Groundnut,Kharif,2021,26692.8,35397.3,1326.1
Karnataka,Bagalkote,Groundnut,Rabi,2021,22377.8,39217.1,1752.5
Karnataka,Bagalkote,Jowar,Kharif,2021,27827.5,36543.1,1313.2
Karnataka,Bagalkote,Jowar,Rabi,2021,26570.1,29769.1,1120.4
Karnataka,Bagalkote,Maize,Kharif,2021,23258.2,48742.2,2095.7
Karnataka,Bagalkote,Maize,Rabi,2021,18939.4,42755.7,2257.5
Karnataka,Bagalkote,Rice,Kharif,2021,23587.2,60175.7,2551.2
Karnataka,Bagalkote,Soyabean,Kharif,2021,16011.6,19955.3,1246.3
Karnataka,Bagalkote,Sugarcane,Whole Year,2021,15518.5,824348.9,53120.4
Karnataka,Bagalkote,Wheat,Rabi,2021,20226.0,64243.8,3176.3
Karnataka,Bagalkote,Bajra,Kharif,2022,22462.5,20679.0,920.6
Karnataka,Bagalkote,Cotton,Kharif,2022,18304.2,12254.7,669.5
Karnataka,Bagalkote,Gram,Rabi,2022,26031.8,29850.7,1146.7
Karnataka,Bagalkote,Groundnut,Kharif,2022,24952.2,26948.4,1080.0
Karnataka,Bagalkote,Groundnut,Rabi,2022,14033.7,19825.4,1412.7
Karnataka,Bagalkote,Jowar,Kharif,2022,25689.2,32337.6,1258.8
Karnataka,Bagalkote,Jowar,Rabi,2022,23582.6,25325.4,1073.9
Karnataka,Bagalkote,Maize,Kharif,2022,31368.1,97043.5,3093.7
Karnataka,Bagalkote,Maize,Rabi,2022,18652.2,59291.6,3178.8
Karnataka,Bagalkote,Rice,Kharif,2022,23035.2,50615.2,2197.3
Karnataka,Bagalkote,Soyabean,Kharif,2022,16983.6,22926.2,1349.9
Karnataka,Bagalkote,Sugarcane,Whole Year,2022,15244.7,845809.5,55482.2
Karnataka,Bagalkote,Wheat,Rabi,2022,12460.0,33208.4,2665.2
Karnataka,Bagalkote,Bajra,Kharif,2023,26197.8,26108.7,996.6
Karnataka,Bagalkote,Cotton,Kharif,2023,18846.8,10929.3,579.9
Karnataka,Bagalkote,Gram,Rabi,2023,16318.1,17687.2,1083.9
Karnataka,Bagalkote,Groundnut,Kharif,2023,33983.9,46952.2,1381.6
Karnataka,Bagalkote,Groundnut,Rabi,2023,17046.2,29776.3,1746.8
Karnataka,Bagalkote,Jowar,Kharif,2023,24415.5,27970.4,1145.6
Karnataka,Bagalkote,Jowar,Rabi,2023,27239.0,31567.3,1158.9
Karnataka,Bagalkote,Maize,Kharif,2023,31456.7,105483.8,3353.3
Karnataka,Bagalkote,Maize,Rabi,2023,14349.5,33161.7,2311.0
Karnataka,Bagalkote,Rice,Kharif,2023,19209.3,36918.4,1921.9
Karnataka,Bagalkote,Soyabean,Kharif,2023,13322.2,17365.5,1303.5
Karnataka,Bagalkote,Sugarcane,Whole Year,2023,16210.2,998050.7,61569.3
Karnataka,Bagalkote,Wheat,Rabi,2023,20448.8,53927.6,2637.2
Karnataka,Ballari,Bajra,Kharif,2015,20793.7,35093.5,1687.7
Karnataka,Ballari,Cotton,Kharif,2015,28301.0,14719.4,520.1
Karnataka,Ballari,Gram,Rabi,2015,25010.5,29514.9,1180.1
Karnataka,Ballari,Groundnut,Kharif,2015,19753.1,32136.3,1626.9
Karnataka,Ballari,Groundnut,Rabi,2015,18568.3,35326.2,1902.5
Karnataka,Ballari,Jowar,Kharif,2015,22480.7,31023.4,1380.0
Karnataka,Ballari,Jowar,Rabi,2015,20059.6,17225.2,858.7
Karnataka,Ballari,Maize,Kharif,2015,30675.3,64157.4,2091.5
Karnataka,Ballari,Maize,Rabi,2015,15831.8,58895.9,3720.1
Karnataka,Ballari,Rice,Kharif,2015,29407.3,76109.0,2588.1
Karnataka,Ballari,Soyabean,Kharif,2015,20845.7,24139.3,1158.0
Karnataka,Ballari,Sugarcane,Whole Year,2015,19984.6,1236245.4,61859.9
Karnataka,Ballari,Wheat,Rabi,2015,18725.2,71226.9,3803.8
Karnataka,Ballari,Bajra,Kharif,2016,16237.0,25812.0,1589.7
Karnataka,Ballari,Cotton,Kharif,2016,26474.9,11193.6,422.8
Karnataka,Ballari,Gram,Rabi,2016,17018.1,22334.6,1312.4
Karnataka,Ballari,Groundnut,Kharif,2016,24362.6,29917.3,1228.0
Karnataka,Ballari,Groundnut,Rabi,2016,22566.4,45250.1,2005.2
Karnataka,Ballari,Jowar,Kharif,2016,31804.0,40861.8,1284.8
Karnataka,Ballari,Jowar,Rabi,2016,19891.4,18236.4,916.8
Karnataka,Ballari,Maize,Kharif,2016,28880.1,81311.9,2815.5
Karnataka,Ballari,Maize,Rabi,2016,17090.7,62384.5,3650.2
Karnataka,Ballari,Rice,Kharif,2016,19334.4,48165.9,2491.2
Karnataka,Ballari,Soyabean,Kharif,2016,12159.0,14233.3,1170.6
Karnataka,Ballari,Sugarcane,Whole Year,2016,15957.2,886653.8,55564.5
Karnataka,Ballari,Wheat,Rabi,2016,13175.3,47941.0,3638.7
Karnataka,Ballari,Bajra,Kharif,2017,31478.1,41576.3,1320.8
Karnataka,Ballari,Cotton,Kharif,2017,25552.8,15198.8,594.8
Karnataka,Ballari,Gram,Rabi,2017,21454.5,23765.1,1107.7
Karnataka,Ballari,Groundnut,Kharif,2017,27933.3,45416.8,1625.9
Karnataka,Ballari,Groundnut,Rabi,2017,12590.8,18115.6,1438.8
Karnataka,Ballari,Jowar,Kharif,2017,31305.8,43092.4,1376.5
Karnataka,Ballari,Jowar,Rabi,2017,20923.5,28165.1,1346.1
Karnataka,Ballari,Maize,Kharif,2017,21883.3,49053.6,2241.6
Karnataka,Ballari,Maize,Rabi,2017,17564.4,48572.6,2765.4
Karnataka,Ballari,Rice,Kharif,2017,25003.9,49840.3,1993.3
Karnataka,Ballari,Soyabean,Kharif,2017,25641.5,38244.3,1491.5
Karnataka,Ballari,Sugarcane,Whole Year,2017,26868.7,1829299.0,68082.9
Karnataka,Ballari,Wheat,Rabi,2017,15095.3,58903.4,3902.1
Karnataka,Ballari,Bajra,Kharif,2018,25100.2,29939.5,1192.8
Karnataka,Ballari,Cotton,Kharif,2018,29639.0,18844.5,635.8
Karnataka,Ballari,Gram,Rabi,2018,26059.9,26508.1,1017.2
Karnataka,Ballari,Groundnut,Kharif,2018,25051.9,28937.4,1155.1
Karnataka,Ballari,Groundnut,Rabi,2018,12732.9,24638.2,1935.0
Karnataka,Ballari,Jowar,Kharif,2018,29380.6,42596.0,1449.8
Karnataka,Ballari,Jowar,Rabi,2018,27956.3,36183.8,1294.3
Karnataka,Ballari,Maize,Kharif,2018,28765.8,98217.9,3414.4
Karnataka,Ballari,Maize,Rabi,2018,22195.8,57615.9,2595.8
Karnataka,Ballari,Rice,Kharif,2018,23406.5,48100.4,2055.0
Karnataka,Ballari,Soyabean,Kharif,2018,25356.7,31842.9,1255.8
Karnataka,Ballari,Sugarcane,Whole Year,2018,18886.9,1362708.7,72151.0
Karnataka,Ballari,Wheat,Rabi,2018,18181.3,57691.1,3173.1
Karnataka,Ballari,Bajra,Kharif,2019,17318.3,14947.4,863.1
Karnataka,Ballari,Cotton,Kharif,2019,22207.1,12551.5,565.2
Karnataka,Ballari,Gram,Rabi,2019,20706.9,20694.5,999.4
Karnataka,Ballari,Groundnut,Kharif,2019,33370.7,40418.6,1211.2
Karnataka,Ballari,Groundnut,Rabi,2019,18681.9,34862.3,1866.1
Karnataka,Ballari,Jowar,Kharif,2019,23551.6,28186.6,1196.8
Karnataka,Ballari,Jowar,Rabi,2019,26210.7,42188.7,1609.6
Karnataka,Ballari,Maize,Kharif,2019,20059.0,67923.8,3386.2
Karnataka,Ballari,Maize,Rabi,2019,17905.4,46790.4,2613.2
Karnataka,Ballari,Rice,Kharif,2019,23509.6,72315.5,3076.0
Karnataka,Ballari,Soyabean,Kharif,2019,18896.7,20480.2,1083.8
Karnataka,Ballari,Sugarcane,Whole Year,2019,25767.8,1525567.1,59204.4
Karnataka,Ballari,Wheat,Rabi,2019,12758.6,35803.2,2806.2
Karnataka,Ballari,Bajra,Kharif,2020,17050.8,21564.1,1264.7
Karnataka,Ballari,Cotton,Kharif,2020,20476.0,10279.0,502.0
Karnataka,Ballari,Gram,Rabi,2020,22041.0,25203.9,1143.5
Karnataka,Ballari,Groundnut,Kharif,2020,18668.3,28928.4,1549.6
Karnataka,Ballari,Groundnut,Rabi,2020,20162.7,25596.5,1269.5
Karnataka,Ballari,Jowar,Kharif,2020,30230.1,42231.4,1397.0
Karnataka,Ballari,Jowar,Rabi,2020,15794.0,16923.3,1071.5
Karnataka,Ballari,Maize,Kharif,2020,29286.8,91076.1,3109.8
Karnataka,Ballari,Maize,Rabi,2020,14214.3,36033.3,2535.0
Karnataka,Ballari,Rice,Kharif,2020,22445.7,55696.8,2481.4
Karnataka,Ballari,Soyabean,Kharif,2020,20655.6,22900.9,1108.7
Karnataka,Ballari,Sugarcane,Whole Year,2020,22863.1,1701565.6,74424.1
Karnataka,Ballari,Wheat,Rabi,2020,12366.8,37148.6,3003.9
Karnataka,Ballari,Bajra,Kharif,2021,25091.1,36663.1,1461.2
Karnataka,Ballari,Cotton,Kharif,2021,27470.1,14822.9,539.6
Karnataka,Ballari,Gram,Rabi,2021,17043.0,18000.8,1056.2
Karnataka,Ballari,Groundnut,Kharif,2021,27976.3,42219.0,1509.1
Karnataka,Ballari,Groundnut,Rabi,2021,17611.6,23043.0,1308.4
Karnataka,Ballari,Jowar,Kharif,2021,21972.9,22484.9,1023.3
Karnataka,Ballari,Jowar,Rabi,2021,23396.9,30570.4,1306.6
Karnataka,Ballari,Maize,Kharif,2021,22985.4,79968.5,3479.1
Karnataka,Ballari,Maize,Rabi,2021,19269.3,49707.1,2579.6
Karnataka,Ballari,Rice,Kharif,2021,19221.4,40045.9,2083.4
Karnataka,Ballari,Soyabean,Kharif,2021,15443.4,15128.4,979.6
Karnataka,Ballari,Sugarcane,Whole Year,2021,18171.6,1100343.1,60552.9
Karnataka,Ballari,Wheat,Rabi,2021,13733.7,55412.7,4034.8
Karnataka,Ballari,Bajra,Kharif,2022,28081.4,28595.3,1018.3
Karnataka,Ballari,Cotton,Kharif,2022,21884.2,11360.1,519.1
Karnataka,Ballari,Gram,Rabi,2022,22091.3,19621.5,888.2
Karnataka,Ballari,Groundnut,Kharif,2022,19952.2,28092.7,1408.0
Karnataka,Ballari,Groundnut,Rabi,2022,15752.2,26685.8,1694.1
Karnataka,Ballari,Jowar,Kharif,2022,20161.1,22225.6,1102.4
Karnataka,Ballari,Jowar,Rabi,2022,21923.7,19545.0,891.5
Karnataka,Ballari,Maize,Kharif,2022,22712.5,49020.4,2158.3
Karnataka,Ballari,Maize,Rabi,2022,12760.5,48284.5,3783.9
Karnataka,Ballari,Rice,Kharif,2022,21868.2,62801.1,2871.8
Karnataka,Ballari,Soyabean,Kharif,2022,15565.0,20273.4,1302.5
Karnataka,Ballari,Sugarcane,Whole Year,2022,27923.9,1951020.6,69869.2
Karnataka,Ballari,Wheat,Rabi,2022,16715.8,54475.1,3258.9
Karnataka,Ballari,Bajra,Kharif,2023,17792.5,28167.3,1583.1
Karnataka,Ballari,Cotton,Kharif,2023,25982.4,14199.4,546.5
Karnataka,Ballari,Gram,Rabi,2023,20306.0,25382.5,1250.0
Karnataka,Ballari,Groundnut,Kharif,2023,24671.6,38546.9,1562.4
Karnataka,Ballari,Groundnut,Rabi,2023,17708.8,26924.5,1520.4
Karnataka,Ballari,Jowar,Kharif,2023,24477.5,24034.5,981.9
Karnataka,Ballari,Jowar,Rabi,2023,24718.9,30953.0,1252.2
Karnataka,Ballari,Maize,Kharif,2023,21251.0,71069.7,3344.3
Karnataka,Ballari,Maize,Rabi,2023,16606.7,50977.6,3069.7
Karnataka,Ballari,Rice,Kharif,2023,28877.7,76499.9,2649.1
Karnataka,Ballari,Soyabean,Kharif,2023,13636.6,19946.3,1462.7
Karnataka,Ballari,Sugarcane,Whole Year,2023,25671.0,1592813.7,62047.2
Karnataka,Ballari,Wheat,Rabi,2023,13392.7,51835.1,3870.4
Karnataka,Bidar,Bajra,Kharif,2015,17167.3,20731.2,1207.6
Karnataka,Bidar,Cotton,Kharif,2015,27567.5,12184.8,442.0
Karnataka,Bidar,Gram,Rabi,2015,18751.0,21783.0,1161.7
Karnataka,Bidar,Groundnut,Kharif,2015,30240.6,43271.3,1430.9
Karnataka,Bidar,Groundnut,Rabi,2015,21021.3,34922.7,1661.3
Karnataka,Bidar,Jowar,Kharif,2015,21525.2,21774.9,1011.6
Karnataka,Bidar,Jowar,Rabi,2015,17360.8,27374.5,1576.8
Karnataka,Bidar,Maize,Kharif,2015,26167.5,67284.5,2571.3
Karnataka,Bidar,Maize,Rabi,2015,17544.1,65188.6,3715.7
Karnataka,Bidar,Rice,Kharif,2015,19840.2,51654.0,2603.5
Karnataka,Bidar,Soyabean,Kharif,2015,19082.4,24026.6,1259.1
Karnataka,Bidar,Sugarcane,Whole Year,2015,15307.9,1196522.1,78163.7
Karnataka,Bidar,Wheat,Rabi,2015,21321.2,74713.7,3504.2
Karnataka,Bidar,Bajra,Kharif,2016,29788.2,39231.1,1317.0
Karnataka,Bidar,Cotton,Kharif,2016,25095.3,12841.3,511.7
Karnataka,Bidar,Gram,Rabi,2016,16657.1,15676.0,941.1
Karnataka,Bidar,Groundnut,Kharif,2016,31648.5,30176.8,953.5
Karnataka,Bidar,Groundnut,Rabi,2016,16335.5,25130.5,1538.4
Karnataka,Bidar,Jowar,Kharif,2016,25523.5,35638.5,1396.3
Karnataka,Bidar,Jowar,Rabi,2016,19502.5,21991.0,1127.6
Karnataka,Bidar,Maize,Kharif,2016,28325.0,75086.7,2650.9
Karnataka,Bidar,Maize,Rabi,2016,14695.3,42967.6,2923.9
Karnataka,Bidar,Rice,Kharif,2016,19690.3,41580.0,2111.7
Karnataka,Bidar,Soyabean,Kharif,2016,18977.1,21628.2,1139.7
Karnataka,Bidar,Sugarcane,Whole Year,2016,30552.4,1920884.4,62871.8
Karnataka,Bidar,Wheat,Rabi,2016,17805.9,64307.8,3611.6
Karnataka,Bidar,Bajra,Kharif,2017,15621.3,19915.6,1274.9
Karnataka,Bidar,Cotton,Kharif,2017,24778.1,10367.2,418.4
Karnataka,Bidar,Gram,Rabi,2017,25306.3,25518.9,1008.4
Karnataka,Bidar,Groundnut,Kharif,2017,26914.6,34466.8,1280.6
Karnataka,Bidar,Groundnut,Rabi,2017,17209.9,28838.6,1675.7
Karnataka,Bidar,Jowar,Kharif,2017,20173.4,18194.4,901.9
Karnataka,Bidar,Jowar,Rabi,2017,26203.2,42105.9,1606.9
Karnataka,Bidar,Maize,Kharif,2017,23226.3,55039.4,2369.7
Karnataka,Bidar,Maize,Rabi,2017,19728.0,56303.7,2854.0
Karnataka,Bidar,Rice,Kharif,2017,18304.6,38209.0,2087.4
Karnataka,Bidar,Soyabean,Kharif,2017,22023.6,28377.4,1288.5
Karnataka,Bidar,Sugarcane,Whole Year,2017,15460.6,906906.4,58659.2
Karnataka,Bidar,Wheat,Rabi,2017,14310.7,52591.8,3675.0
Karnataka,Bidar,Bajra,Kharif,2018,15221.0,14109.9,927.0
Karnataka,Bidar,Cotton,Kharif,2018,20494.6,8349.5,407.4
Karnataka,Bidar,Gram,Rabi,2018,18177.2,19673.2,1082.3
Karnataka,Bidar,Groundnut,Kharif,2018,25164.2,40753.4,1619.5
Karnataka,Bidar,Groundnut,Rabi,2018,22626.8,33725.2,1490.5
Karnataka,Bidar,Jowar,Kharif,2018,21631.9,22376.0,1034.4
Karnataka,Bidar,Jowar,Rabi,2018,22673.8,24136.3,1064.5
Karnataka,Bidar,Maize,Kharif,2018,26738.1,69107.3,2584.6
Karnataka,Bidar,Maize,Rabi,2018,18624.6,53970.4,2897.8
Karnataka,Bidar,Rice,Kharif,2018,21533.6,65421.2,3038.1
Karnataka,Bidar,Soyabean,Kharif,2018,22690.5,21939.4,966.9
Karnataka,Bidar,Sugarcane,Whole Year,2018,29764.0,1982964.0,66622.9
Karnataka,Bidar,Wheat,Rabi,2018,20945.5,81264.4,3879.8
Karnataka,Bidar,Bajra,Kharif,2019,19658.9,26515.9,1348.8
Karnataka,Bidar,Cotton,Kharif,2019,25817.0,16324.1,632.3
Karnataka,Bidar,Gram,Rabi,2019,18477.1,13974.2,756.3
Karnataka,Bidar,Groundnut,Kharif,2019,20327.1,33031.5,1625.0
Karnataka,Bidar,Groundnut,Rabi,2019,23360.6,39895.2,1707.8
Karnataka,Bidar,Jowar,Kharif,2019,26407.2,32364.7,1225.6
Karnataka,Bidar,Jowar,Rabi,2019,17279.8,27328.0,1581.5
Karnataka,Bidar,Maize,Kharif,2019,23862.8,60704.6,2543.9
Karnataka,Bidar,Maize,Rabi,2019,18227.0,41468.2,2275.1
Karnataka,Bidar,Rice,Kharif,2019,19995.4,55699.2,2785.6
Karnataka,Bidar,Soyabean,Kharif,2019,13159.2,16501.6,1254.0
Karnataka,Bidar,Sugarcane,Whole Year,2019,19170.9,1220781.8,63678.9
Karnataka,Bidar,Wheat,Rabi,2019,14886.9,47178.1,3169.1
Karnataka,Bidar,Bajra,Kharif,2020,16812.2,15426.9,917.6
Karnataka,Bidar,Cotton,Kharif,2020,26738.3,14403.9,538.7
Karnataka,Bidar,Gram,Rabi,2020,24260.8,24209.9,997.9
Karnataka,Bidar,Groundnut,Kharif,2020,22188.8,34709.9,1564.3
Karnataka,Bidar,Groundnut,Rabi,2020,22392.4,40093.6,1790.5
Karnataka,Bidar,Jowar,Kharif,2020,21810.0,25637.7,1175.5
Karnataka,Bidar,Jowar,Rabi,2020,19692.7,18182.3,923.3
Karnataka,Bidar,Maize,Kharif,2020,30842.4,66684.4,2162.1
Karnataka,Bidar,Maize,Rabi,2020,23402.8,68186.4,2913.6
Karnataka,Bidar,Rice,Kharif,2020,20221.6,51571.1,2550.3
Karnataka,Bidar,Soyabean,Kharif,2020,24221.2,32311.1,1334.0
Karnataka,Bidar,Sugarcane,Whole Year,2020,28711.5,2060437.7,71763.5
Karnataka,Bidar,Wheat,Rabi,2020,18922.8,74909.7,3958.7
Karnataka,Bidar,Bajra,Kharif,2021,31052.5,39647.8,1276.8
Karnataka,Bidar,Cotton,Kharif,2021,28344.5,18041.3,636.5
Karnataka,Bidar,Gram,Rabi,2021,19829.2,24241.2,1222.5
Karnataka,Bidar,Groundnut,Kharif,2021,18629.1,26028.6,1397.2
Karnataka,Bidar,Groundnut,Rabi,2021,14990.1,19524.6,1302.5
Karnataka,Bidar,Jowar,Kharif,2021,19077.3,23779.9,1246.5
Karnataka,Bidar,Jowar,Rabi,2021,19418.4,27764.4,1429.8
Karnataka,Bidar,Maize,Kharif,2021,18915.0,46128.0,2438.7
Karnataka,Bidar,Maize,Rabi,2021,18473.9,64015.8,3465.2
Karnataka,Bidar,Rice,Kharif,2021,21825.0,57860.3,2651.1
Karnataka,Bidar,Soyabean,Kharif,2021,24403.7,30792.6,1261.8
Karnataka,Bidar,Sugarcane,Whole Year,2021,18960.3,999814.5,52732.0
Karnataka,Bidar,Wheat,Rabi,2021,20701.0,54526.4,2634.0
Karnataka,Bidar,Bajra,Kharif,2022,19059.2,18094.8,949.4
Karnataka,Bidar,Cotton,Kharif,2022,22255.5,10691.5,480.4
Karnataka,Bidar,Gram,Rabi,2022,19555.7,17271.6,883.2
Karnataka,Bidar,Groundnut,Kharif,2022,18715.6,18030.6,963.4
Karnataka,Bidar,Groundnut,Rabi,2022,24840.4,38840.4,1563.6
Karnataka,Bidar,Jowar,Kharif,2022,23380.6,28884.4,1235.4
Karnataka,Bidar,Jowar,Rabi,2022,17837.3,28718.1,1610.0
Karnataka,Bidar,Maize,Kharif,2022,29008.8,60587.8,2088.6
Karnataka,Bidar,Maize,Rabi,2022,17011.0,61351.9,3606.6
Karnataka,Bidar,Rice,Kharif,2022,29336.8,72194.9,2460.9
Karnataka,Bidar,Soyabean,Kharif,2022,20587.8,20250.2,983.6
Karnataka,Bidar,Sugarcane,Whole Year,2022,31849.9,1877558.0,58950.2
Karnataka,Bidar,Wheat,Rabi,2022,21427.3,77982.5,3639.4
Karnataka,Bidar,Bajra,Kharif,2023,26832.4,26523.8,988.5
Karnataka,Bidar,Cotton,Kharif,2023,27790.0,12861.2,462.8
Karnataka,Bidar,Gram,Rabi,2023,18685.8,19734.1,1056.1
Karnataka,Bidar,Groundnut,Kharif,2023,28080.0,38893.6,1385.1
Karnataka,Bidar,Groundnut,Rabi,2023,13189.3,25663.7,1945.8
Karnataka,Bidar,Jowar,Kharif,2023,21718.4,18825.5,866.8
Karnataka,Bidar,Jowar,Rabi,2023,26553.7,42870.9,1614.5
Karnataka,Bidar,Maize,Kharif,2023,30069.8,96364.7,3204.7
Karnataka,Bidar,Maize,Rabi,2023,19862.9,61205.5,3081.4
Karnataka,Bidar,Rice,Kharif,2023,19043.8,45516.6,2390.1
Karnataka,Bidar,Soyabean,Kharif,2023,17217.6,17923.5,1041.0
Karnataka,Bidar,Sugarcane,Whole Year,2023,27298.1,1825595.9,66876.3
Karnataka,Bidar,Wheat,Rabi,2023,12810.5,37820.4,2952.3
Karnataka,Gadag,Bajra,Kharif,2015,27042.2,43356.8,1603.3
Karnataka,Gadag,Cotton,Kharif,2015,26369.7,15568.7,590.4
Karnataka,Gadag,Gram,Rabi,2015,23423.3,27616.1,1179.0
Karnataka,Gadag,Groundnut,Kharif,2015,20696.3,33335.5,1610.7
Karnataka,Gadag,Groundnut,Rabi,2015,23334.0,28581.8,1224.9
Karnataka,Gadag,Jowar,Kharif,2015,29561.4,25609.0,866.3
Karnataka,Gadag,Jowar,Rabi,2015,19356.5,27966.3,1444.8
Karnataka,Gadag,Maize,Kharif,2015,20250.6,65162.4,3217.8
Karnataka,Gadag,Maize,Rabi,2015,21985.6,66218.4,3011.9
Karnataka,Gadag,Rice,Kharif,2015,18076.6,40571.1,2244.4
Karnataka,Gadag,Soyabean,Kharif,2015,20637.0,30714.0,1488.3
Karnataka,Gadag,Sugarcane,Whole Year,2015,25740.8,1539148.0,59794.1
Karnataka,Gadag,Wheat,Rabi,2015,18340.1,63530.1,3464.0
Karnataka,Gadag,Bajra,Kharif,2016,20880.0,29415.7,1408.8
Karnataka,Gadag,Cotton,Kharif,2016,18548.9,11945.5,644.0
Karnataka,Gadag,Gram,Rabi,2016,27681.9,36050.1,1302.3
Karnataka,Gadag,Groundnut,Kharif,2016,30744.1,32207.5,1047.6
Karnataka,Gadag,Groundnut,Rabi,2016,21857.4,26685.7,1220.9
Karnataka,Gadag,Jowar,Kharif,2016,18309.7,18251.1,996.8
Karnataka,Gadag,Jowar,Rabi,2016,21352.4,31309.0,1466.3
Karnataka,Gadag,Maize,Kharif,2016,27566.1,72804.8,2641.1
Karnataka,Gadag,Maize,Rabi,2016,15283.5,58007.0,3795.4
Karnataka,Gadag,Rice,Kharif,2016,23114.2,56437.9,2441.7
Karnataka,Gadag,Soyabean,Kharif,2016,14290.7,19618.3,1372.8
Karnataka,Gadag,Sugarcane,Whole Year,2016,26792.6,1570665.3,58623.1
Karnataka,Gadag,Wheat,Rabi,2016,12823.8,47304.4,3688.8
Karnataka,Gadag,Bajra,Kharif,2017,26078.3,30816.7,1181.7
Karnataka,Gadag,Cotton,Kharif,2017,28372.3,15108.2,532.5
Karnataka,Gadag,Gram,Rabi,2017,27618.3,23633.0,855.7
Karnataka,Gadag,Groundnut,Kharif,2017,32766.6,50211.5,1532.4
Karnataka,Gadag,Groundnut,Rabi,2017,22022.0,42240.4,1918.1
Karnataka,Gadag,Jowar,Kharif,2017,28654.3,34373.7,1199.6
Karnataka,Gadag,Jowar,Rabi,2017,16706.2,14634.6,876.0
Karnataka,Gadag,Maize,Kharif,2017,30891.9,89765.7,2905.8
Karnataka,Gadag,Maize,Rabi,2017,21558.4,64037.1,2970.4
Karnataka,Gadag,Rice,Kharif,2017,19407.7,39789.7,2050.2
Karnataka,Gadag,Soyabean,Kharif,2017,21597.9,24768.5,1146.8
Karnataka,Gadag,Sugarcane,Whole Year,2017,18408.9,1228753.6,66747.8
Karnataka,Gadag,Wheat,Rabi,2017,12642.1,44641.8,3531.2
Karnataka,Gadag,Bajra,Kharif,2018,19114.8,33221.5,1738.0
Karnataka,Gadag,Cotton,Kharif,2018,19709.9,10637.4,539.7
Karnataka,Gadag,Gram,Rabi,2018,23417.9,26940.0,1150.4
Karnataka,Gadag,Groundnut,Kharif,2018,27514.0,26339.2,957.3
Karnataka,Gadag,Groundnut,Rabi,2018,16244.0,26641.8,1640.1
Karnataka,Gadag,Jowar,Kharif,2018,19230.1,19516.6,1014.9
Karnataka,Gadag,Jowar,Rabi,2018,15431.6,14087.5,912.9
Karnataka,Gadag,Maize,Kharif,2018,23556.9,50781.6,2155.7
Karnataka,Gadag,Maize,Rabi,2018,18810.5,62133.0,3303.1
Karnataka,Gadag,Rice,Kharif,2018,27607.0,59084.5,2140.2
Karnataka,Gadag,Soyabean,Kharif,2018,14344.8,13553.0,944.8
Karnataka,Gadag,Sugarcane,Whole Year,2018,25819.3,1889825.6,73194.3
Karnataka,Gadag,Wheat,Rabi,2018,12315.9,50469.3,4097.9
Karnataka,Gadag,Bajra,Kharif,2019,16387.7,14819.4,904.3
Karnataka,Gadag,Cotton,Kharif,2019,20965.2,9323.2,444.7
Karnataka,Gadag,Gram,Rabi,2019,26461.4,23153.7,875.0
Karnataka,Gadag,Groundnut,Kharif,2019,34589.7,41601.0,1202.7
Karnataka,Gadag,Groundnut,Rabi,2019,14367.5,26884.5,1871.2
Karnataka,Gadag,Jowar,Kharif,2019,27221.9,30319.8,1113.8
Karnataka,Gadag,Jowar,Rabi,2019,22219.7,31672.0,1425.4
Karnataka,Gadag,Maize,Kharif,2019,21198.4,74073.6,3494.3
Karnataka,Gadag,Maize,Rabi,2019,23697.5,76791.7,3240.5
Karnataka,Gadag,Rice,Kharif,2019,20394.5,55397.6,2716.3
Karnataka,Gadag,Soyabean,Kharif,2019,13010.8,11696.7,899.0
Karnataka,Gadag,Sugarcane,Whole Year,2019,19380.6,1276768.7,65878.7
Karnataka,Gadag,Wheat,Rabi,2019,20682.7,77839.3,3763.5
Karnataka,Gadag,Bajra,Kharif,2020,30510.2,31718.4,1039.6
Karnataka,Gadag,Cotton,Kharif,2020,25475.6,14694.3,576.8
Karnataka,Gadag,Gram,Rabi,2020,24797.4,20457.9,825.0
Karnataka,Gadag,Groundnut,Kharif,2020,30169.0,49229.8,1631.8
Karnataka,Gadag,Groundnut,Rabi,2020,14335.9,20097.5,1401.9
Karnataka,Gadag,Jowar,Kharif,2020,31599.5,28480.6,901.3
Karnataka,Gadag,Jowar,Rabi,2020,26107.0,32471.9,1243.8
Karnataka,Gadag,Maize,Kharif,2020,21461.2,70815.5,3299.7
Karnataka,Gadag,Maize,Rabi,2020,17343.7,52442.1,3023.7
Karnataka,Gadag,Rice,Kharif,2020,22310.8,58264.7,2611.5
Karnataka,Gadag,Soyabean,Kharif,2020,14289.3,16039.7,1122.5
Karnataka,Gadag,Sugarcane,Whole Year,2020,31480.0,1880741.1,59744.0
Karnataka,Gadag,Wheat,Rabi,2020,18567.4,57935.9,3120.3
Karnataka,Gadag,Bajra,Kharif,2021,15623.4,23635.1,1512.8
Karnataka,Gadag,Cotton,Kharif,2021,25965.7,13837.1,532.9
Karnataka,Gadag,Gram,Rabi,2021,26130.0,31596.4,1209.2
Karnataka,Gadag,Groundnut,Kharif,2021,27951.0,44755.1,1601.2
Karnataka,Gadag,Groundnut,Rabi,2021,14675.9,19006.8,1295.1
Karnataka,Gadag,Jowar,Kharif,2021,21776.5,17817.5,818.2
Karnataka,Gadag,Jowar,Rabi,2021,21905.2,35033.0,1599.3
Karnataka,Gadag,Maize,Kharif,2021,18550.8,39685.7,2139.3
Karnataka,Gadag,Maize,Rabi,2021,17426.4,64376.6,3694.2
Karnataka,Gadag,Rice,Kharif,2021,21793.9,54674.4,2508.7
Karnataka,Gadag,Soyabean,Kharif,2021,12582.0,12229.7,972.0
Karnataka,Gadag,Sugarcane,Whole Year,2021,31772.7,2572114.4,80953.6
Karnataka,Gadag,Wheat,Rabi,2021,12049.4,49678.5,4122.9
Karnataka,Gadag,Bajra,Kharif,2022,29758.4,30038.1,1009.4
Karnataka,Gadag,Cotton,Kharif,2022,26311.5,16699.9,634.7
Karnataka,Gadag,Gram,Rabi,2022,27335.4,31148.7,1139.5
Karnataka,Gadag,Groundnut,Kharif,2022,26452.0,37387.3,1413.4
Karnataka,Gadag,Groundnut,Rabi,2022,23295.8,39253.4,1685.0
Karnataka,Gadag,Jowar,Kharif,2022,18425.4,25863.7,1403.7
Karnataka,Gadag,Jowar,Rabi,2022,23963.8,33338.4,1391.2
Karnataka,Gadag,Maize,Kharif,2022,21019.5,62455.2,2971.3
Karnataka,Gadag,Maize,Rabi,2022,16726.4,54227.0,3242.0
Karnataka,Gadag,Rice,Kharif,2022,19279.1,51849.2,2689.4
Karnataka,Gadag,Soyabean,Kharif,2022,25991.8,23649.9,909.9
Karnataka,Gadag,Sugarcane,Whole Year,2022,31612.0,2029718.0,64207.2
Karnataka,Gadag,Wheat,Rabi,2022,20707.5,79761.1,3851.8
Karnataka,Gadag,Bajra,Kharif,2023,21734.9,32078.5,1475.9
Karnataka,Gadag,Cotton,Kharif,2023,22662.7,11911.5,525.6
Karnataka,Gadag,Gram,Rabi,2023,18850.5,18149.3,962.8
Karnataka,Gadag,Groundnut,Kharif,2023,21863.6,21970.7,1004.9
Karnataka,Gadag,Groundnut,Rabi,2023,19844.8,35085.6,1768.0
Karnataka,Gadag,Jowar,Kharif,2023,26672.9,29086.8,1090.5
Karnataka,Gadag,Jowar,Rabi,2023,19937.2,30717.2,1540.7
Karnataka,Gadag,Maize,Kharif,2023,25267.1,68036.7,2692.7
Karnataka,Gadag,Maize,Rabi,2023,12307.7,33796.9,2746.0
Karnataka,Gadag,Rice,Kharif,2023,22562.3,53666.7,2378.6
Karnataka,Gadag,Soyabean,Kharif,2023,20122.4,24364.2,1210.8
Karnataka,Gadag,Sugarcane,Whole Year,2023,25334.4,1898724.6,74946.5
Karnataka,Gadag,Wheat,Rabi,2023,20129.9,75467.0,3749.0
Karnataka,Kalaburagi,Bajra,Kharif,2015,28651.4,38255.3,1335.2
Karnataka,Kalaburagi,Cotton,Kharif,2015,21735.7,12408.9,570.9
Karnataka,Kalaburagi,Gram,Rabi,2015,24593.8,22267.2,905.4
Karnataka,Kalaburagi,Groundnut,Kharif,2015,25030.3,26066.6,1041.4
Karnataka,Kalaburagi,Groundnut,Rabi,2015,14354.9,25537.4,1779.0
Karnataka,Kalaburagi,Jowar,Kharif,2015,20540.1,23249.3,1131.9
Karnataka,Kalaburagi,Jowar,Rabi,2015,24217.6,22655.6,935.5
Karnataka,Kalaburagi,Maize,Kharif,2015,25942.4,60905.0,2347.7
Karnataka,Kalaburagi,Maize,Rabi,2015,23555.1,70045.8,2973.7
Karnataka,Kalaburagi,Rice,Kharif,2015,27671.9,70848.4,2560.3
Karnataka,Kalaburagi,Soyabean,Kharif,2015,12607.8,16044.7,1272.6
Karnataka,Kalaburagi,Sugarcane,Whole Year,2015,31173.9,2183681.8,70048.4
Karnataka,Kalaburagi,Wheat,Rabi,2015,20191.9,81064.4,4014.7
Karnataka,Kalaburagi,Bajra,Kharif,2016,24972.3,25002.3,1001.2
Karnataka,Kalaburagi,Cotton,Kharif,2016,26842.5,17222.1,641.6
Karnataka,Kalaburagi,Gram,Rabi,2016,18600.9,14966.3,804.6
Karnataka,Kalaburagi,Groundnut,Kharif,2016,18401.9,26342.3,1431.5
Karnataka,Kalaburagi,Groundnut,Rabi,2016,19892.2,33114.5,1664.7
Karnataka,Kalaburagi,Jowar,Kharif,2016,21247.3,22137.6,1041.9
Karnataka,Kalaburagi,Jowar,Rabi,2016,22728.2,28351.2,1247.4
Karnataka,Kalaburagi,Maize,Kharif,2016,31829.0,68798.4,2161.5
Karnataka,Kalaburagi,Maize,Rabi,2016,20341.7,57910.8,2846.9
Karnataka,Kalaburagi,Rice,Kharif,2016,23138.4,63887.4,2761.1
Karnataka,Kalaburagi,Soyabean,Kharif,2016,21694.1,32424.0,1494.6
Karnataka,Kalaburagi,Sugarcane,Whole Year,2016,17182.7,947167.1,55123.3
Karnataka,Kalaburagi,Wheat,Rabi,2016,19243.4,67840.7,3525.4
Karnataka,Kalaburagi,Bajra,Kharif,2017,24060.3,27474.5,1141.9
Karnataka,Kalaburagi,Cotton,Kharif,2017,21996.0,12922.6,587.5
Karnataka,Kalaburagi,Gram,Rabi,2017,27929.7,31482.4,1127.2
Karnataka,Kalaburagi,Groundnut,Kharif,2017,27482.3,41168.5,1498.0
Karnataka,Kalaburagi,Groundnut,Rabi,2017,18047.7,22579.5,1251.1
Karnataka,Kalaburagi,Jowar,Kharif,2017,25872.2,36779.9,1421.6
Karnataka,Kalaburagi,Jowar,Rabi,2017,17278.9,24225.0,1402.0
Karnataka,Kalaburagi,Maize,Kharif,2017,20813.1,57870.8,2780.5
Karnataka,Kalaburagi,Maize,Rabi,2017,13160.1,38435.4,2920.6
Karnataka,Kalaburagi,Rice,Kharif,2017,27074.0,62733.2,2317.1
Karnataka,Kalaburagi,Soyabean,Kharif,2017,21308.8,29261.2,1373.2
Karnataka,Kalaburagi,Sugarcane,Whole Year,2017,30762.0,1816166.9,59039.3
Karnataka,Kalaburagi,Wheat,Rabi,2017,15993.2,45483.1,2843.9
Karnataka,Kalaburagi,Bajra,Kharif,2018,16489.9,27922.3,1693.3
Karnataka,Kalaburagi,Cotton,Kharif,2018,24645.6,11965.4,485.5
Karnataka,Kalaburagi,Gram,Rabi,2018,20763.8,20865.5,1004.9
Karnataka,Kalaburagi,Groundnut,Kharif,2018,28210.1,37711.3,1336.8
Karnataka,Kalaburagi,Groundnut,Rabi,2018,23952.1,38859.9,1622.4
Karnataka,Kalaburagi,Jowar,Kharif,2018,31890.2,43067.7,1350.5
Karnataka,Kalaburagi,Jowar,Rabi,2018,17710.6,28239.6,1594.5
Karnataka,Kalaburagi,Maize,Kharif,2018,19629.1,63146.8,3217.0
Karnataka,Kalaburagi,Maize,Rabi,2018,16567.5,59722.5,3604.8
Karnataka,Kalaburagi,Rice,Kharif,2018,28416.7,81473.5,2867.1
Karnataka,Kalaburagi,Soyabean,Kharif,2018,23060.4,24649.3,1068.9
Karnataka,Kalaburagi,Sugarcane,Whole Year,2018,16375.6,1049502.4,64089.4
Karnataka,Kalaburagi,Wheat,Rabi,2018,13735.2,50983.7,3711.9
Karnataka,Kalaburagi,Bajra,Kharif,2019,15438.8,15000.3,971.6
Karnataka,Kalaburagi,Cotton,Kharif,2019,29557.4,16371.8,553.9
Karnataka,Kalaburagi,Gram,Rabi,2019,27589.9,27493.3,996.5
Karnataka,Kalaburagi,Groundnut,Kharif,2019,23300.9,30980.9,1329.6
Karnataka,Kalaburagi,Groundnut,Rabi,2019,17713.7,22847.1,1289.8
Karnataka,Kalaburagi,Jowar,Kharif,2019,26971.6,24940.6,924.7
Karnataka,Kalaburagi,Jowar,Rabi,2019,23054.6,31589.4,1370.2
Karnataka,Kalaburagi,Maize,Kharif,2019,20128.3,41164.4,2045.1
Karnataka,Kalaburagi,Maize,Rabi,2019,21369.1,62733.3,2935.7
Karnataka,Kalaburagi,Rice,Kharif,2019,18698.0,57847.9,3093.8
Karnataka,Kalaburagi,Soyabean,Kharif,2019,12808.9,16791.2,1310.9
Karnataka,Kalaburagi,Sugarcane,Whole Year,2019,31722.5,1877191.6,59175.4
Karnataka,Kalaburagi,Wheat,Rabi,2019,13422.5,37505.1,2794.2
Karnataka,Kalaburagi,Bajra,Kharif,2020,21251.9,25984.7,1222.7
Karnataka,Kalaburagi,Cotton,Kharif,2020,27930.5,16909.1,605.4
Karnataka,Kalaburagi,Gram,Rabi,2020,25231.7,19082.7,756.3
Karnataka,Kalaburagi,Groundnut,Kharif,2020,25074.6,32872.8,1311.0
Karnataka,Kalaburagi,Groundnut,Rabi,2020,12249.5,17404.1,1420.8
Karnataka,Kalaburagi,Jowar,Kharif,2020,28644.1,24974.8,871.9
Karnataka,Kalaburagi,Jowar,Rabi,2020,21959.0,22446.5,1022.2
Karnataka,Kalaburagi,Maize,Kharif,2020,18169.7,42224.6,2323.9
Karnataka,Kalaburagi,Maize,Rabi,2020,23710.5,82571.8,3482.5
Karnataka,Kalaburagi,Rice,Kharif,2020,29514.9,73356.3,2485.4
Karnataka,Kalaburagi,Soyabean,Kharif,2020,13536.3,16510.2,1219.7
Karnataka,Kalaburagi,Sugarcane,Whole Year,2020,22724.4,1757293.8,77330.7
Karnataka,Kalaburagi,Wheat,Rabi,2020,12980.8,43890.7,3381.2
Karnataka,Kalaburagi,Bajra,Kharif,2021,15653.2,26009.4,1661.6
Karnataka,Kalaburagi,Cotton,Kharif,2021,23537.7,13614.2,578.4
Karnataka,Kalaburagi,Gram,Rabi,2021,23912.2,30134.2,1260.2
Karnataka,Kalaburagi,Groundnut,Kharif,2021,28823.4,40655.4,1410.5
Karnataka,Kalaburagi,Groundnut,Rabi,2021,12866.5,21108.8,1640.6
Karnataka,Kalaburagi,Jowar,Kharif,2021,20102.4,25612.5,1274.1
Karnataka,Kalaburagi,Jowar,Rabi,2021,21658.9,30196.8,1394.2
Karnataka,Kalaburagi,Maize,Kharif,2021,18583.4,38679.5,2081.4
Karnataka,Kalaburagi,Maize,Rabi,2021,20595.9,47685.7,2315.3
Karnataka,Kalaburagi,Rice,Kharif,2021,18855.1,36098.1,1914.5
Karnataka,Kalaburagi,Soyabean,Kharif,2021,25391.0,33955.4,1337.3
Karnataka,Kalaburagi,Sugarcane,Whole Year,2021,21005.3,1279140.8,60896.1
Karnataka,Kalaburagi,Wheat,Rabi,2021,15497.0,59499.2,3839.4
Karnataka,Kalaburagi,Bajra,Kharif,2022,25455.2,39384.3,1547.2
Karnataka,Kalaburagi,Cotton,Kharif,2022,25726.9,14111.2,548.5
Karnataka,Kalaburagi,Gram,Rabi,2022,16503.4,21487.4,1302.0
Karnataka,Kalaburagi,Groundnut,Kharif,2022,31578.1,36933.7,1169.6
Karnataka,Kalaburagi,Groundnut,Rabi,2022,24739.6,42344.3,1711.6
Karnataka,Kalaburagi,Jowar,Kharif,2022,26153.9,33508.4,1281.2
Karnataka,Kalaburagi,Jowar,Rabi,2022,25553.0,35140.5,1375.2
Karnataka,Kalaburagi,Maize,Kharif,2022,19793.3,48974.6,2474.3
Karnataka,Kalaburagi,Maize,Rabi,2022,23137.0,59216.8,2559.4
Karnataka,Kalaburagi,Rice,Kharif,2022,22466.0,54334.0,2418.5
Karnataka,Kalaburagi,Soyabean,Kharif,2022,18151.7,22871.1,1260.0
Karnataka,Kalaburagi,Sugarcane,Whole Year,2022,31032.3,1837757.6,59220.8
Karnataka,Kalaburagi,Wheat,Rabi,2022,13215.0,38534.9,2916.0
Karnataka,Kalaburagi,Bajra,Kharif,2023,31739.4,53753.8,1693.6
Karnataka,Kalaburagi,Cotton,Kharif,2023,18518.1,8260.9,446.1
Karnataka,Kalaburagi,Gram,Rabi,2023,17580.7,20460.4,1163.8
Karnataka,Kalaburagi,Groundnut,Kharif,2023,31902.4,35414.9,1110.1
Karnataka,Kalaburagi,Groundnut,Rabi,2023,18576.1,35565.8,1914.6
Karnataka,Kalaburagi,Jowar,Kharif,2023,28259.2,32308.7,1143.3
Karnataka,Kalaburagi,Jowar,Rabi,2023,22674.5,28495.0,1256.7
Karnataka,Kalaburagi,Maize,Kharif,2023,22165.7,62635.8,2825.8
Karnataka,Kalaburagi,Maize,Rabi,2023,20266.6,72905.0,3597.3
Karnataka,Kalaburagi,Rice,Kharif,2023,25635.5,72120.4,2813.3
Karnataka,Kalaburagi,Soyabean,Kharif,2023,14241.0,16607.9,1166.2
Karnataka,Kalaburagi,Sugarcane,Whole Year,2023,15158.6,900426.9,59400.4
Karnataka,Kalaburagi,Wheat,Rabi,2023,19264.6,80659.0,4186.9
Karnataka,Koppal,Bajra,Kharif,2015,31287.2,36953.3,1181.1
Karnataka,Koppal,Cotton,Kharif,2015,21923.2,9683.5,441.7
Karnataka,Koppal,Gram,Rabi,2015,19667.3,24578.2,1249.7
Karnataka,Koppal,Groundnut,Kharif,2015,34937.7,42840.6,1226.2
Karnataka,Koppal,Groundnut,Rabi,2015,17831.9,32343.5,1813.8
Karnataka,Koppal,Jowar,Kharif,2015,30406.7,35797.8,1177.3
Karnataka,Koppal,Jowar,Rabi,2015,20089.8,23708.0,1180.1
Karnataka,Koppal,Maize,Kharif,2015,27738.7,54229.2,1955.0
Karnataka,Koppal,Maize,Rabi,2015,19435.1,53811.9,2768.8
Karnataka,Koppal,Rice,Kharif,2015,27530.4,55380.2,2011.6
Karnataka,Koppal,Soyabean,Kharif,2015,20234.8,23840.6,1178.2
Karnataka,Koppal,Sugarcane,Whole Year,2015,25919.5,1398243.0,53945.6
Karnataka,Koppal,Wheat,Rabi,2015,17799.8,62270.8,3498.4
Karnataka,Koppal,Bajra,Kharif,2016,20579.3,25530.7,1240.6
Karnataka,Koppal,Cotton,Kharif,2016,19063.2,8803.4,461.8
Karnataka,Koppal,Gram,Rabi,2016,23178.7,27102.9,1169.3
Karnataka,Koppal,Groundnut,Kharif,2016,34971.9,57696.6,1649.8
Karnataka,Koppal,Groundnut,Rabi,2016,20353.3,31712.5,1558.1
Karnataka,Koppal,Jowar,Kharif,2016,26906.5,35150.7,1306.4
Karnataka,Koppal,Jowar,Rabi,2016,16538.4,19480.6,1177.9
Karnataka,Koppal,Maize,Kharif,2016,29757.2,75729.1,2544.9
Karnataka,Koppal,Maize,Rabi,2016,18862.5,59235.8,3140.4
Karnataka,Koppal,Rice,Kharif,2016,20213.7,47192.9,2334.7
Karnataka,Koppal,Soyabean,Kharif,2016,16683.2,14951.5,896.2
Karnataka,Koppal,Sugarcane,Whole Year,2016,15411.3,1185913.4,76950.9
Karnataka,Koppal,Wheat,Rabi,2016,14730.7,50510.1,3428.9
Karnataka,Koppal,Bajra,Kharif,2017,28013.7,27817.6,993.0
Karnataka,Koppal,Cotton,Kharif,2017,25322.7,11088.8,437.9
Karnataka,Koppal,Gram,Rabi,2017,25016.5,28131.1,1124.5
Karnataka,Koppal,Groundnut,Kharif,2017,34262.4,34320.6,1001.7
Karnataka,Koppal,Groundnut,Rabi,2017,12741.7,18346.8,1439.9
Karnataka,Koppal,Jowar,Kharif,2017,21663.9,20483.2,945.5
Karnataka,Koppal,Jowar,Rabi,2017,26781.3,28109.7,1049.6
Karnataka,Koppal,Maize,Kharif,2017,21807.3,68193.6,3127.1
Karnataka,Koppal,Maize,Rabi,2017,17396.9,59892.3,3442.7
Karnataka,Koppal,Rice,Kharif,2017,18784.4,46681.1,2485.1
Karnataka,Koppal,Soyabean,Kharif,2017,12470.6,11458.0,918.8
Karnataka,Koppal,Sugarcane,Whole Year,2017,30409.4,1708321.0,56177.4
Karnataka,Koppal,Wheat,Rabi,2017,17324.2,56438.8,3257.8
Karnataka,Koppal,Bajra,Kharif,2018,22886.9,39475.3,1724.8
Karnataka,Koppal,Cotton,Kharif,2018,25302.3,12598.0,497.9
Karnataka,Koppal,Gram,Rabi,2018,17369.1,14524.0,836.2
Karnataka,Koppal,Groundnut,Kharif,2018,21830.4,24847.4,1138.2
Karnataka,Koppal,Groundnut,Rabi,2018,23058.0,38668.3,1677.0
Karnataka,Koppal,Jowar,Kharif,2018,25327.5,21703.1,856.9
Karnataka,Koppal,Jowar,Rabi,2018,26181.8,37395.5,1428.3
Karnataka,Koppal,Maize,Kharif,2018,18947.4,57734.6,3047.1
Karnataka,Koppal,Maize,Rabi,2018,18522.5,43172.2,2330.8
Karnataka,Koppal,Rice,Kharif,2018,23499.6,58316.6,2481.6
Karnataka,Koppal,Soyabean,Kharif,2018,14320.8,20998.6,1466.3
Karnataka,Koppal,Sugarcane,Whole Year,2018,29449.6,2122453.3,72070.7
Karnataka,Koppal,Wheat,Rabi,2018,16623.0,54171.0,3258.8
Karnataka,Koppal,Bajra,Kharif,2019,29952.9,48928.1,1633.5
Karnataka,Koppal,Cotton,Kharif,2019,20865.6,10981.6,526.3
Karnataka,Koppal,Gram,Rabi,2019,27819.9,33105.7,1190.0
Karnataka,Koppal,Groundnut,Kharif,2019,18461.8,18441.5,998.9
Karnataka,Koppal,Groundnut,Rabi,2019,18031.1,35571.8,1972.8
Karnataka,Koppal,Jowar,Kharif,2019,25541.8,28440.8,1113.5
Karnataka,Koppal,Jowar,Rabi,2019,16371.2,22516.9,1375.4
Karnataka,Koppal,Maize,Kharif,2019,29509.4,74945.0,2539.7
Karnataka,Koppal,Maize,Rabi,2019,21307.3,79757.5,3743.2
Karnataka,Koppal,Rice,Kharif,2019,20445.2,51685.5,2528.0
Karnataka,Koppal,Soyabean,Kharif,2019,16019.9,21972.9,1371.6
Karnataka,Koppal,Sugarcane,Whole Year,2019,24819.1,1763086.8,71037.5
Karnataka,Koppal,Wheat,Rabi,2019,19979.1,64604.4,3233.6
Karnataka,Koppal,Bajra,Kharif,2020,22485.5,31565.1,1403.8
Karnataka,Koppal,Cotton,Kharif,2020,19001.6,12295.9,647.1
Karnataka,Koppal,Gram,Rabi,2020,25643.2,26617.6,1038.0
Karnataka,Koppal,Groundnut,Kharif,2020,34441.2,43509.6,1263.3
Karnataka,Koppal,Groundnut,Rabi,2020,24793.4,43827.3,1767.7
Karnataka,Koppal,Jowar,Kharif,2020,26885.4,23960.3,891.2
Karnataka,Koppal,Jowar,Rabi,2020,26465.1,31546.4,1192.0
Karnataka,Koppal,Maize,Kharif,2020,20271.3,39924.3,1969.5
Karnataka,Koppal,Maize,Rabi,2020,18717.1,56971.1,3043.8
Karnataka,Koppal,Rice,Kharif,2020,26632.2,79052.4,2968.3
Karnataka,Koppal,Soyabean,Kharif,2020,13111.7,17484.5,1333.5
Karnataka,Koppal,Sugarcane,Whole Year,2020,18186.0,1413876.0,77745.3
Karnataka,Koppal,Wheat,Rabi,2020,20190.6,69966.5,3465.3
Karnataka,Koppal,Bajra,Kharif,2021,22656.0,34525.5,1523.9
Karnataka,Koppal,Cotton,Kharif,2021,25813.8,14814.5,573.9
Karnataka,Koppal,Gram,Rabi,2021,20228.5,24873.0,1229.6
Karnataka,Koppal,Groundnut,Kharif,2021,26011.9,43811.8,1684.3
Karnataka,Koppal,Groundnut,Rabi,2021,20243.8,26464.7,1307.3
Karnataka,Koppal,Jowar,Kharif,2021,27466.5,27406.1,997.8
Karnataka,Koppal,Jowar,Rabi,2021,23922.3,21666.4,905.7
Karnataka,Koppal,Maize,Kharif,2021,20448.3,66996.8,3276.4
Karnataka,Koppal,Maize,Rabi,2021,14726.2,52120.4,3539.3
Karnataka,Koppal,Rice,Kharif,2021,21351.3,57040.0,2671.5
Karnataka,Koppal,Soyabean,Kharif,2021,21718.1,26013.9,1197.8
Karnataka,Koppal,Sugarcane,Whole Year,2021,20190.3,1178695.6,58379.3
Karnataka,Koppal,Wheat,Rabi,2021,12331.9,38059.9,3086.3
Karnataka,Koppal,Bajra,Kharif,2022,31605.6,30012.7,949.6
Karnataka,Koppal,Cotton,Kharif,2022,23070.6,9500.5,411.8
Karnataka,Koppal,Gram,Rabi,2022,24878.8,31678.2,1273.3
Karnataka,Koppal,Groundnut,Kharif,2022,22760.6,36275.8,1593.8
Karnataka,Koppal,Groundnut,Rabi,2022,15798.8,31190.0,1974.2
Karnataka,Koppal,Jowar,Kharif,2022,28555.5,37673.3,1319.3
Karnataka,Koppal,Jowar,Rabi,2022,15234.1,24682.3,1620.2
Karnataka,Koppal,Maize,Kharif,2022,28173.4,68247.2,2422.4
Karnataka,Koppal,Maize,Rabi,2022,21952.7,58183.4,2650.4
Karnataka,Koppal,Rice,Kharif,2022,28473.0,57945.4,2035.1
Karnataka,Koppal,Soyabean,Kharif,2022,21851.6,26554.1,1215.2
Karnataka,Koppal,Sugarcane,Whole Year,2022,16641.1,986098.3,59256.8
Karnataka,Koppal,Wheat,Rabi,2022,12124.0,40615.4,3350.0
Karnataka,Koppal,Bajra,Kharif,2023,24907.7,43486.4,1745.9
Karnataka,Koppal,Cotton,Kharif,2023,28268.4,15434.5,546.0
Karnataka,Koppal,Gram,Rabi,2023,16763.7,20517.1,1223.9
Karnataka,Koppal,Groundnut,Kharif,2023,28182.6,29202.8,1036.2
Karnataka,Koppal,Groundnut,Rabi,2023,13220.1,26085.9,1973.2
Karnataka,Koppal,Jowar,Kharif,2023,27368.8,36553.8,1335.6
Karnataka,Koppal,Jowar,Rabi,2023,26426.7,34550.3,1307.4
Karnataka,Koppal,Maize,Kharif,2023,25244.2,66069.1,2617.2
Karnataka,Koppal,Maize,Rabi,2023,15803.4,45757.2,2895.4
Karnataka,Koppal,Rice,Kharif,2023,27286.6,71553.7,2622.3
Karnataka,Koppal,Soyabean,Kharif,2023,24495.3,28289.6,1154.9
Karnataka,Koppal,Sugarcane,Whole Year,2023,25320.5,1796216.0,70939.2
Karnataka,Koppal,Wheat,Rabi,2023,17917.0,66726.5,3724.2
Karnataka,Vijayanagara,Bajra,Kharif,2015,17380.4,19102.8,1099.1
Karnataka,Vijayanagara,Cotton,Kharif,2015,29658.4,14615.7,492.8
Karnataka,Vijayanagara,Gram,Rabi,2015,21784.5,18773.9,861.8
Karnataka,Vijayanagara,Groundnut,Kharif,2015,28383.3,32938.8,1160.5
Karnataka,Vijayanagara,Groundnut,Rabi,2015,14690.9,24079.9,1639.1
Karnataka,Vijayanagara,Jowar,Kharif,2015,18077.1,14192.3,785.1
Karnataka,Vijayanagara,Jowar,Rabi,2015,17847.9,15695.4,879.4
Karnataka,Vijayanagara,Maize,Kharif,2015,19512.4,48297.1,2475.2
Karnataka,Vijayanagara,Maize,Rabi,2015,21631.0,67387.1,3115.3
Karnataka,Vijayanagara,Rice,Kharif,2015,24152.0,54395.1,2252.2
Karnataka,Vijayanagara,Soyabean,Kharif,2015,25044.6,28202.7,1126.1
Karnataka,Vijayanagara,Sugarcane,Whole Year,2015,16480.6,1162080.1,70512.0
Karnataka,Vijayanagara,Wheat,Rabi,2015,13138.4,41417.5,3152.4
Karnataka,Vijayanagara,Bajra,Kharif,2016,28960.4,24656.9,851.4
Karnataka,Vijayanagara,Cotton,Kharif,2016,25636.8,10621.3,414.3
Karnataka,Vijayanagara,Gram,Rabi,2016,19091.3,14965.7,783.9
Karnataka,Vijayanagara,Groundnut,Kharif,2016,28264.5,41404.7,1464.9
Karnataka,Vijayanagara,Groundnut,Rabi,2016,13488.3,20587.2,1526.3
Karnataka,Vijayanagara,Jowar,Kharif,2016,24387.3,25053.1,1027.3
Karnataka,Vijayanagara,Jowar,Rabi,2016,16573.3,19642.7,1185.2
Karnataka,Vijayanagara,Maize,Kharif,2016,28516.5,58746.8,2060.1
Karnataka,Vijayanagara,Maize,Rabi,2016,12962.2,35874.2,2767.6
Karnataka,Vijayanagara,Rice,Kharif,2016,29300.7,79179.3,2702.3
Karnataka,Vijayanagara,Soyabean,Kharif,2016,21501.4,23746.1,1104.4
Karnataka,Vijayanagara,Sugarcane,Whole Year,2016,25092.2,1312419.9,52303.9
Karnataka,Vijayanagara,Wheat,Rabi,2016,18361.0,74569.5,4061.3
Karnataka,Vijayanagara,Bajra,Kharif,2017,20833.8,31382.0,1506.3
Karnataka,Vijayanagara,Cotton,Kharif,2017,25827.5,16447.0,636.8
Karnataka,Vijayanagara,Gram,Rabi,2017,24309.9,24190.8,995.1
Karnataka,Vijayanagara,Groundnut,Kharif,2017,29440.4,34047.8,1156.5
Karnataka,Vijayanagara,Groundnut,Rabi,2017,15982.1,29896.1,1870.6
Karnataka,Vijayanagara,Jowar,Kharif,2017,24249.9,31886.2,1314.9
Karnataka,Vijayanagara,Jowar,Rabi,2017,25691.5,39462.1,1536.0
Karnataka,Vijayanagara,Maize,Kharif,2017,30832.9,80720.5,2618.0
Karnataka,Vijayanagara,Maize,Rabi,2017,15826.4,49560.4,3131.5
Karnataka,Vijayanagara,Rice,Kharif,2017,22454.1,58858.9,2621.3
Karnataka,Vijayanagara,Soyabean,Kharif,2017,21878.2,28590.4,1306.8
Karnataka,Vijayanagara,Sugarcane,Whole Year,2017,21367.4,1218065.7,57005.8
Karnataka,Vijayanagara,Wheat,Rabi,2017,16305.3,46114.6,2828.2
Karnataka,Vijayanagara,Bajra,Kharif,2018,26700.7,26073.2,976.5
Karnataka,Vijayanagara,Cotton,Kharif,2018,23827.1,9714.3,407.7
Karnataka,Vijayanagara,Gram,Rabi,2018,22065.5,28674.1,1299.5
Karnataka,Vijayanagara,Groundnut,Kharif,2018,24531.5,24021.2,979.2
Karnataka,Vijayanagara,Groundnut,Rabi,2018,12402.4,18973.2,1529.8
Karnataka,Vijayanagara,Jowar,Kharif,2018,20240.3,16103.2,795.6
Karnataka,Vijayanagara,Jowar,Rabi,2018,24830.8,30214.1,1216.8
Karnataka,Vijayanagara,Maize,Kharif,2018,22049.4,73757.4,3345.1
Karnataka,Vijayanagara,Maize,Rabi,2018,13393.7,49951.8,3729.5
Karnataka,Vijayanagara,Rice,Kharif,2018,21767.6,64564.9,2966.1
Karnataka,Vijayanagara,Soyabean,Kharif,2018,20441.2,28466.4,1392.6
Karnataka,Vijayanagara,Sugarcane,Whole Year,2018,31728.2,1924385.1,60652.2
Karnataka,Vijayanagara,Wheat,Rabi,2018,21611.4,69657.9,3223.2
Karnataka,Vijayanagara,Bajra,Kharif,2019,24481.1,28459.3,1162.5
Karnataka,Vijayanagara,Cotton,Kharif,2019,24965.6,10959.9,439.0
Karnataka,Vijayanagara,Gram,Rabi,2019,21328.5,23610.6,1107.0
Karnataka,Vijayanagara,Groundnut,Kharif,2019,26311.3,32923.3,1251.3
Karnataka,Vijayanagara,Groundnut,Rabi,2019,24920.0,48551.6,1948.3
Karnataka,Vijayanagara,Jowar,Kharif,2019,26727.7,31044.2,1161.5
Karnataka,Vijayanagara,Jowar,Rabi,2019,23068.6,23322.4,1011.0
Karnataka,Vijayanagara,Maize,Kharif,2019,23531.9,47327.4,2011.2
Karnataka,Vijayanagara,Maize,Rabi,2019,17706.6,54338.0,3068.8
Karnataka,Vijayanagara,Rice,Kharif,2019,20733.0,63376.6,3056.8
Karnataka,Vijayanagara,Soyabean,Kharif,2019,24732.4,32837.2,1327.7
Karnataka,Vijayanagara,Sugarcane,Whole Year,2019,24067.6,1879657.9,78099.1
Karnataka,Vijayanagara,Wheat,Rabi,2019,13306.5,51427.0,3864.8
Karnataka,Vijayanagara,Bajra,Kharif,2020,23691.7,30635.7,1293.1
Karnataka,Vijayanagara,Cotton,Kharif,2020,24927.3,16013.3,642.4
Karnataka,Vijayanagara,Gram,Rabi,2020,27768.9,27277.4,982.3
Karnataka,Vijayanagara,Groundnut,Kharif,2020,32067.8,48852.1,1523.4
Karnataka,Vijayanagara,Groundnut,Rabi,2020,19455.9,39156.9,2012.6
Karnataka,Vijayanagara,Jowar,Kharif,2020,20806.6,17752.2,853.2
Karnataka,Vijayanagara,Jowar,Rabi,2020,26101.5,31355.7,1201.3
Karnataka,Vijayanagara,Maize,Kharif,2020,29857.6,99554.2,3334.3
Karnataka,Vijayanagara,Maize,Rabi,2020,12749.5,46070.3,3613.5
Karnataka,Vijayanagara,Rice,Kharif,2020,23379.8,58741.7,2512.5
Karnataka,Vijayanagara,Soyabean,Kharif,2020,20772.3,30211.2,1454.4
Karnataka,Vijayanagara,Sugarcane,Whole Year,2020,15325.0,1016128.7,66305.3
Karnataka,Vijayanagara,Wheat,Rabi,2020,18877.2,70908.4,3756.3
Karnataka,Vijayanagara,Bajra,Kharif,2021,27588.1,26997.7,978.6
Karnataka,Vijayanagara,Cotton,Kharif,2021,27041.1,16638.4,615.3
Karnataka,Vijayanagara,Gram,Rabi,2021,23902.5,28365.1,1186.7
Karnataka,Vijayanagara,Groundnut,Kharif,2021,32380.7,45663.3,1410.2
Karnataka,Vijayanagara,Groundnut,Rabi,2021,13151.9,21233.7,1614.5
Karnataka,Vijayanagara,Jowar,Kharif,2021,19087.1,20100.6,1053.1
Karnataka,Vijayanagara,Jowar,Rabi,2021,20292.4,18320.0,902.8
Karnataka,Vijayanagara,Maize,Kharif,2021,22883.5,48558.8,2122.0
Karnataka,Vijayanagara,Maize,Rabi,2021,21698.8,80639.3,3716.3
Karnataka,Vijayanagara,Rice,Kharif,2021,18867.8,57473.2,3046.1
Karnataka,Vijayanagara,Soyabean,Kharif,2021,19316.1,20585.2,1065.7
Karnataka,Vijayanagara,Sugarcane,Whole Year,2021,16306.7,1092853.8,67018.7
Karnataka,Vijayanagara,Wheat,Rabi,2021,19945.2,74421.5,3731.3
Karnataka,Vijayanagara,Bajra,Kharif,2022,21082.8,30211.7,1433.0
Karnataka,Vijayanagara,Cotton,Kharif,2022,19475.0,12635.4,648.8
Karnataka,Vijayanagara,Gram,Rabi,2022,22037.0,22171.4,1006.1
Karnataka,Vijayanagara,Groundnut,Kharif,2022,27959.7,39663.6,1418.6
Karnataka,Vijayanagara,Groundnut,Rabi,2022,12933.1,23023.5,1780.2
Karnataka,Vijayanagara,Jowar,Kharif,2022,21387.0,26911.3,1258.3
Karnataka,Vijayanagara,Jowar,Rabi,2022,25693.0,38364.8,1493.2
Karnataka,Vijayanagara,Maize,Kharif,2022,25735.0,70933.4,2756.3
Karnataka,Vijayanagara,Maize,Rabi,2022,13714.5,47186.1,3440.6
Karnataka,Vijayanagara,Rice,Kharif,2022,21256.9,53057.2,2496.0
Karnataka,Vijayanagara,Soyabean,Kharif,2022,15979.8,15388.5,963.0
Karnataka,Vijayanagara,Sugarcane,Whole Year,2022,25702.5,1378425.1,53630.0
Karnataka,Vijayanagara,Wheat,Rabi,2022,19486.5,60566.0,3108.1
Karnataka,Vijayanagara,Bajra,Kharif,2023,28411.9,46956.3,1652.7
Karnataka,Vijayanagara,Cotton,Kharif,2023,23205.8,15195.2,654.8
Karnataka,Vijayanagara,Gram,Rabi,2023,20527.8,26675.9,1299.5
Karnataka,Vijayanagara,Groundnut,Kharif,2023,19517.9,28599.6,1465.3
Karnataka,Vijayanagara,Groundnut,Rabi,2023,18419.6,28172.8,1529.5
Karnataka,Vijayanagara,Jowar,Kharif,2023,26858.0,33615.5,1251.6
Karnataka,Vijayanagara,Jowar,Rabi,2023,15056.7,14809.8,983.6
Karnataka,Vijayanagara,Maize,Kharif,2023,27982.6,83469.3,2982.9
Karnataka,Vijayanagara,Maize,Rabi,2023,23592.6,80632.4,3417.7
Karnataka,Vijayanagara,Rice,Kharif,2023,29409.3,80669.7,2743.0
Karnataka,Vijayanagara,Soyabean,Kharif,2023,16172.7,15288.1,945.3
Karnataka,Vijayanagara,Sugarcane,Whole Year,2023,28291.0,2017841.4,71324.5
Karnataka,Vijayanagara,Wheat,Rabi,2023,12481.9,39643.8,3176.1
Karnataka,Vijayapura,Bajra,Kharif,2015,18667.6,27254.7,1460.0
Karnataka,Vijayapura,Cotton,Kharif,2015,25293.0,12208.9,482.7
Karnataka,Vijayapura,Gram,Rabi,2015,17639.2,19780.6,1121.4
Karnataka,Vijayapura,Groundnut,Kharif,2015,30556.2,36261.0,1186.7
Karnataka,Vijayapura,Groundnut,Rabi,2015,20382.8,31305.9,1535.9
Karnataka,Vijayapura,Jowar,Kharif,2015,27984.9,25564.2,913.5
Karnataka,Vijayapura,Jowar,Rabi,2015,26572.8,28696.0,1079.9
Karnataka,Vijayapura,Maize,Kharif,2015,23149.0,47224.0,2040.0
Karnataka,Vijayapura,Maize,Rabi,2015,13338.1,40353.1,3025.4
Karnataka,Vijayapura,Rice,Kharif,2015,21211.1,61567.3,2902.6
Karnataka,Vijayapura,Soyabean,Kharif,2015,12205.7,13609.4,1115.0
Karnataka,Vijayapura,Sugarcane,Whole Year,2015,20734.9,1090236.9,52579.8
Karnataka,Vijayapura,Wheat,Rabi,2015,13243.7,43198.3,3261.8
Karnataka,Vijayapura,Bajra,Kharif,2016,28092.7,44285.3,1576.4
Karnataka,Vijayapura,Cotton,Kharif,2016,19442.5,9223.5,474.4
Karnataka,Vijayapura,Gram,Rabi,2016,16210.6,14868.4,917.2
Karnataka,Vijayapura,Groundnut,Kharif,2016,31143.4,41685.4,1338.5
Karnataka,Vijayapura,Groundnut,Rabi,2016,16525.2,25052.2,1516.0
Karnataka,Vijayapura,Jowar,Kharif,2016,18019.0,17674.8,980.9
Karnataka,Vijayapura,Jowar,Rabi,2016,23404.0,38134.5,1629.4
Karnataka,Vijayapura,Maize,Kharif,2016,29858.9,59317.7,1986.6
Karnataka,Vijayapura,Maize,Rabi,2016,22782.7,78670.9,3453.1
Karnataka,Vijayapura,Rice,Kharif,2016,27364.5,67032.1,2449.6
Karnataka,Vijayapura,Soyabean,Kharif,2016,17572.1,18763.5,1067.8
Karnataka,Vijayapura,Sugarcane,Whole Year,2016,16116.8,948426.9,58847.1
Karnataka,Vijayapura,Wheat,Rabi,2016,14466.0,48815.5,3374.5
Karnataka,Vijayapura,Bajra,Kharif,2017,24831.1,24391.6,982.3
Karnataka,Vijayapura,Cotton,Kharif,2017,27733.5,16032.7,578.1
Karnataka,Vijayapura,Gram,Rabi,2017,20658.0,23432.4,1134.3
Karnataka,Vijayapura,Groundnut,Kharif,2017,22418.4,27101.6,1208.9
Karnataka,Vijayapura,Groundnut,Rabi,2017,23927.3,34620.4,1446.9
Karnataka,Vijayapura,Jowar,Kharif,2017,24579.8,33831.6,1376.4
Karnataka,Vijayapura,Jowar,Rabi,2017,24200.4,21775.5,899.8
Karnataka,Vijayapura,Maize,Kharif,2017,20062.2,39366.0,1962.2
Karnataka,Vijayapura,Maize,Rabi,2017,19571.1,57075.2,2916.3
Karnataka,Vijayapura,Rice,Kharif,2017,19611.3,59804.7,3049.5
Karnataka,Vijayapura,Soyabean,Kharif,2017,19415.2,19997.7,1030.0
Karnataka,Vijayapura,Sugarcane,Whole Year,2017,23510.3,1701877.7,72388.6
Karnataka,Vijayapura,Wheat,Rabi,2017,12762.4,38791.3,3039.5
Karnataka,Vijayapura,Bajra,Kharif,2018,31174.3,54408.5,1745.3
Karnataka,Vijayapura,Cotton,Kharif,2018,26540.7,17907.0,674.7
Karnataka,Vijayapura,Gram,Rabi,2018,22834.5,20503.1,897.9
Karnataka,Vijayapura,Groundnut,Kharif,2018,25428.9,35478.4,1395.2
Karnataka,Vijayapura,Groundnut,Rabi,2018,12950.1,22390.7,1729.0
Karnataka,Vijayapura,Jowar,Kharif,2018,31736.5,28797.7,907.4
Karnataka,Vijayapura,Jowar,Rabi,2018,25303.7,39886.2,1576.3
Karnataka,Vijayapura,Maize,Kharif,2018,31211.8,107312.4,3438.2
Karnataka,Vijayapura,Maize,Rabi,2018,18257.5,68715.8,3763.7
Karnataka,Vijayapura,Rice,Kharif,2018,27087.7,56721.6,2094.0
Karnataka,Vijayapura,Soyabean,Kharif,2018,18676.6,24754.0,1325.4
Karnataka,Vijayapura,Sugarcane,Whole Year,2018,19204.8,1367737.0,71218.5
Karnataka,Vijayapura,Wheat,Rabi,2018,18666.0,53390.4,2860.3
Karnataka,Vijayapura,Bajra,Kharif,2019,23175.1,33515.8,1446.2
Karnataka,Vijayapura,Cotton,Kharif,2019,19422.0,9340.0,480.9
Karnataka,Vijayapura,Gram,Rabi,2019,20774.0,26468.2,1274.1
Karnataka,Vijayapura,Groundnut,Kharif,2019,34885.3,34316.7,983.7
Karnataka,Vijayapura,Groundnut,Rabi,2019,21893.1,33189.9,1516.0
Karnataka,Vijayapura,Jowar,Kharif,2019,23494.4,30199.7,1285.4
Karnataka,Vijayapura,Jowar,Rabi,2019,26939.5,43391.5,1610.7
Karnataka,Vijayapura,Maize,Kharif,2019,26079.7,65290.5,2503.5
Karnataka,Vijayapura,Maize,Rabi,2019,21450.6,55805.9,2601.6
Karnataka,Vijayapura,Rice,Kharif,2019,24768.9,57719.0,2330.3
Karnataka,Vijayapura,Soyabean,Kharif,2019,21192.8,21807.4,1029.0
Karnataka,Vijayapura,Sugarcane,Whole Year,2019,18257.1,1452301.2,79547.2
Karnataka,Vijayapura,Wheat,Rabi,2019,13018.0,44384.9,3409.5
Karnataka,Vijayapura,Bajra,Kharif,2020,30173.5,37038.0,1227.5
Karnataka,Vijayapura,Cotton,Kharif,2020,27364.4,14596.2,533.4
Karnataka,Vijayapura,Gram,Rabi,2020,21970.5,19041.8,866.7
Karnataka,Vijayapura,Groundnut,Kharif,2020,28049.2,30562.4,1089.6
Karnataka,Vijayapura,Groundnut,Rabi,2020,16310.3,31426.7,1926.8
Karnataka,Vijayapura,Jowar,Kharif,2020,20899.1,17298.2,827.7
Karnataka,Vijayapura,Jowar,Rabi,2020,15897.1,25476.7,1602.6
Karnataka,Vijayapura,Maize,Kharif,2020,25096.9,64865.4,2584.6
Karnataka,Vijayapura,Maize,Rabi,2020,21730.5,76867.3,3537.3
Karnataka,Vijayapura,Rice,Kharif,2020,21986.3,60073.2,2732.3
Karnataka,Vijayapura,Soyabean,Kharif,2020,22795.7,29313.0,1285.9
Karnataka,Vijayapura,Sugarcane,Whole Year,2020,17577.1,1375873.9,78276.5
Karnataka,Vijayapura,Wheat,Rabi,2020,17390.9,53077.0,3052.0
Karnataka,Vijayapura,Bajra,Kharif,2021,18813.0,27216.8,1446.7
Karnataka,Vijayapura,Cotton,Kharif,2021,26902.8,17153.2,637.6
Karnataka,Vijayapura,Gram,Rabi,2021,21071.6,19442.8,922.7
Karnataka,Vijayapura,Groundnut,Kharif,2021,23530.0,34930.3,1484.5
Karnataka,Vijayapura,Groundnut,Rabi,2021,22618.1,30634.0,1354.4
Karnataka,Vijayapura,Jowar,Kharif,2021,23193.2,32106.3,1384.3
Karnataka,Vijayapura,Jowar,Rabi,2021,25487.0,41745.2,1637.9
Karnataka,Vijayapura,Maize,Kharif,2021,28559.5,73098.0,2559.5
Karnataka,Vijayapura,Maize,Rabi,2021,19087.7,62180.1,3257.6
Karnataka,Vijayapura,Rice,Kharif,2021,18941.5,48365.2,2553.4
Karnataka,Vijayapura,Soyabean,Kharif,2021,21930.5,21573.0,983.7
Karnataka,Vijayapura,Sugarcane,Whole Year,2021,28270.7,1965186.8,69513.2
Karnataka,Vijayapura,Wheat,Rabi,2021,21522.2,57419.1,2667.9
Karnataka,Vijayapura,Bajra,Kharif,2022,27392.7,44526.8,1625.5
Karnataka,Vijayapura,Cotton,Kharif,2022,21288.9,13326.9,626.0
Karnataka,Vijayapura,Gram,Rabi,2022,18342.9,17367.1,946.8
Karnataka,Vijayapura,Groundnut,Kharif,2022,23705.4,39917.5,1683.9
Karnataka,Vijayapura,Groundnut,Rabi,2022,23135.0,41550.5,1796.0
Karnataka,Vijayapura,Jowar,Kharif,2022,28178.8,32591.6,1156.6
Karnataka,Vijayapura,Jowar,Rabi,2022,27312.2,34058.3,1247.0
Karnataka,Vijayapura,Maize,Kharif,2022,23327.2,51382.8,2202.7
Karnataka,Vijayapura,Maize,Rabi,2022,21434.5,72343.6,3375.1
Karnataka,Vijayapura,Rice,Kharif,2022,22612.3,43646.3,1930.2
Karnataka,Vijayapura,Soyabean,Kharif,2022,23746.0,21065.1,887.1
Karnataka,Vijayapura,Sugarcane,Whole Year,2022,26962.9,2186898.8,81107.7
Karnataka,Vijayapura,Wheat,Rabi,2022,16376.6,48736.8,2976.0
Karnataka,Vijayapura,Bajra,Kharif,2023,19930.8,32572.9,1634.3
Karnataka,Vijayapura,Cotton,Kharif,2023,26072.4,16245.7,623.1
Karnataka,Vijayapura,Gram,Rabi,2023,19005.6,21024.0,1106.2
Karnataka,Vijayapura,Groundnut,Kharif,2023,27719.7,43647.4,1574.6
Karnataka,Vijayapura,Groundnut,Rabi,2023,23779.1,28779.8,1210.3
Karnataka,Vijayapura,Jowar,Kharif,2023,27436.3,22352.4,814.7
Karnataka,Vijayapura,Jowar,Rabi,2023,22135.2,23908.2,1080.1
Karnataka,Vijayapura,Maize,Kharif,2023,22294.9,55672.6,2497.1
Karnataka,Vijayapura,Maize,Rabi,2023,19455.5,53201.1,2734.5
Karnataka,Vijayapura,Rice,Kharif,2023,26792.4,63910.6,2385.4
Karnataka,Vijayapura,Soyabean,Kharif,2023,12956.9,17697.8,1365.9
Karnataka,Vijayapura,Sugarcane,Whole Year,2023,19857.9,1290425.9,64983.0
Karnataka,Vijayapura,Wheat,Rabi,2023,18854.4,59050.1,3131.9
Karnataka,Yadgir,Bajra,Kharif,2015,18049.2,31109.6,1723.6
Karnataka,Yadgir,Cotton,Kharif,2015,19359.6,9931.5,513.0
Karnataka,Yadgir,Gram,Rabi,2015,24854.6,28622.6,1151.6
Karnataka,Yadgir,Groundnut,Kharif,2015,25186.4,30473.0,1209.9
Karnataka,Yadgir,Groundnut,Rabi,2015,17169.0,24459.0,1424.6
Karnataka,Yadgir,Jowar,Kharif,2015,20874.7,23037.3,1103.6
Karnataka,Yadgir,Jowar,Rabi,2015,18490.9,19970.2,1080.0
Karnataka,Yadgir,Maize,Kharif,2015,27194.6,93854.0,3451.2
Karnataka,Yadgir,Maize,Rabi,2015,19243.6,44706.7,2323.2
Karnataka,Yadgir,Rice,Kharif,2015,18907.0,57509.4,3041.7
Karnataka,Yadgir,Soyabean,Kharif,2015,16162.1,15145.5,937.1
Karnataka,Yadgir,Sugarcane,Whole Year,2015,25183.8,1780733.9,70709.5
Karnataka,Yadgir,Wheat,Rabi,2015,18485.0,55968.9,3027.8
Karnataka,Yadgir,Bajra,Kharif,2016,18444.8,25431.7,1378.8
Karnataka,Yadgir,Cotton,Kharif,2016,26413.7,15594.6,590.4
Karnataka,Yadgir,Gram,Rabi,2016,20897.8,15857.3,758.8
Karnataka,Yadgir,Groundnut,Kharif,2016,27909.7,31811.5,1139.8
Karnataka,Yadgir,Groundnut,Rabi,2016,17853.3,35954.8,2013.9
Karnataka,Yadgir,Jowar,Kharif,2016,23586.5,31669.6,1342.7
Karnataka,Yadgir,Jowar,Rabi,2016,17451.0,24222.0,1388.0
Karnataka,Yadgir,Maize,Kharif,2016,31678.1,66774.3,2107.9
Karnataka,Yadgir,Maize,Rabi,2016,12099.8,35013.2,2893.7
Karnataka,Yadgir,Rice,Kharif,2016,19111.5,53475.9,2798.1
Karnataka,Yadgir,Soyabean,Kharif,2016,24803.7,28501.9,1149.1
Karnataka,Yadgir,Sugarcane,Whole Year,2016,19398.1,1261499.2,65032.1
Karnataka,Yadgir,Wheat,Rabi,2016,19234.5,50288.6,2614.5
Karnataka,Yadgir,Bajra,Kharif,2017,27456.5,38332.0,1396.1
Karnataka,Yadgir,Cotton,Kharif,2017,26074.5,11021.7,422.7
Karnataka,Yadgir,Gram,Rabi,2017,27417.9,33666.4,1227.9
Karnataka,Yadgir,Groundnut,Kharif,2017,31686.5,49659.1,1567.2
Karnataka,Yadgir,Groundnut,Rabi,2017,24125.2,40110.6,1662.6
Karnataka,Yadgir,Jowar,Kharif,2017,20803.9,24823.2,1193.2
Karnataka,Yadgir,Jowar,Rabi,2017,24657.5,35514.2,1440.3
Karnataka,Yadgir,Maize,Kharif,2017,25300.3,52019.9,2056.1
Karnataka,Yadgir,Maize,Rabi,2017,16453.4,60436.6,3673.2
Karnataka,Yadgir,Rice,Kharif,2017,25013.4,63684.1,2546.0
Karnataka,Yadgir,Soyabean,Kharif,2017,15763.9,17472.7,1108.4
Karnataka,Yadgir,Sugarcane,Whole Year,2017,30220.9,2175720.5,71993.9
Karnataka,Yadgir,Wheat,Rabi,2017,19873.9,66120.5,3327.0
Karnataka,Yadgir,Bajra,Kharif,2018,30760.9,29066.0,944.9
Karnataka,Yadgir,Cotton,Kharif,2018,27173.3,13986.1,514.7
Karnataka,Yadgir,Gram,Rabi,2018,23862.1,21435.3,898.3
Karnataka,Yadgir,Groundnut,Kharif,2018,20711.4,22167.4,1070.3
Karnataka,Yadgir,Groundnut,Rabi,2018,12916.4,17537.9,1357.8
Karnataka,Yadgir,Jowar,Kharif,2018,27299.1,37418.9,1370.7
Karnataka,Yadgir,Jowar,Rabi,2018,25583.6,35768.4,1398.1
Karnataka,Yadgir,Maize,Kharif,2018,19546.0,46875.2,2398.2
Karnataka,Yadgir,Maize,Rabi,2018,15717.7,40864.4,2599.9
Karnataka,Yadgir,Rice,Kharif,2018,24180.1,61482.7,2542.7
Karnataka,Yadgir,Soyabean,Kharif,2018,16996.4,18684.1,1099.3
Karnataka,Yadgir,Sugarcane,Whole Year,2018,29085.4,2201148.2,75678.8
Karnataka,Yadgir,Wheat,Rabi,2018,15078.0,61248.3,4062.1
Karnataka,Yadgir,Bajra,Kharif,2019,22466.6,31442.0,1399.5
Karnataka,Yadgir,Cotton,Kharif,2019,19924.4,11727.5,588.6
Karnataka,Yadgir,Gram,Rabi,2019,18151.0,20793.8,1145.6
Karnataka,Yadgir,Groundnut,Kharif,2019,21903.2,22739.9,1038.2
Karnataka,Yadgir,Groundnut,Rabi,2019,14148.7,17002.5,1201.7
Karnataka,Yadgir,Jowar,Kharif,2019,28062.4,35658.9,1270.7
Karnataka,Yadgir,Jowar,Rabi,2019,21694.1,21240.7,979.1
Karnataka,Yadgir,Maize,Kharif,2019,19169.8,37948.5,1979.6
Karnataka,Yadgir,Maize,Rabi,2019,13989.0,50715.7,3625.4
Karnataka,Yadgir,Rice,Kharif,2019,20898.4,48590.9,2325.1
Karnataka,Yadgir,Soyabean,Kharif,2019,13474.8,13716.0,1017.9
Karnataka,Yadgir,Sugarcane,Whole Year,2019,23826.8,1673418.1,70232.6
Karnataka,Yadgir,Wheat,Rabi,2019,14453.5,38914.6,2692.4
Karnataka,Yadgir,Bajra,Kharif,2020,24052.6,22943.8,953.9
Karnataka,Yadgir,Cotton,Kharif,2020,25267.7,10935.9,432.8
Karnataka,Yadgir,Gram,Rabi,2020,20046.5,16666.7,831.4
Karnataka,Yadgir,Groundnut,Kharif,2020,29765.3,32881.7,1104.7
Karnataka,Yadgir,Groundnut,Rabi,2020,17094.2,33526.9,1961.3
Karnataka,Yadgir,Jowar,Kharif,2020,20860.4,23367.8,1120.2
Karnataka,Yadgir,Jowar,Rabi,2020,20450.5,17679.5,864.5
Karnataka,Yadgir,Maize,Kharif,2020,29098.6,59855.8,2057.0
Karnataka,Yadgir,Maize,Rabi,2020,17691.1,54791.1,3097.1
Karnataka,Yadgir,Rice,Kharif,2020,25541.1,69635.3,2726.4
Karnataka,Yadgir,Soyabean,Kharif,2020,15545.8,13776.7,886.2
Karnataka,Yadgir,Sugarcane,Whole Year,2020,27298.5,1858200.7,68069.7
Karnataka,Yadgir,Wheat,Rabi,2020,20361.2,79697.8,3914.2
Karnataka,Yadgir,Bajra,Kharif,2021,21619.9,28918.8,1337.6
Karnataka,Yadgir,Cotton,Kharif,2021,29616.8,12397.6,418.6
Karnataka,Yadgir,Gram,Rabi,2021,23779.8,18838.4,792.2
Karnataka,Yadgir,Groundnut,Kharif,2021,24383.0,37864.4,1552.9
Karnataka,Yadgir,Groundnut,Rabi,2021,17635.1,36109.6,2047.6
Karnataka,Yadgir,Jowar,Kharif,2021,25826.8,25702.8,995.2
Karnataka,Yadgir,Jowar,Rabi,2021,17861.4,20190.5,1130.4
Karnataka,Yadgir,Maize,Kharif,2021,23215.5,47742.7,2056.5
Karnataka,Yadgir,Maize,Rabi,2021,16434.9,48364.6,2942.8
Karnataka,Yadgir,Rice,Kharif,2021,26672.9,71699.4,2688.1
Karnataka,Yadgir,Soyabean,Kharif,2021,21922.7,19406.0,885.2
Karnataka,Yadgir,Sugarcane,Whole Year,2021,18700.3,1343625.9,71850.5
Karnataka,Yadgir,Wheat,Rabi,2021,16839.9,43926.9,2608.5
Karnataka,Yadgir,Bajra,Kharif,2022,30137.0,45958.9,1525.0
Karnataka,Yadgir,Cotton,Kharif,2022,28898.7,17697.6,612.4
Karnataka,Yadgir,Gram,Rabi,2022,23165.9,26013.0,1122.9
Karnataka,Yadgir,Groundnut,Kharif,2022,33115.2,45834.7,1384.1
Karnataka,Yadgir,Groundnut,Rabi,2022,20221.1,26954.7,1333.0
Karnataka,Yadgir,Jowar,Kharif,2022,24634.9,31040.0,1260.0
Karnataka,Yadgir,Jowar,Rabi,2022,18522.3,18740.9,1011.8
Karnataka,Yadgir,Maize,Kharif,2022,22393.6,52049.4,2324.3
Karnataka,Yadgir,Maize,Rabi,2022,14579.0,41984.6,2879.8
Karnataka,Yadgir,Rice,Kharif,2022,28894.1,72480.8,2508.5
Karnataka,Yadgir,Soyabean,Kharif,2022,14630.9,13573.1,927.7
Karnataka,Yadgir,Sugarcane,Whole Year,2022,26834.7,1703574.1,63484.0
Karnataka,Yadgir,Wheat,Rabi,2022,20218.3,73901.9,3655.2
Karnataka,Yadgir,Bajra,Kharif,2023,27934.5,28465.3,1019.0
Karnataka,Yadgir,Cotton,Kharif,2023,19060.6,11354.4,595.7
Karnataka,Yadgir,Gram,Rabi,2023,20420.2,20346.7,996.4
Karnataka,Yadgir,Groundnut,Kharif,2023,18529.5,21210.7,1144.7
Karnataka,Yadgir,Groundnut,Rabi,2023,12437.8,24220.1,1947.3
Karnataka,Yadgir,Jowar,Kharif,2023,21407.6,24691.5,1153.4
Karnataka,Yadgir,Jowar,Rabi,2023,15506.7,21453.5,1383.5
Karnataka,Yadgir,Maize,Kharif,2023,22522.4,75265.4,3341.8
Karnataka,Yadgir,Maize,Rabi,2023,22657.4,61639.5,2720.5
Karnataka,Yadgir,Rice,Kharif,2023,28811.5,89183.1,3095.4
Karnataka,Yadgir,Soyabean,Kharif,2023,23555.8,33067.6,1403.8
Karnataka,Yadgir,Sugarcane,Whole Year,2023,19233.1,1332875.0,69301.1
Karnataka,Yadgir,Wheat,Rabi,2023,12672.6,34873.7,2751.9
Karnataka,Dharwad,Bajra,Kharif,2015,18944.3,16347.0,862.9
Karnataka,Dharwad,Cotton,Kharif,2015,27172.2,15613.1,574.6
Karnataka,Dharwad,Gram,Rabi,2015,25147.6,19419.0,772.2
Karnataka,Dharwad,Groundnut,Kharif,2015,32231.0,45594.0,1414.6
Karnataka,Dharwad,Groundnut,Rabi,2015,19324.1,33448.1,1730.9
Karnataka,Dharwad,Jowar,Kharif,2015,30102.1,35315.8,1173.2
Karnataka,Dharwad,Jowar,Rabi,2015,22552.4,37042.3,1642.5
Karnataka,Dharwad,Maize,Kharif,2015,28594.2,75362.9,2635.6
Karnataka,Dharwad,Maize,Rabi,2015,20488.8,57835.8,2822.8
Karnataka,Dharwad,Rice,Kharif,2015,20746.5,54277.0,2616.2
Karnataka,Dharwad,Soyabean,Kharif,2015,24994.5,36394.5,1456.1
Karnataka,Dharwad,Sugarcane,Whole Year,2015,20812.4,1411711.3,67830.3
Karnataka,Dharwad,Wheat,Rabi,2015,14116.4,59190.1,4193.0
Karnataka,Dharwad,Bajra,Kharif,2016,19679.9,19494.9,990.6
Karnataka,Dharwad,Cotton,Kharif,2016,25631.3,14553.5,567.8
Karnataka,Dharwad,Gram,Rabi,2016,18152.3,20909.6,1151.9
Karnataka,Dharwad,Groundnut,Kharif,2016,25737.9,37340.5,1450.8
Karnataka,Dharwad,Groundnut,Rabi,2016,22885.8,30765.4,1344.3
Karnataka,Dharwad,Jowar,Kharif,2016,18268.0,23784.9,1302.0
Karnataka,Dharwad,Jowar,Rabi,2016,22926.1,32318.9,1409.7
Karnataka,Dharwad,Maize,Kharif,2016,29734.2,94982.9,3194.4
Karnataka,Dharwad,Maize,Rabi,2016,23531.0,71946.0,3057.5
Karnataka,Dharwad,Rice,Kharif,2016,23861.9,56846.2,2382.3
Karnataka,Dharwad,Soyabean,Kharif,2016,14151.7,17477.3,1235.0
Karnataka,Dharwad,Sugarcane,Whole Year,2016,19709.2,1569624.9,79639.2
Karnataka,Dharwad,Wheat,Rabi,2016,17831.9,63276.5,3548.5
Karnataka,Dharwad,Bajra,Kharif,2017,31953.0,28022.8,877.0
Karnataka,Dharwad,Cotton,Kharif,2017,28768.4,16521.7,574.3
Karnataka,Dharwad,Gram,Rabi,2017,27680.6,28098.6,1015.1
Karnataka,Dharwad,Groundnut,Kharif,2017,32405.6,32301.9,996.8
Karnataka,Dharwad,Groundnut,Rabi,2017,16358.6,20562.8,1257.0
Karnataka,Dharwad,Jowar,Kharif,2017,31654.8,42018.6,1327.4
Karnataka,Dharwad,Jowar,Rabi,2017,26083.1,41743.4,1600.4
Karnataka,Dharwad,Maize,Kharif,2017,19191.4,48893.9,2547.7
Karnataka,Dharwad,Maize,Rabi,2017,12852.4,32610.4,2537.3
Karnataka,Dharwad,Rice,Kharif,2017,20752.4,51111.1,2462.9
Karnataka,Dharwad,Soyabean,Kharif,2017,15759.9,14855.3,942.6
Karnataka,Dharwad,Sugarcane,Whole Year,2017,17847.3,1006914.3,56418.3
Karnataka,Dharwad,Wheat,Rabi,2017,21730.8,82900.8,3814.9
Karnataka,Dharwad,Bajra,Kharif,2018,29699.2,29384.4,989.4
Karnataka,Dharwad,Cotton,Kharif,2018,18992.8,10174.4,535.7
Karnataka,Dharwad,Gram,Rabi,2018,19629.0,21024.6,1071.1
Karnataka,Dharwad,Groundnut,Kharif,2018,31664.7,33339.8,1052.9
Karnataka,Dharwad,Groundnut,Rabi,2018,19549.1,31859.2,1629.7
Karnataka,Dharwad,Jowar,Kharif,2018,20017.1,23982.5,1198.1
Karnataka,Dharwad,Jowar,Rabi,2018,18557.3,23016.6,1240.3
Karnataka,Dharwad,Maize,Kharif,2018,19151.8,50989.8,2662.4
Karnataka,Dharwad,Maize,Rabi,2018,15677.6,55119.3,3515.8
Karnataka,Dharwad,Rice,Kharif,2018,18683.7,44883.9,2402.3
Karnataka,Dharwad,Soyabean,Kharif,2018,18418.0,24486.7,1329.5
Karnataka,Dharwad,Sugarcane,Whole Year,2018,24762.9,1783334.9,72016.4
Karnataka,Dharwad,Wheat,Rabi,2018,19770.5,78676.7,3979.5
Karnataka,Dharwad,Bajra,Kharif,2019,22717.8,34899.1,1536.2
Karnataka,Dharwad,Cotton,Kharif,2019,19512.0,8878.0,455.0
Karnataka,Dharwad,Gram,Rabi,2019,27417.3,23304.7,850.0
Karnataka,Dharwad,Groundnut,Kharif,2019,27651.4,38283.4,1384.5
Karnataka,Dharwad,Groundnut,Rabi,2019,18365.1,32102.2,1748.0
Karnataka,Dharwad,Jowar,Kharif,2019,21217.6,24406.6,1150.3
Karnataka,Dharwad,Jowar,Rabi,2019,19838.3,27363.0,1379.3
Karnataka,Dharwad,Maize,Kharif,2019,19977.1,56633.1,2834.9
Karnataka,Dharwad,Maize,Rabi,2019,14223.2,37631.7,2645.8
Karnataka,Dharwad,Rice,Kharif,2019,20624.5,43711.6,2119.4
Karnataka,Dharwad,Soyabean,Kharif,2019,23560.0,24905.3,1057.1
Karnataka,Dharwad,Sugarcane,Whole Year,2019,30761.1,2494657.5,81097.8
Karnataka,Dharwad,Wheat,Rabi,2019,17712.6,50105.4,2828.8
Karnataka,Dharwad,Bajra,Kharif,2020,28474.1,40279.5,1414.6
Karnataka,Dharwad,Cotton,Kharif,2020,27003.2,11951.6,442.6
Karnataka,Dharwad,Gram,Rabi,2020,21499.9,20429.2,950.2
Karnataka,Dharwad,Groundnut,Kharif,2020,19594.2,25758.5,1314.6
Karnataka,Dharwad,Groundnut,Rabi,2020,23969.6,29580.9,1234.1
Karnataka,Dharwad,Jowar,Kharif,2020,22080.5,20294.2,919.1
Karnataka,Dharwad,Jowar,Rabi,2020,18095.9,28531.8,1576.7
Karnataka,Dharwad,Maize,Kharif,2020,24553.0,65625.3,2672.8
Karnataka,Dharwad,Maize,Rabi,2020,21126.9,51701.7,2447.2
Karnataka,Dharwad,Rice,Kharif,2020,23847.2,57614.8,2416.0
Karnataka,Dharwad,Soyabean,Kharif,2020,20356.7,30528.9,1499.7
Karnataka,Dharwad,Sugarcane,Whole Year,2020,28080.6,1795361.2,63936.0
Karnataka,Dharwad,Wheat,Rabi,2020,20275.5,58253.5,2873.1
Karnataka,Dharwad,Bajra,Kharif,2021,19037.1,17032.5,894.7
Karnataka,Dharwad,Cotton,Kharif,2021,26695.2,11511.0,431.2
Karnataka,Dharwad,Gram,Rabi,2021,23299.8,21207.5,910.2
Karnataka,Dharwad,Groundnut,Kharif,2021,20949.4,25868.3,1234.8
Karnataka,Dharwad,Groundnut,Rabi,2021,22418.8,34374.7,1533.3
Karnataka,Dharwad,Jowar,Kharif,2021,28510.8,24636.2,864.1
Karnataka,Dharwad,Jowar,Rabi,2021,25046.0,26035.3,1039.5
Karnataka,Dharwad,Maize,Kharif,2021,27483.5,77695.9,2827.0
Karnataka,Dharwad,Maize,Rabi,2021,23149.7,65275.2,2819.7
Karnataka,Dharwad,Rice,Kharif,2021,18794.0,36140.9,1923.0
Karnataka,Dharwad,Soyabean,Kharif,2021,23576.0,28416.2,1205.3
Karnataka,Dharwad,Sugarcane,Whole Year,2021,28179.1,1663491.2,59032.8
Karnataka,Dharwad,Wheat,Rabi,2021,15450.8,40916.8,2648.2
Karnataka,Dharwad,Bajra,Kharif,2022,27006.2,38089.5,1410.4
Karnataka,Dharwad,Cotton,Kharif,2022,29881.3,14561.2,487.3
Karnataka,Dharwad,Gram,Rabi,2022,20079.7,15963.4,795.0
Karnataka,Dharwad,Groundnut,Kharif,2022,25527.6,29249.5,1145.8
Karnataka,Dharwad,Groundnut,Rabi,2022,16464.0,31436.4,1909.4
Karnataka,Dharwad,Jowar,Kharif,2022,31096.8,28123.9,904.4
Karnataka,Dharwad,Jowar,Rabi,2022,19842.6,31607.3,1592.9
Karnataka,Dharwad,Maize,Kharif,2022,18865.3,39488.8,2093.2
Karnataka,Dharwad,Maize,Rabi,2022,13953.5,43985.6,3152.3
Karnataka,Dharwad,Rice,Kharif,2022,19805.7,60639.1,3061.7
Karnataka,Dharwad,Soyabean,Kharif,2022,18254.0,21738.7,1190.9
Karnataka,Dharwad,Sugarcane,Whole Year,2022,19193.2,1269223.3,66128.8
Karnataka,Dharwad,Wheat,Rabi,2022,18619.1,70788.0,3801.9
Karnataka,Dharwad,Bajra,Kharif,2023,19617.8,20039.6,1021.5
Karnataka,Dharwad,Cotton,Kharif,2023,20215.6,10022.9,495.8
Karnataka,Dharwad,Gram,Rabi,2023,21159.5,25890.8,1223.6
Karnataka,Dharwad,Groundnut,Kharif,2023,20038.1,30081.2,1501.2
Karnataka,Dharwad,Groundnut,Rabi,2023,18908.9,27319.6,1444.8
Karnataka,Dharwad,Jowar,Kharif,2023,24899.5,24426.4,981.0
Karnataka,Dharwad,Jowar,Rabi,2023,22749.1,27232.9,1197.1
Karnataka,Dharwad,Maize,Kharif,2023,20301.7,43256.8,2130.7
Karnataka,Dharwad,Maize,Rabi,2023,18560.3,67631.9,3643.9
Karnataka,Dharwad,Rice,Kharif,2023,22127.5,61505.6,2779.6
Karnataka,Dharwad,Soyabean,Kharif,2023,21221.3,30932.2,1457.6
Karnataka,Dharwad,Sugarcane,Whole Year,2023,28956.7,1997960.2,68998.2
Karnataka,Dharwad,Wheat,Rabi,2023,18570.3,74975.7,4037.4
Karnataka,Haveri,Bajra,Kharif,2015,24049.0,22675.8,942.9
Karnataka,Haveri,Cotton,Kharif,2015,20070.3,11219.3,559.0
Karnataka,Haveri,Gram,Rabi,2015,19556.3,25125.9,1284.8
Karnataka,Haveri,Groundnut,Kharif,2015,31918.6,53869.0,1687.7
Karnataka,Haveri,Groundnut,Rabi,2015,15375.7,31125.0,2024.3
Karnataka,Haveri,Jowar,Kharif,2015,24037.3,24345.0,1012.8
Karnataka,Haveri,Jowar,Rabi,2015,15654.5,13966.9,892.2
Karnataka,Haveri,Maize,Kharif,2015,27688.2,73645.1,2659.8
Karnataka,Haveri,Maize,Rabi,2015,14718.3,46839.5,3182.4
Karnataka,Haveri,Rice,Kharif,2015,21034.3,54546.1,2593.2
Karnataka,Haveri,Soyabean,Kharif,2015,17028.9,23680.4,1390.6
Karnataka,Haveri,Sugarcane,Whole Year,2015,28951.8,1920097.9,66320.5
Karnataka,Haveri,Wheat,Rabi,2015,15508.2,49317.6,3180.1
Karnataka,Haveri,Bajra,Kharif,2016,30873.7,45245.4,1465.5
Karnataka,Haveri,Cotton,Kharif,2016,24378.9,9973.4,409.1
Karnataka,Haveri,Gram,Rabi,2016,21707.2,21325.2,982.4
Karnataka,Haveri,Groundnut,Kharif,2016,20740.7,29914.3,1442.3
Karnataka,Haveri,Groundnut,Rabi,2016,24625.0,41318.3,1677.9
Karnataka,Haveri,Jowar,Kharif,2016,28006.5,23130.6,825.9
Karnataka,Haveri,Jowar,Rabi,2016,20429.7,19267.3,943.1
Karnataka,Haveri,Maize,Kharif,2016,26579.1,90491.2,3404.6
Karnataka,Haveri,Maize,Rabi,2016,19941.3,46321.6,2322.9
Karnataka,Haveri,Rice,Kharif,2016,22256.0,56993.2,2560.8
Karnataka,Haveri,Soyabean,Kharif,2016,17644.9,24648.2,1396.9
Karnataka,Haveri,Sugarcane,Whole Year,2016,28849.4,2029696.7,70354.9
Karnataka,Haveri,Wheat,Rabi,2016,15734.6,47337.5,3008.5
Karnataka,Haveri,Bajra,Kharif,2017,23541.3,35507.3,1508.3
Karnataka,Haveri,Cotton,Kharif,2017,29497.4,13618.9,461.7
Karnataka,Haveri,Gram,Rabi,2017,26634.2,34161.0,1282.6
Karnataka,Haveri,Groundnut,Kharif,2017,33579.1,47903.9,1426.6
Karnataka,Haveri,Groundnut,Rabi,2017,20187.7,31143.6,1542.7
Karnataka,Haveri,Jowar,Kharif,2017,28533.6,32414.2,1136.0
Karnataka,Haveri,Jowar,Rabi,2017,23806.7,28396.6,1192.8
Karnataka,Haveri,Maize,Kharif,2017,28241.0,91159.1,3227.9
Karnataka,Haveri,Maize,Rabi,2017,13757.2,48600.1,3532.7
Karnataka,Haveri,Rice,Kharif,2017,24483.6,71335.4,2913.6
Karnataka,Haveri,Soyabean,Kharif,2017,18038.2,20112.6,1115.0
Karnataka,Haveri,Sugarcane,Whole Year,2017,30556.0,1819154.5,59535.1
Karnataka,Haveri,Wheat,Rabi,2017,20442.1,68979.8,3374.4
Karnataka,Haveri,Bajra,Kharif,2018,28316.1,30844.7,1089.3
Karnataka,Haveri,Cotton,Kharif,2018,29884.0,12168.8,407.2
Karnataka,Haveri,Gram,Rabi,2018,23242.3,26168.5,1125.9
Karnataka,Haveri,Groundnut,Kharif,2018,29696.8,30893.6,1040.3
Karnataka,Haveri,Groundnut,Rabi,2018,24200.9,32768.0,1354.0
Karnataka,Haveri,Jowar,Kharif,2018,26718.5,24826.8,929.2
Karnataka,Haveri,Jowar,Rabi,2018,18993.8,24448.8,1287.2
Karnataka,Haveri,Maize,Kharif,2018,23840.7,52409.0,2198.3
Karnataka,Haveri,Maize,Rabi,2018,14051.2,40312.9,2869.0
Karnataka,Haveri,Rice,Kharif,2018,27087.4,80655.4,2977.6
Karnataka,Haveri,Soyabean,Kharif,2018,13177.8,14807.9,1123.7
Karnataka,Haveri,Sugarcane,Whole Year,2018,16704.2,876933.8,52497.8
Karnataka,Haveri,Wheat,Rabi,2018,18617.2,66349.8,3563.9
Karnataka,Haveri,Bajra,Kharif,2019,15192.1,23678.4,1558.6
Karnataka,Haveri,Cotton,Kharif,2019,21677.2,8915.8,411.3
Karnataka,Haveri,Gram,Rabi,2019,23060.2,22522.9,976.7
Karnataka,Haveri,Groundnut,Kharif,2019,34554.6,46928.6,1358.1
Karnataka,Haveri,Groundnut,Rabi,2019,15578.1,28087.3,1803.0
Karnataka,Haveri,Jowar,Kharif,2019,21800.9,30211.7,1385.8
Karnataka,Haveri,Jowar,Rabi,2019,19871.4,25632.1,1289.9
Karnataka,Haveri,Maize,Kharif,2019,18708.0,48837.2,2610.5
Karnataka,Haveri,Maize,Rabi,2019,21988.4,76717.5,3489.0
Karnataka,Haveri,Rice,Kharif,2019,20691.8,44928.1,2171.3
Karnataka,Haveri,Soyabean,Kharif,2019,23442.3,34150.7,1456.8
Karnataka,Haveri,Sugarcane,Whole Year,2019,16621.1,1088712.0,65501.8
Karnataka,Haveri,Wheat,Rabi,2019,15374.5,61391.9,3993.1
Karnataka,Haveri,Bajra,Kharif,2020,21138.3,25738.0,1217.6
Karnataka,Haveri,Cotton,Kharif,2020,26156.4,10878.4,415.9
Karnataka,Haveri,Gram,Rabi,2020,16416.1,15979.4,973.4
Karnataka,Haveri,Groundnut,Kharif,2020,29851.8,32690.7,1095.1
Karnataka,Haveri,Groundnut,Rabi,2020,20339.6,28900.5,1420.9
Karnataka,Haveri,Jowar,Kharif,2020,30405.2,41962.2,1380.1
Karnataka,Haveri,Jowar,Rabi,2020,18864.7,19506.1,1034.0
Karnataka,Haveri,Maize,Kharif,2020,23758.3,55185.8,2322.8
Karnataka,Haveri,Maize,Rabi,2020,20068.6,70675.6,3521.7
Karnataka,Haveri,Rice,Kharif,2020,26077.1,75342.0,2889.2
Karnataka,Haveri,Soyabean,Kharif,2020,17557.9,17152.3,976.9
Karnataka,Haveri,Sugarcane,Whole Year,2020,27545.2,1730229.7,62814.2
Karnataka,Haveri,Wheat,Rabi,2020,18712.7,56755.6,3033.0
Karnataka,Haveri,Bajra,Kharif,2021,29459.8,30384.8,1031.4
Karnataka,Haveri,Cotton,Kharif,2021,29213.2,17320.5,592.9
Karnataka,Haveri,Gram,Rabi,2021,25879.3,27613.2,1067.0
Karnataka,Haveri,Groundnut,Kharif,2021,31251.8,30070.5,962.2
Karnataka,Haveri,Groundnut,Rabi,2021,22638.9,27938.7,1234.1
Karnataka,Haveri,Jowar,Kharif,2021,30458.8,44000.8,1444.6
Karnataka,Haveri,Jowar,Rabi,2021,18822.9,19167.4,1018.3
Karnataka,Haveri,Maize,Kharif,2021,28715.1,67256.5,2342.2
Karnataka,Haveri,Maize,Rabi,2021,22386.7,52933.4,2364.5
Karnataka,Haveri,Rice,Kharif,2021,19511.5,59997.9,3075.0
Karnataka,Haveri,Soyabean,Kharif,2021,21433.7,30116.5,1405.1
Karnataka,Haveri,Sugarcane,Whole Year,2021,20513.6,1483020.5,72294.5
Karnataka,Haveri,Wheat,Rabi,2021,17942.4,63964.7,3565.0
Karnataka,Haveri,Bajra,Kharif,2022,27480.6,31800.6,1157.2
Karnataka,Haveri,Cotton,Kharif,2022,23742.3,15672.3,660.1
Karnataka,Haveri,Gram,Rabi,2022,19983.7,20287.5,1015.2
Karnataka,Haveri,Groundnut,Kharif,2022,18232.6,18436.8,1011.2
Karnataka,Haveri,Groundnut,Rabi,2022,15361.7,18798.1,1223.7
Karnataka,Haveri,Jowar,Kharif,2022,26839.3,28602.6,1065.7
Karnataka,Haveri,Jowar,Rabi,2022,22125.9,21898.0,989.7
Karnataka,Haveri,Maize,Kharif,2022,22143.0,65961.8,2978.9
Karnataka,Haveri,Maize,Rabi,2022,23583.6,53787.1,2280.7
Karnataka,Haveri,Rice,Kharif,2022,28684.6,74359.1,2592.3
Karnataka,Haveri,Soyabean,Kharif,2022,19894.9,23678.9,1190.2
Karnataka,Haveri,Sugarcane,Whole Year,2022,16179.7,884969.7,54696.3
Karnataka,Haveri,Wheat,Rabi,2022,18009.1,56647.6,3145.5
Karnataka,Haveri,Bajra,Kharif,2023,26251.2,37284.6,1420.3
Karnataka,Haveri,Cotton,Kharif,2023,25121.5,10161.6,404.5
Karnataka,Haveri,Gram,Rabi,2023,24745.3,23122.0,934.4
Karnataka,Haveri,Groundnut,Kharif,2023,29306.0,40073.0,1367.4
Karnataka,Haveri,Groundnut,Rabi,2023,16455.5,21629.1,1314.4
Karnataka,Haveri,Jowar,Kharif,2023,19321.9,25835.3,1337.1
Karnataka,Haveri,Jowar,Rabi,2023,26939.2,36901.3,1369.8
Karnataka,Haveri,Maize,Kharif,2023,19448.1,50041.9,2573.1
Karnataka,Haveri,Maize,Rabi,2023,20747.3,71530.5,3447.7
Karnataka,Haveri,Rice,Kharif,2023,19418.6,36895.3,1900.0
Karnataka,Haveri,Soyabean,Kharif,2023,21969.9,24191.1,1101.1
Karnataka,Haveri,Sugarcane,Whole Year,2023,19326.2,1012439.7,52386.9
Karnataka,Haveri,Wheat,Rabi,2023,17403.0,68947.2,3961.8
Karnataka,Bengaluru Rural,Bajra,Kharif,2015,29851.5,52120.7,1746.0
Karnataka,Bengaluru Rural,Cotton,Kharif,2015,24992.6,15682.9,627.5
Karnataka,Bengaluru Rural,Gram,Rabi,2015,19923.3,18415.1,924.3
Karnataka,Bengaluru Rural,Groundnut,Kharif,2015,24846.0,36136.0,1454.4
Karnataka,Bengaluru Rural,Groundnut,Rabi,2015,20868.5,30635.0,1468.0
Karnataka,Bengaluru Rural,Jowar,Kharif,2015,19864.9,23911.4,1203.7
Karnataka,Bengaluru Rural,Jowar,Rabi,2015,16668.2,21882.0,1312.8
Karnataka,Bengaluru Rural,Maize,Kharif,2015,27707.9,84118.4,3035.9
Karnataka,Bengaluru Rural,Maize,Rabi,2015,21041.7,75678.6,3596.6
Karnataka,Bengaluru Rural,Rice,Kharif,2015,23999.5,66629.8,2776.3
Karnataka,Bengaluru Rural,Soyabean,Kharif,2015,20668.4,20579.5,995.7
Karnataka,Bengaluru Rural,Sugarcane,Whole Year,2015,15436.7,934479.2,60536.2
Karnataka,Bengaluru Rural,Wheat,Rabi,2015,16430.3,58942.1,3587.4
Karnataka,Bengaluru Rural,Bajra,Kharif,2016,15706.8,20392.1,1298.3
Karnataka,Bengaluru Rural,Cotton,Kharif,2016,26271.7,12363.5,470.6
Karnataka,Bengaluru Rural,Gram,Rabi,2016,19693.3,21658.7,1099.8
Karnataka,Bengaluru Rural,Groundnut,Kharif,2016,33264.9,51806.8,1557.4
Karnataka,Bengaluru Rural,Groundnut,Rabi,2016,19580.7,35650.6,1820.7
Karnataka,Bengaluru Rural,Jowar,Kharif,2016,23107.5,27946.2,1209.4
Karnataka,Bengaluru Rural,Jowar,Rabi,2016,21060.4,21100.4,1001.9
Karnataka,Bengaluru Rural,Maize,Kharif,2016,27824.3,78255.8,2812.5
Karnataka,Bengaluru Rural,Maize,Rabi,2016,16303.5,59639.8,3658.1
Karnataka,Bengaluru Rural,Rice,Kharif,2016,18251.2,41592.7,2278.9
Karnataka,Bengaluru Rural,Soyabean,Kharif,2016,12796.3,17341.5,1355.2
Karnataka,Bengaluru Rural,Sugarcane,Whole Year,2016,26935.8,1668419.6,61940.6
Karnataka,Bengaluru Rural,Wheat,Rabi,2016,18756.6,60649.5,3233.5
Karnataka,Bengaluru Rural,Bajra,Kharif,2017,21030.4,25459.4,1210.6
Karnataka,Bengaluru Rural,Cotton,Kharif,2017,19381.8,12545.8,647.3
Karnataka,Bengaluru Rural,Gram,Rabi,2017,20977.9,20363.2,970.7
Karnataka,Bengaluru Rural,Groundnut,Kharif,2017,29214.7,37438.6,1281.5
Karnataka,Bengaluru Rural,Groundnut,Rabi,2017,20427.0,25578.7,1252.2
Karnataka,Bengaluru Rural,Jowar,Kharif,2017,29392.1,41445.8,1410.1
Karnataka,Bengaluru Rural,Jowar,Rabi,2017,23434.0,37815.4,1613.7
Karnataka,Bengaluru Rural,Maize,Kharif,2017,20120.1,54123.1,2690.0
Karnataka,Bengaluru Rural,Maize,Rabi,2017,19221.7,60179.3,3130.8
Karnataka,Bengaluru Rural,Rice,Kharif,2017,22817.5,52610.3,2305.7
Karnataka,Bengaluru Rural,Soyabean,Kharif,2017,13775.5,15468.5,1122.9
Karnataka,Bengaluru Rural,Sugarcane,Whole Year,2017,17765.2,1315175.5,74031.0
Karnataka,Bengaluru Rural,Wheat,Rabi,2017,14088.3,37949.7,2693.7
Karnataka,Bengaluru Rural,Bajra,Kharif,2018,16370.5,27757.8,1695.6
Karnataka,Bengaluru Rural,Cotton,Kharif,2018,27061.6,15270.9,564.3
Karnataka,Bengaluru Rural,Gram,Rabi,2018,25941.3,20641.5,795.7
Karnataka,Bengaluru Rural,Groundnut,Kharif,2018,26106.3,37138.8,1422.6
Karnataka,Bengaluru Rural,Groundnut,Rabi,2018,22772.5,42491.2,1865.9
Karnataka,Bengaluru Rural,Jowar,Kharif,2018,21879.0,30858.1,1410.4
Karnataka,Bengaluru Rural,Jowar,Rabi,2018,16616.5,25757.2,1550.1
Karnataka,Bengaluru Rural,Maize,Kharif,2018,31593.2,70282.2,2224.6
Karnataka,Bengaluru Rural,Maize,Rabi,2018,20664.8,46795.4,2264.5
Karnataka,Bengaluru Rural,Rice,Kharif,2018,22865.1,57608.6,2519.5
Karnataka,Bengaluru Rural,Soyabean,Kharif,2018,20129.0,29394.4,1460.3
Karnataka,Bengaluru Rural,Sugarcane,Whole Year,2018,26428.3,1755851.3,66438.3
Karnataka,Bengaluru Rural,Wheat,Rabi,2018,20096.8,82816.9,4120.9
Karnataka,Bengaluru Rural,Bajra,Kharif,2019,28948.3,46134.9,1593.7
Karnataka,Bengaluru Rural,Cotton,Kharif,2019,25056.0,12500.4,498.9
Karnataka,Bengaluru Rural,Gram,Rabi,2019,25597.4,27291.9,1066.2
Karnataka,Bengaluru Rural,Groundnut,Kharif,2019,32040.8,45613.3,1423.6
Karnataka,Bengaluru Rural,Groundnut,Rabi,2019,22197.3,37930.7,1708.8
Karnataka,Bengaluru Rural,Jowar,Kharif,2019,23798.0,33836.0,1421.8
Karnataka,Bengaluru Rural,Jowar,Rabi,2019,22034.5,29396.2,1334.1
Karnataka,Bengaluru Rural,Maize,Kharif,2019,21086.8,61569.2,2919.8
Karnataka,Bengaluru Rural,Maize,Rabi,2019,18859.3,47067.2,2495.7
Karnataka,Bengaluru Rural,Rice,Kharif,2019,18715.0,49130.6,2625.2
Karnataka,Bengaluru Rural,Soyabean,Kharif,2019,22691.7,27332.2,1204.5
Karnataka,Bengaluru Rural,Sugarcane,Whole Year,2019,18855.1,1357486.1,71995.7
Karnataka,Bengaluru Rural,Wheat,Rabi,2019,12801.1,42332.0,3306.9
Karnataka,Bengaluru Rural,Bajra,Kharif,2020,29926.6,40463.8,1352.1
Karnataka,Bengaluru Rural,Cotton,Kharif,2020,29517.5,12208.4,413.6
Karnataka,Bengaluru Rural,Gram,Rabi,2020,17176.1,13313.2,775.1
Karnataka,Bengaluru Rural,Groundnut,Kharif,2020,21149.7,28679.0,1356.0
Karnataka,Bengaluru Rural,Groundnut,Rabi,2020,20392.4,25260.1,1238.7
Karnataka,Bengaluru Rural,Jowar,Kharif,2020,31243.6,42000.8,1344.3
Karnataka,Bengaluru Rural,Jowar,Rabi,2020,18856.0,17192.9,911.8
Karnataka,Bengaluru Rural,Maize,Kharif,2020,20378.4,43748.3,2146.8
Karnataka,Bengaluru Rural,Maize,Rabi,2020,13479.4,40838.5,3029.7
Karnataka,Bengaluru Rural,Rice,Kharif,2020,20950.2,48809.8,2329.8
Karnataka,Bengaluru Rural,Soyabean,Kharif,2020,25853.1,33720.2,1304.3
Karnataka,Bengaluru Rural,Sugarcane,Whole Year,2020,31132.7,1752045.6,56276.7
Karnataka,Bengaluru Rural,Wheat,Rabi,2020,15821.4,55178.7,3487.6
Karnataka,Bengaluru Rural,Bajra,Kharif,2021,19027.7,17834.7,937.3
Karnataka,Bengaluru Rural,Cotton,Kharif,2021,20148.4,12558.5,623.3
Karnataka,Bengaluru Rural,Gram,Rabi,2021,24130.5,25619.4,1061.7
Karnataka,Bengaluru Rural,Groundnut,Kharif,2021,26076.5,42812.4,1641.8
Karnataka,Bengaluru Rural,Groundnut,Rabi,2021,12945.6,18622.2,1438.5
Karnataka,Bengaluru Rural,Jowar,Kharif,2021,22899.1,29865.0,1304.2
Karnataka,Bengaluru Rural,Jowar,Rabi,2021,27902.7,29088.6,1042.5
Karnataka,Bengaluru Rural,Maize,Kharif,2021,30240.3,97903.0,3237.5
Karnataka,Bengaluru Rural,Maize,Rabi,2021,14695.9,41720.2,2838.9
Karnataka,Bengaluru Rural,Rice,Kharif,2021,22916.1,70441.8,3073.9
Karnataka,Bengaluru Rural,Soyabean,Kharif,2021,14532.5,19989.5,1375.5
Karnataka,Bengaluru Rural,Sugarcane,Whole Year,2021,20681.3,1528887.9,73926.1
Karnataka,Bengaluru Rural,Wheat,Rabi,2021,16200.1,57111.8,3525.4
Karnataka,Bengaluru Rural,Bajra,Kharif,2022,31137.6,51115.5,1641.6
Karnataka,Bengaluru Rural,Cotton,Kharif,2022,28884.5,19572.1,677.6
Karnataka,Bengaluru Rural,Gram,Rabi,2022,18499.8,17622.9,952.6
Karnataka,Bengaluru Rural,Groundnut,Kharif,2022,29376.7,38568.7,1312.9
Karnataka,Bengaluru Rural,Groundnut,Rabi,2022,17439.1,26230.2,1504.1
Karnataka,Bengaluru Rural,Jowar,Kharif,2022,26312.9,30670.3,1165.6
Karnataka,Bengaluru Rural,Jowar,Rabi,2022,17099.0,20987.3,1227.4
Karnataka,Bengaluru Rural,Maize,Kharif,2022,25748.6,72969.0,2833.9
Karnataka,Bengaluru Rural,Maize,Rabi,2022,14521.3,49192.4,3387.6
Karnataka,Bengaluru Rural,Rice,Kharif,2022,18302.4,42567.7,2325.8
Karnataka,Bengaluru Rural,Soyabean,Kharif,2022,22923.0,28186.1,1229.6
Karnataka,Bengaluru Rural,Sugarcane,Whole Year,2022,19439.8,1416162.2,72848.6
Karnataka,Bengaluru Rural,Wheat,Rabi,2022,17673.9,68468.7,3874.0
Karnataka,Bengaluru Rural,Bajra,Kharif,2023,17965.0,22896.4,1274.5
Karnataka,Bengaluru Rural,Cotton,Kharif,2023,19097.1,10984.7,575.2
Karnataka,Bengaluru Rural,Gram,Rabi,2023,22606.4,22204.0,982.2
Karnataka,Bengaluru Rural,Groundnut,Kharif,2023,26863.4,43583.2,1622.4
Karnataka,Bengaluru Rural,Groundnut,Rabi,2023,14551.8,17741.6,1219.2
Karnataka,Bengaluru Rural,Jowar,Kharif,2023,30063.3,35074.9,1166.7
Karnataka,Bengaluru Rural,Jowar,Rabi,2023,26578.6,35285.7,1327.6
Karnataka,Bengaluru Rural,Maize,Kharif,2023,29342.3,76759.5,2616.0
Karnataka,Bengaluru Rural,Maize,Rabi,2023,20998.3,76872.7,3660.9
Karnataka,Bengaluru Rural,Rice,Kharif,2023,24865.5,52637.8,2116.9
Karnataka,Bengaluru Rural,Soyabean,Kharif,2023,15763.2,15813.6,1003.2
Karnataka,Bengaluru Rural,Sugarcane,Whole Year,2023,19196.6,1174687.9,61192.5
Karnataka,Bengaluru Rural,Wheat,Rabi,2023,17551.3,62145.6,3540.8
Karnataka,Bengaluru Urban,Bajra,Kharif,2015,17614.3,29021.3,1647.6
Karnataka,Bengaluru Urban,Cotton,Kharif,2015,23502.2,13116.6,558.1
Karnataka,Bengaluru Urban,Gram,Rabi,2015,23956.3,27240.7,1137.1
Karnataka,Bengaluru Urban,Groundnut,Kharif,2015,33839.6,57449.5,1697.7
Karnataka,Bengaluru Urban,Groundnut,Rabi,2015,21362.0,30848.9,1444.1
Karnataka,Bengaluru Urban,Jowar,Kharif,2015,30316.5,24647.3,813.0
Karnataka,Bengaluru Urban,Jowar,Rabi,2015,18004.1,28228.6,1567.9
Karnataka,Bengaluru Urban,Maize,Kharif,2015,21586.7,49476.7,2292.0
Karnataka,Bengaluru Urban,Maize,Rabi,2015,13657.5,48820.1,3574.6
Karnataka,Bengaluru Urban,Rice,Kharif,2015,24000.7,65039.5,2709.9
Karnataka,Bengaluru Urban,Soyabean,Kharif,2015,15346.9,20718.3,1350.0
Karnataka,Bengaluru Urban,Sugarcane,Whole Year,2015,27920.1,1713677.1,61377.9
Karnataka,Bengaluru Urban,Wheat,Rabi,2015,16106.8,47281.5,2935.5
Karnataka,Bengaluru Urban,Bajra,Kharif,2016,22266.9,31857.3,1430.7
Karnataka,Bengaluru Urban,Cotton,Kharif,2016,26942.6,12528.3,465.0
Karnataka,Bengaluru Urban,Gram,Rabi,2016,20863.9,18848.4,903.4
Karnataka,Bengaluru Urban,Groundnut,Kharif,2016,21376.7,32866.7,1537.5
Karnataka,Bengaluru Urban,Groundnut,Rabi,2016,23820.3,36080.6,1514.7
Karnataka,Bengaluru Urban,Jowar,Kharif,2016,28517.9,39383.2,1381.0
Karnataka,Bengaluru Urban,Jowar,Rabi,2016,25999.6,25903.4,996.3
Karnataka,Bengaluru Urban,Maize,Kharif,2016,31388.1,79531.2,2533.8
Karnataka,Bengaluru Urban,Maize,Rabi,2016,16070.9,36961.5,2299.9
Karnataka,Bengaluru Urban,Rice,Kharif,2016,23834.1,48402.3,2030.8
Karnataka,Bengaluru Urban,Soyabean,Kharif,2016,15479.6,16663.8,1076.5
Karnataka,Bengaluru Urban,Sugarcane,Whole Year,2016,28750.0,2250110.1,78264.7
Karnataka,Bengaluru Urban,Wheat,Rabi,2016,15024.7,59706.7,3973.9
Karnataka,Bengaluru Urban,Bajra,Kharif,2017,20590.0,29775.2,1446.1
Karnataka,Bengaluru Urban,Cotton,Kharif,2017,27021.9,16950.8,627.3
Karnataka,Bengaluru Urban,Gram,Rabi,2017,27349.0,25390.8,928.4
Karnataka,Bengaluru Urban,Groundnut,Kharif,2017,32594.6,34185.2,1048.8
Karnataka,Bengaluru Urban,Groundnut,Rabi,2017,21165.5,38747.7,1830.7
Karnataka,Bengaluru Urban,Jowar,Kharif,2017,27488.1,26089.0,949.1
Karnataka,Bengaluru Urban,Jowar,Rabi,2017,26349.6,25957.0,985.1
Karnataka,Bengaluru Urban,Maize,Kharif,2017,18750.9,57417.1,3062.1
Karnataka,Bengaluru Urban,Maize,Rabi,2017,17705.7,63007.5,3558.6
Karnataka,Bengaluru Urban,Rice,Kharif,2017,22600.8,47504.6,2101.9
Karnataka,Bengaluru Urban,Soyabean,Kharif,2017,23710.2,28933.6,1220.3
Karnataka,Bengaluru Urban,Sugarcane,Whole Year,2017,18216.3,1340929.2,73611.5
Karnataka,Bengaluru Urban,Wheat,Rabi,2017,17111.1,61033.6,3566.9
Karnataka,Bengaluru Urban,Bajra,Kharif,2018,26545.8,37647.3,1418.2
Karnataka,Bengaluru Urban,Cotton,Kharif,2018,21246.7,9979.6,469.7
Karnataka,Bengaluru Urban,Gram,Rabi,2018,27304.7,25120.3,920.0
Karnataka,Bengaluru Urban,Groundnut,Kharif,2018,31183.6,38817.3,1244.8
Karnataka,Bengaluru Urban,Groundnut,Rabi,2018,13810.3,16698.0,1209.1
Karnataka,Bengaluru Urban,Jowar,Kharif,2018,25619.6,36733.4,1433.8
Karnataka,Bengaluru Urban,Jowar,Rabi,2018,19798.8,22487.5,1135.8
Karnataka,Bengaluru Urban,Maize,Kharif,2018,22817.3,62902.7,2756.8
Karnataka,Bengaluru Urban,Maize,Rabi,2018,17288.0,62373.4,3607.9
Karnataka,Bengaluru Urban,Rice,Kharif,2018,24066.2,60389.3,2509.3
Karnataka,Bengaluru Urban,Soyabean,Kharif,2018,13937.2,20756.7,1489.3
Karnataka,Bengaluru Urban,Sugarcane,Whole Year,2018,19249.5,1043340.2,54200.9
Karnataka,Bengaluru Urban,Wheat,Rabi,2018,18631.5,66190.3,3552.6
Karnataka,Bengaluru Urban,Bajra,Kharif,2019,20865.3,18764.2,899.3
Karnataka,Bengaluru Urban,Cotton,Kharif,2019,20450.9,10577.2,517.2
Karnataka,Bengaluru Urban,Gram,Rabi,2019,18635.6,13978.6,750.1
Karnataka,Bengaluru Urban,Groundnut,Kharif,2019,33555.0,53114.2,1582.9
Karnataka,Bengaluru Urban,Groundnut,Rabi,2019,21649.8,29067.0,1342.6
Karnataka,Bengaluru Urban,Jowar,Kharif,2019,19685.1,16246.1,825.3
Karnataka,Bengaluru Urban,Jowar,Rabi,2019,24412.4,38889.0,1593.0
Karnataka,Bengaluru Urban,Maize,Kharif,2019,24027.5,51291.5,2134.7
Karnataka,Bengaluru Urban,Maize,Rabi,2019,18148.7,50055.9,2758.1
Karnataka,Bengaluru Urban,Rice,Kharif,2019,22497.9,59520.4,2645.6
Karnataka,Bengaluru Urban,Soyabean,Kharif,2019,22062.1,20928.1,948.6
Karnataka,Bengaluru Urban,Sugarcane,Whole Year,2019,15605.0,1276955.6,81829.9
Karnataka,Bengaluru Urban,Wheat,Rabi,2019,14327.3,38484.6,2686.1
Karnataka,Bengaluru Urban,Bajra,Kharif,2020,27827.7,29878.6,1073.7
Karnataka,Bengaluru Urban,Cotton,Kharif,2020,24460.7,16579.5,677.8
Karnataka,Bengaluru Urban,Gram,Rabi,2020,26290.4,21176.9,805.5
Karnataka,Bengaluru Urban,Groundnut,Kharif,2020,30008.3,36286.0,1209.2
Karnataka,Bengaluru Urban,Groundnut,Rabi,2020,12090.8,18656.1,1543.0
Karnataka,Bengaluru Urban,Jowar,Kharif,2020,21286.6,28281.4,1328.6
Karnataka,Bengaluru Urban,Jowar,Rabi,2020,19385.3,29310.6,1512.0
Karnataka,Bengaluru Urban,Maize,Kharif,2020,18008.4,43708.2,2427.1
Karnataka,Bengaluru Urban,Maize,Rabi,2020,14894.0,38332.7,2573.7
Karnataka,Bengaluru Urban,Rice,Kharif,2020,18818.2,39979.3,2124.5
Karnataka,Bengaluru Urban,Soyabean,Kharif,2020,19777.7,20976.2,1060.6
Karnataka,Bengaluru Urban,Sugarcane,Whole Year,2020,22095.7,1398790.4,63306.0
Karnataka,Bengaluru Urban,Wheat,Rabi,2020,20759.0,84042.8,4048.5
Karnataka,Bengaluru Urban,Bajra,Kharif,2021,28961.3,38813.9,1340.2
Karnataka,Bengaluru Urban,Cotton,Kharif,2021,18934.3,12638.6,667.5
Karnataka,Bengaluru Urban,Gram,Rabi,2021,18963.5,23514.7,1240.0
Karnataka,Bengaluru Urban,Groundnut,Kharif,2021,20869.8,33193.4,1590.5
Karnataka,Bengaluru Urban,Groundnut,Rabi,2021,12172.0,19901.2,1635.0
Karnataka,Bengaluru Urban,Jowar,Kharif,2021,28772.2,40462.3,1406.3
Karnataka,Bengaluru Urban,Jowar,Rabi,2021,26819.6,40382.3,1505.7
Karnataka,Bengaluru Urban,Maize,Kharif,2021,30434.7,68745.9,2258.8
Karnataka,Bengaluru Urban,Maize,Rabi,2021,15410.2,41026.6,2662.3
Karnataka,Bengaluru Urban,Rice,Kharif,2021,22524.6,53428.4,2372.0
Karnataka,Bengaluru Urban,Soyabean,Kharif,2021,19623.8,19213.7,979.1
Karnataka,Bengaluru Urban,Sugarcane,Whole Year,2021,26751.2,1525540.7,57027.0
Karnataka,Bengaluru Urban,Wheat,Rabi,2021,15103.1,51432.1,3405.4
Karnataka,Bengaluru Urban,Bajra,Kharif,2022,31112.3,30399.8,977.1
Karnataka,Bengaluru Urban,Cotton,Kharif,2022,27162.2,11690.6,430.4
Karnataka,Bengaluru Urban,Gram,Rabi,2022,27775.1,26872.4,967.5
Karnataka,Bengaluru Urban,Groundnut,Kharif,2022,31179.0,37629.9,1206.9
Karnataka,Bengaluru Urban,Groundnut,Rabi,2022,20159.7,27481.7,1363.2
Karnataka,Bengaluru Urban,Jowar,Kharif,2022,20044.3,28232.4,1408.5
Karnataka,Bengaluru Urban,Jowar,Rabi,2022,26929.4,42009.9,1560.0
Karnataka,Bengaluru Urban,Maize,Kharif,2022,26756.1,85694.4,3202.8
Karnataka,Bengaluru Urban,Maize,Rabi,2022,12828.4,35094.7,2735.7
Karnataka,Bengaluru Urban,Rice,Kharif,2022,21764.4,57954.2,2662.8
Karnataka,Bengaluru Urban,Soyabean,Kharif,2022,16983.4,16509.6,972.1
Karnataka,Bengaluru Urban,Sugarcane,Whole Year,2022,25139.9,1921480.3,76431.5
Karnataka,Bengaluru Urban,Wheat,Rabi,2022,15821.2,44482.9,2811.6
Karnataka,Bengaluru Urban,Bajra,Kharif,2023,15430.9,22698.9,1471.0
Karnataka,Bengaluru Urban,Cotton,Kharif,2023,21793.2,9057.3,415.6
Karnataka,Bengaluru Urban,Gram,Rabi,2023,23317.8,20689.9,887.3
Karnataka,Bengaluru Urban,Groundnut,Kharif,2023,24575.7,24831.3,1010.4
Karnataka,Bengaluru Urban,Groundnut,Rabi,2023,13913.1,20219.9,1453.3
Karnataka,Bengaluru Urban,Jowar,Kharif,2023,19256.6,26772.5,1390.3
Karnataka,Bengaluru Urban,Jowar,Rabi,2023,15078.6,18653.7,1237.1
Karnataka,Bengaluru Urban,Maize,Kharif,2023,19725.5,47871.8,2426.9
Karnataka,Bengaluru Urban,Maize,Rabi,2023,23112.7,56827.2,2458.7
Karnataka,Bengaluru Urban,Rice,Kharif,2023,29590.0,63529.7,2147.0
Karnataka,Bengaluru Urban,Soyabean,Kharif,2023,22381.9,27281.3,1218.9
Karnataka,Bengaluru Urban,Sugarcane,Whole Year,2023,30036.1,2061071.2,68619.8
Karnataka,Bengaluru Urban,Wheat,Rabi,2023,17345.6,50522.5,2912.7
Karnataka,Chamarajanagar,Bajra,Kharif,2015,22204.1,25710.1,1157.9
Karnataka,Chamarajanagar,Cotton,Kharif,2015,29538.6,15495.9,524.6
Karnataka,Chamarajanagar,Gram,Rabi,2015,21868.6,20783.9,950.4
Karnataka,Chamarajanagar,Groundnut,Kharif,2015,33462.3,46067.5,1376.7
Karnataka,Chamarajanagar,Groundnut,Rabi,2015,21908.3,41406.7,1890.0
Karnataka,Chamarajanagar,Jowar,Kharif,2015,22785.9,24394.6,1070.6
Karnataka,Chamarajanagar,Jowar,Rabi,2015,26030.1,29689.9,1140.6
Karnataka,Chamarajanagar,Maize,Kharif,2015,29115.1,99238.8,3408.5
Karnataka,Chamarajanagar,Maize,Rabi,2015,19478.5,65965.9,3386.6
Karnataka,Chamarajanagar,Rice,Kharif,2015,27661.2,80604.7,2914.0
Karnataka,Chamarajanagar,Soyabean,Kharif,2015,17530.7,15984.5,911.8
Karnataka,Chamarajanagar,Sugarcane,Whole Year,2015,21831.9,1576540.4,72212.7
Karnataka,Chamarajanagar,Wheat,Rabi,2015,16503.5,62685.2,3798.3
Karnataka,Chamarajanagar,Bajra,Kharif,2016,23925.8,35568.1,1486.6
Karnataka,Chamarajanagar,Cotton,Kharif,2016,21026.1,11040.8,525.1
Karnataka,Chamarajanagar,Gram,Rabi,2016,17481.4,15163.4,867.4
Karnataka,Chamarajanagar,Groundnut,Kharif,2016,18016.0,17644.9,979.4
Karnataka,Chamarajanagar,Groundnut,Rabi,2016,24704.7,34734.8,1406.0
Karnataka,Chamarajanagar,Jowar,Kharif,2016,27286.3,36623.7,1342.2
Karnataka,Chamarajanagar,Jowar,Rabi,2016,22158.6,21549.2,972.5
Karnataka,Chamarajanagar,Maize,Kharif,2016,28193.6,81208.8,2880.4
Karnataka,Chamarajanagar,Maize,Rabi,2016,20775.0,71291.5,3431.6
Karnataka,Chamarajanagar,Rice,Kharif,2016,29704.9,76885.2,2588.3
Karnataka,Chamarajanagar,Soyabean,Kharif,2016,16783.0,21515.8,1282.0
Karnataka,Chamarajanagar,Sugarcane,Whole Year,2016,16163.5,1275654.1,78921.9
Karnataka,Chamarajanagar,Wheat,Rabi,2016,13193.8,41224.0,3124.5
Karnataka,Chamarajanagar,Bajra,Kharif,2017,18340.3,19084.9,1040.6
Karnataka,Chamarajanagar,Cotton,Kharif,2017,18498.0,9067.7,490.2
Karnataka,Chamarajanagar,Gram,Rabi,2017,22716.9,28146.2,1239.0
Karnataka,Chamarajanagar,Groundnut,Kharif,2017,29337.8,37449.7,1276.5
Karnataka,Chamarajanagar,Groundnut,Rabi,2017,24390.6,44181.1,1811.4
Karnataka,Chamarajanagar,Jowar,Kharif,2017,31022.3,35163.8,1133.5
Karnataka,Chamarajanagar,Jowar,Rabi,2017,18365.8,16387.8,892.3
Karnataka,Chamarajanagar,Maize,Kharif,2017,28165.2,60217.2,2138.0
Karnataka,Chamarajanagar,Maize,Rabi,2017,15633.3,47712.8,3052.0
Karnataka,Chamarajanagar,Rice,Kharif,2017,24773.0,64922.6,2620.7
Karnataka,Chamarajanagar,Soyabean,Kharif,2017,14327.6,15981.0,1115.4
Karnataka,Chamarajanagar,Sugarcane,Whole Year,2017,25492.3,2067287.9,81094.6
Karnataka,Chamarajanagar,Wheat,Rabi,2017,19276.3,78574.1,4076.2
Karnataka,Chamarajanagar,Bajra,Kharif,2018,22441.2,24665.1,1099.1
Karnataka,Chamarajanagar,Cotton,Kharif,2018,24698.1,12279.9,497.2
Karnataka,Chamarajanagar,Gram,Rabi,2018,27194.4,34697.3,1275.9
Karnataka,Chamarajanagar,Groundnut,Kharif,2018,26540.3,31739.5,1195.9
Karnataka,Chamarajanagar,Groundnut,Rabi,2018,21582.7,26572.6,1231.2
Karnataka,Chamarajanagar,Jowar,Kharif,2018,24646.8,24777.4,1005.3
Karnataka,Chamarajanagar,Jowar,Rabi,2018,26967.0,23180.8,859.6
Karnataka,Chamarajanagar,Maize,Kharif,2018,25739.4,79740.7,3098.0
Karnataka,Chamarajanagar,Maize,Rabi,2018,17820.2,41638.7,2336.6
Karnataka,Chamarajanagar,Rice,Kharif,2018,29669.5,74814.6,2521.6
Karnataka,Chamarajanagar,Soyabean,Kharif,2018,20598.6,21148.6,1026.7
Karnataka,Chamarajanagar,Sugarcane,Whole Year,2018,23219.5,1506353.5,64874.5
Karnataka,Chamarajanagar,Wheat,Rabi,2018,12749.0,35313.5,2769.9
Karnataka,Chamarajanagar,Bajra,Kharif,2019,22169.1,19639.6,885.9
Karnataka,Chamarajanagar,Cotton,Kharif,2019,23388.9,13137.5,561.7
Karnataka,Chamarajanagar,Gram,Rabi,2019,22850.9,21468.4,939.5
Karnataka,Chamarajanagar,Groundnut,Kharif,2019,23364.1,24065.0,1030.0
Karnataka,Chamarajanagar,Groundnut,Rabi,2019,16768.4,21540.7,1284.6
Karnataka,Chamarajanagar,Jowar,Kharif,2019,28732.3,41012.5,1427.4
Karnataka,Chamarajanagar,Jowar,Rabi,2019,27611.0,42578.9,1542.1
Karnataka,Chamarajanagar,Maize,Kharif,2019,26411.1,80192.0,3036.3
Karnataka,Chamarajanagar,Maize,Rabi,2019,15422.5,49493.9,3209.2
Karnataka,Chamarajanagar,Rice,Kharif,2019,23467.8,58162.6,2478.4
Karnataka,Chamarajanagar,Soyabean,Kharif,2019,22608.9,23847.9,1054.8
Karnataka,Chamarajanagar,Sugarcane,Whole Year,2019,20406.7,1627216.0,79739.3
Karnataka,Chamarajanagar,Wheat,Rabi,2019,12562.2,42422.5,3377.0
Karnataka,Chamarajanagar,Bajra,Kharif,2020,24786.3,23881.6,963.5
Karnataka,Chamarajanagar,Cotton,Kharif,2020,24980.7,15353.1,614.6
Karnataka,Chamarajanagar,Gram,Rabi,2020,20877.0,26127.6,1251.5
Karnataka,Chamarajanagar,Groundnut,Kharif,2020,29027.6,47152.4,1624.4
Karnataka,Chamarajanagar,Groundnut,Rabi,2020,20105.6,26370.5,1311.6
Karnataka,Chamarajanagar,Jowar,Kharif,2020,22335.7,20441.6,915.2
Karnataka,Chamarajanagar,Jowar,Rabi,2020,26814.7,39103.9,1458.3
Karnataka,Chamarajanagar,Maize,Kharif,2020,27469.6,66380.3,2416.5
Karnataka,Chamarajanagar,Maize,Rabi,2020,14208.5,48455.2,3410.3
Karnataka,Chamarajanagar,Rice,Kharif,2020,23689.9,51428.4,2170.9
Karnataka,Chamarajanagar,Soyabean,Kharif,2020,20632.7,18672.6,905.0
Karnataka,Chamarajanagar,Sugarcane,Whole Year,2020,20544.9,1357128.3,66056.7
Karnataka,Chamarajanagar,Wheat,Rabi,2020,13479.6,56282.7,4175.4
Karnataka,Chamarajanagar,Bajra,Kharif,2021,17272.8,29223.9,1691.9
Karnataka,Chamarajanagar,Cotton,Kharif,2021,27017.1,17928.5,663.6
Karnataka,Chamarajanagar,Gram,Rabi,2021,24119.4,23084.7,957.1
Karnataka,Chamarajanagar,Groundnut,Kharif,2021,33949.1,39268.9,1156.7
Karnataka,Chamarajanagar,Groundnut,Rabi,2021,16318.2,29302.6,1795.7
Karnataka,Chamarajanagar,Jowar,Kharif,2021,28714.4,40277.7,1402.7
Karnataka,Chamarajanagar,Jowar,Rabi,2021,17662.4,26288.7,1488.4
Karnataka,Chamarajanagar,Maize,Kharif,2021,28339.6,58065.0,2048.9
Karnataka,Chamarajanagar,Maize,Rabi,2021,16646.7,44153.7,2652.4
Karnataka,Chamarajanagar,Rice,Kharif,2021,21653.9,66683.2,3079.5
Karnataka,Chamarajanagar,Soyabean,Kharif,2021,20998.9,27823.5,1325.0
Karnataka,Chamarajanagar,Sugarcane,Whole Year,2021,31602.5,2000947.1,63316.1
Karnataka,Chamarajanagar,Wheat,Rabi,2021,20018.4,65964.6,3295.2
Karnataka,Chamarajanagar,Bajra,Kharif,2022,21799.7,19656.8,901.7
Karnataka,Chamarajanagar,Cotton,Kharif,2022,24999.7,16189.8,647.6
Karnataka,Chamarajanagar,Gram,Rabi,2022,17820.9,19439.0,1090.8
Karnataka,Chamarajanagar,Groundnut,Kharif,2022,29300.6,37050.6,1264.5
Karnataka,Chamarajanagar,Groundnut,Rabi,2022,21114.3,32708.2,1549.1
Karnataka,Chamarajanagar,Jowar,Kharif,2022,25064.9,19673.4,784.9
Karnataka,Chamarajanagar,Jowar,Rabi,2022,23992.4,33087.9,1379.1
Karnataka,Chamarajanagar,Maize,Kharif,2022,18537.6,46729.6,2520.8
Karnataka,Chamarajanagar,Maize,Rabi,2022,23748.4,68233.9,2873.2
Karnataka,Chamarajanagar,Rice,Kharif,2022,24023.3,71875.3,2991.9
Karnataka,Chamarajanagar,Soyabean,Kharif,2022,22041.7,27351.5,1240.9
Karnataka,Chamarajanagar,Sugarcane,Whole Year,2022,28562.7,2225919.8,77931.0
Karnataka,Chamarajanagar,Wheat,Rabi,2022,16568.9,55674.8,3360.2
Karnataka,Chamarajanagar,Bajra,Kharif,2023,19944.9,25379.9,1272.5
Karnataka,Chamarajanagar,Cotton,Kharif,2023,28294.3,13734.1,485.4
Karnataka,Chamarajanagar,Gram,Rabi,2023,18312.1,15081.8,823.6
Karnataka,Chamarajanagar,Groundnut,Kharif,2023,23063.6,35402.6,1535.0
Karnataka,Chamarajanagar,Groundnut,Rabi,2023,18131.1,25263.9,1393.4
Karnataka,Chamarajanagar,Jowar,Kharif,2023,20326.6,20385.5,1002.9
Karnataka,Chamarajanagar,Jowar,Rabi,2023,27219.0,30605.0,1124.4
Karnataka,Chamarajanagar,Maize,Kharif,2023,31833.7,86017.8,2702.1
Karnataka,Chamarajanagar,Maize,Rabi,2023,14150.0,51305.1,3625.8
Karnataka,Chamarajanagar,Rice,Kharif,2023,23524.3,64729.5,2751.6
Karnataka,Chamarajanagar,Soyabean,Kharif,2023,25772.0,23480.9,911.1
Karnataka,Chamarajanagar,Sugarcane,Whole Year,2023,16643.8,1225211.7,73613.7
Karnataka,Chamarajanagar,Wheat,Rabi,2023,14818.3,42897.5,2894.9
Karnataka,Chikkaballapura,Bajra,Kharif,2015,30086.2,49777.6,1654.5
Karnataka,Chikkaballapura,Cotton,Kharif,2015,22029.8,12605.5,572.2
Karnataka,Chikkaballapura,Gram,Rabi,2015,27122.9,35216.4,1298.4
Karnataka,Chikkaballapura,Groundnut,Kharif,2015,26652.3,34370.8,1289.6
Karnataka,Chikkaballapura,Groundnut,Rabi,2015,15623.0,31480.3,2015.0
Karnataka,Chikkaballapura,Jowar,Kharif,2015,19999.4,23369.3,1168.5
Karnataka,Chikkaballapura,Jowar,Rabi,2015,18673.2,20040.1,1073.2
Karnataka,Chikkaballapura,Maize,Kharif,2015,23669.6,82798.6,3498.1
Karnataka,Chikkaballapura,Maize,Rabi,2015,12659.6,39570.1,3125.7
Karnataka,Chikkaballapura,Rice,Kharif,2015,18990.9,39603.6,2085.4
Karnataka,Chikkaballapura,Soyabean,Kharif,2015,18153.9,21721.1,1196.5
Karnataka,Chikkaballapura,Sugarcane,Whole Year,2015,19399.5,1192947.0,61493.7
Karnataka,Chikkaballapura,Wheat,Rabi,2015,12869.7,39705.6,3085.2
Karnataka,Chikkaballapura,Bajra,Kharif,2016,27463.7,47948.9,1745.9
Karnataka,Chikkaballapura,Cotton,Kharif,2016,21450.1,11812.6,550.7
Karnataka,Chikkaballapura,Gram,Rabi,2016,22399.9,21978.8,981.2
Karnataka,Chikkaballapura,Groundnut,Kharif,2016,20875.8,35136.1,1683.1
Karnataka,Chikkaballapura,Groundnut,Rabi,2016,23093.1,37494.0,1623.6
Karnataka,Chikkaballapura,Jowar,Kharif,2016,26445.4,24655.0,932.3
Karnataka,Chikkaballapura,Jowar,Rabi,2016,22069.2,31029.3,1406.0
Karnataka,Chikkaballapura,Maize,Kharif,2016,25212.3,87862.3,3484.9
Karnataka,Chikkaballapura,Maize,Rabi,2016,19336.1,54017.3,2793.6
Karnataka,Chikkaballapura,Rice,Kharif,2016,27265.8,57383.6,2104.6
Karnataka,Chikkaballapura,Soyabean,Kharif,2016,17383.2,19036.3,1095.1
Karnataka,Chikkaballapura,Sugarcane,Whole Year,2016,22340.7,1685681.8,75453.4
Karnataka,Chikkaballapura,Wheat,Rabi,2016,16841.7,65184.1,3870.4
Karnataka,Chikkaballapura,Bajra,Kharif,2017,29755.7,40908.1,1374.8
Karnataka,Chikkaballapura,Cotton,Kharif,2017,26616.2,13419.9,504.2
Karnataka,Chikkaballapura,Gram,Rabi,2017,17109.4,17297.6,1011.0
Karnataka,Chikkaballapura,Groundnut,Kharif,2017,24706.1,39537.2,1600.3
Karnataka,Chikkaballapura,Groundnut,Rabi,2017,15171.9,30673.0,2021.7
Karnataka,Chikkaballapura,Jowar,Kharif,2017,31413.9,29714.4,945.9
Karnataka,Chikkaballapura,Jowar,Rabi,2017,19524.7,30583.5,1566.4
Karnataka,Chikkaballapura,Maize,Kharif,2017,31532.7,83161.2,2637.3
Karnataka,Chikkaballapura,Maize,Rabi,2017,15852.0,48218.6,3041.8
Karnataka,Chikkaballapura,Rice,Kharif,2017,26253.2,58497.4,2228.2
Karnataka,Chikkaballapura,Soyabean,Kharif,2017,22310.6,20347.3,912.0
Karnataka,Chikkaballapura,Sugarcane,Whole Year,2017,15838.0,1007116.2,63588.6
Karnataka,Chikkaballapura,Wheat,Rabi,2017,15534.7,48235.2,3105.0
Karnataka,Chikkaballapura,Bajra,Kharif,2018,25134.4,38093.7,1515.6
Karnataka,Chikkaballapura,Cotton,Kharif,2018,20531.6,13051.9,635.7
Karnataka,Chikkaballapura,Gram,Rabi,2018,16364.2,20144.3,1231.0
Karnataka,Chikkaballapura,Groundnut,Kharif,2018,25825.6,28749.1,1113.2
Karnataka,Chikkaballapura,Groundnut,Rabi,2018,13739.1,27619.7,2010.3
Karnataka,Chikkaballapura,Jowar,Kharif,2018,19017.3,17370.4,913.4
Karnataka,Chikkaballapura,Jowar,Rabi,2018,19521.7,26280.1,1346.2
Karnataka,Chikkaballapura,Maize,Kharif,2018,25627.2,54962.7,2144.7
Karnataka,Chikkaballapura,Maize,Rabi,2018,15476.7,39960.8,2582.0
Karnataka,Chikkaballapura,Rice,Kharif,2018,20562.5,49214.3,2393.4
Karnataka,Chikkaballapura,Soyabean,Kharif,2018,21856.4,22179.9,1014.8
Karnataka,Chikkaballapura,Sugarcane,Whole Year,2018,21233.5,1353157.9,63727.5
Karnataka,Chikkaballapura,Wheat,Rabi,2018,21764.6,89833.4,4127.5
Karnataka,Chikkaballapura,Bajra,Kharif,2019,20599.4,30363.5,1474.0
Karnataka,Chikkaballapura,Cotton,Kharif,2019,27194.9,13192.2,485.1
Karnataka,Chikkaballapura,Gram,Rabi,2019,25739.5,23616.0,917.5
Karnataka,Chikkaballapura,Groundnut,Kharif,2019,25587.5,38261.0,1495.3
Karnataka,Chikkaballapura,Groundnut,Rabi,2019,21008.0,42841.6,2039.3
Karnataka,Chikkaballapura,Jowar,Kharif,2019,21152.3,25886.2,1223.8
Karnataka,Chikkaballapura,Jowar,Rabi,2019,22925.9,36271.1,1582.1
Karnataka,Chikkaballapura,Maize,Kharif,2019,20189.1,62895.1,3115.3
Karnataka,Chikkaballapura,Maize,Rabi,2019,18819.2,49673.3,2639.5
Karnataka,Chikkaballapura,Rice,Kharif,2019,23693.2,54506.2,2300.5
Karnataka,Chikkaballapura,Soyabean,Kharif,2019,20110.4,28782.0,1431.2
Karnataka,Chikkaballapura,Sugarcane,Whole Year,2019,24678.2,1750960.2,70951.7
Karnataka,Chikkaballapura,Wheat,Rabi,2019,17187.5,46095.2,2681.9
Karnataka,Chikkaballapura,Bajra,Kharif,2020,16937.4,24212.0,1429.5
Karnataka,Chikkaballapura,Cotton,Kharif,2020,28011.9,15734.3,561.7
Karnataka,Chikkaballapura,Gram,Rabi,2020,23756.9,24025.4,1011.3
Karnataka,Chikkaballapura,Groundnut,Kharif,2020,26988.0,26334.9,975.8
Karnataka,Chikkaballapura,Groundnut,Rabi,2020,20306.5,25773.0,1269.2
Karnataka,Chikkaballapura,Jowar,Kharif,2020,24090.2,23514.4,976.1
Karnataka,Chikkaballapura,Jowar,Rabi,2020,22090.6,21134.1,956.7
Karnataka,Chikkaballapura,Maize,Kharif,2020,27683.0,88095.6,3182.3
Karnataka,Chikkaballapura,Maize,Rabi,2020,13960.3,33042.6,2366.9
Karnataka,Chikkaballapura,Rice,Kharif,2020,19746.2,58302.6,2952.6
Karnataka,Chikkaballapura,Soyabean,Kharif,2020,19394.6,22685.9,1169.7
Karnataka,Chikkaballapura,Sugarcane,Whole Year,2020,16814.1,1201984.5,71486.7
Karnataka,Chikkaballapura,Wheat,Rabi,2020,20680.0,81171.1,3925.1
Karnataka,Chikkaballapura,Bajra,Kharif,2021,20796.4,36350.0,1747.9
Karnataka,Chikkaballapura,Cotton,Kharif,2021,21162.6,10120.0,478.2
Karnataka,Chikkaballapura,Gram,Rabi,2021,27168.1,20756.4,764.0
Karnataka,Chikkaballapura,Groundnut,Kharif,2021,29843.7,44586.5,1494.0
Karnataka,Chikkaballapura,Groundnut,Rabi,2021,22872.9,46393.1,2028.3
Karnataka,Chikkaballapura,Jowar,Kharif,2021,31658.4,26077.0,823.7
Karnataka,Chikkaballapura,Jowar,Rabi,2021,25683.9,35109.9,1367.0
Karnataka,Chikkaballapura,Maize,Kharif,2021,27062.8,58155.3,2148.9
Karnataka,Chikkaballapura,Maize,Rabi,2021,19802.2,74693.9,3772.0
Karnataka,Chikkaballapura,Rice,Kharif,2021,28941.8,70241.7,2427.0
Karnataka,Chikkaballapura,Soyabean,Kharif,2021,12559.3,13873.0,1104.6
Karnataka,Chikkaballapura,Sugarcane,Whole Year,2021,29048.6,2121855.0,73045.0
Karnataka,Chikkaballapura,Wheat,Rabi,2021,16593.4,44606.4,2688.2
Karnataka,Chikkaballapura,Bajra,Kharif,2022,17129.3,24666.2,1440.0
Karnataka,Chikkaballapura,Cotton,Kharif,2022,18477.6,10484.2,567.4
Karnataka,Chikkaballapura,Gram,Rabi,2022,26436.4,33251.7,1257.8
Karnataka,Chikkaballapura,Groundnut,Kharif,2022,25633.6,33182.7,1294.5
Karnataka,Chikkaballapura,Groundnut,Rabi,2022,13000.6,23013.7,1770.2
Karnataka,Chikkaballapura,Jowar,Kharif,2022,29497.6,27842.8,943.9
Karnataka,Chikkaballapura,Jowar,Rabi,2022,20476.9,31147.4,1521.1
Karnataka,Chikkaballapura,Maize,Kharif,2022,30279.7,70457.8,2326.9
Karnataka,Chikkaballapura,Maize,Rabi,2022,18606.8,46665.9,2508.0
Karnataka,Chikkaballapura,Rice,Kharif,2022,19222.5,57538.7,2993.3
Karnataka,Chikkaballapura,Soyabean,Kharif,2022,23487.1,31735.8,1351.2
Karnataka,Chikkaballapura,Sugarcane,Whole Year,2022,15829.0,1223770.1,77311.9
Karnataka,Chikkaballapura,Wheat,Rabi,2022,16380.4,51562.2,3147.8
Karnataka,Chikkaballapura,Bajra,Kharif,2023,25137.9,27571.2,1096.8
Karnataka,Chikkaballapura,Cotton,Kharif,2023,18319.3,11099.7,605.9
Karnataka,Chikkaballapura,Gram,Rabi,2023,23507.8,25411.9,1081.0
Karnataka,Chikkaballapura,Groundnut,Kharif,2023,30608.6,44578.4,1456.4
Karnataka,Chikkaballapura,Groundnut,Rabi,2023,14676.5,22008.9,1499.6
Karnataka,Chikkaballapura,Jowar,Kharif,2023,19765.5,17136.7,867.0
Karnataka,Chikkaballapura,Jowar,Rabi,2023,23790.5,36563.6,1536.9
Karnataka,Chikkaballapura,Maize,Kharif,2023,31478.3,92039.4,2923.9
Karnataka,Chikkaballapura,Maize,Rabi,2023,14209.2,33661.6,2369.0
Karnataka,Chikkaballapura,Rice,Kharif,2023,27754.2,72008.3,2594.5
Karnataka,Chikkaballapura,Soyabean,Kharif,2023,20656.0,28185.1,1364.5
Karnataka,Chikkaballapura,Sugarcane,Whole Year,2023,26955.7,2076497.3,77033.7
Karnataka,Chikkaballapura,Wheat,Rabi,2023,12562.1,47685.7,3796.0
Karnataka,Chitradurga,Bajra,Kharif,2015,23510.5,39276.6,1670.6
Karnataka,Chitradurga,Cotton,Kharif,2015,19759.4,11478.2,580.9
Karnataka,Chitradurga,Gram,Rabi,2015,18794.5,15776.1,839.4
Karnataka,Chitradurga,Groundnut,Kharif,2015,29618.3,41326.4,1395.3
Karnataka,Chitradurga,Groundnut,Rabi,2015,21812.8,31912.1,1463.0
Karnataka,Chitradurga,Jowar,Kharif,2015,24271.6,25526.4,1051.7
Karnataka,Chitradurga,Jowar,Rabi,2015,27793.2,30122.3,1083.8
Karnataka,Chitradurga,Maize,Kharif,2015,22127.4,55307.4,2499.5
Karnataka,Chitradurga,Maize,Rabi,2015,18775.1,48884.7,2603.7
Karnataka,Chitradurga,Rice,Kharif,2015,28983.5,64308.6,2218.8
Karnataka,Chitradurga,Soyabean,Kharif,2015,24541.4,23172.0,944.2
Karnataka,Chitradurga,Sugarcane,Whole Year,2015,26161.6,2072249.9,79209.6
Karnataka,Chitradurga,Wheat,Rabi,2015,13687.5,56793.5,4149.3
Karnataka,Chitradurga,Bajra,Kharif,2016,17836.4,29990.1,1681.4
Karnataka,Chitradurga,Cotton,Kharif,2016,27857.7,13903.8,499.1
Karnataka,Chitradurga,Gram,Rabi,2016,23869.8,25211.3,1056.2
Karnataka,Chitradurga,Groundnut,Kharif,2016,29511.1,43145.2,1462.0
Karnataka,Chitradurga,Groundnut,Rabi,2016,20173.5,28771.4,1426.2
Karnataka,Chitradurga,Jowar,Kharif,2016,18546.1,20126.2,1085.2
Karnataka,Chitradurga,Jowar,Rabi,2016,26582.7,34706.4,1305.6
Karnataka,Chitradurga,Maize,Kharif,2016,29653.5,103401.8,3487.0
Karnataka,Chitradurga,Maize,Rabi,2016,13963.4,46174.2,3306.8
Karnataka,Chitradurga,Rice,Kharif,2016,26091.5,80254.8,3075.9
Karnataka,Chitradurga,Soyabean,Kharif,2016,25798.4,33685.0,1305.7
Karnataka,Chitradurga,Sugarcane,Whole Year,2016,19141.5,1453925.2,75956.7
Karnataka,Chitradurga,Wheat,Rabi,2016,13070.3,50308.9,3849.1
Karnataka,Chitradurga,Bajra,Kharif,2017,25764.0,38617.7,1498.9
Karnataka,Chitradurga,Cotton,Kharif,2017,21085.8,12681.0,601.4
Karnataka,Chitradurga,Gram,Rabi,2017,16337.5,15747.7,963.9
Karnataka,Chitradurga,Groundnut,Kharif,2017,28654.8,30362.6,1059.6
Karnataka,Chitradurga,Groundnut,Rabi,2017,22699.0,31774.1,1399.8
Karnataka,Chitradurga,Jowar,Kharif,2017,27131.9,28529.2,1051.5
Karnataka,Chitradurga,Jowar,Rabi,2017,22748.6,21292.7,936.0
Karnataka,Chitradurga,Maize,Kharif,2017,18236.8,61272.0,3359.8
Karnataka,Chitradurga,Maize,Rabi,2017,15235.6,53499.8,3511.5
Karnataka,Chitradurga,Rice,Kharif,2017,29992.2,64594.2,2153.7
Karnataka,Chitradurga,Soyabean,Kharif,2017,15712.4,20284.7,1291.0
Karnataka,Chitradurga,Sugarcane,Whole Year,2017,31412.6,2496497.5,79474.4
Karnataka,Chitradurga,Wheat,Rabi,2017,17028.8,65938.9,3872.2
Karnataka,Chitradurga,Bajra,Kharif,2018,28954.4,31945.4,1103.3
Karnataka,Chitradurga,Cotton,Kharif,2018,18840.8,7835.9,415.9
Karnataka,Chitradurga,Gram,Rabi,2018,17444.5,18857.5,1081.0
Karnataka,Chitradurga,Groundnut,Kharif,2018,33789.0,44689.3,1322.6
Karnataka,Chitradurga,Groundnut,Rabi,2018,22958.3,36251.2,1579.0
Karnataka,Chitradurga,Jowar,Kharif,2018,27920.2,35469.8,1270.4
Karnataka,Chitradurga,Jowar,Rabi,2018,17261.5,19660.8,1139.0
Karnataka,Chitradurga,Maize,Kharif,2018,26922.2,55449.0,2059.6
Karnataka,Chitradurga,Maize,Rabi,2018,16338.5,49925.6,3055.7
Karnataka,Chitradurga,Rice,Kharif,2018,29954.7,73970.1,2469.4
Karnataka,Chitradurga,Soyabean,Kharif,2018,23424.8,26889.3,1147.9
Karnataka,Chitradurga,Sugarcane,Whole Year,2018,28538.6,1993775.1,69862.4
Karnataka,Chitradurga,Wheat,Rabi,2018,20866.0,67971.0,3257.5
Karnataka,Chitradurga,Bajra,Kharif,2019,21915.2,33663.9,1536.1
Karnataka,Chitradurga,Cotton,Kharif,2019,19726.5,7937.9,402.4
Karnataka,Chitradurga,Gram,Rabi,2019,16239.7,17610.3,1084.4
Karnataka,Chitradurga,Groundnut,Kharif,2019,25741.7,34455.3,1338.5
Karnataka,Chitradurga,Groundnut,Rabi,2019,12097.0,18862.9,1559.3
Karnataka,Chitradurga,Jowar,Kharif,2019,28053.0,30201.9,1076.6
Karnataka,Chitradurga,Jowar,Rabi,2019,24518.8,25411.3,1036.4
Karnataka,Chitradurga,Maize,Kharif,2019,29384.0,84099.9,2862.1
Karnataka,Chitradurga,Maize,Rabi,2019,14529.2,37467.9,2578.8
Karnataka,Chitradurga,Rice,Kharif,2019,25536.4,73950.9,2895.9
Karnataka,Chitradurga,Soyabean,Kharif,2019,17818.8,18533.3,1040.1
Karnataka,Chitradurga,Sugarcane,Whole Year,2019,29739.2,2143542.1,72078.0
Karnataka,Chitradurga,Wheat,Rabi,2019,16480.9,55715.3,3380.6
Karnataka,Chitradurga,Bajra,Kharif,2020,30552.3,35193.2,1151.9
Karnataka,Chitradurga,Cotton,Kharif,2020,29427.2,16164.4,549.3
Karnataka,Chitradurga,Gram,Rabi,2020,23578.5,24981.4,1059.5
Karnataka,Chitradurga,Groundnut,Kharif,2020,20199.5,24883.8,1231.9
Karnataka,Chitradurga,Groundnut,Rabi,2020,13288.9,22983.2,1729.5
Karnataka,Chitradurga,Jowar,Kharif,2020,24256.2,31562.2,1301.2
Karnataka,Chitradurga,Jowar,Rabi,2020,17866.1,17539.2,981.7
Karnataka,Chitradurga,Maize,Kharif,2020,23688.7,80214.7,3386.2
Karnataka,Chitradurga,Maize,Rabi,2020,20525.1,58913.2,2870.3
Karnataka,Chitradurga,Rice,Kharif,2020,24207.3,48441.2,2001.1
Karnataka,Chitradurga,Soyabean,Kharif,2020,25784.1,33344.0,1293.2
Karnataka,Chitradurga,Sugarcane,Whole Year,2020,19851.9,1381182.0,69574.3
Karnataka,Chitradurga,Wheat,Rabi,2020,13094.8,54281.9,4145.3
Karnataka,Chitradurga,Bajra,Kharif,2021,19063.0,21030.3,1103.2
Karnataka,Chitradurga,Cotton,Kharif,2021,22933.5,10677.8,465.6
Karnataka,Chitradurga,Gram,Rabi,2021,16235.8,20315.9,1251.3
Karnataka,Chitradurga,Groundnut,Kharif,2021,34415.4,41511.9,1206.2
Karnataka,Chitradurga,Groundnut,Rabi,2021,16400.6,19779.1,1206.0
Karnataka,Chitradurga,Jowar,Kharif,2021,27523.5,36688.8,1333.0
Karnataka,Chitradurga,Jowar,Rabi,2021,16905.9,16528.9,977.7
Karnataka,Chitradurga,Maize,Kharif,2021,29061.2,84431.5,2905.3
Karnataka,Chitradurga,Maize,Rabi,2021,12538.3,40073.7,3196.1
Karnataka,Chitradurga,Rice,Kharif,2021,21707.0,50848.6,2342.5
Karnataka,Chitradurga,Soyabean,Kharif,2021,22776.2,31494.9,1382.8
Karnataka,Chitradurga,Sugarcane,Whole Year,2021,21806.1,1753528.8,80414.6
Karnataka,Chitradurga,Wheat,Rabi,2021,16064.6,61606.1,3834.9
Karnataka,Chitradurga,Bajra,Kharif,2022,25967.6,22469.8,865.3
Karnataka,Chitradurga,Cotton,Kharif,2022,29524.4,12178.8,412.5
Karnataka,Chitradurga,Gram,Rabi,2022,17716.7,13429.3,758.0
Karnataka,Chitradurga,Groundnut,Kharif,2022,27636.6,45578.3,1649.2
Karnataka,Chitradurga,Groundnut,Rabi,2022,20657.3,39234.4,1899.3
Karnataka,Chitradurga,Jowar,Kharif,2022,18185.9,20790.1,1143.2
Karnataka,Chitradurga,Jowar,Rabi,2022,20974.3,26201.1,1249.2
Karnataka,Chitradurga,Maize,Kharif,2022,19011.0,57240.2,3010.9
Karnataka,Chitradurga,Maize,Rabi,2022,18038.6,61767.8,3424.2
Karnataka,Chitradurga,Rice,Kharif,2022,23823.5,49536.2,2079.3
Karnataka,Chitradurga,Soyabean,Kharif,2022,21075.6,20799.5,986.9
Karnataka,Chitradurga,Sugarcane,Whole Year,2022,29830.7,2099887.4,70393.5
Karnataka,Chitradurga,Wheat,Rabi,2022,13572.0,56184.0,4139.7
Karnataka,Chitradurga,Bajra,Kharif,2023,29554.6,27760.6,939.3
Karnataka,Chitradurga,Cotton,Kharif,2023,19088.7,9040.4,473.6
Karnataka,Chitradurga,Gram,Rabi,2023,26497.2,21820.4,823.5
Karnataka,Chitradurga,Groundnut,Kharif,2023,30239.9,31023.1,1025.9
Karnataka,Chitradurga,Groundnut,Rabi,2023,20100.8,30205.5,1502.7
Karnataka,Chitradurga,Jowar,Kharif,2023,29044.8,27203.4,936.6
Karnataka,Chitradurga,Jowar,Rabi,2023,23309.6,24207.0,1038.5
Karnataka,Chitradurga,Maize,Kharif,2023,27991.2,92488.5,3304.2
Karnataka,Chitradurga,Maize,Rabi,2023,13521.6,48496.6,3586.6
Karnataka,Chitradurga,Rice,Kharif,2023,25122.9,51564.8,2052.5
Karnataka,Chitradurga,Soyabean,Kharif,2023,17985.6,17620.5,979.7
Karnataka,Chitradurga,Sugarcane,Whole Year,2023,26905.9,2011646.5,74766.0
Karnataka,Chitradurga,Wheat,Rabi,2023,13058.0,44525.2,3409.8
Karnataka,Kolar,Bajra,Kharif,2015,19051.7,29808.3,1564.6
Karnataka,Kolar,Cotton,Kharif,2015,23837.8,11764.0,493.5
Karnataka,Kolar,Gram,Rabi,2015,17281.9,15313.5,886.1
Karnataka,Kolar,Groundnut,Kharif,2015,34137.8,40241.6,1178.8
Karnataka,Kolar,Groundnut,Rabi,2015,14195.2,22593.1,1591.6
Karnataka,Kolar,Jowar,Kharif,2015,22299.2,17919.6,803.6
Karnataka,Kolar,Jowar,Rabi,2015,19200.9,24678.9,1285.3
Karnataka,Kolar,Maize,Kharif,2015,25724.0,64379.5,2502.7
Karnataka,Kolar,Maize,Rabi,2015,17367.6,65038.2,3744.8
Karnataka,Kolar,Rice,Kharif,2015,22528.2,49785.1,2209.9
Karnataka,Kolar,Soyabean,Kharif,2015,15408.5,17932.4,1163.8
Karnataka,Kolar,Sugarcane,Whole Year,2015,27911.8,1623897.4,58179.6
Karnataka,Kolar,Wheat,Rabi,2015,19093.0,50287.1,2633.8
Karnataka,Kolar,Bajra,Kharif,2016,23381.5,21597.5,923.7
Karnataka,Kolar,Cotton,Kharif,2016,20351.8,13519.7,664.3
Karnataka,Kolar,Gram,Rabi,2016,27717.9,26733.9,964.5
Karnataka,Kolar,Groundnut,Kharif,2016,33695.9,45779.2,1358.6
Karnataka,Kolar,Groundnut,Rabi,2016,15506.7,27865.5,1797.0
Karnataka,Kolar,Jowar,Kharif,2016,27224.6,39276.9,1442.7
Karnataka,Kolar,Jowar,Rabi,2016,18445.6,25595.1,1387.6
Karnataka,Kolar,Maize,Kharif,2016,18728.3,39820.1,2126.2
Karnataka,Kolar,Maize,Rabi,2016,12047.0,45767.8,3799.1
Karnataka,Kolar,Rice,Kharif,2016,27627.3,78574.8,2844.1
Karnataka,Kolar,Soyabean,Kharif,2016,19136.2,20399.2,1066.0
Karnataka,Kolar,Sugarcane,Whole Year,2016,17571.5,1063782.1,60540.2
Karnataka,Kolar,Wheat,Rabi,2016,15759.7,60046.0,3810.1
Karnataka,Kolar,Bajra,Kharif,2017,25626.6,43606.2,1701.6
Karnataka,Kolar,Cotton,Kharif,2017,24957.3,13759.0,551.3
Karnataka,Kolar,Gram,Rabi,2017,16603.9,13049.0,785.9
Karnataka,Kolar,Groundnut,Kharif,2017,21184.9,20642.6,974.4
Karnataka,Kolar,Groundnut,Rabi,2017,21663.6,39315.1,1814.8
Karnataka,Kolar,Jowar,Kharif,2017,19904.8,26676.4,1340.2
Karnataka,Kolar,Jowar,Rabi,2017,17012.2,18558.6,1090.9
Karnataka,Kolar,Maize,Kharif,2017,21485.7,54296.5,2527.1
Karnataka,Kolar,Maize,Rabi,2017,15056.0,44901.5,2982.3
Karnataka,Kolar,Rice,Kharif,2017,22888.9,70587.1,3083.9
Karnataka,Kolar,Soyabean,Kharif,2017,12783.0,12376.5,968.2
Karnataka,Kolar,Sugarcane,Whole Year,2017,15898.0,1125184.1,70775.2
Karnataka,Kolar,Wheat,Rabi,2017,12545.1,49406.4,3938.3
Karnataka,Kolar,Bajra,Kharif,2018,26856.3,38364.2,1428.5
Karnataka,Kolar,Cotton,Kharif,2018,27392.9,18147.8,662.5
Karnataka,Kolar,Gram,Rabi,2018,24303.1,20385.4,838.8
Karnataka,Kolar,Groundnut,Kharif,2018,22138.5,35014.3,1581.6
Karnataka,Kolar,Groundnut,Rabi,2018,14721.0,18572.0,1261.6
Karnataka,Kolar,Jowar,Kharif,2018,27845.9,29229.8,1049.7
Karnataka,Kolar,Jowar,Rabi,2018,26960.5,36941.3,1370.2
Karnataka,Kolar,Maize,Kharif,2018,19265.9,65874.0,3419.2
Karnataka,Kolar,Maize,Rabi,2018,15102.7,41373.8,2739.5
Karnataka,Kolar,Rice,Kharif,2018,22827.1,44775.4,1961.5
Karnataka,Kolar,Soyabean,Kharif,2018,18951.2,18126.8,956.5
Karnataka,Kolar,Sugarcane,Whole Year,2018,21816.5,1363995.9,62521.3
Karnataka,Kolar,Wheat,Rabi,2018,19728.4,76646.8,3885.1
Karnataka,Kolar,Bajra,Kharif,2019,24419.7,24590.6,1007.0
Karnataka,Kolar,Cotton,Kharif,2019,22544.4,14340.5,636.1
Karnataka,Kolar,Gram,Rabi,2019,23730.6,26599.6,1120.9
Karnataka,Kolar,Groundnut,Kharif,2019,32736.0,53048.7,1620.5
Karnataka,Kolar,Groundnut,Rabi,2019,23957.3,30679.7,1280.6
Karnataka,Kolar,Jowar,Kharif,2019,25617.8,32690.9,1276.1
Karnataka,Kolar,Jowar,Rabi,2019,24840.0,33171.3,1335.4
Karnataka,Kolar,Maize,Kharif,2019,20335.0,64787.3,3186.0
Karnataka,Kolar,Maize,Rabi,2019,20641.3,48255.2,2337.8
Karnataka,Kolar,Rice,Kharif,2019,23565.7,49695.3,2108.8
Karnataka,Kolar,Soyabean,Kharif,2019,16724.7,14905.1,891.2
Karnataka,Kolar,Sugarcane,Whole Year,2019,21805.6,1493602.9,68496.3
Karnataka,Kolar,Wheat,Rabi,2019,18195.8,66625.7,3661.6
Karnataka,Kolar,Bajra,Kharif,2020,25044.7,36001.8,1437.5
Karnataka,Kolar,Cotton,Kharif,2020,21068.0,10578.2,502.1
Karnataka,Kolar,Gram,Rabi,2020,26124.2,22495.5,861.1
Karnataka,Kolar,Groundnut,Kharif,2020,32056.8,43981.9,1372.0
Karnataka,Kolar,Groundnut,Rabi,2020,21908.4,39579.7,1806.6
Karnataka,Kolar,Jowar,Kharif,2020,20905.2,24273.0,1161.1
Karnataka,Kolar,Jowar,Rabi,2020,26280.4,31423.5,1195.7
Karnataka,Kolar,Maize,Kharif,2020,31532.3,83589.0,2650.9
Karnataka,Kolar,Maize,Rabi,2020,13713.4,38714.3,2823.1
Karnataka,Kolar,Rice,Kharif,2020,29420.4,67187.4,2283.7
Karnataka,Kolar,Soyabean,Kharif,2020,24153.4,34452.4,1426.4
Karnataka,Kolar,Sugarcane,Whole Year,2020,20953.2,1141901.2,54497.7
Karnataka,Kolar,Wheat,Rabi,2020,19245.6,59630.6,3098.4
Karnataka,Kolar,Bajra,Kharif,2021,27300.1,37387.5,1369.5
Karnataka,Kolar,Cotton,Kharif,2021,25772.6,10520.4,408.2
Karnataka,Kolar,Gram,Rabi,2021,23417.2,24363.3,1040.4
Karnataka,Kolar,Groundnut,Kharif,2021,27277.7,33267.9,1219.6
Karnataka,Kolar,Groundnut,Rabi,2021,13059.2,17816.7,1364.3
Karnataka,Kolar,Jowar,Kharif,2021,31310.4,32994.9,1053.8
Karnataka,Kolar,Jowar,Rabi,2021,21066.9,18795.9,892.2
Karnataka,Kolar,Maize,Kharif,2021,18525.9,56718.9,3061.6
Karnataka,Kolar,Maize,Rabi,2021,18457.1,55627.9,3013.9
Karnataka,Kolar,Rice,Kharif,2021,20917.5,58437.2,2793.7
Karnataka,Kolar,Soyabean,Kharif,2021,14355.3,14323.7,997.8
Karnataka,Kolar,Sugarcane,Whole Year,2021,22832.1,1383360.4,60588.4
Karnataka,Kolar,Wheat,Rabi,2021,14474.6,52577.5,3632.4
Karnataka,Kolar,Bajra,Kharif,2022,31065.3,45237.3,1456.2
Karnataka,Kolar,Cotton,Kharif,2022,18778.8,9960.3,530.4
Karnataka,Kolar,Gram,Rabi,2022,18882.9,19219.0,1017.8
Karnataka,Kolar,Groundnut,Kharif,2022,25742.9,35695.1,1386.6
Karnataka,Kolar,Groundnut,Rabi,2022,16638.0,22288.3,1339.6
Karnataka,Kolar,Jowar,Kharif,2022,25052.1,33474.6,1336.2
Karnataka,Kolar,Jowar,Rabi,2022,23632.2,26484.6,1120.7
Karnataka,Kolar,Maize,Kharif,2022,31097.3,104608.2,3363.9
Karnataka,Kolar,Maize,Rabi,2022,14512.2,32842.6,2263.1
Karnataka,Kolar,Rice,Kharif,2022,26895.7,77811.9,2893.1
Karnataka,Kolar,Soyabean,Kharif,2022,25550.1,36580.1,1431.7
Karnataka,Kolar,Sugarcane,Whole Year,2022,25209.1,1711738.2,67901.6
Karnataka,Kolar,Wheat,Rabi,2022,12278.4,36770.1,2994.7
Karnataka,Kolar,Bajra,Kharif,2023,26631.6,43787.7,1644.2
Karnataka,Kolar,Cotton,Kharif,2023,20442.1,13174.9,644.5
Karnataka,Kolar,Gram,Rabi,2023,16717.1,21005.0,1256.5
Karnataka,Kolar,Groundnut,Kharif,2023,23594.3,27980.5,1185.9
Karnataka,Kolar,Groundnut,Rabi,2023,18657.2,37306.9,1999.6
Karnataka,Kolar,Jowar,Kharif,2023,18668.9,18967.6,1016.0
Karnataka,Kolar,Jowar,Rabi,2023,26135.4,30494.8,1166.8
Karnataka,Kolar,Maize,Kharif,2023,20788.2,54223.9,2608.4
Karnataka,Kolar,Maize,Rabi,2023,16626.6,60931.5,3664.7
Karnataka,Kolar,Rice,Kharif,2023,27143.2,68023.6,2506.1
Karnataka,Kolar,Soyabean,Kharif,2023,25837.2,30190.8,1168.5
Karnataka,Kolar,Sugarcane,Whole Year,2023,15990.0,957292.5,59868.2
Karnataka,Kolar,Wheat,Rabi,2023,16360.7,46644.4,2851.0
Karnataka,Mandya,Bajra,Kharif,2015,27288.3,23991.9,879.2
Karnataka,Mandya,Cotton,Kharif,2015,25143.3,13854.0,551.0
Karnataka,Mandya,Gram,Rabi,2015,27625.8,28344.1,1026.0
Karnataka,Mandya,Groundnut,Kharif,2015,19081.2,26022.9,1363.8
Karnataka,Mandya,Groundnut,Rabi,2015,22934.3,46953.4,2047.3
Karnataka,Mandya,Jowar,Kharif,2015,24024.8,23895.1,994.6
Karnataka,Mandya,Jowar,Rabi,2015,26786.5,26866.9,1003.0
Karnataka,Mandya,Maize,Kharif,2015,26616.0,68640.0,2578.9
Karnataka,Mandya,Maize,Rabi,2015,12493.0,34427.0,2755.7
Karnataka,Mandya,Rice,Kharif,2015,21182.7,57686.8,2723.3
Karnataka,Mandya,Soyabean,Kharif,2015,25283.1,26451.2,1046.2
Karnataka,Mandya,Sugarcane,Whole Year,2015,28794.9,1545157.4,53660.8
Karnataka,Mandya,Wheat,Rabi,2015,17381.2,47153.5,2712.9
Karnataka,Mandya,Bajra,Kharif,2016,18312.3,23663.2,1292.2
Karnataka,Mandya,Cotton,Kharif,2016,29406.0,14920.6,507.4
Karnataka,Mandya,Gram,Rabi,2016,21092.5,24412.5,1157.4
Karnataka,Mandya,Groundnut,Kharif,2016,28264.5,33188.2,1174.2
Karnataka,Mandya,Groundnut,Rabi,2016,17340.6,24016.7,1385.0
Karnataka,Mandya,Jowar,Kharif,2016,31524.3,27347.3,867.5
Karnataka,Mandya,Jowar,Rabi,2016,19833.9,17269.4,870.7
Karnataka,Mandya,Maize,Kharif,2016,21104.9,66685.2,3159.7
Karnataka,Mandya,Maize,Rabi,2016,14414.1,33557.5,2328.1
Karnataka,Mandya,Rice,Kharif,2016,23693.4,45301.8,1912.0
Karnataka,Mandya,Soyabean,Kharif,2016,13186.7,18206.9,1380.7
Karnataka,Mandya,Sugarcane,Whole Year,2016,28115.0,2233854.8,79454.2
Karnataka,Mandya,Wheat,Rabi,2016,20545.2,75875.5,3693.1
Karnataka,Mandya,Bajra,Kharif,2017,15421.9,24701.3,1601.7
Karnataka,Mandya,Cotton,Kharif,2017,22384.4,14229.8,635.7
Karnataka,Mandya,Gram,Rabi,2017,22655.4,28634.2,1263.9
Karnataka,Mandya,Groundnut,Kharif,2017,33745.3,32287.5,956.8
Karnataka,Mandya,Groundnut,Rabi,2017,12980.4,18338.7,1412.8
Karnataka,Mandya,Jowar,Kharif,2017,27370.4,37637.0,1375.1
Karnataka,Mandya,Jowar,Rabi,2017,20979.2,28019.8,1335.6
Karnataka,Mandya,Maize,Kharif,2017,20639.0,65997.3,3197.7
Karnataka,Mandya,Maize,Rabi,2017,23607.9,62084.1,2629.8
Karnataka,Mandya,Rice,Kharif,2017,23937.9,47954.8,2003.3
Karnataka,Mandya,Soyabean,Kharif,2017,19827.9,23628.9,1191.7
Karnataka,Mandya,Sugarcane,Whole Year,2017,17455.4,1139174.3,65262.0
Karnataka,Mandya,Wheat,Rabi,2017,15341.0,52694.8,3434.9
Karnataka,Mandya,Bajra,Kharif,2018,21569.9,26492.2,1228.2
Karnataka,Mandya,Cotton,Kharif,2018,24745.3,9937.7,401.6
Karnataka,Mandya,Gram,Rabi,2018,16942.1,21216.6,1252.3
Karnataka,Mandya,Groundnut,Kharif,2018,19323.9,28601.3,1480.1
Karnataka,Mandya,Groundnut,Rabi,2018,23960.5,34265.9,1430.1
Karnataka,Mandya,Jowar,Kharif,2018,23186.9,26924.6,1161.2
Karnataka,Mandya,Jowar,Rabi,2018,26462.2,42432.1,1603.5
Karnataka,Mandya,Maize,Kharif,2018,28353.9,59098.0,2084.3
Karnataka,Mandya,Maize,Rabi,2018,20029.8,57215.1,2856.5
Karnataka,Mandya,Rice,Kharif,2018,23648.4,46327.2,1959.0
Karnataka,Mandya,Soyabean,Kharif,2018,14674.9,20106.1,1370.1
Karnataka,Mandya,Sugarcane,Whole Year,2018,22717.3,1386888.9,61049.9
Karnataka,Mandya,Wheat,Rabi,2018,15840.2,62838.1,3967.0
Karnataka,Mandya,Bajra,Kharif,2019,29782.2,45796.1,1537.7
Karnataka,Mandya,Cotton,Kharif,2019,20973.7,8603.4,410.2
Karnataka,Mandya,Gram,Rabi,2019,17222.2,20067.3,1165.2
Karnataka,Mandya,Groundnut,Kharif,2019,21394.4,26283.0,1228.5
Karnataka,Mandya,Groundnut,Rabi,2019,18522.1,33647.2,1816.6
Karnataka,Mandya,Jowar,Kharif,2019,19585.2,20609.5,1052.3
Karnataka,Mandya,Jowar,Rabi,2019,21305.9,27329.1,1282.7
Karnataka,Mandya,Maize,Kharif,2019,29457.0,65279.7,2216.1
Karnataka,Mandya,Maize,Rabi,2019,21694.0,71776.8,3308.6
Karnataka,Mandya,Rice,Kharif,2019,24670.4,67582.1,2739.4
Karnataka,Mandya,Soyabean,Kharif,2019,17768.2,17160.5,965.8
Karnataka,Mandya,Sugarcane,Whole Year,2019,26318.0,1782786.6,67740.2
Karnataka,Mandya,Wheat,Rabi,2019,18393.7,57770.9,3140.8
Karnataka,Mandya,Bajra,Kharif,2020,20450.5,20665.2,1010.5
Karnataka,Mandya,Cotton,Kharif,2020,20872.4,10791.0,517.0
Karnataka,Mandya,Gram,Rabi,2020,19014.3,17734.6,932.7
Karnataka,Mandya,Groundnut,Kharif,2020,20294.6,23787.3,1172.1
Karnataka,Mandya,Groundnut,Rabi,2020,19439.7,30629.2,1575.6
Karnataka,Mandya,Jowar,Kharif,2020,22854.1,29255.5,1280.1
Karnataka,Mandya,Jowar,Rabi,2020,26615.6,38736.3,1455.4
Karnataka,Mandya,Maize,Kharif,2020,22648.0,70297.1,3103.9
Karnataka,Mandya,Maize,Rabi,2020,13823.8,33294.6,2408.5
Karnataka,Mandya,Rice,Kharif,2020,22147.5,63545.6,2869.2
Karnataka,Mandya,Soyabean,Kharif,2020,15448.9,14200.6,919.2
Karnataka,Mandya,Sugarcane,Whole Year,2020,17239.1,1340552.1,77762.3
Karnataka,Mandya,Wheat,Rabi,2020,18337.8,55106.9,3005.1
Karnataka,Mandya,Bajra,Kharif,2021,24551.9,37240.3,1516.8
Karnataka,Mandya,Cotton,Kharif,2021,25942.3,12958.2,499.5
Karnataka,Mandya,Gram,Rabi,2021,25706.3,23598.4,918.0
Karnataka,Mandya,Groundnut,Kharif,2021,27710.6,41815.3,1509.0
Karnataka,Mandya,Groundnut,Rabi,2021,16926.4,24668.5,1457.4
Karnataka,Mandya,Jowar,Kharif,2021,24430.8,32444.1,1328.0
Karnataka,Mandya,Jowar,Rabi,2021,27089.0,34839.2,1286.1
Karnataka,Mandya,Maize,Kharif,2021,27260.5,91325.4,3350.1
Karnataka,Mandya,Maize,Rabi,2021,13182.6,33896.4,2571.3
Karnataka,Mandya,Rice,Kharif,2021,26506.8,76564.9,2888.5
Karnataka,Mandya,Soyabean,Kharif,2021,23998.4,27295.8,1137.4
Karnataka,Mandya,Sugarcane,Whole Year,2021,16518.8,1075925.6,65133.4
Karnataka,Mandya,Wheat,Rabi,2021,14307.3,43864.8,3065.9
Karnataka,Mandya,Bajra,Kharif,2022,31044.2,26493.1,853.4
Karnataka,Mandya,Cotton,Kharif,2022,20857.5,13824.4,662.8
Karnataka,Mandya,Gram,Rabi,2022,18053.0,14704.2,814.5
Karnataka,Mandya,Groundnut,Kharif,2022,27693.2,44209.4,1596.4
Karnataka,Mandya,Groundnut,Rabi,2022,18202.4,37231.2,2045.4
Karnataka,Mandya,Jowar,Kharif,2022,27508.4,22821.0,829.6
Karnataka,Mandya,Jowar,Rabi,2022,27906.8,32826.8,1176.3
Karnataka,Mandya,Maize,Kharif,2022,22023.6,61989.8,2814.7
Karnataka,Mandya,Maize,Rabi,2022,15651.7,36598.4,2338.3
Karnataka,Mandya,Rice,Kharif,2022,18017.1,43952.7,2439.5
Karnataka,Mandya,Soyabean,Kharif,2022,23716.1,29284.6,1234.8
Karnataka,Mandya,Sugarcane,Whole Year,2022,31986.5,1938554.6,60605.4
Karnataka,Mandya,Wheat,Rabi,2022,14804.6,42276.0,2855.6
Karnataka,Mandya,Bajra,Kharif,2023,31817.8,28613.7,899.3
Karnataka,Mandya,Cotton,Kharif,2023,22260.2,11907.0,534.9
Karnataka,Mandya,Gram,Rabi,2023,22037.6,20497.2,930.1
Karnataka,Mandya,Groundnut,Kharif,2023,30397.1,48820.8,1606.1
Karnataka,Mandya,Groundnut,Rabi,2023,24203.4,45606.5,1884.3
Karnataka,Mandya,Jowar,Kharif,2023,29908.1,34361.4,1148.9
Karnataka,Mandya,Jowar,Rabi,2023,25736.5,28124.8,1092.8
Karnataka,Mandya,Maize,Kharif,2023,23578.7,57560.3,2441.2
Karnataka,Mandya,Maize,Rabi,2023,17608.6,46784.3,2656.9
Karnataka,Mandya,Rice,Kharif,2023,29539.3,67213.7,2275.4
Karnataka,Mandya,Soyabean,Kharif,2023,13372.6,16135.4,1206.6
Karnataka,Mandya,Sugarcane,Whole Year,2023,15970.7,883440.0,55316.3
Karnataka,Mandya,Wheat,Rabi,2023,14193.9,47450.2,3343.0
Karnataka,Ramanagara,Bajra,Kharif,2015,23197.8,30581.7,1318.3
Karnataka,Ramanagara,Cotton,Kharif,2015,29702.9,19912.8,670.4
Karnataka,Ramanagara,Gram,Rabi,2015,18583.2,22528.4,1212.3
Karnataka,Ramanagara,Groundnut,Kharif,2015,21353.1,23706.2,1110.2
Karnataka,Ramanagara,Groundnut,Rabi,2015,20789.2,32104.8,1544.3
Karnataka,Ramanagara,Jowar,Kharif,2015,31041.6,26062.5,839.6
Karnataka,Ramanagara,Jowar,Rabi,2015,21649.8,34310.6,1584.8
Karnataka,Ramanagara,Maize,Kharif,2015,30657.6,67219.9,2192.6
Karnataka,Ramanagara,Maize,Rabi,2015,16399.7,52324.9,3190.6
Karnataka,Ramanagara,Rice,Kharif,2015,19912.7,60964.7,3061.6
Karnataka,Ramanagara,Soyabean,Kharif,2015,24806.5,24397.2,983.5
Karnataka,Ramanagara,Sugarcane,Whole Year,2015,17059.6,930811.0,54562.3
Karnataka,Ramanagara,Wheat,Rabi,2015,21094.4,61380.5,2909.8
Karnataka,Ramanagara,Bajra,Kharif,2016,31282.0,28776.3,919.9
Karnataka,Ramanagara,Cotton,Kharif,2016,24388.3,11825.9,484.9
Karnataka,Ramanagara,Gram,Rabi,2016,20714.1,17656.7,852.4
Karnataka,Ramanagara,Groundnut,Kharif,2016,27827.2,46429.7,1668.5
Karnataka,Ramanagara,Groundnut,Rabi,2016,18539.9,23554.9,1270.5
Karnataka,Ramanagara,Jowar,Kharif,2016,26680.0,26890.8,1007.9
Karnataka,Ramanagara,Jowar,Rabi,2016,26127.0,31292.3,1197.7
Karnataka,Ramanagara,Maize,Kharif,2016,20699.8,46495.9,2246.2
Karnataka,Ramanagara,Maize,Rabi,2016,21225.2,55714.0,2624.9
Karnataka,Ramanagara,Rice,Kharif,2016,27206.8,58415.7,2147.1
Karnataka,Ramanagara,Soyabean,Kharif,2016,16503.6,19286.1,1168.6
Karnataka,Ramanagara,Sugarcane,Whole Year,2016,31034.3,2481251.3,79951.9
Karnataka,Ramanagara,Wheat,Rabi,2016,14068.7,44642.8,3173.2
Karnataka,Ramanagara,Bajra,Kharif,2017,19462.7,17460.0,897.1
Karnataka,Ramanagara,Cotton,Kharif,2017,20771.8,12972.0,624.5
Karnataka,Ramanagara,Gram,Rabi,2017,26217.9,26881.2,1025.3
Karnataka,Ramanagara,Groundnut,Kharif,2017,25073.2,42208.2,1683.4
Karnataka,Ramanagara,Groundnut,Rabi,2017,14607.3,20203.4,1383.1
Karnataka,Ramanagara,Jowar,Kharif,2017,22086.1,19782.5,895.7
Karnataka,Ramanagara,Jowar,Rabi,2017,19931.8,31466.3,1578.7
Karnataka,Ramanagara,Maize,Kharif,2017,26614.9,68892.7,2588.5
Karnataka,Ramanagara,Maize,Rabi,2017,23212.9,52867.4,2277.5
Karnataka,Ramanagara,Rice,Kharif,2017,20523.3,52931.6,2579.1
Karnataka,Ramanagara,Soyabean,Kharif,2017,20617.7,18648.7,904.5
Karnataka,Ramanagara,Sugarcane,Whole Year,2017,21851.7,1561841.5,71474.6
Karnataka,Ramanagara,Wheat,Rabi,2017,18980.7,68729.1,3621.0
Karnataka,Ramanagara,Bajra,Kharif,2018,17320.6,18287.1,1055.8
Karnataka,Ramanagara,Cotton,Kharif,2018,28589.9,11596.1,405.6
Karnataka,Ramanagara,Gram,Rabi,2018,25032.7,25535.9,1020.1
Karnataka,Ramanagara,Groundnut,Kharif,2018,25595.1,24451.0,955.3
Karnataka,Ramanagara,Groundnut,Rabi,2018,22652.2,34111.9,1505.9
Karnataka,Ramanagara,Jowar,Kharif,2018,25570.7,31549.1,1233.8
Karnataka,Ramanagara,Jowar,Rabi,2018,24134.2,38971.9,1614.8
Karnataka,Ramanagara,Maize,Kharif,2018,25438.8,65367.5,2569.6
Karnataka,Ramanagara,Maize,Rabi,2018,23444.4,75664.5,3227.4
Karnataka,Ramanagara,Rice,Kharif,2018,21577.8,44273.3,2051.8
Karnataka,Ramanagara,Soyabean,Kharif,2018,23795.8,26284.8,1104.6
Karnataka,Ramanagara,Sugarcane,Whole Year,2018,26228.0,1734313.4,66124.5
Karnataka,Ramanagara,Wheat,Rabi,2018,13989.3,49839.7,3562.7
Karnataka,Ramanagara,Bajra,Kharif,2019,17675.3,15518.9,878.0
Karnataka,Ramanagara,Cotton,Kharif,2019,29362.8,13724.2,467.4
Karnataka,Ramanagara,Gram,Rabi,2019,18879.4,15056.3,797.5
Karnataka,Ramanagara,Groundnut,Kharif,2019,33784.6,46784.9,1384.8
Karnataka,Ramanagara,Groundnut,Rabi,2019,20671.5,40822.1,1974.8
Karnataka,Ramanagara,Jowar,Kharif,2019,22838.7,27324.2,1196.4
Karnataka,Ramanagara,Jowar,Rabi,2019,15504.4,15495.1,999.4
Karnataka,Ramanagara,Maize,Kharif,2019,29637.4,93017.0,3138.5
Karnataka,Ramanagara,Maize,Rabi,2019,16207.7,45428.6,2802.9
Karnataka,Ramanagara,Rice,Kharif,2019,24402.7,46372.5,1900.3
Karnataka,Ramanagara,Soyabean,Kharif,2019,15377.4,15517.3,1009.1
Karnataka,Ramanagara,Sugarcane,Whole Year,2019,19258.2,1467035.8,76177.2
Karnataka,Ramanagara,Wheat,Rabi,2019,14796.7,43005.1,2906.4
Karnataka,Ramanagara,Bajra,Kharif,2020,26334.1,29122.9,1105.9
Karnataka,Ramanagara,Cotton,Kharif,2020,25029.3,14124.0,564.3
Karnataka,Ramanagara,Gram,Rabi,2020,21348.8,26186.4,1226.6
Karnataka,Ramanagara,Groundnut,Kharif,2020,22504.4,28951.9,1286.5
Karnataka,Ramanagara,Groundnut,Rabi,2020,18990.0,33500.3,1764.1
Karnataka,Ramanagara,Jowar,Kharif,2020,28975.6,30265.0,1044.5
Karnataka,Ramanagara,Jowar,Rabi,2020,23398.6,22708.3,970.5
Karnataka,Ramanagara,Maize,Kharif,2020,31057.1,78999.9,2543.7
Karnataka,Ramanagara,Maize,Rabi,2020,20754.3,46334.0,2232.5
Karnataka,Ramanagara,Rice,Kharif,2020,20462.2,50838.3,2484.5
Karnataka,Ramanagara,Soyabean,Kharif,2020,24295.5,29322.2,1206.9
Karnataka,Ramanagara,Sugarcane,Whole Year,2020,30807.8,2049146.9,66513.9
Karnataka,Ramanagara,Wheat,Rabi,2020,16904.5,47190.6,2791.6
Karnataka,Ramanagara,Bajra,Kharif,2021,25593.9,23469.6,917.0
Karnataka,Ramanagara,Cotton,Kharif,2021,24044.3,10846.4,451.1
Karnataka,Ramanagara,Gram,Rabi,2021,22887.7,25480.9,1113.3
Karnataka,Ramanagara,Groundnut,Kharif,2021,27464.1,41297.8,1503.7
Karnataka,Ramanagara,Groundnut,Rabi,2021,16362.9,30276.3,1850.3
Karnataka,Ramanagara,Jowar,Kharif,2021,24058.7,26570.4,1104.4
Karnataka,Ramanagara,Jowar,Rabi,2021,23425.3,20255.9,864.7
Karnataka,Ramanagara,Maize,Kharif,2021,27155.9,78991.1,2908.8
Karnataka,Ramanagara,Maize,Rabi,2021,15718.2,36738.1,2337.3
Karnataka,Ramanagara,Rice,Kharif,2021,19091.2,57424.4,3007.9
Karnataka,Ramanagara,Soyabean,Kharif,2021,21649.9,20757.9,958.8
Karnataka,Ramanagara,Sugarcane,Whole Year,2021,21064.3,1469751.0,69774.5
Karnataka,Ramanagara,Wheat,Rabi,2021,20355.7,54347.7,2669.9
Karnataka,Ramanagara,Bajra,Kharif,2022,23791.0,39666.7,1667.3
Karnataka,Ramanagara,Cotton,Kharif,2022,27652.5,11569.8,418.4
Karnataka,Ramanagara,Gram,Rabi,2022,24310.9,26158.5,1076.0
Karnataka,Ramanagara,Groundnut,Kharif,2022,33426.9,34827.5,1041.9
Karnataka,Ramanagara,Groundnut,Rabi,2022,18942.5,36890.5,1947.5
Karnataka,Ramanagara,Jowar,Kharif,2022,23740.3,26183.2,1102.9
Karnataka,Ramanagara,Jowar,Rabi,2022,15916.0,17069.9,1072.5
Karnataka,Ramanagara,Maize,Kharif,2022,22543.1,76982.4,3414.9
Karnataka,Ramanagara,Maize,Rabi,2022,15392.0,45212.5,2937.4
Karnataka,Ramanagara,Rice,Kharif,2022,26055.7,54576.3,2094.6
Karnataka,Ramanagara,Soyabean,Kharif,2022,18810.2,25166.2,1337.9
Karnataka,Ramanagara,Sugarcane,Whole Year,2022,29736.5,2104981.4,70787.8
Karnataka,Ramanagara,Wheat,Rabi,2022,18690.5,52372.7,2802.1
Karnataka,Ramanagara,Bajra,Kharif,2023,23811.5,30135.8,1265.6
Karnataka,Ramanagara,Cotton,Kharif,2023,21773.2,12251.8,562.7
Karnataka,Ramanagara,Gram,Rabi,2023,24758.7,24367.5,984.2
Karnataka,Ramanagara,Groundnut,Kharif,2023,28696.7,42313.3,1474.5
Karnataka,Ramanagara,Groundnut,Rabi,2023,21244.6,26432.5,1244.2
Karnataka,Ramanagara,Jowar,Kharif,2023,30036.5,32649.7,1087.0
Karnataka,Ramanagara,Jowar,Rabi,2023,18411.4,19210.5,1043.4
Karnataka,Ramanagara,Maize,Kharif,2023,24762.2,82324.4,3324.6
Karnataka,Ramanagara,Maize,Rabi,2023,16540.2,56230.1,3399.6
Karnataka,Ramanagara,Rice,Kharif,2023,19161.8,47354.6,2471.3
Karnataka,Ramanagara,Soyabean,Kharif,2023,25883.6,35142.2,1357.7
Karnataka,Ramanagara,Sugarcane,Whole Year,2023,18579.0,1245595.6,67043.2
Karnataka,Ramanagara,Wheat,Rabi,2023,14336.2,46668.6,3255.3
Karnataka,Tumakuru,Bajra,Kharif,2015,30851.5,52527.8,1702.6
Karnataka,Tumakuru,Cotton,Kharif,2015,22428.2,9821.3,437.9
Karnataka,Tumakuru,Gram,Rabi,2015,22220.8,18092.2,814.2
Karnataka,Tumakuru,Groundnut,Kharif,2015,33877.8,36848.9,1087.7
Karnataka,Tumakuru,Groundnut,Rabi,2015,15286.0,23626.0,1545.6
Karnataka,Tumakuru,Jowar,Kharif,2015,23364.3,30663.3,1312.4
Karnataka,Tumakuru,Jowar,Rabi,2015,20932.1,20651.6,986.6
Karnataka,Tumakuru,Maize,Kharif,2015,21740.9,59550.5,2739.1
Karnataka,Tumakuru,Maize,Rabi,2015,13769.4,43767.4,3178.6
Karnataka,Tumakuru,Rice,Kharif,2015,24789.0,68358.1,2757.6
Karnataka,Tumakuru,Soyabean,Kharif,2015,25127.9,36324.9,1445.6
Karnataka,Tumakuru,Sugarcane,Whole Year,2015,31083.3,1844529.6,59341.5
Karnataka,Tumakuru,Wheat,Rabi,2015,13315.7,41060.3,3083.6
Karnataka,Tumakuru,Bajra,Kharif,2016,28930.3,48168.9,1665.0
Karnataka,Tumakuru,Cotton,Kharif,2016,19437.1,10669.0,548.9
Karnataka,Tumakuru,Gram,Rabi,2016,19414.1,15080.9,776.8
Karnataka,Tumakuru,Groundnut,Kharif,2016,29365.3,46899.3,1597.1
Karnataka,Tumakuru,Groundnut,Rabi,2016,14117.7,26690.9,1890.6
Karnataka,Tumakuru,Jowar,Kharif,2016,29947.5,41704.9,1392.6
Karnataka,Tumakuru,Jowar,Rabi,2016,18448.7,29023.5,1573.2
Karnataka,Tumakuru,Maize,Kharif,2016,22489.3,63107.2,2806.1
Karnataka,Tumakuru,Maize,Rabi,2016,12606.1,28618.4,2270.2
Karnataka,Tumakuru,Rice,Kharif,2016,26644.5,64836.7,2433.4
Karnataka,Tumakuru,Soyabean,Kharif,2016,15588.1,15558.5,998.1
Karnataka,Tumakuru,Sugarcane,Whole Year,2016,26389.2,1372555.1,52012.0
Karnataka,Tumakuru,Wheat,Rabi,2016,20058.9,54696.6,2726.8
Karnataka,Tumakuru,Bajra,Kharif,2017,17388.5,24523.0,1410.3
Karnataka,Tumakuru,Cotton,Kharif,2017,20493.9,11089.2,541.1
Karnataka,Tumakuru,Gram,Rabi,2017,22538.6,20546.2,911.6
Karnataka,Tumakuru,Groundnut,Kharif,2017,34123.2,53976.1,1581.8
Karnataka,Tumakuru,Groundnut,Rabi,2017,21390.9,27087.3,1266.3
Karnataka,Tumakuru,Jowar,Kharif,2017,19485.8,21633.1,1110.2
Karnataka,Tumakuru,Jowar,Rabi,2017,17089.3,27900.0,1632.6
Karnataka,Tumakuru,Maize,Kharif,2017,20219.3,54705.3,2705.6
Karnataka,Tumakuru,Maize,Rabi,2017,16369.5,52758.9,3223.0
Karnataka,Tumakuru,Rice,Kharif,2017,19548.4,47236.8,2416.4
Karnataka,Tumakuru,Soyabean,Kharif,2017,15845.9,22666.0,1430.4
Karnataka,Tumakuru,Sugarcane,Whole Year,2017,15690.0,1245971.1,79411.8
Karnataka,Tumakuru,Wheat,Rabi,2017,20329.9,62536.8,3076.1
Karnataka,Tumakuru,Bajra,Kharif,2018,16156.2,16550.4,1024.4
Karnataka,Tumakuru,Cotton,Kharif,2018,20574.8,12482.7,606.7
Karnataka,Tumakuru,Gram,Rabi,2018,18269.7,19674.6,1076.9
Karnataka,Tumakuru,Groundnut,Kharif,2018,21659.1,34572.3,1596.2
Karnataka,Tumakuru,Groundnut,Rabi,2018,24248.4,39784.3,1640.7
Karnataka,Tumakuru,Jowar,Kharif,2018,22932.3,21483.0,936.8
Karnataka,Tumakuru,Jowar,Rabi,2018,15647.2,16661.1,1064.8
Karnataka,Tumakuru,Maize,Kharif,2018,27159.3,75424.1,2777.1
Karnataka,Tumakuru,Maize,Rabi,2018,23328.5,66113.0,2834.0
Karnataka,Tumakuru,Rice,Kharif,2018,26326.4,65479.0,2487.2
Karnataka,Tumakuru,Soyabean,Kharif,2018,19176.1,20058.2,1046.0
Karnataka,Tumakuru,Sugarcane,Whole Year,2018,22734.2,1503264.9,66123.5
Karnataka,Tumakuru,Wheat,Rabi,2018,19066.4,78267.6,4105.0
Karnataka,Tumakuru,Bajra,Kharif,2019,23385.2,32065.8,1371.2
Karnataka,Tumakuru,Cotton,Kharif,2019,20268.9,13221.4,652.3
Karnataka,Tumakuru,Gram,Rabi,2019,24090.2,26764.2,1111.0
Karnataka,Tumakuru,Groundnut,Kharif,2019,19691.4,27629.0,1403.1
Karnataka,Tumakuru,Groundnut,Rabi,2019,13572.5,17195.0,1266.9
Karnataka,Tumakuru,Jowar,Kharif,2019,25382.4,26649.0,1049.9
Karnataka,Tumakuru,Jowar,Rabi,2019,22654.5,20873.9,921.4
Karnataka,Tumakuru,Maize,Kharif,2019,24033.8,53376.7,2220.9
Karnataka,Tumakuru,Maize,Rabi,2019,23845.2,73867.7,3097.8
Karnataka,Tumakuru,Rice,Kharif,2019,26249.2,60123.8,2290.5
Karnataka,Tumakuru,Soyabean,Kharif,2019,13326.3,19789.6,1485.0
Karnataka,Tumakuru,Sugarcane,Whole Year,2019,19866.4,1285638.2,64714.2
Karnataka,Tumakuru,Wheat,Rabi,2019,18498.6,48827.1,2639.5
Karnataka,Tumakuru,Bajra,Kharif,2020,17987.2,24955.4,1387.4
Karnataka,Tumakuru,Cotton,Kharif,2020,23090.2,12124.7,525.1
Karnataka,Tumakuru,Gram,Rabi,2020,19049.8,23246.5,1220.3
Karnataka,Tumakuru,Groundnut,Kharif,2020,26249.3,35636.0,1357.6
Karnataka,Tumakuru,Groundnut,Rabi,2020,15961.9,21620.4,1354.5
Karnataka,Tumakuru,Jowar,Kharif,2020,19202.7,24166.6,1258.5
Karnataka,Tumakuru,Jowar,Rabi,2020,17551.0,24608.3,1402.1
Karnataka,Tumakuru,Maize,Kharif,2020,23465.3,60880.7,2594.5
Karnataka,Tumakuru,Maize,Rabi,2020,17630.1,49158.0,2788.3
Karnataka,Tumakuru,Rice,Kharif,2020,19207.4,43631.5,2271.6
Karnataka,Tumakuru,Soyabean,Kharif,2020,21292.3,27526.7,1292.8
Karnataka,Tumakuru,Sugarcane,Whole Year,2020,19865.8,1307231.2,65803.1
Karnataka,Tumakuru,Wheat,Rabi,2020,13934.5,40920.1,2936.6
Karnataka,Tumakuru,Bajra,Kharif,2021,24119.0,29989.6,1243.4
Karnataka,Tumakuru,Cotton,Kharif,2021,21214.5,12073.2,569.1
Karnataka,Tumakuru,Gram,Rabi,2021,26456.0,34906.0,1319.4
Karnataka,Tumakuru,Groundnut,Kharif,2021,28332.0,35514.2,1253.5
Karnataka,Tumakuru,Groundnut,Rabi,2021,14927.7,21174.9,1418.5
Karnataka,Tumakuru,Jowar,Kharif,2021,24712.4,25357.4,1026.1
Karnataka,Tumakuru,Jowar,Rabi,2021,26879.6,30766.4,1144.6
Karnataka,Tumakuru,Maize,Kharif,2021,23228.2,59104.2,2544.5
Karnataka,Tumakuru,Maize,Rabi,2021,22039.4,71436.3,3241.3
Karnataka,Tumakuru,Rice,Kharif,2021,25370.0,58376.4,2301.0
Karnataka,Tumakuru,Soyabean,Kharif,2021,23450.7,21194.7,903.8
Karnataka,Tumakuru,Sugarcane,Whole Year,2021,29803.6,2008241.1,67382.5
Karnataka,Tumakuru,Wheat,Rabi,2021,15982.5,54268.6,3395.5
Karnataka,Tumakuru,Bajra,Kharif,2022,20726.4,28239.7,1362.5
Karnataka,Tumakuru,Cotton,Kharif,2022,28333.4,11953.9,421.9
Karnataka,Tumakuru,Gram,Rabi,2022,16870.9,20830.5,1234.7
Karnataka,Tumakuru,Groundnut,Kharif,2022,21618.5,31381.4,1451.6
Karnataka,Tumakuru,Groundnut,Rabi,2022,19057.4,36361.5,1908.0
Karnataka,Tumakuru,Jowar,Kharif,2022,19751.2,17124.3,867.0
Karnataka,Tumakuru,Jowar,Rabi,2022,22238.6,35739.7,1607.1
Karnataka,Tumakuru,Maize,Kharif,2022,23810.0,58496.4,2456.8
Karnataka,Tumakuru,Maize,Rabi,2022,19280.3,71119.2,3688.7
Karnataka,Tumakuru,Rice,Kharif,2022,28043.1,86782.2,3094.6
Karnataka,Tumakuru,Soyabean,Kharif,2022,12316.0,11700.2,950.0
Karnataka,Tumakuru,Sugarcane,Whole Year,2022,25361.0,1943091.3,76617.3
Karnataka,Tumakuru,Wheat,Rabi,2022,14852.4,44300.3,2982.7
Karnataka,Tumakuru,Bajra,Kharif,2023,29287.5,43380.6,1481.2
Karnataka,Tumakuru,Cotton,Kharif,2023,27468.5,13687.6,498.3
Karnataka,Tumakuru,Gram,Rabi,2023,20855.8,20321.9,974.4
Karnataka,Tumakuru,Groundnut,Kharif,2023,21261.8,21174.6,995.9
Karnataka,Tumakuru,Groundnut,Rabi,2023,19681.9,40166.8,2040.8
Karnataka,Tumakuru,Jowar,Kharif,2023,20335.6,16498.3,811.3
Karnataka,Tumakuru,Jowar,Rabi,2023,25133.9,26443.4,1052.1
Karnataka,Tumakuru,Maize,Kharif,2023,29615.0,90062.2,3041.1
Karnataka,Tumakuru,Maize,Rabi,2023,23348.1,66642.5,2854.3
Karnataka,Tumakuru,Rice,Kharif,2023,25943.6,63764.2,2457.8
Karnataka,Tumakuru,Soyabean,Kharif,2023,20828.2,24135.7,1158.8
Karnataka,Tumakuru,Sugarcane,Whole Year,2023,18206.7,1224162.1,67236.9
Karnataka,Tumakuru,Wheat,Rabi,2023,17285.8,67362.8,3897.0
Karnataka,Chikkamagaluru,Bajra,Kharif,2015,24873.5,37133.6,1492.9
Karnataka,Chikkamagaluru,Cotton,Kharif,2015,28999.7,17327.3,597.5
Karnataka,Chikkamagaluru,Gram,Rabi,2015,24061.4,23455.1,974.8
Karnataka,Chikkamagaluru,Groundnut,Kharif,2015,18021.8,18744.5,1040.1
Karnataka,Chikkamagaluru,Groundnut,Rabi,2015,18949.2,33614.0,1773.9
Karnataka,Chikkamagaluru,Jowar,Kharif,2015,23844.3,30272.7,1269.6
Karnataka,Chikkamagaluru,Jowar,Rabi,2015,21784.2,19808.4,909.3
Karnataka,Chikkamagaluru,Maize,Kharif,2015,20688.2,67278.0,3252.0
Karnataka,Chikkamagaluru,Maize,Rabi,2015,20699.0,75170.5,3631.6
Karnataka,Chikkamagaluru,Rice,Kharif,2015,19410.7,59946.1,3088.3
Karnataka,Chikkamagaluru,Soyabean,Kharif,2015,14931.7,13248.9,887.3
Karnataka,Chikkamagaluru,Sugarcane,Whole Year,2015,31956.2,1931183.5,60432.2
Karnataka,Chikkamagaluru,Wheat,Rabi,2015,18680.2,53849.4,2882.7
Karnataka,Chikkamagaluru,Bajra,Kharif,2016,31510.7,39205.6,1244.2
Karnataka,Chikkamagaluru,Cotton,Kharif,2016,28332.4,15820.8,558.4
Karnataka,Chikkamagaluru,Gram,Rabi,2016,17886.8,20457.1,1143.7
Karnataka,Chikkamagaluru,Groundnut,Kharif,2016,26728.4,38435.4,1438.0
Karnataka,Chikkamagaluru,Groundnut,Rabi,2016,23565.9,37102.2,1574.4
Karnataka,Chikkamagaluru,Jowar,Kharif,2016,30616.5,39277.9,1282.9
Karnataka,Chikkamagaluru,Jowar,Rabi,2016,21351.9,28453.5,1332.6
Karnataka,Chikkamagaluru,Maize,Kharif,2016,22558.1,78380.4,3474.6
Karnataka,Chikkamagaluru,Maize,Rabi,2016,20008.2,45422.6,2270.2
Karnataka,Chikkamagaluru,Rice,Kharif,2016,21919.5,58042.8,2648.0
Karnataka,Chikkamagaluru,Soyabean,Kharif,2016,12788.7,11443.3,894.8
Karnataka,Chikkamagaluru,Sugarcane,Whole Year,2016,22650.4,1403887.6,61980.7
Karnataka,Chikkamagaluru,Wheat,Rabi,2016,16383.0,49481.6,3020.3
Karnataka,Chikkamagaluru,Bajra,Kharif,2017,15652.1,22058.5,1409.3
Karnataka,Chikkamagaluru,Cotton,Kharif,2017,27334.5,14763.4,540.1
Karnataka,Chikkamagaluru,Gram,Rabi,2017,20290.2,18425.5,908.1
Karnataka,Chikkamagaluru,Groundnut,Kharif,2017,28927.6,42512.0,1469.6
Karnataka,Chikkamagaluru,Groundnut,Rabi,2017,23322.6,34774.0,1491.0
Karnataka,Chikkamagaluru,Jowar,Kharif,2017,28776.8,33268.9,1156.1
Karnataka,Chikkamagaluru,Jowar,Rabi,2017,26476.9,33683.9,1272.2
Karnataka,Chikkamagaluru,Maize,Kharif,2017,25246.8,71844.8,2845.7
Karnataka,Chikkamagaluru,Maize,Rabi,2017,20991.8,78582.8,3743.5
Karnataka,Chikkamagaluru,Rice,Kharif,2017,18882.8,37087.7,1964.1
Karnataka,Chikkamagaluru,Soyabean,Kharif,2017,25125.7,30364.4,1208.5
Karnataka,Chikkamagaluru,Sugarcane,Whole Year,2017,25453.4,1691956.2,66472.7
Karnataka,Chikkamagaluru,Wheat,Rabi,2017,12936.6,49532.9,3828.9
Karnataka,Chikkamagaluru,Bajra,Kharif,2018,25960.2,30368.2,1169.8
Karnataka,Chikkamagaluru,Cotton,Kharif,2018,18589.9,7597.7,408.7
Karnataka,Chikkamagaluru,Gram,Rabi,2018,22650.2,26826.9,1184.4
Karnataka,Chikkamagaluru,Groundnut,Kharif,2018,27135.4,42890.2,1580.6
Karnataka,Chikkamagaluru,Groundnut,Rabi,2018,12434.5,18797.2,1511.7
Karnataka,Chikkamagaluru,Jowar,Kharif,2018,21319.0,23018.1,1079.7
Karnataka,Chikkamagaluru,Jowar,Rabi,2018,15940.9,25717.5,1613.3
Karnataka,Chikkamagaluru,Maize,Kharif,2018,21125.6,71396.1,3379.6
Karnataka,Chikkamagaluru,Maize,Rabi,2018,17110.7,64623.7,3776.8
Karnataka,Chikkamagaluru,Rice,Kharif,2018,24648.7,74365.1,3017.0
Karnataka,Chikkamagaluru,Soyabean,Kharif,2018,12074.9,16227.5,1343.9
Karnataka,Chikkamagaluru,Sugarcane,Whole Year,2018,30351.9,1705521.8,56191.6
Karnataka,Chikkamagaluru,Wheat,Rabi,2018,12961.3,42504.0,3279.3
Karnataka,Chikkamagaluru,Bajra,Kharif,2019,22877.6,31788.4,1389.5
Karnataka,Chikkamagaluru,Cotton,Kharif,2019,20055.3,12187.6,607.7
Karnataka,Chikkamagaluru,Gram,Rabi,2019,19631.7,22136.7,1127.6
Karnataka,Chikkamagaluru,Groundnut,Kharif,2019,20690.8,30334.8,1466.1
Karnataka,Chikkamagaluru,Groundnut,Rabi,2019,13666.4,21341.5,1561.6
Karnataka,Chikkamagaluru,Jowar,Kharif,2019,21460.9,27500.0,1281.4
Karnataka,Chikkamagaluru,Jowar,Rabi,2019,18406.5,28629.5,1555.4
Karnataka,Chikkamagaluru,Maize,Kharif,2019,30485.5,68729.6,2254.5
Karnataka,Chikkamagaluru,Maize,Rabi,2019,19366.2,45322.7,2340.3
Karnataka,Chikkamagaluru,Rice,Kharif,2019,22698.4,62556.8,2756.0
Karnataka,Chikkamagaluru,Soyabean,Kharif,2019,21231.9,26907.2,1267.3
Karnataka,Chikkamagaluru,Sugarcane,Whole Year,2019,19803.2,1254348.6,63340.7
Karnataka,Chikkamagaluru,Wheat,Rabi,2019,13029.5,48865.8,3750.4
Karnataka,Chikkamagaluru,Bajra,Kharif,2020,20812.9,35003.1,1681.8
Karnataka,Chikkamagaluru,Cotton,Kharif,2020,18292.7,10295.1,562.8
Karnataka,Chikkamagaluru,Gram,Rabi,2020,22587.2,19763.8,875.0
Karnataka,Chikkamagaluru,Groundnut,Kharif,2020,25291.1,36399.0,1439.2
Karnataka,Chikkamagaluru,Groundnut,Rabi,2020,21452.7,25756.1,1200.6
Karnataka,Chikkamagaluru,Jowar,Kharif,2020,31115.9,27699.4,890.2
Karnataka,Chikkamagaluru,Jowar,Rabi,2020,18036.5,19133.1,1060.8
Karnataka,Chikkamagaluru,Maize,Kharif,2020,18529.5,39666.1,2140.7
Karnataka,Chikkamagaluru,Maize,Rabi,2020,23836.2,64460.2,2704.3
Karnataka,Chikkamagaluru,Rice,Kharif,2020,19383.6,39317.7,2028.4
Karnataka,Chikkamagaluru,Soyabean,Kharif,2020,22072.4,31117.7,1409.8
Karnataka,Chikkamagaluru,Sugarcane,Whole Year,2020,19368.2,1019296.1,52627.3
Karnataka,Chikkamagaluru,Wheat,Rabi,2020,14230.9,38286.8,2690.4
Karnataka,Chikkamagaluru,Bajra,Kharif,2021,24531.8,22952.0,935.6
Karnataka,Chikkamagaluru,Cotton,Kharif,2021,20405.6,10525.2,515.8
Karnataka,Chikkamagaluru,Gram,Rabi,2021,18474.4,23085.6,1249.6
Karnataka,Chikkamagaluru,Groundnut,Kharif,2021,20690.9,26726.4,1291.7
Karnataka,Chikkamagaluru,Groundnut,Rabi,2021,19874.1,35536.9,1788.1
Karnataka,Chikkamagaluru,Jowar,Kharif,2021,23363.0,31827.4,1362.3
Karnataka,Chikkamagaluru,Jowar,Rabi,2021,22388.1,26901.5,1201.6
Karnataka,Chikkamagaluru,Maize,Kharif,2021,18941.4,50579.2,2670.3
Karnataka,Chikkamagaluru,Maize,Rabi,2021,21848.8,69551.3,3183.3
Karnataka,Chikkamagaluru,Rice,Kharif,2021,27985.9,69763.3,2492.8
Karnataka,Chikkamagaluru,Soyabean,Kharif,2021,13658.5,12135.6,888.5
Karnataka,Chikkamagaluru,Sugarcane,Whole Year,2021,20154.7,1470077.8,72939.7
Karnataka,Chikkamagaluru,Wheat,Rabi,2021,19902.6,61164.7,3073.2
Karnataka,Chikkamagaluru,Bajra,Kharif,2022,29266.5,25719.4,878.8
Karnataka,Chikkamagaluru,Cotton,Kharif,2022,29282.2,19027.6,649.8
Karnataka,Chikkamagaluru,Gram,Rabi,2022,22426.3,23767.4,1059.8
Karnataka,Chikkamagaluru,Groundnut,Kharif,2022,29114.2,36110.3,1240.3
Karnataka,Chikkamagaluru,Groundnut,Rabi,2022,20413.9,25274.4,1238.1
Karnataka,Chikkamagaluru,Jowar,Kharif,2022,18756.7,20375.4,1086.3
Karnataka,Chikkamagaluru,Jowar,Rabi,2022,22145.1,34553.0,1560.3
Karnataka,Chikkamagaluru,Maize,Kharif,2022,19465.2,62777.2,3225.1
Karnataka,Chikkamagaluru,Maize,Rabi,2022,14520.6,41100.6,2830.5
Karnataka,Chikkamagaluru,Rice,Kharif,2022,21799.2,51886.5,2380.2
Karnataka,Chikkamagaluru,Soyabean,Kharif,2022,14106.9,16818.2,1192.2
Karnataka,Chikkamagaluru,Sugarcane,Whole Year,2022,28627.9,1867856.0,65246.0
Karnataka,Chikkamagaluru,Wheat,Rabi,2022,16906.1,66914.3,3958.0
Karnataka,Chikkamagaluru,Bajra,Kharif,2023,24137.4,21588.5,894.4
Karnataka,Chikkamagaluru,Cotton,Kharif,2023,18028.2,8446.2,468.5
Karnataka,Chikkamagaluru,Gram,Rabi,2023,24167.0,19795.2,819.1
Karnataka,Chikkamagaluru,Groundnut,Kharif,2023,19934.0,25081.0,1258.2
Karnataka,Chikkamagaluru,Groundnut,Rabi,2023,20421.9,36867.7,1805.3
Karnataka,Chikkamagaluru,Jowar,Kharif,2023,20498.3,17081.2,833.3
Karnataka,Chikkamagaluru,Jowar,Rabi,2023,27225.2,28817.9,1058.5
Karnataka,Chikkamagaluru,Maize,Kharif,2023,29946.9,98477.4,3288.4
Karnataka,Chikkamagaluru,Maize,Rabi,2023,21270.3,52539.8,2470.1
Karnataka,Chikkamagaluru,Rice,Kharif,2023,27861.6,78656.1,2823.1
Karnataka,Chikkamagaluru,Soyabean,Kharif,2023,20354.1,22167.7,1089.1
Karnataka,Chikkamagaluru,Sugarcane,Whole Year,2023,19462.6,1083224.1,55656.7
Karnataka,Chikkamagaluru,Wheat,Rabi,2023,17097.6,60464.0,3536.4
Karnataka,Dakshina Kannada,Bajra,Kharif,2015,30194.2,40061.7,1326.8
Karnataka,Dakshina Kannada,Cotton,Kharif,2015,26032.2,16473.2,632.8
Karnataka,Dakshina Kannada,Gram,Rabi,2015,17803.7,13744.5,772.0
Karnataka,Dakshina Kannada,Groundnut,Kharif,2015,32941.0,39074.6,1186.2
Karnataka,Dakshina Kannada,Groundnut,Rabi,2015,13676.7,21858.1,1598.2
Karnataka,Dakshina Kannada,Jowar,Kharif,2015,26376.3,21122.1,800.8
Karnataka,Dakshina Kannada,Jowar,Rabi,2015,18573.6,16274.2,876.2
Karnataka,Dakshina Kannada,Maize,Kharif,2015,23884.7,79712.8,3337.4
Karnataka,Dakshina Kannada,Maize,Rabi,2015,23791.8,76592.9,3219.3
Karnataka,Dakshina Kannada,Rice,Kharif,2015,19939.7,59559.9,2987.0
Karnataka,Dakshina Kannada,Soyabean,Kharif,2015,19227.5,18752.6,975.3
Karnataka,Dakshina Kannada,Sugarcane,Whole Year,2015,30669.4,2291743.3,74724.1
Karnataka,Dakshina Kannada,Wheat,Rabi,2015,19317.1,72143.6,3734.7
Karnataka,Dakshina Kannada,Bajra,Kharif,2016,18561.8,23384.2,1259.8
Karnataka,Dakshina Kannada,Cotton,Kharif,2016,28901.3,12407.3,429.3
Karnataka,Dakshina Kannada,Gram,Rabi,2016,24643.2,28137.6,1141.8
Karnataka,Dakshina Kannada,Groundnut,Kharif,2016,19627.8,32226.9,1641.9
Karnataka,Dakshina Kannada,Groundnut,Rabi,2016,19390.1,29263.5,1509.2
Karnataka,Dakshina Kannada,Jowar,Kharif,2016,28591.5,27230.5,952.4
Karnataka,Dakshina Kannada,Jowar,Rabi,2016,24015.6,21177.0,881.8
Karnataka,Dakshina Kannada,Maize,Kharif,2016,29751.7,78684.3,2644.7
Karnataka,Dakshina Kannada,Maize,Rabi,2016,19640.3,50161.3,2554.0
Karnataka,Dakshina Kannada,Rice,Kharif,2016,26124.9,73847.3,2826.7
Karnataka,Dakshina Kannada,Soyabean,Kharif,2016,18625.0,23523.4,1263.0
Karnataka,Dakshina Kannada,Sugarcane,Whole Year,2016,22757.5,1793807.6,78822.7
Karnataka,Dakshina Kannada,Wheat,Rabi,2016,16978.7,67013.2,3946.9
Karnataka,Dakshina Kannada,Bajra,Kharif,2017,20890.0,36049.9,1725.7
Karnataka,Dakshina Kannada,Cotton,Kharif,2017,29756.8,14137.5,475.1
Karnataka,Dakshina Kannada,Gram,Rabi,2017,16491.7,18996.8,1151.9
Karnataka,Dakshina Kannada,Groundnut,Kharif,2017,25666.8,26323.9,1025.6
Karnataka,Dakshina Kannada,Groundnut,Rabi,2017,21197.8,25999.1,1226.5
Karnataka,Dakshina Kannada,Jowar,Kharif,2017,30182.8,26346.6,872.9
Karnataka,Dakshina Kannada,Jowar,Rabi,2017,16655.1,16496.9,990.5
Karnataka,Dakshina Kannada,Maize,Kharif,2017,31443.7,95098.3,3024.4
Karnataka,Dakshina Kannada,Maize,Rabi,2017,21616.5,61308.7,2836.2
Karnataka,Dakshina Kannada,Rice,Kharif,2017,22035.8,48068.9,2181.4
Karnataka,Dakshina Kannada,Soyabean,Kharif,2017,18729.1,22888.8,1222.1
Karnataka,Dakshina Kannada,Sugarcane,Whole Year,2017,25740.2,1537040.0,59713.6
Karnataka,Dakshina Kannada,Wheat,Rabi,2017,21486.5,61700.6,2871.6
Karnataka,Dakshina Kannada,Bajra,Kharif,2018,20334.3,19880.8,977.7
Karnataka,Dakshina Kannada,Cotton,Kharif,2018,20565.6,8832.9,429.5
Karnataka,Dakshina Kannada,Gram,Rabi,2018,24196.8,27260.1,1126.6
Karnataka,Dakshina Kannada,Groundnut,Kharif,2018,34160.3,51148.2,1497.3
Karnataka,Dakshina Kannada,Groundnut,Rabi,2018,12676.6,24739.7,1951.6
Karnataka,Dakshina Kannada,Jowar,Kharif,2018,30077.5,32393.5,1077.0
Karnataka,Dakshina Kannada,Jowar,Rabi,2018,22616.2,36884.8,1630.9
Karnataka,Dakshina Kannada,Maize,Kharif,2018,25452.3,85346.7,3353.2
Karnataka,Dakshina Kannada,Maize,Rabi,2018,12996.5,32565.3,2505.7
Karnataka,Dakshina Kannada,Rice,Kharif,2018,23289.1,60591.3,2601.7
Karnataka,Dakshina Kannada,Soyabean,Kharif,2018,23427.2,34969.8,1492.7
Karnataka,Dakshina Kannada,Sugarcane,Whole Year,2018,21610.5,1154486.9,53422.5
Karnataka,Dakshina Kannada,Wheat,Rabi,2018,20011.7,71381.7,3567.0
Karnataka,Dakshina Kannada,Bajra,Kharif,2019,17005.0,24477.0,1439.4
Karnataka,Dakshina Kannada,Cotton,Kharif,2019,21399.6,8562.0,400.1
Karnataka,Dakshina Kannada,Gram,Rabi,2019,17523.2,22468.2,1282.2
Karnataka,Dakshina Kannada,Groundnut,Kharif,2019,32745.0,36844.7,1125.2
Karnataka,Dakshina Kannada,Groundnut,Rabi,2019,22118.8,37984.6,1717.3
Karnataka,Dakshina Kannada,Jowar,Kharif,2019,31592.7,32550.0,1030.3
Karnataka,Dakshina Kannada,Jowar,Rabi,2019,23859.0,21492.2,900.8
Karnataka,Dakshina Kannada,Maize,Kharif,2019,23547.5,81095.2,3443.9
Karnataka,Dakshina Kannada,Maize,Rabi,2019,18467.8,49135.4,2660.6
Karnataka,Dakshina Kannada,Rice,Kharif,2019,19443.3,53356.3,2744.2
Karnataka,Dakshina Kannada,Soyabean,Kharif,2019,21028.0,23378.9,1111.8
Karnataka,Dakshina Kannada,Sugarcane,Whole Year,2019,31166.0,1641391.7,52666.1
Karnataka,Dakshina Kannada,Wheat,Rabi,2019,15037.2,61257.0,4073.7
Karnataka,Dakshina Kannada,Bajra,Kharif,2020,21397.3,25182.5,1176.9
Karnataka,Dakshina Kannada,Cotton,Kharif,2020,18627.2,11027.3,592.0
Karnataka,Dakshina Kannada,Gram,Rabi,2020,21234.6,18283.0,861.0
Karnataka,Dakshina Kannada,Groundnut,Kharif,2020,31872.6,49463.1,1551.9
Karnataka,Dakshina Kannada,Groundnut,Rabi,2020,18323.1,26636.3,1453.7
Karnataka,Dakshina Kannada,Jowar,Kharif,2020,26933.3,26208.8,973.1
Karnataka,Dakshina Kannada,Jowar,Rabi,2020,18068.1,25916.9,1434.4
Karnataka,Dakshina Kannada,Maize,Kharif,2020,18564.6,38928.1,2096.9
Karnataka,Dakshina Kannada,Maize,Rabi,2020,12081.5,29535.6,2444.7
Karnataka,Dakshina Kannada,Rice,Kharif,2020,18827.9,58272.4,3095.0
Karnataka,Dakshina Kannada,Soyabean,Kharif,2020,16043.3,15602.1,972.5
Karnataka,Dakshina Kannada,Sugarcane,Whole Year,2020,19096.9,1529352.3,80083.8
Karnataka,Dakshina Kannada,Wheat,Rabi,2020,17201.6,54764.7,3183.7
Karnataka,Dakshina Kannada,Bajra,Kharif,2021,17159.6,15490.0,902.7
Karnataka,Dakshina Kannada,Cotton,Kharif,2021,21665.0,9621.4,444.1
Karnataka,Dakshina Kannada,Gram,Rabi,2021,18088.1,21409.1,1183.6
Karnataka,Dakshina Kannada,Groundnut,Kharif,2021,18269.2,24999.6,1368.4
Karnataka,Dakshina Kannada,Groundnut,Rabi,2021,16933.0,27610.9,1630.6
Karnataka,Dakshina Kannada,Jowar,Kharif,2021,25879.6,25620.8,990.0
Karnataka,Dakshina Kannada,Jowar,Rabi,2021,18836.4,27062.3,1436.7
Karnataka,Dakshina Kannada,Maize,Kharif,2021,30197.9,67900.0,2248.5
Karnataka,Dakshina Kannada,Maize,Rabi,2021,13171.4,47897.8,3636.5
Karnataka,Dakshina Kannada,Rice,Kharif,2021,22198.7,56864.2,2561.6
Karnataka,Dakshina Kannada,Soyabean,Kharif,2021,17033.6,16318.2,958.0
Karnataka,Dakshina Kannada,Sugarcane,Whole Year,2021,25018.6,1695115.2,67754.2
Karnataka,Dakshina Kannada,Wheat,Rabi,2021,14029.9,46621.4,3323.0
Karnataka,Dakshina Kannada,Bajra,Kharif,2022,30524.5,47862.4,1568.0
Karnataka,Dakshina Kannada,Cotton,Kharif,2022,29057.5,19584.8,674.0
Karnataka,Dakshina Kannada,Gram,Rabi,2022,16128.0,17821.4,1105.0
Karnataka,Dakshina Kannada,Groundnut,Kharif,2022,25018.3,39901.7,1594.9
Karnataka,Dakshina Kannada,Groundnut,Rabi,2022,15273.6,31065.0,2033.9
Karnataka,Dakshina Kannada,Jowar,Kharif,2022,26591.9,34880.6,1311.7
Karnataka,Dakshina Kannada,Jowar,Rabi,2022,16112.8,16061.2,996.8
Karnataka,Dakshina Kannada,Maize,Kharif,2022,28617.7,56780.4,1984.1
Karnataka,Dakshina Kannada,Maize,Rabi,2022,21802.5,48451.7,2222.3
Karnataka,Dakshina Kannada,Rice,Kharif,2022,25885.4,60522.7,2338.1
Karnataka,Dakshina Kannada,Soyabean,Kharif,2022,20560.9,26965.6,1311.5
Karnataka,Dakshina Kannada,Sugarcane,Whole Year,2022,20822.1,1150189.9,55238.9
Karnataka,Dakshina Kannada,Wheat,Rabi,2022,12696.5,44974.8,3542.3
Karnataka,Dakshina Kannada,Bajra,Kharif,2023,31480.5,46399.1,1473.9
Karnataka,Dakshina Kannada,Cotton,Kharif,2023,18851.0,8539.5,453.0
Karnataka,Dakshina Kannada,Gram,Rabi,2023,25255.9,31054.7,1229.6
Karnataka,Dakshina Kannada,Groundnut,Kharif,2023,28500.8,40850.2,1433.3
Karnataka,Dakshina Kannada,Groundnut,Rabi,2023,12368.4,23553.1,1904.3
Karnataka,Dakshina Kannada,Jowar,Kharif,2023,29035.9,27688.6,953.6
Karnataka,Dakshina Kannada,Jowar,Rabi,2023,24212.8,24743.1,1021.9
Karnataka,Dakshina Kannada,Maize,Kharif,2023,18564.6,41989.4,2261.8
Karnataka,Dakshina Kannada,Maize,Rabi,2023,14143.5,38758.8,2740.4
Karnataka,Dakshina Kannada,Rice,Kharif,2023,23021.4,57788.3,2510.2
Karnataka,Dakshina Kannada,Soyabean,Kharif,2023,18674.6,19567.2,1047.8
Karnataka,Dakshina Kannada,Sugarcane,Whole Year,2023,15495.9,1087083.9,70153.0
Karnataka,Dakshina Kannada,Wheat,Rabi,2023,15957.4,49115.3,3077.9
Karnataka,Hassan,Bajra,Kharif,2015,28652.3,35488.7,1238.6
Karnataka,Hassan,Cotton,Kharif,2015,27429.7,14524.0,529.5
Karnataka,Hassan,Gram,Rabi,2015,27291.6,28033.9,1027.2
Karnataka,Hassan,Groundnut,Kharif,2015,25864.5,39800.3,1538.8
Karnataka,Hassan,Groundnut,Rabi,2015,22680.5,37905.9,1671.3
Karnataka,Hassan,Jowar,Kharif,2015,20517.2,22433.5,1093.4
Karnataka,Hassan,Jowar,Rabi,2015,27584.9,40064.3,1452.4
Karnataka,Hassan,Maize,Kharif,2015,29356.3,58739.0,2000.9
Karnataka,Hassan,Maize,Rabi,2015,17614.3,56975.2,3234.6
Karnataka,Hassan,Rice,Kharif,2015,27960.4,54777.2,1959.1
Karnataka,Hassan,Soyabean,Kharif,2015,23934.1,29199.6,1220.0
Karnataka,Hassan,Sugarcane,Whole Year,2015,18354.3,1129114.3,61517.7
Karnataka,Hassan,Wheat,Rabi,2015,14819.3,51117.7,3449.4
Karnataka,Hassan,Bajra,Kharif,2016,24872.5,29829.6,1199.3
Karnataka,Hassan,Cotton,Kharif,2016,20049.1,9292.8,463.5
Karnataka,Hassan,Gram,Rabi,2016,22906.0,22709.0,991.4
Karnataka,Hassan,Groundnut,Kharif,2016,26753.8,28840.6,1078.0
Karnataka,Hassan,Groundnut,Rabi,2016,20617.8,39683.1,1924.7
Karnataka,Hassan,Jowar,Kharif,2016,21611.2,23973.3,1109.3
Karnataka,Hassan,Jowar,Rabi,2016,27681.9,30909.6,1116.6
Karnataka,Hassan,Maize,Kharif,2016,26330.6,55025.7,2089.8
Karnataka,Hassan,Maize,Rabi,2016,19272.2,45162.5,2343.4
Karnataka,Hassan,Rice,Kharif,2016,29510.8,81414.4,2758.8
Karnataka,Hassan,Soyabean,Kharif,2016,23034.2,30324.5,1316.5
Karnataka,Hassan,Sugarcane,Whole Year,2016,25025.4,1639098.6,65497.4
Karnataka,Hassan,Wheat,Rabi,2016,20583.7,85029.2,4130.9
Karnataka,Hassan,Bajra,Kharif,2017,28182.0,38429.0,1363.6
Karnataka,Hassan,Cotton,Kharif,2017,27128.5,11990.8,442.0
Karnataka,Hassan,Gram,Rabi,2017,22861.9,20452.3,894.6
Karnataka,Hassan,Groundnut,Kharif,2017,21877.1,20971.4,958.6
Karnataka,Hassan,Groundnut,Rabi,2017,13694.4,20033.5,1462.9
Karnataka,Hassan,Jowar,Kharif,2017,19636.3,28286.1,1440.5
Karnataka,Hassan,Jowar,Rabi,2017,19012.2,18143.3,954.3
Karnataka,Hassan,Maize,Kharif,2017,20787.2,59470.1,2860.9
Karnataka,Hassan,Maize,Rabi,2017,12768.5,45710.0,3579.9
Karnataka,Hassan,Rice,Kharif,2017,29538.0,64868.4,2196.1
Karnataka,Hassan,Soyabean,Kharif,2017,18301.3,16355.9,893.7
Karnataka,Hassan,Sugarcane,Whole Year,2017,25892.1,1667912.1,64417.8
Karnataka,Hassan,Wheat,Rabi,2017,14700.6,43086.0,2930.9
Karnataka,Hassan,Bajra,Kharif,2018,31265.8,35861.9,1147.0
Karnataka,Hassan,Cotton,Kharif,2018,29546.2,19275.9,652.4
Karnataka,Hassan,Gram,Rabi,2018,19244.6,23247.5,1208.0
Karnataka,Hassan,Groundnut,Kharif,2018,34925.3,39797.4,1139.5
Karnataka,Hassan,Groundnut,Rabi,2018,17678.1,29031.0,1642.2
Karnataka,Hassan,Jowar,Kharif,2018,22129.0,17486.3,790.2
Karnataka,Hassan,Jowar,Rabi,2018,17861.7,19210.3,1075.5
Karnataka,Hassan,Maize,Kharif,2018,24210.4,53630.9,2215.2
Karnataka,Hassan,Maize,Rabi,2018,22479.1,74808.2,3327.9
Karnataka,Hassan,Rice,Kharif,2018,19022.4,50981.9,2680.1
Karnataka,Hassan,Soyabean,Kharif,2018,21151.2,31153.6,1472.9
Karnataka,Hassan,Sugarcane,Whole Year,2018,15051.4,894625.1,59438.0
Karnataka,Hassan,Wheat,Rabi,2018,21277.9,87056.4,4091.4
Karnataka,Hassan,Bajra,Kharif,2019,22216.4,25069.0,1128.4
Karnataka,Hassan,Cotton,Kharif,2019,21367.6,14363.3,672.2
Karnataka,Hassan,Gram,Rabi,2019,17840.4,20837.6,1168.0
Karnataka,Hassan,Groundnut,Kharif,2019,18007.0,25157.6,1397.1
Karnataka,Hassan,Groundnut,Rabi,2019,23907.3,34538.9,1444.7
Karnataka,Hassan,Jowar,Kharif,2019,20597.4,25058.8,1216.6
Karnataka,Hassan,Jowar,Rabi,2019,24263.8,33979.0,1400.4
Karnataka,Hassan,Maize,Kharif,2019,22470.4,52601.0,2340.9
Karnataka,Hassan,Maize,Rabi,2019,23471.0,86309.9,3677.3
Karnataka,Hassan,Rice,Kharif,2019,23487.8,68476.3,2915.4
Karnataka,Hassan,Soyabean,Kharif,2019,18332.5,20955.9,1143.1
Karnataka,Hassan,Sugarcane,Whole Year,2019,17665.0,1144554.2,64792.2
Karnataka,Hassan,Wheat,Rabi,2019,17374.2,45798.4,2636.0
Karnataka,Hassan,Bajra,Kharif,2020,28672.4,41380.0,1443.2
Karnataka,Hassan,Cotton,Kharif,2020,22776.7,12386.0,543.8
Karnataka,Hassan,Gram,Rabi,2020,25636.5,24687.9,963.0
Karnataka,Hassan,Groundnut,Kharif,2020,24598.1,25134.3,1021.8
Karnataka,Hassan,Groundnut,Rabi,2020,23889.6,30516.6,1277.4
Karnataka,Hassan,Jowar,Kharif,2020,27074.9,28612.8,1056.8
Karnataka,Hassan,Jowar,Rabi,2020,20273.1,28252.6,1393.6
Karnataka,Hassan,Maize,Kharif,2020,18939.3,54359.6,2870.2
Karnataka,Hassan,Maize,Rabi,2020,21264.4,74959.1,3525.1
Karnataka,Hassan,Rice,Kharif,2020,20046.4,59676.1,2976.9
Karnataka,Hassan,Soyabean,Kharif,2020,21186.0,30226.1,1426.7
Karnataka,Hassan,Sugarcane,Whole Year,2020,23249.8,1587054.6,68261.0
Karnataka,Hassan,Wheat,Rabi,2020,21190.4,85607.1,4039.9
Karnataka,Hassan,Bajra,Kharif,2021,22880.3,29133.5,1273.3
Karnataka,Hassan,Cotton,Kharif,2021,28482.9,17477.1,613.6
Karnataka,Hassan,Gram,Rabi,2021,22156.9,25088.3,1132.3
Karnataka,Hassan,Groundnut,Kharif,2021,32405.0,31018.1,957.2
Karnataka,Hassan,Groundnut,Rabi,2021,17237.6,33978.8,1971.2
Karnataka,Hassan,Jowar,Kharif,2021,28364.4,32440.4,1143.7
Karnataka,Hassan,Jowar,Rabi,2021,21885.4,24691.1,1128.2
Karnataka,Hassan,Maize,Kharif,2021,25287.3,74997.1,2965.8
Karnataka,Hassan,Maize,Rabi,2021,17020.4,56892.4,3342.6
Karnataka,Hassan,Rice,Kharif,2021,28334.8,59095.1,2085.6
Karnataka,Hassan,Soyabean,Kharif,2021,18321.7,20758.5,1133.0
Karnataka,Hassan,Sugarcane,Whole Year,2021,26686.9,1587763.8,59496.0
Karnataka,Hassan,Wheat,Rabi,2021,18402.5,73683.6,4004.0
Karnataka,Hassan,Bajra,Kharif,2022,19709.4,32049.5,1626.1
Karnataka,Hassan,Cotton,Kharif,2022,21401.5,12676.1,592.3
Karnataka,Hassan,Gram,Rabi,2022,24090.6,21110.6,876.3
Karnataka,Hassan,Groundnut,Kharif,2022,18591.6,23367.8,1256.9
Karnataka,Hassan,Groundnut,Rabi,2022,15759.5,29747.6,1887.6
Karnataka,Hassan,Jowar,Kharif,2022,29205.1,31722.6,1086.2
Karnataka,Hassan,Jowar,Rabi,2022,22884.7,30514.5,1333.4
Karnataka,Hassan,Maize,Kharif,2022,29580.2,77168.8,2608.8
Karnataka,Hassan,Maize,Rabi,2022,15305.4,40162.9,2624.1
Karnataka,Hassan,Rice,Kharif,2022,24434.3,59595.3,2439.0
Karnataka,Hassan,Soyabean,Kharif,2022,18161.7,17008.4,936.5
Karnataka,Hassan,Sugarcane,Whole Year,2022,27216.3,1589761.2,58412.1
Karnataka,Hassan,Wheat,Rabi,2022,13969.5,45546.2,3260.4
Karnataka,Hassan,Bajra,Kharif,2023,19287.8,30468.9,1579.7
Karnataka,Hassan,Cotton,Kharif,2023,29366.0,12865.2,438.1
Karnataka,Hassan,Gram,Rabi,2023,21971.8,19161.6,872.1
Karnataka,Hassan,Groundnut,Kharif,2023,19021.2,22713.2,1194.1
Karnataka,Hassan,Groundnut,Rabi,2023,13867.9,25009.4,1803.4
Karnataka,Hassan,Jowar,Kharif,2023,25472.2,22323.8,876.4
Karnataka,Hassan,Jowar,Rabi,2023,15120.1,22627.2,1496.5
Karnataka,Hassan,Maize,Kharif,2023,20466.7,59140.6,2889.6
Karnataka,Hassan,Maize,Rabi,2023,16043.1,50324.0,3136.8
Karnataka,Hassan,Rice,Kharif,2023,21787.8,43669.3,2004.3
Karnataka,Hassan,Soyabean,Kharif,2023,15121.3,15069.9,996.6
Karnataka,Hassan,Sugarcane,Whole Year,2023,22276.3,1598291.1,71748.5
Karnataka,Hassan,Wheat,Rabi,2023,14638.1,38341.6,2619.3
Karnataka,Kodagu,Bajra,Kharif,2015,28701.5,31873.0,1110.5
Karnataka,Kodagu,Cotton,Kharif,2015,25969.5,13488.6,519.4
Karnataka,Kodagu,Gram,Rabi,2015,26669.4,32851.4,1231.8
Karnataka,Kodagu,Groundnut,Kharif,2015,26932.3,39552.8,1468.6
Karnataka,Kodagu,Groundnut,Rabi,2015,23483.5,38076.1,1621.4
Karnataka,Kodagu,Jowar,Kharif,2015,22385.5,28765.4,1285.0
Karnataka,Kodagu,Jowar,Rabi,2015,17860.9,20732.9,1160.8
Karnataka,Kodagu,Maize,Kharif,2015,30120.2,92556.4,3072.9
Karnataka,Kodagu,Maize,Rabi,2015,16845.7,42848.7,2543.6
Karnataka,Kodagu,Rice,Kharif,2015,22271.6,49908.4,2240.9
Karnataka,Kodagu,Soyabean,Kharif,2015,14465.3,19396.5,1340.9
Karnataka,Kodagu,Sugarcane,Whole Year,2015,19285.2,1265591.2,65625.0
Karnataka,Kodagu,Wheat,Rabi,2015,15858.6,66151.0,4171.3
Karnataka,Kodagu,Bajra,Kharif,2016,19274.3,19393.8,1006.2
Karnataka,Kodagu,Cotton,Kharif,2016,29494.0,18855.5,639.3
Karnataka,Kodagu,Gram,Rabi,2016,18765.9,17578.0,936.7
Karnataka,Kodagu,Groundnut,Kharif,2016,21568.2,28446.3,1318.9
Karnataka,Kodagu,Groundnut,Rabi,2016,12254.9,21699.8,1770.7
Karnataka,Kodagu,Jowar,Kharif,2016,25324.2,35000.6,1382.1
Karnataka,Kodagu,Jowar,Rabi,2016,17137.1,25590.8,1493.3
Karnataka,Kodagu,Maize,Kharif,2016,29087.5,62453.8,2147.1
Karnataka,Kodagu,Maize,Rabi,2016,16782.7,41490.2,2472.2
Karnataka,Kodagu,Rice,Kharif,2016,21056.6,46659.3,2215.9
Karnataka,Kodagu,Soyabean,Kharif,2016,19787.3,22460.6,1135.1
Karnataka,Kodagu,Sugarcane,Whole Year,2016,31111.5,1735744.8,55791.1
Karnataka,Kodagu,Wheat,Rabi,2016,21736.9,64536.9,2969.0
Karnataka,Kodagu,Bajra,Kharif,2017,22433.8,27216.7,1213.2
Karnataka,Kodagu,Cotton,Kharif,2017,19643.6,10644.9,541.9
Karnataka,Kodagu,Gram,Rabi,2017,17518.5,17898.7,1021.7
Karnataka,Kodagu,Groundnut,Kharif,2017,30981.5,35433.5,1143.7
Karnataka,Kodagu,Groundnut,Rabi,2017,18250.2,37288.8,2043.2
Karnataka,Kodagu,Jowar,Kharif,2017,27613.1,37103.7,1343.7
Karnataka,Kodagu,Jowar,Rabi,2017,20393.0,29861.5,1464.3
Karnataka,Kodagu,Maize,Kharif,2017,18567.1,39742.9,2140.5
Karnataka,Kodagu,Maize,Rabi,2017,14436.8,41045.3,2843.1
Karnataka,Kodagu,Rice,Kharif,2017,28148.9,65178.8,2315.5
Karnataka,Kodagu,Soyabean,Kharif,2017,21164.7,27933.2,1319.8
Karnataka,Kodagu,Sugarcane,Whole Year,2017,24965.1,1565743.7,62717.3
Karnataka,Kodagu,Wheat,Rabi,2017,17770.5,55934.4,3147.6
Karnataka,Kodagu,Bajra,Kharif,2018,23552.2,32403.1,1375.8
Karnataka,Kodagu,Cotton,Kharif,2018,29042.4,12017.7,413.8
Karnataka,Kodagu,Gram,Rabi,2018,22882.0,28295.9,1236.6
Karnataka,Kodagu,Groundnut,Kharif,2018,22112.8,35539.7,1607.2
Karnataka,Kodagu,Groundnut,Rabi,2018,12247.6,22322.5,1822.6
Karnataka,Kodagu,Jowar,Kharif,2018,31063.6,37906.9,1220.3
Karnataka,Kodagu,Jowar,Rabi,2018,20707.4,18344.7,885.9
Karnataka,Kodagu,Maize,Kharif,2018,30881.6,82731.8,2679.0
Karnataka,Kodagu,Maize,Rabi,2018,12348.0,40794.1,3303.7
Karnataka,Kodagu,Rice,Kharif,2018,23782.0,48734.1,2049.2
Karnataka,Kodagu,Soyabean,Kharif,2018,14999.8,13799.8,920.0
Karnataka,Kodagu,Sugarcane,Whole Year,2018,24763.0,1749775.9,70660.9
Karnataka,Kodagu,Wheat,Rabi,2018,17057.4,66650.1,3907.4
Karnataka,Kodagu,Bajra,Kharif,2019,21350.6,22266.5,1042.9
Karnataka,Kodagu,Cotton,Kharif,2019,25021.5,13111.3,524.0
Karnataka,Kodagu,Gram,Rabi,2019,16410.1,15297.5,932.2
Karnataka,Kodagu,Groundnut,Kharif,2019,31777.4,46627.0,1467.3
Karnataka,Kodagu,Groundnut,Rabi,2019,21423.3,38420.5,1793.4
Karnataka,Kodagu,Jowar,Kharif,2019,22353.6,18929.0,846.8
Karnataka,Kodagu,Jowar,Rabi,2019,18542.1,28098.7,1515.4
Karnataka,Kodagu,Maize,Kharif,2019,31726.6,86153.6,2715.5
Karnataka,Kodagu,Maize,Rabi,2019,12116.4,29371.4,2424.1
Karnataka,Kodagu,Rice,Kharif,2019,21865.0,56724.4,2594.3
Karnataka,Kodagu,Soyabean,Kharif,2019,13051.3,19118.8,1464.9
Karnataka,Kodagu,Sugarcane,Whole Year,2019,21206.4,1683311.0,79377.5
Karnataka,Kodagu,Wheat,Rabi,2019,19805.2,75432.1,3808.7
Karnataka,Kodagu,Bajra,Kharif,2020,23960.2,21190.4,884.4
Karnataka,Kodagu,Cotton,Kharif,2020,25382.6,16039.3,631.9
Karnataka,Kodagu,Gram,Rabi,2020,17890.0,19478.6,1088.8
Karnataka,Kodagu,Groundnut,Kharif,2020,28091.4,30144.9,1073.1
Karnataka,Kodagu,Groundnut,Rabi,2020,13605.0,27659.0,2033.0
Karnataka,Kodagu,Jowar,Kharif,2020,23512.1,21922.7,932.4
Karnataka,Kodagu,Jowar,Rabi,2020,17227.2,23844.2,1384.1
Karnataka,Kodagu,Maize,Kharif,2020,26532.2,78203.7,2947.5
Karnataka,Kodagu,Maize,Rabi,2020,13056.1,47389.7,3629.7
Karnataka,Kodagu,Rice,Kharif,2020,22671.2,51599.7,2276.0
Karnataka,Kodagu,Soyabean,Kharif,2020,18473.1,20723.1,1121.8
Karnataka,Kodagu,Sugarcane,Whole Year,2020,29680.8,2370837.0,79877.8
Karnataka,Kodagu,Wheat,Rabi,2020,15034.5,59871.9,3982.3
Karnataka,Kodagu,Bajra,Kharif,2021,22659.1,19498.2,860.5
Karnataka,Kodagu,Cotton,Kharif,2021,24681.7,14443.7,585.2
Karnataka,Kodagu,Gram,Rabi,2021,23103.0,27023.6,1169.7
Karnataka,Kodagu,Groundnut,Kharif,2021,27712.8,27715.6,1000.1
Karnataka,Kodagu,Groundnut,Rabi,2021,13513.8,23068.1,1707.0
Karnataka,Kodagu,Jowar,Kharif,2021,21849.7,18209.5,833.4
Karnataka,Kodagu,Jowar,Rabi,2021,20584.8,26626.4,1293.5
Karnataka,Kodagu,Maize,Kharif,2021,22602.4,69314.8,3066.7
Karnataka,Kodagu,Maize,Rabi,2021,19725.2,53899.1,2732.5
Karnataka,Kodagu,Rice,Kharif,2021,27058.5,72473.5,2678.4
Karnataka,Kodagu,Soyabean,Kharif,2021,20924.2,25592.4,1223.1
Karnataka,Kodagu,Sugarcane,Whole Year,2021,15193.6,1107540.5,72895.2
Karnataka,Kodagu,Wheat,Rabi,2021,15760.4,64746.9,4108.2
Karnataka,Kodagu,Bajra,Kharif,2022,25710.6,29734.3,1156.5
Karnataka,Kodagu,Cotton,Kharif,2022,21613.9,12144.9,561.9
Karnataka,Kodagu,Gram,Rabi,2022,21977.6,23742.4,1080.3
Karnataka,Kodagu,Groundnut,Kharif,2022,22873.2,28024.2,1225.2
Karnataka,Kodagu,Groundnut,Rabi,2022,13090.7,16290.1,1244.4
Karnataka,Kodagu,Jowar,Kharif,2022,21548.4,17878.7,829.7
Karnataka,Kodagu,Jowar,Rabi,2022,16349.1,24528.6,1500.3
Karnataka,Kodagu,Maize,Kharif,2022,18544.2,55102.2,2971.4
Karnataka,Kodagu,Maize,Rabi,2022,15270.7,54890.5,3594.5
Karnataka,Kodagu,Rice,Kharif,2022,23819.9,53992.6,2266.7
Karnataka,Kodagu,Soyabean,Kharif,2022,19246.9,21494.9,1116.8
Karnataka,Kodagu,Sugarcane,Whole Year,2022,24593.1,1363343.1,55436.0
Karnataka,Kodagu,Wheat,Rabi,2022,21969.9,72081.0,3280.9
Karnataka,Kodagu,Bajra,Kharif,2023,21752.9,29675.3,1364.2
Karnataka,Kodagu,Cotton,Kharif,2023,29437.5,16034.6,544.7
Karnataka,Kodagu,Gram,Rabi,2023,25829.3,27428.1,1061.9
Karnataka,Kodagu,Groundnut,Kharif,2023,18693.3,22175.9,1186.3
Karnataka,Kodagu,Groundnut,Rabi,2023,19482.1,39120.1,2008.0
Karnataka,Kodagu,Jowar,Kharif,2023,30027.8,28015.9,933.0
Karnataka,Kodagu,Jowar,Rabi,2023,17861.4,18056.1,1010.9
Karnataka,Kodagu,Maize,Kharif,2023,30915.0,101141.5,3271.6
Karnataka,Kodagu,Maize,Rabi,2023,21298.6,60241.0,2828.4
Karnataka,Kodagu,Rice,Kharif,2023,24052.6,59102.0,2457.2
Karnataka,Kodagu,Soyabean,Kharif,2023,15547.6,18549.8,1193.1
Karnataka,Kodagu,Sugarcane,Whole Year,2023,15518.4,868321.2,55954.3
Karnataka,Kodagu,Wheat,Rabi,2023,20865.9,79346.8,3802.7
Karnataka,Shivamogga,Bajra,Kharif,2015,18840.0,26393.0,1400.9
Karnataka,Shivamogga,Cotton,Kharif,2015,23195.7,9739.9,419.9
Karnataka,Shivamogga,Gram,Rabi,2015,21854.5,25137.0,1150.2
Karnataka,Shivamogga,Groundnut,Kharif,2015,26724.7,42869.1,1604.1
Karnataka,Shivamogga,Groundnut,Rabi,2015,15756.2,20062.4,1273.3
Karnataka,Shivamogga,Jowar,Kharif,2015,31111.9,32151.0,1033.4
Karnataka,Shivamogga,Jowar,Rabi,2015,22493.3,33371.1,1483.6
Karnataka,Shivamogga,Maize,Kharif,2015,22540.4,68975.9,3060.1
Karnataka,Shivamogga,Maize,Rabi,2015,13625.0,36325.6,2666.1
Karnataka,Shivamogga,Rice,Kharif,2015,19736.5,56712.8,2873.5
Karnataka,Shivamogga,Soyabean,Kharif,2015,15117.1,20027.1,1324.8
Karnataka,Shivamogga,Sugarcane,Whole Year,2015,31036.1,2105278.0,67833.2
Karnataka,Shivamogga,Wheat,Rabi,2015,17400.3,58077.0,3337.7
Karnataka,Shivamogga,Bajra,Kharif,2016,19158.5,29149.7,1521.5
Karnataka,Shivamogga,Cotton,Kharif,2016,24249.8,11523.5,475.2
Karnataka,Shivamogga,Gram,Rabi,2016,25319.3,26960.0,1064.8
Karnataka,Shivamogga,Groundnut,Kharif,2016,29236.6,34855.9,1192.2
Karnataka,Shivamogga,Groundnut,Rabi,2016,18256.6,31489.0,1724.8
Karnataka,Shivamogga,Jowar,Kharif,2016,23668.8,21607.2,912.9
Karnataka,Shivamogga,Jowar,Rabi,2016,27501.3,34629.6,1259.2
Karnataka,Shivamogga,Maize,Kharif,2016,28274.9,73150.0,2587.1
Karnataka,Shivamogga,Maize,Rabi,2016,16261.6,46370.0,2851.5
Karnataka,Shivamogga,Rice,Kharif,2016,22910.4,58490.3,2553.0
Karnataka,Shivamogga,Soyabean,Kharif,2016,19608.6,23298.9,1188.2
Karnataka,Shivamogga,Sugarcane,Whole Year,2016,17291.4,1156488.6,66882.3
Karnataka,Shivamogga,Wheat,Rabi,2016,13691.0,38359.4,2801.8
Karnataka,Shivamogga,Bajra,Kharif,2017,15542.0,14275.3,918.5
Karnataka,Shivamogga,Cotton,Kharif,2017,21287.0,9706.9,456.0
Karnataka,Shivamogga,Gram,Rabi,2017,18782.3,22628.9,1204.8
Karnataka,Shivamogga,Groundnut,Kharif,2017,27573.2,26313.1,954.3
Karnataka,Shivamogga,Groundnut,Rabi,2017,17581.2,27192.8,1546.7
Karnataka,Shivamogga,Jowar,Kharif,2017,19595.2,24160.9,1233.0
Karnataka,Shivamogga,Jowar,Rabi,2017,24127.3,34422.4,1426.7
Karnataka,Shivamogga,Maize,Kharif,2017,28198.6,54990.1,1950.1
Karnataka,Shivamogga,Maize,Rabi,2017,23447.0,82127.8,3502.7
Karnataka,Shivamogga,Rice,Kharif,2017,28847.8,55353.2,1918.8
Karnataka,Shivamogga,Soyabean,Kharif,2017,25074.0,34654.8,1382.1
Karnataka,Shivamogga,Sugarcane,Whole Year,2017,29232.7,1601911.0,54798.6
Karnataka,Shivamogga,Wheat,Rabi,2017,19387.8,80186.0,4135.9
Karnataka,Shivamogga,Bajra,Kharif,2018,15398.8,17654.7,1146.5
Karnataka,Shivamogga,Cotton,Kharif,2018,24442.4,16009.8,655.0
Karnataka,Shivamogga,Gram,Rabi,2018,26158.7,21520.8,822.7
Karnataka,Shivamogga,Groundnut,Kharif,2018,19581.5,27257.4,1392.0
Karnataka,Shivamogga,Groundnut,Rabi,2018,18917.5,26983.9,1426.4
Karnataka,Shivamogga,Jowar,Kharif,2018,30592.3,42869.0,1401.3
Karnataka,Shivamogga,Jowar,Rabi,2018,20233.9,31609.4,1562.2
Karnataka,Shivamogga,Maize,Kharif,2018,23375.3,72278.8,3092.1
Karnataka,Shivamogga,Maize,Rabi,2018,17711.3,42438.0,2396.1
Karnataka,Shivamogga,Rice,Kharif,2018,29135.2,71232.7,2444.9
Karnataka,Shivamogga,Soyabean,Kharif,2018,22282.8,24680.4,1107.6
Karnataka,Shivamogga,Sugarcane,Whole Year,2018,15321.0,842898.6,55015.9
Karnataka,Shivamogga,Wheat,Rabi,2018,16962.2,62826.3,3703.9
Karnataka,Shivamogga,Bajra,Kharif,2019,19117.3,19159.4,1002.2
Karnataka,Shivamogga,Cotton,Kharif,2019,27298.3,11910.2,436.3
Karnataka,Shivamogga,Gram,Rabi,2019,21445.0,22281.4,1039.0
Karnataka,Shivamogga,Groundnut,Kharif,2019,29685.6,42302.0,1425.0
Karnataka,Shivamogga,Groundnut,Rabi,2019,22539.4,27903.8,1238.0
Karnataka,Shivamogga,Jowar,Kharif,2019,22150.2,21434.7,967.7
Karnataka,Shivamogga,Jowar,Rabi,2019,16898.2,18272.0,1081.3
Karnataka,Shivamogga,Maize,Kharif,2019,22336.7,61624.7,2758.9
Karnataka,Shivamogga,Maize,Rabi,2019,19964.5,56096.3,2809.8
Karnataka,Shivamogga,Rice,Kharif,2019,26633.6,61347.8,2303.4
Karnataka,Shivamogga,Soyabean,Kharif,2019,16064.0,19525.8,1215.5
Karnataka,Shivamogga,Sugarcane,Whole Year,2019,15403.2,837837.0,54393.7
Karnataka,Shivamogga,Wheat,Rabi,2019,16179.7,66477.5,4108.7
Karnataka,Shivamogga,Bajra,Kharif,2020,31038.3,29132.5,938.6
Karnataka,Shivamogga,Cotton,Kharif,2020,21181.5,11408.4,538.6
Karnataka,Shivamogga,Gram,Rabi,2020,26158.4,27149.8,1037.9
Karnataka,Shivamogga,Groundnut,Kharif,2020,30716.6,32381.4,1054.2
Karnataka,Shivamogga,Groundnut,Rabi,2020,15281.4,27842.7,1822.0
Karnataka,Shivamogga,Jowar,Kharif,2020,20306.3,20619.0,1015.4
Karnataka,Shivamogga,Jowar,Rabi,2020,18443.3,20839.1,1129.9
Karnataka,Shivamogga,Maize,Kharif,2020,27916.5,70355.2,2520.2
Karnataka,Shivamogga,Maize,Rabi,2020,18663.2,44043.3,2359.9
Karnataka,Shivamogga,Rice,Kharif,2020,27660.2,64832.7,2343.9
Karnataka,Shivamogga,Soyabean,Kharif,2020,21079.5,28029.4,1329.7
Karnataka,Shivamogga,Sugarcane,Whole Year,2020,18564.2,1458036.0,78540.2
Karnataka,Shivamogga,Wheat,Rabi,2020,18162.2,59681.0,3286.0
Karnataka,Shivamogga,Bajra,Kharif,2021,26458.0,35384.9,1337.4
Karnataka,Shivamogga,Cotton,Kharif,2021,28121.1,17246.7,613.3
Karnataka,Shivamogga,Gram,Rabi,2021,16699.6,22028.4,1319.1
Karnataka,Shivamogga,Groundnut,Kharif,2021,30790.8,49200.6,1597.9
Karnataka,Shivamogga,Groundnut,Rabi,2021,20465.6,39453.6,1927.8
Karnataka,Shivamogga,Jowar,Kharif,2021,19573.4,19827.9,1013.0
Karnataka,Shivamogga,Jowar,Rabi,2021,26393.5,26691.7,1011.3
Karnataka,Shivamogga,Maize,Kharif,2021,19095.4,60563.0,3171.6
Karnataka,Shivamogga,Maize,Rabi,2021,22025.8,54187.9,2460.2
Karnataka,Shivamogga,Rice,Kharif,2021,28252.2,76961.8,2724.1
Karnataka,Shivamogga,Soyabean,Kharif,2021,19281.2,26893.4,1394.8
Karnataka,Shivamogga,Sugarcane,Whole Year,2021,22127.2,1279390.3,57819.8
Karnataka,Shivamogga,Wheat,Rabi,2021,14848.5,50608.1,3408.3
Karnataka,Shivamogga,Bajra,Kharif,2022,24827.3,29502.3,1188.3
Karnataka,Shivamogga,Cotton,Kharif,2022,24418.5,15759.7,645.4
Karnataka,Shivamogga,Gram,Rabi,2022,26949.8,24297.9,901.6
Karnataka,Shivamogga,Groundnut,Kharif,2022,25856.4,35213.8,1361.9
Karnataka,Shivamogga,Groundnut,Rabi,2022,24338.5,49864.7,2048.8
Karnataka,Shivamogga,Jowar,Kharif,2022,21295.7,26983.8,1267.1
Karnataka,Shivamogga,Jowar,Rabi,2022,19914.4,17056.7,856.5
Karnataka,Shivamogga,Maize,Kharif,2022,18129.5,48295.2,2663.9
Karnataka,Shivamogga,Maize,Rabi,2022,17860.0,39936.7,2236.1
Karnataka,Shivamogga,Rice,Kharif,2022,26243.1,59120.5,2252.8
Karnataka,Shivamogga,Soyabean,Kharif,2022,19838.5,21159.7,1066.6
Karnataka,Shivamogga,Sugarcane,Whole Year,2022,17841.3,1145682.6,64215.2
Karnataka,Shivamogga,Wheat,Rabi,2022,14322.7,49495.0,3455.7
Karnataka,Shivamogga,Bajra,Kharif,2023,31134.4,48242.8,1549.5
Karnataka,Shivamogga,Cotton,Kharif,2023,21424.9,13634.8,636.4
Karnataka,Shivamogga,Gram,Rabi,2023,21188.8,25899.1,1222.3
Karnataka,Shivamogga,Groundnut,Kharif,2023,31989.1,34922.5,1091.7
Karnataka,Shivamogga,Groundnut,Rabi,2023,21114.8,30553.1,1447.0
Karnataka,Shivamogga,Jowar,Kharif,2023,22164.9,21690.6,978.6
Karnataka,Shivamogga,Jowar,Rabi,2023,24432.4,25260.7,1033.9
Karnataka,Shivamogga,Maize,Kharif,2023,18012.7,55093.6,3058.6
Karnataka,Shivamogga,Maize,Rabi,2023,14054.2,33269.1,2367.2
Karnataka,Shivamogga,Rice,Kharif,2023,20850.2,49121.0,2355.9
Karnataka,Shivamogga,Soyabean,Kharif,2023,18662.7,16938.3,907.6
Karnataka,Shivamogga,Sugarcane,Whole Year,2023,31499.7,2314657.8,73481.9
Karnataka,Shivamogga,Wheat,Rabi,2023,15231.9,47369.7,3109.9
Karnataka,Udupi,Bajra,Kharif,2015,30738.4,51280.9,1668.3
Karnataka,Udupi,Cotton,Kharif,2015,24146.0,12092.3,500.8
Karnataka,Udupi,Gram,Rabi,2015,21580.4,24670.7,1143.2
Karnataka,Udupi,Groundnut,Kharif,2015,33028.0,36502.5,1105.2
Karnataka,Udupi,Groundnut,Rabi,2015,23936.5,45309.4,1892.9
Karnataka,Udupi,Jowar,Kharif,2015,31704.0,43428.1,1369.8
Karnataka,Udupi,Jowar,Rabi,2015,18639.2,17423.9,934.8
Karnataka,Udupi,Maize,Kharif,2015,19571.4,46998.8,2401.4
Karnataka,Udupi,Maize,Rabi,2015,19370.2,67542.0,3486.9
Karnataka,Udupi,Rice,Kharif,2015,28791.0,76253.0,2648.5
Karnataka,Udupi,Soyabean,Kharif,2015,12078.8,12024.4,995.5
Karnataka,Udupi,Sugarcane,Whole Year,2015,16695.3,1050129.4,62899.7
Karnataka,Udupi,Wheat,Rabi,2015,17013.5,45415.8,2669.4
Karnataka,Udupi,Bajra,Kharif,2016,19899.6,19786.2,994.3
Karnataka,Udupi,Cotton,Kharif,2016,24534.4,13469.4,549.0
Karnataka,Udupi,Gram,Rabi,2016,16910.5,19413.3,1148.0
Karnataka,Udupi,Groundnut,Kharif,2016,28604.1,31230.0,1091.8
Karnataka,Udupi,Groundnut,Rabi,2016,18102.7,32807.5,1812.3
Karnataka,Udupi,Jowar,Kharif,2016,25412.1,26555.6,1045.0
Karnataka,Udupi,Jowar,Rabi,2016,19190.4,25682.5,1338.3
Karnataka,Udupi,Maize,Kharif,2016,31147.5,93168.4,2991.2
Karnataka,Udupi,Maize,Rabi,2016,12897.0,37879.8,2937.1
Karnataka,Udupi,Rice,Kharif,2016,28689.9,57764.2,2013.4
Karnataka,Udupi,Soyabean,Kharif,2016,25844.3,37949.8,1468.4
Karnataka,Udupi,Sugarcane,Whole Year,2016,16330.7,1306495.2,80002.4
Karnataka,Udupi,Wheat,Rabi,2016,15631.3,61767.1,3951.5
Karnataka,Udupi,Bajra,Kharif,2017,16966.5,28870.2,1701.6
Karnataka,Udupi,Cotton,Kharif,2017,26800.3,15504.0,578.5
Karnataka,Udupi,Gram,Rabi,2017,23743.3,28995.3,1221.2
Karnataka,Udupi,Groundnut,Kharif,2017,19817.6,26329.7,1328.6
Karnataka,Udupi,Groundnut,Rabi,2017,21062.2,35780.5,1698.8
Karnataka,Udupi,Jowar,Kharif,2017,29658.9,24569.4,828.4
Karnataka,Udupi,Jowar,Rabi,2017,23979.1,30626.1,1277.2
Karnataka,Udupi,Maize,Kharif,2017,23308.3,57744.0,2477.4
Karnataka,Udupi,Maize,Rabi,2017,19450.0,70517.9,3625.6
Karnataka,Udupi,Rice,Kharif,2017,23954.1,69220.2,2889.7
Karnataka,Udupi,Soyabean,Kharif,2017,17630.2,16634.1,943.5
Karnataka,Udupi,Sugarcane,Whole Year,2017,16045.6,859081.4,53540.0
Karnataka,Udupi,Wheat,Rabi,2017,15801.5,49610.4,3139.6
Karnataka,Udupi,Bajra,Kharif,2018,27562.9,33273.9,1207.2
Karnataka,Udupi,Cotton,Kharif,2018,21155.1,10685.4,505.1
Karnataka,Udupi,Gram,Rabi,2018,21973.1,20777.8,945.6
Karnataka,Udupi,Groundnut,Kharif,2018,22112.4,27616.2,1248.9
Karnataka,Udupi,Groundnut,Rabi,2018,12249.2,22741.9,1856.6
Karnataka,Udupi,Jowar,Kharif,2018,20393.2,16506.3,809.4
Karnataka,Udupi,Jowar,Rabi,2018,23498.1,34521.1,1469.1
Karnataka,Udupi,Maize,Kharif,2018,29393.6,79800.7,2714.9
Karnataka,Udupi,Maize,Rabi,2018,14464.4,48883.9,3379.6
Karnataka,Udupi,Rice,Kharif,2018,26396.6,57953.7,2195.5
Karnataka,Udupi,Soyabean,Kharif,2018,24647.7,23284.7,944.7
Karnataka,Udupi,Sugarcane,Whole Year,2018,31705.7,2466938.1,77807.4
Karnataka,Udupi,Wheat,Rabi,2018,18879.0,77441.7,4102.0
Karnataka,Udupi,Bajra,Kharif,2019,19865.1,20441.2,1029.0
Karnataka,Udupi,Cotton,Kharif,2019,29236.2,11846.5,405.2
Karnataka,Udupi,Gram,Rabi,2019,21253.3,16201.4,762.3
Karnataka,Udupi,Groundnut,Kharif,2019,26221.1,34763.9,1325.8
Karnataka,Udupi,Groundnut,Rabi,2019,16181.6,21235.1,1312.3
Karnataka,Udupi,Jowar,Kharif,2019,23269.4,28630.7,1230.4
Karnataka,Udupi,Jowar,Rabi,2019,25171.1,32083.1,1274.6
Karnataka,Udupi,Maize,Kharif,2019,26257.7,59368.7,2261.0
Karnataka,Udupi,Maize,Rabi,2019,15448.0,37986.6,2459.0
Karnataka,Udupi,Rice,Kharif,2019,20991.5,45549.5,2169.9
Karnataka,Udupi,Soyabean,Kharif,2019,19272.3,23683.7,1228.9
Karnataka,Udupi,Sugarcane,Whole Year,2019,31064.1,1797589.4,57867.1
Karnataka,Udupi,Wheat,Rabi,2019,18416.8,71965.5,3907.6
Karnataka,Udupi,Bajra,Kharif,2020,31116.9,28375.5,911.9
Karnataka,Udupi,Cotton,Kharif,2020,24088.7,11854.0,492.1
Karnataka,Udupi,Gram,Rabi,2020,22099.7,16877.5,763.7
Karnataka,Udupi,Groundnut,Kharif,2020,23321.4,36495.7,1564.9
Karnataka,Udupi,Groundnut,Rabi,2020,19201.2,30395.5,1583.0
Karnataka,Udupi,Jowar,Kharif,2020,21997.4,21550.9,979.7
Karnataka,Udupi,Jowar,Rabi,2020,19980.3,30340.1,1518.5
Karnataka,Udupi,Maize,Kharif,2020,31541.0,82949.7,2629.9
Karnataka,Udupi,Maize,Rabi,2020,16720.2,59432.0,3554.5
Karnataka,Udupi,Rice,Kharif,2020,23122.9,59250.1,2562.4
Karnataka,Udupi,Soyabean,Kharif,2020,15233.2,20427.7,1341.0
Karnataka,Udupi,Sugarcane,Whole Year,2020,24043.8,1833844.7,76271.0
Karnataka,Udupi,Wheat,Rabi,2020,19807.3,58312.7,2944.0
Karnataka,Udupi,Bajra,Kharif,2021,17885.0,26766.7,1496.6
Karnataka,Udupi,Cotton,Kharif,2021,27241.1,14424.2,529.5
Karnataka,Udupi,Gram,Rabi,2021,24569.0,28733.4,1169.5
Karnataka,Udupi,Groundnut,Kharif,2021,20350.7,34079.3,1674.6
Karnataka,Udupi,Groundnut,Rabi,2021,22673.4,31148.7,1373.8
Karnataka,Udupi,Jowar,Kharif,2021,20606.3,17808.0,864.2
Karnataka,Udupi,Jowar,Rabi,2021,16798.9,24333.2,1448.5
Karnataka,Udupi,Maize,Kharif,2021,24575.2,77743.6,3163.5
Karnataka,Udupi,Maize,Rabi,2021,20955.1,66373.2,3167.4
Karnataka,Udupi,Rice,Kharif,2021,26236.4,50426.4,1922.0
Karnataka,Udupi,Soyabean,Kharif,2021,16364.9,20871.8,1275.4
Karnataka,Udupi,Sugarcane,Whole Year,2021,15158.9,803259.5,52989.3
Karnataka,Udupi,Wheat,Rabi,2021,20518.9,75805.0,3694.4
Karnataka,Udupi,Bajra,Kharif,2022,30729.5,30182.5,982.2
Karnataka,Udupi,Cotton,Kharif,2022,29650.3,19726.3,665.3
Karnataka,Udupi,Gram,Rabi,2022,26614.9,23216.2,872.3
Karnataka,Udupi,Groundnut,Kharif,2022,28778.9,43764.1,1520.7
Karnataka,Udupi,Groundnut,Rabi,2022,24818.4,33589.2,1353.4
Karnataka,Udupi,Jowar,Kharif,2022,28724.4,28925.5,1007.0
Karnataka,Udupi,Jowar,Rabi,2022,17283.1,20516.8,1187.1
Karnataka,Udupi,Maize,Kharif,2022,29113.7,77748.1,2670.5
Karnataka,Udupi,Maize,Rabi,2022,18450.3,69969.1,3792.3
Karnataka,Udupi,Rice,Kharif,2022,22789.3,60129.6,2638.5
Karnataka,Udupi,Soyabean,Kharif,2022,17113.4,19226.9,1123.5
Karnataka,Udupi,Sugarcane,Whole Year,2022,26825.9,2149736.4,80136.6
Karnataka,Udupi,Wheat,Rabi,2022,17423.6,66721.9,3829.4
Karnataka,Udupi,Bajra,Kharif,2023,17224.3,25116.5,1458.2
Karnataka,Udupi,Cotton,Kharif,2023,24718.6,15352.7,621.1
Karnataka,Udupi,Gram,Rabi,2023,24865.7,27511.4,1106.4
Karnataka,Udupi,Groundnut,Kharif,2023,34768.5,46944.4,1350.2
Karnataka,Udupi,Groundnut,Rabi,2023,13470.4,25647.6,1904.0
Karnataka,Udupi,Jowar,Kharif,2023,21525.9,28000.9,1300.8
Karnataka,Udupi,Jowar,Rabi,2023,27442.4,38622.4,1407.4
Karnataka,Udupi,Maize,Kharif,2023,26344.4,70170.9,2663.6
Karnataka,Udupi,Maize,Rabi,2023,16372.9,45267.8,2764.8
Karnataka,Udupi,Rice,Kharif,2023,25636.5,71820.7,2801.5
Karnataka,Udupi,Soyabean,Kharif,2023,21499.2,21563.7,1003.0
Karnataka,Udupi,Sugarcane,Whole Year,2023,23397.8,1772364.6,75749.2
Karnataka,Udupi,Wheat,Rabi,2023,16757.0,57955.8,3458.6
Karnataka,Uttara Kannada,Bajra,Kharif,2015,16961.8,20627.2,1216.1
Karnataka,Uttara Kannada,Cotton,Kharif,2015,28175.7,14169.6,502.9
Karnataka,Uttara Kannada,Gram,Rabi,2015,23093.1,23952.2,1037.2
Karnataka,Uttara Kannada,Groundnut,Kharif,2015,28981.2,48679.7,1679.7
Karnataka,Uttara Kannada,Groundnut,Rabi,2015,12724.6,21477.9,1687.9
Karnataka,Uttara Kannada,Jowar,Kharif,2015,30082.4,33165.8,1102.5
Karnataka,Uttara Kannada,Jowar,Rabi,2015,16020.9,20801.5,1298.4
Karnataka,Uttara Kannada,Maize,Kharif,2015,22649.0,49605.8,2190.2
Karnataka,Uttara Kannada,Maize,Rabi,2015,22188.4,67332.9,3034.6
Karnataka,Uttara Kannada,Rice,Kharif,2015,29199.3,83720.2,2867.2
Karnataka,Uttara Kannada,Soyabean,Kharif,2015,21701.6,19164.7,883.1
Karnataka,Uttara Kannada,Sugarcane,Whole Year,2015,22273.0,1290154.6,57924.6
Karnataka,Uttara Kannada,Wheat,Rabi,2015,21108.0,60776.3,2879.3
Karnataka,Uttara Kannada,Bajra,Kharif,2016,30151.8,47443.9,1573.5
Karnataka,Uttara Kannada,Cotton,Kharif,2016,20208.5,9758.7,482.9
Karnataka,Uttara Kannada,Gram,Rabi,2016,24604.6,19634.5,798.0
Karnataka,Uttara Kannada,Groundnut,Kharif,2016,31801.6,47358.9,1489.2
Karnataka,Uttara Kannada,Groundnut,Rabi,2016,21484.9,27612.4,1285.2
Karnataka,Uttara Kannada,Jowar,Kharif,2016,28048.6,34654.0,1235.5
Karnataka,Uttara Kannada,Jowar,Rabi,2016,25802.0,22790.9,883.3
Karnataka,Uttara Kannada,Maize,Kharif,2016,18323.5,46325.5,2528.2
Karnataka,Uttara Kannada,Maize,Rabi,2016,13785.5,42644.1,3093.4
Karnataka,Uttara Kannada,Rice,Kharif,2016,29008.2,68743.6,2369.8
Karnataka,Uttara Kannada,Soyabean,Kharif,2016,23829.3,20972.2,880.1
Karnataka,Uttara Kannada,Sugarcane,Whole Year,2016,17864.7,945269.5,52912.7
Karnataka,Uttara Kannada,Wheat,Rabi,2016,15281.5,61937.4,4053.1
Karnataka,Uttara Kannada,Bajra,Kharif,2017,29198.9,48297.9,1654.1
Karnataka,Uttara Kannada,Cotton,Kharif,2017,27878.7,11957.2,428.9
Karnataka,Uttara Kannada,Gram,Rabi,2017,18729.4,14080.8,751.8
Karnataka,Uttara Kannada,Groundnut,Kharif,2017,23159.7,23889.2,1031.5
Karnataka,Uttara Kannada,Groundnut,Rabi,2017,18146.3,32220.6,1775.6
Karnataka,Uttara Kannada,Jowar,Kharif,2017,30243.1,38771.7,1282.0
Karnataka,Uttara Kannada,Jowar,Rabi,2017,27201.6,24293.7,893.1
Karnataka,Uttara Kannada,Maize,Kharif,2017,18170.5,54059.1,2975.1
Karnataka,Uttara Kannada,Maize,Rabi,2017,15472.2,40314.4,2605.6
Karnataka,Uttara Kannada,Rice,Kharif,2017,21970.6,48858.2,2223.8
Karnataka,Uttara Kannada,Soyabean,Kharif,2017,19160.1,22089.7,1152.9
Karnataka,Uttara Kannada,Sugarcane,Whole Year,2017,23711.3,1711514.8,72181.4
Karnataka,Uttara Kannada,Wheat,Rabi,2017,15871.3,47647.2,3002.1
Karnataka,Uttara Kannada,Bajra,Kharif,2018,16132.7,27885.4,1728.5
Karnataka,Uttara Kannada,Cotton,Kharif,2018,29483.9,12291.8,416.9
Karnataka,Uttara Kannada,Gram,Rabi,2018,21319.0,18253.3,856.2
Karnataka,Uttara Kannada,Groundnut,Kharif,2018,26250.9,41282.2,1572.6
Karnataka,Uttara Kannada,Groundnut,Rabi,2018,24358.0,42361.0,1739.1
Karnataka,Uttara Kannada,Jowar,Kharif,2018,22954.7,27183.0,1184.2
Karnataka,Uttara Kannada,Jowar,Rabi,2018,19056.0,30068.5,1577.9
Karnataka,Uttara Kannada,Maize,Kharif,2018,30185.6,84981.5,2815.3
Karnataka,Uttara Kannada,Maize,Rabi,2018,15897.6,42437.1,2669.4
Karnataka,Uttara Kannada,Rice,Kharif,2018,18401.0,52976.5,2879.0
Karnataka,Uttara Kannada,Soyabean,Kharif,2018,18305.4,19799.1,1081.6
Karnataka,Uttara Kannada,Sugarcane,Whole Year,2018,23008.9,1761609.7,76562.1
Karnataka,Uttara Kannada,Wheat,Rabi,2018,13246.1,52616.2,3972.2
Karnataka,Uttara Kannada,Bajra,Kharif,2019,30772.8,35370.3,1149.4
Karnataka,Uttara Kannada,Cotton,Kharif,2019,24038.5,9709.2,403.9
Karnataka,Uttara Kannada,Gram,Rabi,2019,16083.5,14264.5,886.9
Karnataka,Uttara Kannada,Groundnut,Kharif,2019,19713.7,22576.1,1145.2
Karnataka,Uttara Kannada,Groundnut,Rabi,2019,14301.6,17508.0,1224.2
Karnataka,Uttara Kannada,Jowar,Kharif,2019,30730.3,24138.7,785.5
Karnataka,Uttara Kannada,Jowar,Rabi,2019,24569.1,23873.8,971.7
Karnataka,Uttara Kannada,Maize,Kharif,2019,30771.2,102585.0,3333.8
Karnataka,Uttara Kannada,Maize,Rabi,2019,19846.8,65010.2,3275.6
Karnataka,Uttara Kannada,Rice,Kharif,2019,18064.1,55669.9,3081.8
Karnataka,Uttara Kannada,Soyabean,Kharif,2019,24289.7,34855.7,1435.0
Karnataka,Uttara Kannada,Sugarcane,Whole Year,2019,26207.2,1633851.2,62343.6
Karnataka,Uttara Kannada,Wheat,Rabi,2019,20936.5,64199.7,3066.4
Karnataka,Uttara Kannada,Bajra,Kharif,2020,23923.9,30608.2,1279.4
Karnataka,Uttara Kannada,Cotton,Kharif,2020,23371.5,14422.6,617.1
Karnataka,Uttara Kannada,Gram,Rabi,2020,22321.2,20769.9,930.5
Karnataka,Uttara Kannada,Groundnut,Kharif,2020,22388.7,21902.9,978.3
Karnataka,Uttara Kannada,Groundnut,Rabi,2020,19581.5,27326.0,1395.5
Karnataka,Uttara Kannada,Jowar,Kharif,2020,20073.9,24452.0,1218.1
Karnataka,Uttara Kannada,Jowar,Rabi,2020,23855.7,34631.3,1451.7
Karnataka,Uttara Kannada,Maize,Kharif,2020,25050.1,83562.1,3335.8
Karnataka,Uttara Kannada,Maize,Rabi,2020,23236.1,81135.8,3491.8
Karnataka,Uttara Kannada,Rice,Kharif,2020,25627.1,58032.6,2264.5
Karnataka,Uttara Kannada,Soyabean,Kharif,2020,25761.2,27049.3,1050.0
Karnataka,Uttara Kannada,Sugarcane,Whole Year,2020,18445.2,1203818.6,65264.6
Karnataka,Uttara Kannada,Wheat,Rabi,2020,12568.4,52354.9,4165.6
Karnataka,Uttara Kannada,Bajra,Kharif,2021,25015.0,37490.0,1498.7
Karnataka,Uttara Kannada,Cotton,Kharif,2021,20894.5,9341.9,447.1
Karnataka,Uttara Kannada,Gram,Rabi,2021,27665.2,30487.1,1102.0
Karnataka,Uttara Kannada,Groundnut,Kharif,2021,34684.1,41735.4,1203.3
Karnataka,Uttara Kannada,Groundnut,Rabi,2021,21139.4,29366.9,1389.2
Karnataka,Uttara Kannada,Jowar,Kharif,2021,21656.8,24320.6,1123.0
Karnataka,Uttara Kannada,Jowar,Rabi,2021,19155.0,18850.4,984.1
Karnataka,Uttara Kannada,Maize,Kharif,2021,21680.3,43477.7,2005.4
Karnataka,Uttara Kannada,Maize,Rabi,2021,20453.1,61101.6,2987.4
Karnataka,Uttara Kannada,Rice,Kharif,2021,19130.9,40289.7,2106.0
Karnataka,Uttara Kannada,Soyabean,Kharif,2021,13435.5,16926.0,1259.8
Karnataka,Uttara Kannada,Sugarcane,Whole Year,2021,16601.6,1238952.5,74628.5
Karnataka,Uttara Kannada,Wheat,Rabi,2021,12205.1,36603.1,2999.0
Karnataka,Uttara Kannada,Bajra,Kharif,2022,24641.8,33219.6,1348.1
Karnataka,Uttara Kannada,Cotton,Kharif,2022,18382.3,9768.4,531.4
Karnataka,Uttara Kannada,Gram,Rabi,2022,27095.5,26461.5,976.6
Karnataka,Uttara Kannada,Groundnut,Kharif,2022,28623.7,43934.5,1534.9
Karnataka,Uttara Kannada,Groundnut,Rabi,2022,22191.0,36424.3,1641.4
Karnataka,Uttara Kannada,Jowar,Kharif,2022,30011.3,31277.8,1042.2
Karnataka,Uttara Kannada,Jowar,Rabi,2022,26553.0,27673.5,1042.2
Karnataka,Uttara Kannada,Maize,Kharif,2022,21923.0,44554.1,2032.3
Karnataka,Uttara Kannada,Maize,Rabi,2022,21547.0,61781.7,2867.3
Karnataka,Uttara Kannada,Rice,Kharif,2022,20749.4,45194.3,2178.1
Karnataka,Uttara Kannada,Soyabean,Kharif,2022,24619.6,34393.6,1397.0
Karnataka,Uttara Kannada,Sugarcane,Whole Year,2022,24410.0,1720497.4,70483.3
Karnataka,Uttara Kannada,Wheat,Rabi,2022,16743.3,54025.6,3226.7
Karnataka,Uttara Kannada,Bajra,Kharif,2023,26548.4,33809.4,1273.5
Karnataka,Uttara Kannada,Cotton,Kharif,2023,22654.8,11447.5,505.3
Karnataka,Uttara Kannada,Gram,Rabi,2023,23680.6,24438.4,1032.0
Karnataka,Uttara Kannada,Groundnut,Kharif,2023,32435.2,52090.9,1606.0
Karnataka,Uttara Kannada,Groundnut,Rabi,2023,14217.3,18707.1,1315.8
Karnataka,Uttara Kannada,Jowar,Kharif,2023,26825.6,26337.4,981.8
Karnataka,Uttara Kannada,Jowar,Rabi,2023,15241.4,23790.3,1560.9
Karnataka,Uttara Kannada,Maize,Kharif,2023,21176.6,71797.1,3390.4
Karnataka,Uttara Kannada,Maize,Rabi,2023,20609.2,70487.6,3420.2
Karnataka,Uttara Kannada,Rice,Kharif,2023,20417.5,44530.6,2181.0
Karnataka,Uttara Kannada,Soyabean,Kharif,2023,19297.7,19041.0,986.7
Karnataka,Uttara Kannada,Sugarcane,Whole Year,2023,20192.3,1244732.1,61643.9
Karnataka,Uttara Kannada,Wheat,Rabi,2023,13596.3,39814.0,2928.3
