Date,Commodity,State,Market_Mandi,Min_Price_Rs_per_Quintal,Max_Price_Rs_per_Quintal,Modal_Price_Rs_per_Quintal,Arrivals_Tonnes
2015-01-05,Rice,West Bengal,Burdwan Mandi,1938.8,2138.4,2038.6,744.8
2015-01-12,Rice,West Bengal,Burdwan Mandi,2091.9,2323.9,2207.9,807.0
2015-01-19,Rice,West Bengal,Burdwan Mandi,2041.4,2334.2,2187.8,1063.5
2015-01-26,Rice,West Bengal,Burdwan Mandi,2001.7,2262.1,2131.9,913.3
2015-02-02,Rice,West Bengal,Burdwan Mandi,1878.0,2227.4,2052.7,802.8
2015-02-09,Rice,West Bengal,Burdwan Mandi,1950.3,2262.5,2106.4,700.4
2015-02-16,Rice,West Bengal,Burdwan Mandi,2009.8,2371.2,2190.5,786.5
2015-02-23,Rice,West Bengal,Burdwan Mandi,2127.5,2430.3,2278.9,987.8
2015-03-02,Rice,West Bengal,Burdwan Mandi,2009.3,2266.3,2137.8,754.5
2015-03-09,Rice,West Bengal,Burdwan Mandi,1900.9,2101.7,2001.3,1087.2
2015-03-16,Rice,West Bengal,Burdwan Mandi,2025.8,2298.6,2162.2,1045.9
2015-03-23,Rice,West Bengal,Burdwan Mandi,1991.9,2380.3,2186.1,795.2
2015-03-30,Rice,West Bengal,Burdwan Mandi,1892.7,2249.1,2070.9,704.3
2015-04-06,Rice,West Bengal,Burdwan Mandi,2090.5,2404.1,2247.3,1084.1
2015-04-13,Rice,West Bengal,Burdwan Mandi,2128.3,2463.5,2295.9,647.1
2015-04-20,Rice,West Bengal,Burdwan Mandi,1890.9,2148.1,2019.5,1008.7
2015-04-27,Rice,West Bengal,Burdwan Mandi,1914.4,2164.2,2039.3,669.7
2015-05-04,Rice,West Bengal,Burdwan Mandi,2026.0,2196.0,2111.0,782.3
2015-05-11,Rice,West Bengal,Burdwan Mandi,2069.3,2287.3,2178.3,993.7
2015-05-18,Rice,West Bengal,Burdwan Mandi,1935.2,2141.4,2038.3,749.0
2015-05-25,Rice,West Bengal,Burdwan Mandi,1978.9,2314.7,2146.8,793.5
2015-06-01,Rice,West Bengal,Burdwan Mandi,2045.3,2430.7,2238.0,690.5
2015-06-08,Rice,West Bengal,Burdwan Mandi,2131.6,2452.4,2292.0,975.2
2015-06-15,Rice,West Bengal,Burdwan Mandi,2082.5,2350.3,2216.4,674.6
2015-06-22,Rice,West Bengal,Burdwan Mandi,1975.6,2178.0,2076.8,712.1
2015-06-29,Rice,West Bengal,Burdwan Mandi,1974.8,2184.4,2079.6,889.2
2015-07-06,Rice,West Bengal,Burdwan Mandi,2092.0,2455.4,2273.7,1020.9
2015-07-13,Rice,West Bengal,Burdwan Mandi,1907.2,2244.0,2075.6,715.9
2015-07-20,Rice,West Bengal,Burdwan Mandi,1951.8,2176.4,2064.1,900.6
2015-07-27,Rice,West Bengal,Burdwan Mandi,1954.3,2163.5,2058.9,814.4
2015-08-03,Rice,West Bengal,Burdwan Mandi,2161.9,2437.7,2299.8,821.3
2015-08-10,Rice,West Bengal,Burdwan Mandi,2066.6,2259.8,2163.2,1036.4
2015-08-17,Rice,West Bengal,Burdwan Mandi,2158.3,2513.7,2336.0,814.1
2015-08-24,Rice,West Bengal,Burdwan Mandi,2068.9,2312.3,2190.6,932.3
2015-08-31,Rice,West Bengal,Burdwan Mandi,2132.4,2383.2,2257.8,1033.9
2015-09-07,Rice,West Bengal,Burdwan Mandi,2165.0,2397.4,2281.2,1003.9
2015-09-14,Rice,West Bengal,Burdwan Mandi,2150.2,2388.4,2269.3,766.9
2015-09-21,Rice,West Bengal,Burdwan Mandi,2194.9,2396.9,2295.9,832.3
2015-09-28,Rice,West Bengal,Burdwan Mandi,2239.5,2489.3,2364.4,862.5
2015-10-05,Rice,West Bengal,Burdwan Mandi,1576.1,1864.1,1720.1,1917.3
2015-10-12,Rice,West Bengal,Burdwan Mandi,1495.2,1778.4,1636.8,1443.8
2015-10-19,Rice,West Bengal,Burdwan Mandi,1614.2,1822.0,1718.1,1801.5
2015-10-26,Rice,West Bengal,Burdwan Mandi,1568.5,1747.9,1658.2,1819.3
2015-11-02,Rice,West Bengal,Burdwan Mandi,1510.3,1806.7,1658.5,1809.1
2015-11-09,Rice,West Bengal,Burdwan Mandi,1527.0,1718.4,1622.7,2005.7
2015-11-16,Rice,West Bengal,Burdwan Mandi,1485.2,1720.4,1602.8,1833.7
2015-11-23,Rice,West Bengal,Burdwan Mandi,1660.0,1833.6,1746.8,1807.5
2015-11-30,Rice,West Bengal,Burdwan Mandi,1453.7,1679.3,1566.5,1800.5
2015-12-07,Rice,West Bengal,Burdwan Mandi,1558.1,1841.3,1699.7,1421.0
2015-12-14,Rice,West Bengal,Burdwan Mandi,1629.7,1827.7,1728.7,1571.3
2015-12-21,Rice,West Bengal,Burdwan Mandi,1454.4,1661.8,1558.1,1216.2
2015-12-28,Rice,West Bengal,Burdwan Mandi,1487.4,1723.8,1605.6,1881.1
2016-01-04,Rice,West Bengal,Burdwan Mandi,1979.8,2320.6,2150.2,835.2
2016-01-11,Rice,West Bengal,Burdwan Mandi,1997.0,2332.2,2164.6,971.4
2016-01-18,Rice,West Bengal,Burdwan Mandi,2100.4,2400.0,2250.2,916.3
2016-01-25,Rice,West Bengal,Burdwan Mandi,2124.2,2484.8,2304.5,985.2
2016-02-01,Rice,West Bengal,Burdwan Mandi,2081.3,2259.3,2170.3,678.6
2016-02-08,Rice,West Bengal,Burdwan Mandi,2054.4,2359.0,2206.7,1074.0
2016-02-15,Rice,West Bengal,Burdwan Mandi,2112.7,2375.1,2243.9,887.4
2016-02-22,Rice,West Bengal,Burdwan Mandi,2248.0,2583.2,2415.6,766.4
2016-02-29,Rice,West Bengal,Burdwan Mandi,2146.0,2568.4,2357.2,996.7
2016-03-07,Rice,West Bengal,Burdwan Mandi,2136.4,2354.8,2245.6,842.9
2016-03-14,Rice,West Bengal,Burdwan Mandi,2061.3,2262.5,2161.9,836.3
2016-03-21,Rice,West Bengal,Burdwan Mandi,2215.2,2574.8,2395.0,823.2
2016-03-28,Rice,West Bengal,Burdwan Mandi,2312.0,2550.0,2431.0,745.6
2016-04-04,Rice,West Bengal,Burdwan Mandi,2063.6,2367.8,2215.7,1041.1
2016-04-11,Rice,West Bengal,Burdwan Mandi,2069.8,2436.4,2253.1,1062.9
2016-04-18,Rice,West Bengal,Burdwan Mandi,2093.0,2480.2,2286.6,1040.8
2016-04-25,Rice,West Bengal,Burdwan Mandi,2177.4,2399.2,2288.3,664.5
2016-05-02,Rice,West Bengal,Burdwan Mandi,2075.2,2354.2,2214.7,637.1
2016-05-09,Rice,West Bengal,Burdwan Mandi,2100.9,2391.5,2246.2,785.1
2016-05-16,Rice,West Bengal,Burdwan Mandi,2216.1,2541.9,2379.0,876.3
2016-05-23,Rice,West Bengal,Burdwan Mandi,2186.9,2511.7,2349.3,821.2
2016-05-30,Rice,West Bengal,Burdwan Mandi,2048.0,2353.6,2200.8,651.9
2016-06-06,Rice,West Bengal,Burdwan Mandi,2037.8,2284.6,2161.2,736.2
2016-06-13,Rice,West Bengal,Burdwan Mandi,2281.8,2511.6,2396.7,832.9
2016-06-20,Rice,West Bengal,Burdwan Mandi,2235.0,2524.8,2379.9,1002.1
2016-06-27,Rice,West Bengal,Burdwan Mandi,2088.2,2301.4,2194.8,757.3
2016-07-04,Rice,West Bengal,Burdwan Mandi,2122.9,2432.7,2277.8,721.6
2016-07-11,Rice,West Bengal,Burdwan Mandi,2167.5,2519.5,2343.5,931.5
2016-07-18,Rice,West Bengal,Burdwan Mandi,2322.4,2536.6,2429.5,943.2
2016-07-25,Rice,West Bengal,Burdwan Mandi,2207.6,2598.0,2402.8,699.4
2016-08-01,Rice,West Bengal,Burdwan Mandi,2025.8,2368.4,2197.1,928.7
2016-08-08,Rice,West Bengal,Burdwan Mandi,2039.8,2411.6,2225.7,961.2
2016-08-15,Rice,West Bengal,Burdwan Mandi,2189.6,2560.2,2374.9,912.3
2016-08-22,Rice,West Bengal,Burdwan Mandi,2190.0,2385.0,2287.5,788.2
2016-08-29,Rice,West Bengal,Burdwan Mandi,2265.8,2501.2,2383.5,713.0
2016-09-05,Rice,West Bengal,Burdwan Mandi,2073.7,2361.3,2217.5,1076.6
2016-09-12,Rice,West Bengal,Burdwan Mandi,2325.1,2522.1,2423.6,804.1
2016-09-19,Rice,West Bengal,Burdwan Mandi,2302.2,2518.4,2410.3,997.2
2016-09-26,Rice,West Bengal,Burdwan Mandi,2124.9,2406.7,2265.8,996.3
2016-10-03,Rice,West Bengal,Burdwan Mandi,1735.1,1894.9,1815.0,1943.2
2016-10-10,Rice,West Bengal,Burdwan Mandi,1668.4,1966.2,1817.3,1904.7
2016-10-17,Rice,West Bengal,Burdwan Mandi,1603.3,1792.3,1697.8,1255.6
2016-10-24,Rice,West Bengal,Burdwan Mandi,1611.5,1799.3,1705.4,1356.5
2016-10-31,Rice,West Bengal,Burdwan Mandi,1685.4,1994.6,1840.0,1936.4
2016-11-07,Rice,West Bengal,Burdwan Mandi,1606.9,1762.5,1684.7,1595.9
2016-11-14,Rice,West Bengal,Burdwan Mandi,1538.1,1726.5,1632.3,1755.4
2016-11-21,Rice,West Bengal,Burdwan Mandi,1597.6,1789.8,1693.7,1506.3
2016-11-28,Rice,West Bengal,Burdwan Mandi,1744.3,1896.3,1820.3,1940.2
2016-12-05,Rice,West Bengal,Burdwan Mandi,1649.8,1888.2,1769.0,1833.0
2016-12-12,Rice,West Bengal,Burdwan Mandi,1491.2,1761.8,1626.5,1472.3
2016-12-19,Rice,West Bengal,Burdwan Mandi,1608.5,1834.3,1721.4,2018.0
2016-12-26,Rice,West Bengal,Burdwan Mandi,1570.0,1792.6,1681.3,2098.6
2017-01-02,Rice,West Bengal,Burdwan Mandi,2127.8,2459.8,2293.8,705.7
2017-01-09,Rice,West Bengal,Burdwan Mandi,2266.1,2564.3,2415.2,891.3
2017-01-16,Rice,West Bengal,Burdwan Mandi,2125.3,2349.5,2237.4,1046.1
2017-01-23,Rice,West Bengal,Burdwan Mandi,2164.6,2416.6,2290.6,1087.0
2017-01-30,Rice,West Bengal,Burdwan Mandi,2158.4,2478.2,2318.3,829.0
2017-02-06,Rice,West Bengal,Burdwan Mandi,2074.9,2397.7,2236.3,862.4
2017-02-13,Rice,West Bengal,Burdwan Mandi,2326.5,2780.1,2553.3,664.2
2017-02-20,Rice,West Bengal,Burdwan Mandi,2299.4,2577.8,2438.6,691.0
2017-02-27,Rice,West Bengal,Burdwan Mandi,2438.6,2666.0,2552.3,861.9
2017-03-06,Rice,West Bengal,Burdwan Mandi,2164.3,2483.3,2323.8,726.3
2017-03-13,Rice,West Bengal,Burdwan Mandi,2380.1,2693.7,2536.9,723.2
2017-03-20,Rice,West Bengal,Burdwan Mandi,2403.7,2639.3,2521.5,971.0
2017-03-27,Rice,West Bengal,Burdwan Mandi,2145.3,2528.7,2337.0,748.5
2017-04-03,Rice,West Bengal,Burdwan Mandi,2294.1,2658.7,2476.4,863.1
2017-04-10,Rice,West Bengal,Burdwan Mandi,2382.2,2725.2,2553.7,738.4
2017-04-17,Rice,West Bengal,Burdwan Mandi,2257.5,2620.1,2438.8,824.5
2017-04-24,Rice,West Bengal,Burdwan Mandi,2335.0,2548.0,2441.5,745.7
2017-05-01,Rice,West Bengal,Burdwan Mandi,2383.7,2670.3,2527.0,717.4
2017-05-08,Rice,West Bengal,Burdwan Mandi,2433.5,2644.1,2538.8,647.7
2017-05-15,Rice,West Bengal,Burdwan Mandi,2178.3,2405.1,2291.7,653.1
2017-05-22,Rice,West Bengal,Burdwan Mandi,2246.4,2500.0,2373.2,1056.5
2017-05-29,Rice,West Bengal,Burdwan Mandi,2200.1,2525.5,2362.8,766.4
2017-06-05,Rice,West Bengal,Burdwan Mandi,2411.4,2642.4,2526.9,789.2
2017-06-12,Rice,West Bengal,Burdwan Mandi,2200.7,2458.1,2329.4,750.3
2017-06-19,Rice,West Bengal,Burdwan Mandi,2226.0,2651.2,2438.6,642.6
2017-06-26,Rice,West Bengal,Burdwan Mandi,2198.8,2532.0,2365.4,1015.7
2017-07-03,Rice,West Bengal,Burdwan Mandi,2278.8,2559.2,2419.0,776.9
2017-07-10,Rice,West Bengal,Burdwan Mandi,2258.3,2582.1,2420.2,990.3
2017-07-17,Rice,West Bengal,Burdwan Mandi,2188.5,2413.1,2300.8,732.6
2017-07-24,Rice,West Bengal,Burdwan Mandi,2314.6,2706.4,2510.5,662.6
2017-07-31,Rice,West Bengal,Burdwan Mandi,2193.7,2403.7,2298.7,831.4
2017-08-07,Rice,West Bengal,Burdwan Mandi,2315.5,2765.9,2540.7,800.8
2017-08-14,Rice,West Bengal,Burdwan Mandi,2245.2,2656.0,2450.6,984.7
2017-08-21,Rice,West Bengal,Burdwan Mandi,2481.0,2759.4,2620.2,959.0
2017-08-28,Rice,West Bengal,Burdwan Mandi,2450.7,2728.7,2589.7,742.5
2017-09-04,Rice,West Bengal,Burdwan Mandi,2500.7,2769.5,2635.1,780.6
2017-09-11,Rice,West Bengal,Burdwan Mandi,2152.7,2546.5,2349.6,917.1
2017-09-18,Rice,West Bengal,Burdwan Mandi,2252.1,2550.5,2401.3,835.5
2017-09-25,Rice,West Bengal,Burdwan Mandi,2145.5,2504.5,2325.0,665.9
2017-10-02,Rice,West Bengal,Burdwan Mandi,1659.7,1936.1,1797.9,1466.5
2017-10-09,Rice,West Bengal,Burdwan Mandi,1736.1,2059.1,1897.6,1842.2
2017-10-16,Rice,West Bengal,Burdwan Mandi,1656.0,1969.6,1812.8,1500.9
2017-10-23,Rice,West Bengal,Burdwan Mandi,1823.5,2099.1,1961.3,1691.3
2017-10-30,Rice,West Bengal,Burdwan Mandi,1843.9,2018.9,1931.4,1470.3
2017-11-06,Rice,West Bengal,Burdwan Mandi,1825.9,1991.7,1908.8,2039.4
2017-11-13,Rice,West Bengal,Burdwan Mandi,1710.2,1946.0,1828.1,2102.5
2017-11-20,Rice,West Bengal,Burdwan Mandi,1664.0,1806.2,1735.1,1716.7
2017-11-27,Rice,West Bengal,Burdwan Mandi,1722.6,2035.0,1878.8,1386.4
2017-12-04,Rice,West Bengal,Burdwan Mandi,1803.5,2087.1,1945.3,1730.7
2017-12-11,Rice,West Bengal,Burdwan Mandi,1586.1,1861.9,1724.0,1409.3
2017-12-18,Rice,West Bengal,Burdwan Mandi,1724.0,2063.6,1893.8,1226.3
2017-12-25,Rice,West Bengal,Burdwan Mandi,1674.8,1993.6,1834.2,1470.6
2018-01-01,Rice,West Bengal,Burdwan Mandi,2438.1,2867.5,2652.8,949.1
2018-01-08,Rice,West Bengal,Burdwan Mandi,2508.5,2916.9,2712.7,678.4
2018-01-15,Rice,West Bengal,Burdwan Mandi,2453.7,2866.5,2660.1,808.4
2018-01-22,Rice,West Bengal,Burdwan Mandi,2269.6,2526.0,2397.8,873.2
2018-01-29,Rice,West Bengal,Burdwan Mandi,2236.0,2674.6,2455.3,703.1
2018-02-05,Rice,West Bengal,Burdwan Mandi,2352.7,2580.5,2466.6,975.8
2018-02-12,Rice,West Bengal,Burdwan Mandi,2527.1,2807.3,2667.2,810.7
2018-02-19,Rice,West Bengal,Burdwan Mandi,2503.6,2879.8,2691.7,730.5
2018-02-26,Rice,West Bengal,Burdwan Mandi,2519.0,2948.0,2733.5,771.7
2018-03-05,Rice,West Bengal,Burdwan Mandi,2374.8,2705.0,2539.9,923.1
2018-03-12,Rice,West Bengal,Burdwan Mandi,2426.0,2667.8,2546.9,782.1
2018-03-19,Rice,West Bengal,Burdwan Mandi,2272.7,2589.3,2431.0,913.5
2018-03-26,Rice,West Bengal,Burdwan Mandi,2490.5,2717.1,2603.8,886.8
2018-04-02,Rice,West Bengal,Burdwan Mandi,2487.8,2854.6,2671.2,786.0
2018-04-09,Rice,West Bengal,Burdwan Mandi,2515.2,2836.2,2675.7,996.6
2018-04-16,Rice,West Bengal,Burdwan Mandi,2292.7,2505.9,2399.3,841.5
2018-04-23,Rice,West Bengal,Burdwan Mandi,2307.5,2549.1,2428.3,1061.1
2018-04-30,Rice,West Bengal,Burdwan Mandi,2534.2,2828.8,2681.5,682.9
2018-05-07,Rice,West Bengal,Burdwan Mandi,2466.9,2869.3,2668.1,710.0
2018-05-14,Rice,West Bengal,Burdwan Mandi,2419.3,2795.1,2607.2,671.1
2018-05-21,Rice,West Bengal,Burdwan Mandi,2348.2,2550.4,2449.3,1016.9
2018-05-28,Rice,West Bengal,Burdwan Mandi,2376.7,2662.7,2519.7,649.8
2018-06-04,Rice,West Bengal,Burdwan Mandi,2510.9,2789.1,2650.0,880.5
2018-06-11,Rice,West Bengal,Burdwan Mandi,2398.1,2690.1,2544.1,649.9
2018-06-18,Rice,West Bengal,Burdwan Mandi,2320.8,2755.4,2538.1,1065.8
2018-06-25,Rice,West Bengal,Burdwan Mandi,2528.1,2983.1,2755.6,1004.7
2018-07-02,Rice,West Bengal,Burdwan Mandi,2467.9,2840.7,2654.3,961.9
2018-07-09,Rice,West Bengal,Burdwan Mandi,2583.8,2973.8,2778.8,887.5
2018-07-16,Rice,West Bengal,Burdwan Mandi,2475.2,2918.8,2697.0,876.7
2018-07-23,Rice,West Bengal,Burdwan Mandi,2269.1,2612.3,2440.7,788.9
2018-07-30,Rice,West Bengal,Burdwan Mandi,2378.0,2588.0,2483.0,876.7
2018-08-06,Rice,West Bengal,Burdwan Mandi,2599.8,2978.6,2789.2,1015.3
2018-08-13,Rice,West Bengal,Burdwan Mandi,2363.5,2646.3,2504.9,1071.3
2018-08-20,Rice,West Bengal,Burdwan Mandi,2491.6,2903.4,2697.5,766.6
2018-08-27,Rice,West Bengal,Burdwan Mandi,2539.0,2846.8,2692.9,721.8
2018-09-03,Rice,West Bengal,Burdwan Mandi,2385.4,2630.0,2507.7,672.7
2018-09-10,Rice,West Bengal,Burdwan Mandi,2380.1,2813.1,2596.6,881.7
2018-09-17,Rice,West Bengal,Burdwan Mandi,2405.8,2779.6,2592.7,1056.1
2018-09-24,Rice,West Bengal,Burdwan Mandi,2334.2,2773.0,2553.6,1083.6
2018-10-01,Rice,West Bengal,Burdwan Mandi,1814.9,1978.7,1896.8,1821.8
2018-10-08,Rice,West Bengal,Burdwan Mandi,1933.1,2172.9,2053.0,1494.3
2018-10-15,Rice,West Bengal,Burdwan Mandi,1783.5,1956.3,1869.9,1806.7
2018-10-22,Rice,West Bengal,Burdwan Mandi,1722.7,2049.7,1886.2,1578.4
2018-10-29,Rice,West Bengal,Burdwan Mandi,1709.3,1979.9,1844.6,2089.6
2018-11-05,Rice,West Bengal,Burdwan Mandi,1683.4,2010.4,1846.9,1804.4
2018-11-12,Rice,West Bengal,Burdwan Mandi,1846.6,2199.8,2023.2,1703.4
2018-11-19,Rice,West Bengal,Burdwan Mandi,1869.4,2054.2,1961.8,1581.5
2018-11-26,Rice,West Bengal,Burdwan Mandi,1863.9,2073.7,1968.8,1601.9
2018-12-03,Rice,West Bengal,Burdwan Mandi,1767.2,2082.4,1924.8,1522.9
2018-12-10,Rice,West Bengal,Burdwan Mandi,1961.2,2173.8,2067.5,1795.2
2018-12-17,Rice,West Bengal,Burdwan Mandi,1852.9,2068.9,1960.9,1909.5
2018-12-24,Rice,West Bengal,Burdwan Mandi,2000.3,2194.7,2097.5,1937.8
2018-12-31,Rice,West Bengal,Burdwan Mandi,1740.3,1953.7,1847.0,2067.6
2019-01-07,Rice,West Bengal,Burdwan Mandi,2615.2,3109.6,2862.4,794.1
2019-01-14,Rice,West Bengal,Burdwan Mandi,2533.8,3028.0,2780.9,659.9
2019-01-21,Rice,West Bengal,Burdwan Mandi,2602.5,3031.9,2817.2,1060.7
2019-01-28,Rice,West Bengal,Burdwan Mandi,2484.7,2871.1,2677.9,982.0
2019-02-04,Rice,West Bengal,Burdwan Mandi,2493.4,2903.0,2698.2,730.1
2019-02-11,Rice,West Bengal,Burdwan Mandi,2401.1,2659.3,2530.2,1085.2
2019-02-18,Rice,West Bengal,Burdwan Mandi,2453.3,2905.7,2679.5,1078.3
2019-02-25,Rice,West Bengal,Burdwan Mandi,2673.1,3059.9,2866.5,763.3
2019-03-04,Rice,West Bengal,Burdwan Mandi,2536.7,2968.9,2752.8,963.7
2019-03-11,Rice,West Bengal,Burdwan Mandi,2428.3,2645.5,2536.9,645.1
2019-03-18,Rice,West Bengal,Burdwan Mandi,2465.7,2778.7,2622.2,801.6
2019-03-25,Rice,West Bengal,Burdwan Mandi,2599.1,3040.1,2819.6,761.3
2019-04-01,Rice,West Bengal,Burdwan Mandi,2440.5,2891.3,2665.9,949.4
2019-04-08,Rice,West Bengal,Burdwan Mandi,2404.1,2691.9,2548.0,1010.4
2019-04-15,Rice,West Bengal,Burdwan Mandi,2606.3,2880.9,2743.6,821.7
2019-04-22,Rice,West Bengal,Burdwan Mandi,2663.5,2937.3,2800.4,747.4
2019-04-29,Rice,West Bengal,Burdwan Mandi,2696.0,3036.8,2866.4,820.6
2019-05-06,Rice,West Bengal,Burdwan Mandi,2669.4,3184.0,2926.7,770.1
2019-05-13,Rice,West Bengal,Burdwan Mandi,2426.2,2674.0,2550.1,1080.7
2019-05-20,Rice,West Bengal,Burdwan Mandi,2677.2,2968.4,2822.8,1047.8
2019-05-27,Rice,West Bengal,Burdwan Mandi,2674.5,3111.9,2893.2,638.2
2019-06-03,Rice,West Bengal,Burdwan Mandi,2621.0,2903.4,2762.2,748.2
2019-06-10,Rice,West Bengal,Burdwan Mandi,2550.3,2876.1,2713.2,1038.5
2019-06-17,Rice,West Bengal,Burdwan Mandi,2578.1,2839.7,2708.9,702.0
2019-06-24,Rice,West Bengal,Burdwan Mandi,2598.4,2894.4,2746.4,1017.8
2019-07-01,Rice,West Bengal,Burdwan Mandi,2598.2,3029.2,2813.7,711.9
2019-07-08,Rice,West Bengal,Burdwan Mandi,2584.3,3000.5,2792.4,652.3
2019-07-15,Rice,West Bengal,Burdwan Mandi,2530.1,2930.9,2730.5,700.8
2019-07-22,Rice,West Bengal,Burdwan Mandi,2800.9,3099.5,2950.2,684.4
2019-07-29,Rice,West Bengal,Burdwan Mandi,2594.5,3103.1,2848.8,987.2
2019-08-05,Rice,West Bengal,Burdwan Mandi,2633.9,2948.9,2791.4,729.6
2019-08-12,Rice,West Bengal,Burdwan Mandi,2478.7,2746.1,2612.4,920.5
2019-08-19,Rice,West Bengal,Burdwan Mandi,2446.4,2927.0,2686.7,702.4
2019-08-26,Rice,West Bengal,Burdwan Mandi,2526.2,2850.8,2688.5,1070.7
2019-09-02,Rice,West Bengal,Burdwan Mandi,2594.9,2863.7,2729.3,964.8
2019-09-09,Rice,West Bengal,Burdwan Mandi,2465.3,2799.9,2632.6,729.5
2019-09-16,Rice,West Bengal,Burdwan Mandi,2799.4,3168.8,2984.1,863.6
2019-09-23,Rice,West Bengal,Burdwan Mandi,2763.2,3196.0,2979.6,1088.5
2019-09-30,Rice,West Bengal,Burdwan Mandi,2543.8,3008.0,2775.9,830.8
2019-10-07,Rice,West Bengal,Burdwan Mandi,1815.7,2166.3,1991.0,1770.1
2019-10-14,Rice,West Bengal,Burdwan Mandi,1820.9,2088.5,1954.7,1830.8
2019-10-21,Rice,West Bengal,Burdwan Mandi,1829.3,2080.1,1954.7,1610.6
2019-10-28,Rice,West Bengal,Burdwan Mandi,1824.1,2117.1,1970.6,1649.1
2019-11-04,Rice,West Bengal,Burdwan Mandi,1952.3,2231.7,2092.0,1762.7
2019-11-11,Rice,West Bengal,Burdwan Mandi,2009.5,2285.3,2147.4,2074.8
2019-11-18,Rice,West Bengal,Burdwan Mandi,2048.4,2322.6,2185.5,1323.1
2019-11-25,Rice,West Bengal,Burdwan Mandi,1946.2,2190.4,2068.3,2006.8
2019-12-02,Rice,West Bengal,Burdwan Mandi,1932.9,2106.5,2019.7,1389.0
2019-12-09,Rice,West Bengal,Burdwan Mandi,2085.0,2286.4,2185.7,2025.5
2019-12-16,Rice,West Bengal,Burdwan Mandi,1919.8,2195.8,2057.8,1887.4
2019-12-23,Rice,West Bengal,Burdwan Mandi,2087.7,2287.5,2187.6,1739.6
2019-12-30,Rice,West Bengal,Burdwan Mandi,1817.3,2166.9,1992.1,1902.3
2020-01-06,Rice,West Bengal,Burdwan Mandi,2592.3,2907.5,2749.9,1080.8
2020-01-13,Rice,West Bengal,Burdwan Mandi,2796.5,3271.9,3034.2,648.0
2020-01-20,Rice,West Bengal,Burdwan Mandi,2550.0,2934.8,2742.4,725.5
2020-01-27,Rice,West Bengal,Burdwan Mandi,2749.0,2980.0,2864.5,843.1
2020-02-03,Rice,West Bengal,Burdwan Mandi,2619.1,3083.5,2851.3,790.2
2020-02-10,Rice,West Bengal,Burdwan Mandi,2866.6,3182.4,3024.5,638.0
2020-02-17,Rice,West Bengal,Burdwan Mandi,2710.1,2985.7,2847.9,1071.2
2020-02-24,Rice,West Bengal,Burdwan Mandi,2739.4,3260.2,2999.8,728.6
2020-03-02,Rice,West Bengal,Burdwan Mandi,2765.2,3283.6,3024.4,760.5
2020-03-09,Rice,West Bengal,Burdwan Mandi,2828.2,3179.2,3003.7,716.0
2020-03-16,Rice,West Bengal,Burdwan Mandi,2783.8,3118.6,2951.2,769.3
2020-03-23,Rice,West Bengal,Burdwan Mandi,2728.6,3154.6,2941.6,636.7
2020-03-30,Rice,West Bengal,Burdwan Mandi,2515.9,2876.1,2696.0,671.7
2020-04-06,Rice,West Bengal,Burdwan Mandi,2494.3,2968.1,2731.2,1069.8
2020-04-13,Rice,West Bengal,Burdwan Mandi,2722.0,3235.4,2978.7,948.8
2020-04-20,Rice,West Bengal,Burdwan Mandi,2945.8,3192.4,3069.1,802.2
2020-04-27,Rice,West Bengal,Burdwan Mandi,2682.8,3006.8,2844.8,754.5
2020-05-04,Rice,West Bengal,Burdwan Mandi,2611.1,3047.9,2829.5,1068.6
2020-05-11,Rice,West Bengal,Burdwan Mandi,2894.5,3260.7,3077.6,908.6
2020-05-18,Rice,West Bengal,Burdwan Mandi,2644.3,2954.7,2799.5,1051.1
2020-05-25,Rice,West Bengal,Burdwan Mandi,2798.1,3058.1,2928.1,852.6
2020-06-01,Rice,West Bengal,Burdwan Mandi,2809.0,3258.2,3033.6,681.5
2020-06-08,Rice,West Bengal,Burdwan Mandi,2712.5,3034.5,2873.5,732.0
2020-06-15,Rice,West Bengal,Burdwan Mandi,2587.3,3048.9,2818.1,885.6
2020-06-22,Rice,West Bengal,Burdwan Mandi,2867.0,3232.0,3049.5,1019.0
2020-06-29,Rice,West Bengal,Burdwan Mandi,2571.1,2882.3,2726.7,718.1
2020-07-06,Rice,West Bengal,Burdwan Mandi,2619.2,3054.8,2837.0,712.6
2020-07-13,Rice,West Bengal,Burdwan Mandi,2877.5,3303.7,3090.6,1034.6
2020-07-20,Rice,West Bengal,Burdwan Mandi,2624.1,2860.5,2742.3,645.2
2020-07-27,Rice,West Bengal,Burdwan Mandi,2943.0,3341.8,3142.4,657.6
2020-08-03,Rice,West Bengal,Burdwan Mandi,2692.6,3022.4,2857.5,749.6
2020-08-10,Rice,West Bengal,Burdwan Mandi,2722.9,3021.3,2872.1,744.8
2020-08-17,Rice,West Bengal,Burdwan Mandi,2789.9,3056.9,2923.4,906.4
2020-08-24,Rice,West Bengal,Burdwan Mandi,2931.7,3232.5,3082.1,924.3
2020-08-31,Rice,West Bengal,Burdwan Mandi,2865.8,3204.8,3035.3,807.6
2020-09-07,Rice,West Bengal,Burdwan Mandi,2613.1,3011.3,2812.2,1081.9
2020-09-14,Rice,West Bengal,Burdwan Mandi,2923.5,3235.9,3079.7,827.8
2020-09-21,Rice,West Bengal,Burdwan Mandi,2811.6,3132.8,2972.2,1075.0
2020-09-28,Rice,West Bengal,Burdwan Mandi,2933.9,3323.9,3128.9,734.7
2020-10-05,Rice,West Bengal,Burdwan Mandi,2106.4,2403.8,2255.1,1852.0
2020-10-12,Rice,West Bengal,Burdwan Mandi,2091.5,2498.1,2294.8,1914.4
2020-10-19,Rice,West Bengal,Burdwan Mandi,1951.1,2234.5,2092.8,1854.5
2020-10-26,Rice,West Bengal,Burdwan Mandi,1899.2,2272.4,2085.8,1457.4
2020-11-02,Rice,West Bengal,Burdwan Mandi,2201.0,2388.0,2294.5,1292.6
2020-11-09,Rice,West Bengal,Burdwan Mandi,1951.1,2132.3,2041.7,1281.4
2020-11-16,Rice,West Bengal,Burdwan Mandi,1906.2,2220.6,2063.4,2035.2
2020-11-23,Rice,West Bengal,Burdwan Mandi,2101.5,2471.5,2286.5,1909.3
2020-11-30,Rice,West Bengal,Burdwan Mandi,1973.0,2221.6,2097.3,1256.8
2020-12-07,Rice,West Bengal,Burdwan Mandi,1996.8,2206.0,2101.4,1627.6
2020-12-14,Rice,West Bengal,Burdwan Mandi,2198.3,2467.7,2333.0,1828.9
2020-12-21,Rice,West Bengal,Burdwan Mandi,2129.3,2378.9,2254.1,1253.1
2020-12-28,Rice,West Bengal,Burdwan Mandi,2013.8,2225.8,2119.8,1674.1
2021-01-04,Rice,West Bengal,Burdwan Mandi,2727.2,3154.2,2940.7,912.8
2021-01-11,Rice,West Bengal,Burdwan Mandi,2620.0,3094.2,2857.1,822.3
2021-01-18,Rice,West Bengal,Burdwan Mandi,2781.9,3023.9,2902.9,852.0
2021-01-25,Rice,West Bengal,Burdwan Mandi,2644.4,3089.6,2867.0,723.2
2021-02-01,Rice,West Bengal,Burdwan Mandi,2715.0,3069.6,2892.3,665.8
2021-02-08,Rice,West Bengal,Burdwan Mandi,2943.7,3475.1,3209.4,667.1
2021-02-15,Rice,West Bengal,Burdwan Mandi,2689.8,3168.2,2929.0,984.8
2021-02-22,Rice,West Bengal,Burdwan Mandi,2831.5,3283.1,3057.3,833.6
2021-03-01,Rice,West Bengal,Burdwan Mandi,2872.2,3311.0,3091.6,973.8
2021-03-08,Rice,West Bengal,Burdwan Mandi,3035.9,3464.7,3250.3,690.0
2021-03-15,Rice,West Bengal,Burdwan Mandi,2886.9,3448.9,3167.9,878.2
2021-03-22,Rice,West Bengal,Burdwan Mandi,2989.8,3492.8,3241.3,976.8
2021-03-29,Rice,West Bengal,Burdwan Mandi,2960.3,3408.7,3184.5,680.2
2021-04-05,Rice,West Bengal,Burdwan Mandi,2663.7,3148.5,2906.1,926.8
2021-04-12,Rice,West Bengal,Burdwan Mandi,2773.5,3076.3,2924.9,1034.1
2021-04-19,Rice,West Bengal,Burdwan Mandi,2706.9,3109.9,2908.4,981.3
2021-04-26,Rice,West Bengal,Burdwan Mandi,2861.1,3104.7,2982.9,807.9
2021-05-03,Rice,West Bengal,Burdwan Mandi,2885.6,3414.2,3149.9,906.5
2021-05-10,Rice,West Bengal,Burdwan Mandi,2750.8,3039.6,2895.2,865.2
2021-05-17,Rice,West Bengal,Burdwan Mandi,2837.3,3114.9,2976.1,701.4
2021-05-24,Rice,West Bengal,Burdwan Mandi,3023.5,3392.1,3207.8,1023.5
2021-05-31,Rice,West Bengal,Burdwan Mandi,3099.7,3475.5,3287.6,941.1
2021-06-07,Rice,West Bengal,Burdwan Mandi,2807.7,3127.7,2967.7,732.6
2021-06-14,Rice,West Bengal,Burdwan Mandi,2960.2,3239.8,3100.0,1002.6
2021-06-21,Rice,West Bengal,Burdwan Mandi,3039.0,3333.8,3186.4,758.5
2021-06-28,Rice,West Bengal,Burdwan Mandi,2736.8,3259.8,2998.3,1045.7
2021-07-05,Rice,West Bengal,Burdwan Mandi,2771.1,3195.5,2983.3,977.2
2021-07-12,Rice,West Bengal,Burdwan Mandi,2951.6,3288.8,3120.2,1022.8
2021-07-19,Rice,West Bengal,Burdwan Mandi,2650.5,3154.5,2902.5,978.0
2021-07-26,Rice,West Bengal,Burdwan Mandi,3000.9,3340.9,3170.9,671.6
2021-08-02,Rice,West Bengal,Burdwan Mandi,2871.1,3274.5,3072.8,894.7
2021-08-09,Rice,West Bengal,Burdwan Mandi,2810.5,3160.3,2985.4,702.1
2021-08-16,Rice,West Bengal,Burdwan Mandi,2728.3,3111.3,2919.8,852.6
2021-08-23,Rice,West Bengal,Burdwan Mandi,2982.1,3374.3,3178.2,937.2
2021-08-30,Rice,West Bengal,Burdwan Mandi,3130.0,3529.2,3329.6,899.9
2021-09-06,Rice,West Bengal,Burdwan Mandi,2944.9,3349.7,3147.3,631.4
2021-09-13,Rice,West Bengal,Burdwan Mandi,2755.2,3163.0,2959.1,901.6
2021-09-20,Rice,West Bengal,Burdwan Mandi,2911.2,3264.6,3087.9,677.5
2021-09-27,Rice,West Bengal,Burdwan Mandi,2994.5,3460.3,3227.4,685.1
2021-10-04,Rice,West Bengal,Burdwan Mandi,2084.0,2313.6,2198.8,1468.4
2021-10-11,Rice,West Bengal,Burdwan Mandi,2144.9,2517.3,2331.1,1719.5
2021-10-18,Rice,West Bengal,Burdwan Mandi,2273.7,2540.7,2407.2,1556.1
2021-10-25,Rice,West Bengal,Burdwan Mandi,2176.5,2565.1,2370.8,2029.6
2021-11-01,Rice,West Bengal,Burdwan Mandi,2273.4,2506.8,2390.1,1740.5
2021-11-08,Rice,West Bengal,Burdwan Mandi,2078.3,2293.5,2185.9,1604.3
2021-11-15,Rice,West Bengal,Burdwan Mandi,2244.7,2483.3,2364.0,1595.9
2021-11-22,Rice,West Bengal,Burdwan Mandi,2158.3,2363.1,2260.7,2008.1
2021-11-29,Rice,West Bengal,Burdwan Mandi,2243.0,2629.0,2436.0,1343.5
2021-12-06,Rice,West Bengal,Burdwan Mandi,2227.6,2649.2,2438.4,1276.5
2021-12-13,Rice,West Bengal,Burdwan Mandi,2128.5,2374.5,2251.5,1392.5
2021-12-20,Rice,West Bengal,Burdwan Mandi,2175.9,2536.9,2356.4,1737.7
2021-12-27,Rice,West Bengal,Burdwan Mandi,2296.1,2642.9,2469.5,1867.5
2022-01-03,Rice,West Bengal,Burdwan Mandi,2930.7,3420.9,3175.8,695.5
2022-01-10,Rice,West Bengal,Burdwan Mandi,3018.6,3354.0,3186.3,802.7
2022-01-17,Rice,West Bengal,Burdwan Mandi,3013.9,3289.9,3151.9,867.9
2022-01-24,Rice,West Bengal,Burdwan Mandi,2877.7,3284.3,3081.0,876.8
2022-01-31,Rice,West Bengal,Burdwan Mandi,2920.0,3454.4,3187.2,875.5
2022-02-07,Rice,West Bengal,Burdwan Mandi,3009.3,3581.3,3295.3,834.0
2022-02-14,Rice,West Bengal,Burdwan Mandi,3179.4,3589.0,3384.2,638.5
2022-02-21,Rice,West Bengal,Burdwan Mandi,2937.3,3262.3,3099.8,929.4
2022-02-28,Rice,West Bengal,Burdwan Mandi,2856.1,3302.1,3079.1,774.7
2022-03-07,Rice,West Bengal,Burdwan Mandi,3017.5,3580.7,3299.1,934.2
2022-03-14,Rice,West Bengal,Burdwan Mandi,3093.7,3554.1,3323.9,894.5
2022-03-21,Rice,West Bengal,Burdwan Mandi,2978.0,3480.0,3229.0,820.7
2022-03-28,Rice,West Bengal,Burdwan Mandi,2941.3,3455.3,3198.3,974.9
2022-04-04,Rice,West Bengal,Burdwan Mandi,2854.4,3191.6,3023.0,778.3
2022-04-11,Rice,West Bengal,Burdwan Mandi,2999.4,3289.4,3144.4,848.3
2022-04-18,Rice,West Bengal,Burdwan Mandi,3004.3,3464.9,3234.6,810.5
2022-04-25,Rice,West Bengal,Burdwan Mandi,3126.2,3648.0,3387.1,1061.1
2022-05-02,Rice,West Bengal,Burdwan Mandi,2797.5,3291.9,3044.7,1077.1
2022-05-09,Rice,West Bengal,Burdwan Mandi,3053.3,3485.9,3269.6,1049.1
2022-05-16,Rice,West Bengal,Burdwan Mandi,2926.0,3441.8,3183.9,844.0
2022-05-23,Rice,West Bengal,Burdwan Mandi,3168.7,3696.7,3432.7,848.3
2022-05-30,Rice,West Bengal,Burdwan Mandi,2947.7,3286.9,3117.3,922.8
2022-06-06,Rice,West Bengal,Burdwan Mandi,3040.8,3358.6,3199.7,754.4
2022-06-13,Rice,West Bengal,Burdwan Mandi,3046.8,3498.4,3272.6,967.4
2022-06-20,Rice,West Bengal,Burdwan Mandi,2856.6,3286.0,3071.3,670.3
2022-06-27,Rice,West Bengal,Burdwan Mandi,3135.3,3471.1,3303.2,960.6
2022-07-04,Rice,West Bengal,Burdwan Mandi,3131.1,3432.1,3281.6,861.0
2022-07-11,Rice,West Bengal,Burdwan Mandi,3026.9,3522.1,3274.5,1045.6
2022-07-18,Rice,West Bengal,Burdwan Mandi,3218.5,3843.3,3530.9,657.0
2022-07-25,Rice,West Bengal,Burdwan Mandi,3119.4,3515.0,3317.2,1006.5
2022-08-01,Rice,West Bengal,Burdwan Mandi,2919.7,3468.1,3193.9,693.0
2022-08-08,Rice,West Bengal,Burdwan Mandi,2979.6,3312.2,3145.9,790.4
2022-08-15,Rice,West Bengal,Burdwan Mandi,3253.9,3662.7,3458.3,891.7
2022-08-22,Rice,West Bengal,Burdwan Mandi,3327.8,3640.0,3483.9,860.8
2022-08-29,Rice,West Bengal,Burdwan Mandi,3128.9,3644.1,3386.5,654.3
2022-09-05,Rice,West Bengal,Burdwan Mandi,3029.7,3501.9,3265.8,689.1
2022-09-12,Rice,West Bengal,Burdwan Mandi,2854.8,3349.4,3102.1,691.3
2022-09-19,Rice,West Bengal,Burdwan Mandi,3149.1,3530.5,3339.8,831.0
2022-09-26,Rice,West Bengal,Burdwan Mandi,3221.9,3774.9,3498.4,962.2
2022-10-03,Rice,West Bengal,Burdwan Mandi,2350.2,2778.4,2564.3,1899.0
2022-10-10,Rice,West Bengal,Burdwan Mandi,2142.1,2459.1,2300.6,1361.2
2022-10-17,Rice,West Bengal,Burdwan Mandi,2387.2,2791.8,2589.5,1936.3
2022-10-24,Rice,West Bengal,Burdwan Mandi,2321.8,2618.4,2470.1,1506.3
2022-10-31,Rice,West Bengal,Burdwan Mandi,2387.5,2827.5,2607.5,1347.1
2022-11-07,Rice,West Bengal,Burdwan Mandi,2146.0,2483.2,2314.6,1470.2
2022-11-14,Rice,West Bengal,Burdwan Mandi,2298.7,2648.7,2473.7,1604.4
2022-11-21,Rice,West Bengal,Burdwan Mandi,2177.3,2481.3,2329.3,2020.0
2022-11-28,Rice,West Bengal,Burdwan Mandi,2338.0,2572.4,2455.2,1336.1
2022-12-05,Rice,West Bengal,Burdwan Mandi,2436.2,2827.6,2631.9,1505.3
2022-12-12,Rice,West Bengal,Burdwan Mandi,2268.5,2685.5,2477.0,1598.0
2022-12-19,Rice,West Bengal,Burdwan Mandi,2182.9,2571.1,2377.0,1739.9
2022-12-26,Rice,West Bengal,Burdwan Mandi,2353.8,2598.2,2476.0,1787.4
2023-01-02,Rice,West Bengal,Burdwan Mandi,3227.9,3592.5,3410.2,1091.7
2023-01-09,Rice,West Bengal,Burdwan Mandi,3144.7,3628.9,3386.8,907.8
2023-01-16,Rice,West Bengal,Burdwan Mandi,3100.8,3372.6,3236.7,1034.7
2023-01-23,Rice,West Bengal,Burdwan Mandi,3119.8,3535.0,3327.4,730.2
2023-01-30,Rice,West Bengal,Burdwan Mandi,3181.7,3714.5,3448.1,807.3
2023-02-06,Rice,West Bengal,Burdwan Mandi,3214.3,3551.9,3383.1,909.1
2023-02-13,Rice,West Bengal,Burdwan Mandi,3057.6,3585.2,3321.4,1030.7
2023-02-20,Rice,West Bengal,Burdwan Mandi,2957.2,3398.6,3177.9,786.7
2023-02-27,Rice,West Bengal,Burdwan Mandi,3130.8,3474.2,3302.5,770.6
2023-03-06,Rice,West Bengal,Burdwan Mandi,3078.2,3378.0,3228.1,653.8
2023-03-13,Rice,West Bengal,Burdwan Mandi,3056.4,3633.6,3345.0,786.8
2023-03-20,Rice,West Bengal,Burdwan Mandi,3421.2,3774.4,3597.8,959.3
2023-03-27,Rice,West Bengal,Burdwan Mandi,3469.4,3838.4,3653.9,899.9
2023-04-03,Rice,West Bengal,Burdwan Mandi,3406.0,3691.0,3548.5,643.9
2023-04-10,Rice,West Bengal,Burdwan Mandi,3229.7,3590.7,3410.2,801.4
2023-04-17,Rice,West Bengal,Burdwan Mandi,3191.5,3738.3,3464.9,744.5
2023-04-24,Rice,West Bengal,Burdwan Mandi,3421.7,3810.1,3615.9,938.3
2023-05-01,Rice,West Bengal,Burdwan Mandi,3478.2,3808.6,3643.4,1068.6
2023-05-08,Rice,West Bengal,Burdwan Mandi,3075.8,3359.6,3217.7,911.3
2023-05-15,Rice,West Bengal,Burdwan Mandi,3212.4,3815.8,3514.1,936.2
2023-05-22,Rice,West Bengal,Burdwan Mandi,3090.4,3534.4,3312.4,1076.9
2023-05-29,Rice,West Bengal,Burdwan Mandi,3352.1,3901.5,3626.8,745.4
2023-06-05,Rice,West Bengal,Burdwan Mandi,3208.1,3683.9,3446.0,687.8
2023-06-12,Rice,West Bengal,Burdwan Mandi,3216.7,3644.9,3430.8,806.9
2023-06-19,Rice,West Bengal,Burdwan Mandi,3423.4,3807.0,3615.2,856.7
2023-06-26,Rice,West Bengal,Burdwan Mandi,3444.0,3963.2,3703.6,870.3
2023-07-03,Rice,West Bengal,Burdwan Mandi,3333.0,3872.8,3602.9,884.6
2023-07-10,Rice,West Bengal,Burdwan Mandi,3195.2,3668.4,3431.8,1057.4
2023-07-17,Rice,West Bengal,Burdwan Mandi,3204.7,3710.7,3457.7,752.1
2023-07-24,Rice,West Bengal,Burdwan Mandi,3319.1,3705.7,3512.4,770.9
2023-07-31,Rice,West Bengal,Burdwan Mandi,3196.2,3523.6,3359.9,674.6
2023-08-07,Rice,West Bengal,Burdwan Mandi,2999.7,3577.1,3288.4,941.0
2023-08-14,Rice,West Bengal,Burdwan Mandi,3152.7,3572.7,3362.7,1018.9
2023-08-21,Rice,West Bengal,Burdwan Mandi,3168.8,3494.0,3331.4,674.6
2023-08-28,Rice,West Bengal,Burdwan Mandi,3281.6,3723.2,3502.4,654.7
2023-09-04,Rice,West Bengal,Burdwan Mandi,3309.9,3801.9,3555.9,946.3
2023-09-11,Rice,West Bengal,Burdwan Mandi,3432.5,3731.5,3582.0,657.1
2023-09-18,Rice,West Bengal,Burdwan Mandi,3347.1,3711.1,3529.1,772.0
2023-09-25,Rice,West Bengal,Burdwan Mandi,3356.4,3901.6,3629.0,783.3
2023-10-02,Rice,West Bengal,Burdwan Mandi,2585.5,2834.9,2710.2,1322.6
2023-10-09,Rice,West Bengal,Burdwan Mandi,2267.2,2685.6,2476.4,1708.9
2023-10-16,Rice,West Bengal,Burdwan Mandi,2548.5,2762.5,2655.5,1708.9
2023-10-23,Rice,West Bengal,Burdwan Mandi,2554.0,2911.4,2732.7,1849.9
2023-10-30,Rice,West Bengal,Burdwan Mandi,2408.0,2687.2,2547.6,1952.0
2023-11-06,Rice,West Bengal,Burdwan Mandi,2592.1,2815.3,2703.7,1516.9
2023-11-13,Rice,West Bengal,Burdwan Mandi,2346.5,2591.9,2469.2,1539.4
2023-11-20,Rice,West Bengal,Burdwan Mandi,2320.1,2754.7,2537.4,2007.4
2023-11-27,Rice,West Bengal,Burdwan Mandi,2512.1,2811.3,2661.7,1557.0
2023-12-04,Rice,West Bengal,Burdwan Mandi,2637.5,2882.1,2759.8,1574.4
2023-12-11,Rice,West Bengal,Burdwan Mandi,2297.6,2648.0,2472.8,1659.7
2023-12-18,Rice,West Bengal,Burdwan Mandi,2526.3,2765.7,2646.0,1531.0
2023-12-25,Rice,West Bengal,Burdwan Mandi,2293.3,2729.7,2511.5,1630.2
2015-01-05,Rice,Uttar Pradesh,Meerut Mandi,1904.8,2163.6,2034.2,778.2
2015-01-12,Rice,Uttar Pradesh,Meerut Mandi,1976.0,2350.0,2163.0,831.7
2015-01-19,Rice,Uttar Pradesh,Meerut Mandi,2044.3,2273.3,2158.8,1026.8
2015-01-26,Rice,Uttar Pradesh,Meerut Mandi,1966.9,2353.3,2160.1,857.8
2015-02-02,Rice,Uttar Pradesh,Meerut Mandi,2152.8,2372.0,2262.4,1045.1
2015-02-09,Rice,Uttar Pradesh,Meerut Mandi,2052.5,2249.9,2151.2,905.6
2015-02-16,Rice,Uttar Pradesh,Meerut Mandi,2001.7,2168.5,2085.1,661.1
2015-02-23,Rice,Uttar Pradesh,Meerut Mandi,1874.3,2118.9,1996.6,1012.0
2015-03-02,Rice,Uttar Pradesh,Meerut Mandi,2017.3,2334.5,2175.9,687.1
2015-03-09,Rice,Uttar Pradesh,Meerut Mandi,2053.7,2325.1,2189.4,687.6
2015-03-16,Rice,Uttar Pradesh,Meerut Mandi,1962.6,2312.4,2137.5,939.6
2015-03-23,Rice,Uttar Pradesh,Meerut Mandi,2151.4,2330.8,2241.1,750.3
2015-03-30,Rice,Uttar Pradesh,Meerut Mandi,2209.4,2405.2,2307.3,710.8
2015-04-06,Rice,Uttar Pradesh,Meerut Mandi,2036.4,2220.6,2128.5,731.0
2015-04-13,Rice,Uttar Pradesh,Meerut Mandi,2117.9,2446.9,2282.4,935.8
2015-04-20,Rice,Uttar Pradesh,Meerut Mandi,2051.8,2426.2,2239.0,685.8
2015-04-27,Rice,Uttar Pradesh,Meerut Mandi,2006.7,2177.7,2092.2,785.2
2015-05-04,Rice,Uttar Pradesh,Meerut Mandi,2091.7,2348.9,2220.3,909.6
2015-05-11,Rice,Uttar Pradesh,Meerut Mandi,2177.7,2467.3,2322.5,901.4
2015-05-18,Rice,Uttar Pradesh,Meerut Mandi,2050.4,2325.2,2187.8,681.6
2015-05-25,Rice,Uttar Pradesh,Meerut Mandi,1971.3,2315.3,2143.3,974.4
2015-06-01,Rice,Uttar Pradesh,Meerut Mandi,2099.0,2488.2,2293.6,1022.8
2015-06-08,Rice,Uttar Pradesh,Meerut Mandi,1956.3,2339.5,2147.9,791.5
2015-06-15,Rice,Uttar Pradesh,Meerut Mandi,2027.0,2233.4,2130.2,744.7
2015-06-22,Rice,Uttar Pradesh,Meerut Mandi,2068.0,2423.2,2245.6,656.4
2015-06-29,Rice,Uttar Pradesh,Meerut Mandi,2080.8,2474.8,2277.8,885.3
2015-07-06,Rice,Uttar Pradesh,Meerut Mandi,1934.8,2210.4,2072.6,775.2
2015-07-13,Rice,Uttar Pradesh,Meerut Mandi,2133.0,2313.0,2223.0,648.8
2015-07-20,Rice,Uttar Pradesh,Meerut Mandi,2040.0,2274.2,2157.1,983.6
2015-07-27,Rice,Uttar Pradesh,Meerut Mandi,1969.3,2162.5,2065.9,933.5
2015-08-03,Rice,Uttar Pradesh,Meerut Mandi,2066.3,2461.9,2264.1,945.4
2015-08-10,Rice,Uttar Pradesh,Meerut Mandi,1995.9,2223.7,2109.8,973.0
2015-08-17,Rice,Uttar Pradesh,Meerut Mandi,2117.3,2296.9,2207.1,888.2
2015-08-24,Rice,Uttar Pradesh,Meerut Mandi,2017.0,2345.6,2181.3,642.4
2015-08-31,Rice,Uttar Pradesh,Meerut Mandi,2037.3,2419.7,2228.5,877.7
2015-09-07,Rice,Uttar Pradesh,Meerut Mandi,2072.4,2288.0,2180.2,691.7
2015-09-14,Rice,Uttar Pradesh,Meerut Mandi,2061.9,2328.1,2195.0,894.3
2015-09-21,Rice,Uttar Pradesh,Meerut Mandi,1971.9,2212.5,2092.2,1017.4
2015-09-28,Rice,Uttar Pradesh,Meerut Mandi,1990.8,2206.6,2098.7,1017.5
2015-10-05,Rice,Uttar Pradesh,Meerut Mandi,1474.2,1661.4,1567.8,1758.6
2015-10-12,Rice,Uttar Pradesh,Meerut Mandi,1578.6,1873.2,1725.9,1588.5
2015-10-19,Rice,Uttar Pradesh,Meerut Mandi,1524.0,1740.2,1632.1,1488.7
2015-10-26,Rice,Uttar Pradesh,Meerut Mandi,1608.5,1749.7,1679.1,1797.8
2015-11-02,Rice,Uttar Pradesh,Meerut Mandi,1442.7,1613.5,1528.1,1497.5
2015-11-09,Rice,Uttar Pradesh,Meerut Mandi,1612.4,1783.2,1697.8,1578.6
2015-11-16,Rice,Uttar Pradesh,Meerut Mandi,1558.7,1697.9,1628.3,1793.1
2015-11-23,Rice,Uttar Pradesh,Meerut Mandi,1497.3,1637.5,1567.4,2074.4
2015-11-30,Rice,Uttar Pradesh,Meerut Mandi,1628.3,1851.9,1740.1,1432.2
2015-12-07,Rice,Uttar Pradesh,Meerut Mandi,1522.1,1734.1,1628.1,1920.2
2015-12-14,Rice,Uttar Pradesh,Meerut Mandi,1509.8,1660.6,1585.2,2022.1
2015-12-21,Rice,Uttar Pradesh,Meerut Mandi,1595.0,1870.8,1732.9,1829.0
2015-12-28,Rice,Uttar Pradesh,Meerut Mandi,1516.7,1777.1,1646.9,1995.9
2016-01-04,Rice,Uttar Pradesh,Meerut Mandi,2266.1,2478.9,2372.5,741.4
2016-01-11,Rice,Uttar Pradesh,Meerut Mandi,2025.0,2340.2,2182.6,640.0
2016-01-18,Rice,Uttar Pradesh,Meerut Mandi,2164.2,2559.6,2361.9,740.3
2016-01-25,Rice,Uttar Pradesh,Meerut Mandi,2006.0,2358.8,2182.4,842.1
2016-02-01,Rice,Uttar Pradesh,Meerut Mandi,2032.9,2307.3,2170.1,681.0
2016-02-08,Rice,Uttar Pradesh,Meerut Mandi,2179.7,2491.9,2335.8,833.4
2016-02-15,Rice,Uttar Pradesh,Meerut Mandi,2207.7,2603.3,2405.5,725.1
2016-02-22,Rice,Uttar Pradesh,Meerut Mandi,2092.2,2372.2,2232.2,670.2
2016-02-29,Rice,Uttar Pradesh,Meerut Mandi,2048.9,2292.7,2170.8,974.3
2016-03-07,Rice,Uttar Pradesh,Meerut Mandi,2144.4,2377.8,2261.1,946.6
2016-03-14,Rice,Uttar Pradesh,Meerut Mandi,2246.2,2543.2,2394.7,806.9
2016-03-21,Rice,Uttar Pradesh,Meerut Mandi,2063.7,2358.9,2211.3,691.3
2016-03-28,Rice,Uttar Pradesh,Meerut Mandi,1988.9,2304.5,2146.7,695.1
2016-04-04,Rice,Uttar Pradesh,Meerut Mandi,2186.8,2519.0,2352.9,980.2
2016-04-11,Rice,Uttar Pradesh,Meerut Mandi,2047.3,2434.3,2240.8,658.0
2016-04-18,Rice,Uttar Pradesh,Meerut Mandi,2015.2,2299.4,2157.3,740.8
2016-04-25,Rice,Uttar Pradesh,Meerut Mandi,2010.9,2286.1,2148.5,1041.1
2016-05-02,Rice,Uttar Pradesh,Meerut Mandi,2131.2,2408.8,2270.0,1003.8
2016-05-09,Rice,Uttar Pradesh,Meerut Mandi,2298.4,2538.0,2418.2,952.9
2016-05-16,Rice,Uttar Pradesh,Meerut Mandi,2227.3,2483.9,2355.6,664.1
2016-05-23,Rice,Uttar Pradesh,Meerut Mandi,2284.2,2528.0,2406.1,835.1
2016-05-30,Rice,Uttar Pradesh,Meerut Mandi,2116.2,2466.6,2291.4,895.5
2016-06-06,Rice,Uttar Pradesh,Meerut Mandi,2176.2,2595.4,2385.8,931.0
2016-06-13,Rice,Uttar Pradesh,Meerut Mandi,1964.8,2349.8,2157.3,808.1
2016-06-20,Rice,Uttar Pradesh,Meerut Mandi,2154.7,2406.1,2280.4,1023.6
2016-06-27,Rice,Uttar Pradesh,Meerut Mandi,2182.2,2374.0,2278.1,828.4
2016-07-04,Rice,Uttar Pradesh,Meerut Mandi,2091.4,2363.2,2227.3,636.8
2016-07-11,Rice,Uttar Pradesh,Meerut Mandi,2216.6,2628.8,2422.7,916.3
2016-07-18,Rice,Uttar Pradesh,Meerut Mandi,2187.0,2401.6,2294.3,721.8
2016-07-25,Rice,Uttar Pradesh,Meerut Mandi,2270.1,2475.1,2372.6,831.1
2016-08-01,Rice,Uttar Pradesh,Meerut Mandi,2241.2,2680.2,2460.7,1014.6
2016-08-08,Rice,Uttar Pradesh,Meerut Mandi,2212.5,2481.9,2347.2,846.9
2016-08-15,Rice,Uttar Pradesh,Meerut Mandi,2295.4,2524.0,2409.7,1055.1
2016-08-22,Rice,Uttar Pradesh,Meerut Mandi,2284.6,2556.8,2420.7,1026.8
2016-08-29,Rice,Uttar Pradesh,Meerut Mandi,2154.3,2359.7,2257.0,774.2
2016-09-05,Rice,Uttar Pradesh,Meerut Mandi,2196.9,2395.9,2296.4,1017.7
2016-09-12,Rice,Uttar Pradesh,Meerut Mandi,2254.5,2700.1,2477.3,754.0
2016-09-19,Rice,Uttar Pradesh,Meerut Mandi,2241.3,2541.3,2391.3,837.0
2016-09-26,Rice,Uttar Pradesh,Meerut Mandi,2201.8,2577.2,2389.5,728.2
2016-10-03,Rice,Uttar Pradesh,Meerut Mandi,1589.8,1880.0,1734.9,1837.8
2016-10-10,Rice,Uttar Pradesh,Meerut Mandi,1757.3,1913.3,1835.3,1523.7
2016-10-17,Rice,Uttar Pradesh,Meerut Mandi,1560.7,1733.5,1647.1,1643.5
2016-10-24,Rice,Uttar Pradesh,Meerut Mandi,1614.1,1854.9,1734.5,2070.9
2016-10-31,Rice,Uttar Pradesh,Meerut Mandi,1647.9,1885.9,1766.9,1262.0
2016-11-07,Rice,Uttar Pradesh,Meerut Mandi,1725.0,1928.6,1826.8,1710.8
2016-11-14,Rice,Uttar Pradesh,Meerut Mandi,1530.7,1780.7,1655.7,1408.7
2016-11-21,Rice,Uttar Pradesh,Meerut Mandi,1642.8,1925.4,1784.1,1741.7
2016-11-28,Rice,Uttar Pradesh,Meerut Mandi,1545.2,1819.4,1682.3,2054.9
2016-12-05,Rice,Uttar Pradesh,Meerut Mandi,1497.1,1758.3,1627.7,1911.4
2016-12-12,Rice,Uttar Pradesh,Meerut Mandi,1697.2,1938.2,1817.7,1346.0
2016-12-19,Rice,Uttar Pradesh,Meerut Mandi,1584.5,1839.3,1711.9,1811.6
2016-12-26,Rice,Uttar Pradesh,Meerut Mandi,1580.0,1716.6,1648.3,1318.0
2017-01-02,Rice,Uttar Pradesh,Meerut Mandi,2382.5,2587.5,2485.0,668.8
2017-01-09,Rice,Uttar Pradesh,Meerut Mandi,2161.4,2353.0,2257.2,677.8
2017-01-16,Rice,Uttar Pradesh,Meerut Mandi,2274.7,2719.9,2497.3,1006.3
2017-01-23,Rice,Uttar Pradesh,Meerut Mandi,2172.2,2436.6,2304.4,700.8
2017-01-30,Rice,Uttar Pradesh,Meerut Mandi,2392.8,2670.2,2531.5,734.2
2017-02-06,Rice,Uttar Pradesh,Meerut Mandi,2122.2,2467.0,2294.6,923.6
2017-02-13,Rice,Uttar Pradesh,Meerut Mandi,2351.3,2775.7,2563.5,847.8
2017-02-20,Rice,Uttar Pradesh,Meerut Mandi,2361.7,2565.3,2463.5,1006.4
2017-02-27,Rice,Uttar Pradesh,Meerut Mandi,2098.6,2468.2,2283.4,887.6
2017-03-06,Rice,Uttar Pradesh,Meerut Mandi,2348.3,2744.7,2546.5,789.5
2017-03-13,Rice,Uttar Pradesh,Meerut Mandi,2212.7,2575.1,2393.9,717.1
2017-03-20,Rice,Uttar Pradesh,Meerut Mandi,2053.9,2449.1,2251.5,671.8
2017-03-27,Rice,Uttar Pradesh,Meerut Mandi,2408.8,2656.6,2532.7,871.8
2017-04-03,Rice,Uttar Pradesh,Meerut Mandi,2335.0,2624.4,2479.7,768.5
2017-04-10,Rice,Uttar Pradesh,Meerut Mandi,2274.8,2634.6,2454.7,632.6
2017-04-17,Rice,Uttar Pradesh,Meerut Mandi,2166.2,2505.2,2335.7,903.8
2017-04-24,Rice,Uttar Pradesh,Meerut Mandi,2364.0,2622.0,2493.0,1060.9
2017-05-01,Rice,Uttar Pradesh,Meerut Mandi,2359.4,2582.0,2470.7,720.1
2017-05-08,Rice,Uttar Pradesh,Meerut Mandi,2399.2,2726.2,2562.7,863.3
2017-05-15,Rice,Uttar Pradesh,Meerut Mandi,2230.0,2538.8,2384.4,749.6
2017-05-22,Rice,Uttar Pradesh,Meerut Mandi,2435.7,2787.3,2611.5,942.7
2017-05-29,Rice,Uttar Pradesh,Meerut Mandi,2243.1,2482.7,2362.9,1034.4
2017-06-05,Rice,Uttar Pradesh,Meerut Mandi,2198.4,2531.8,2365.1,829.2
2017-06-12,Rice,Uttar Pradesh,Meerut Mandi,2301.7,2596.1,2448.9,1076.8
2017-06-19,Rice,Uttar Pradesh,Meerut Mandi,2180.2,2392.0,2286.1,736.6
2017-06-26,Rice,Uttar Pradesh,Meerut Mandi,2292.8,2659.8,2476.3,865.7
2017-07-03,Rice,Uttar Pradesh,Meerut Mandi,2175.1,2576.7,2375.9,1037.7
2017-07-10,Rice,Uttar Pradesh,Meerut Mandi,2394.3,2846.7,2620.5,1029.6
2017-07-17,Rice,Uttar Pradesh,Meerut Mandi,2317.3,2761.3,2539.3,719.8
2017-07-24,Rice,Uttar Pradesh,Meerut Mandi,2155.1,2537.1,2346.1,1068.0
2017-07-31,Rice,Uttar Pradesh,Meerut Mandi,2316.6,2651.4,2484.0,917.6
2017-08-07,Rice,Uttar Pradesh,Meerut Mandi,2381.2,2699.0,2540.1,684.1
2017-08-14,Rice,Uttar Pradesh,Meerut Mandi,2216.6,2510.6,2363.6,679.6
2017-08-21,Rice,Uttar Pradesh,Meerut Mandi,2164.5,2490.3,2327.4,1066.8
2017-08-28,Rice,Uttar Pradesh,Meerut Mandi,2254.7,2645.1,2449.9,885.1
2017-09-04,Rice,Uttar Pradesh,Meerut Mandi,2294.3,2632.9,2463.6,1091.0
2017-09-11,Rice,Uttar Pradesh,Meerut Mandi,2194.6,2516.2,2355.4,755.3
2017-09-18,Rice,Uttar Pradesh,Meerut Mandi,2327.0,2719.6,2523.3,780.9
2017-09-25,Rice,Uttar Pradesh,Meerut Mandi,2269.5,2545.9,2407.7,640.4
2017-10-02,Rice,Uttar Pradesh,Meerut Mandi,1772.2,1961.0,1866.6,1344.3
2017-10-09,Rice,Uttar Pradesh,Meerut Mandi,1643.2,1886.4,1764.8,2003.8
2017-10-16,Rice,Uttar Pradesh,Meerut Mandi,1818.2,2039.4,1928.8,1499.9
2017-10-23,Rice,Uttar Pradesh,Meerut Mandi,1786.7,2115.9,1951.3,1381.6
2017-10-30,Rice,Uttar Pradesh,Meerut Mandi,1634.1,1844.7,1739.4,1921.1
2017-11-06,Rice,Uttar Pradesh,Meerut Mandi,1715.2,1912.4,1813.8,1216.5
2017-11-13,Rice,Uttar Pradesh,Meerut Mandi,1719.2,1873.8,1796.5,1495.2
2017-11-20,Rice,Uttar Pradesh,Meerut Mandi,1634.0,1802.0,1718.0,1656.6
2017-11-27,Rice,Uttar Pradesh,Meerut Mandi,1656.4,1964.4,1810.4,1659.2
2017-12-04,Rice,Uttar Pradesh,Meerut Mandi,1677.6,1850.8,1764.2,1559.4
2017-12-11,Rice,Uttar Pradesh,Meerut Mandi,1835.4,2025.0,1930.2,2047.0
2017-12-18,Rice,Uttar Pradesh,Meerut Mandi,1761.2,1936.6,1848.9,1679.0
2017-12-25,Rice,Uttar Pradesh,Meerut Mandi,1633.4,1948.8,1791.1,1466.9
2018-01-01,Rice,Uttar Pradesh,Meerut Mandi,2486.4,2841.2,2663.8,1010.0
2018-01-08,Rice,Uttar Pradesh,Meerut Mandi,2533.7,2867.1,2700.4,1064.5
2018-01-15,Rice,Uttar Pradesh,Meerut Mandi,2317.0,2547.0,2432.0,978.0
2018-01-22,Rice,Uttar Pradesh,Meerut Mandi,2448.5,2682.7,2565.6,866.0
2018-01-29,Rice,Uttar Pradesh,Meerut Mandi,2315.1,2584.1,2449.6,1070.4
2018-02-05,Rice,Uttar Pradesh,Meerut Mandi,2509.1,2921.7,2715.4,709.3
2018-02-12,Rice,Uttar Pradesh,Meerut Mandi,2264.4,2645.0,2454.7,873.9
2018-02-19,Rice,Uttar Pradesh,Meerut Mandi,2399.1,2683.3,2541.2,1063.5
2018-02-26,Rice,Uttar Pradesh,Meerut Mandi,2317.6,2614.0,2465.8,678.6
2018-03-05,Rice,Uttar Pradesh,Meerut Mandi,2506.9,2905.3,2706.1,704.2
2018-03-12,Rice,Uttar Pradesh,Meerut Mandi,2431.4,2897.4,2664.4,842.1
2018-03-19,Rice,Uttar Pradesh,Meerut Mandi,2454.6,2809.0,2631.8,997.8
2018-03-26,Rice,Uttar Pradesh,Meerut Mandi,2603.2,2830.2,2716.7,725.8
2018-04-02,Rice,Uttar Pradesh,Meerut Mandi,2309.2,2537.4,2423.3,683.7
2018-04-09,Rice,Uttar Pradesh,Meerut Mandi,2485.9,2727.9,2606.9,1067.1
2018-04-16,Rice,Uttar Pradesh,Meerut Mandi,2326.8,2682.4,2504.6,654.0
2018-04-23,Rice,Uttar Pradesh,Meerut Mandi,2452.9,2746.1,2599.5,1076.4
2018-04-30,Rice,Uttar Pradesh,Meerut Mandi,2445.2,2828.2,2636.7,698.8
2018-05-07,Rice,Uttar Pradesh,Meerut Mandi,2272.1,2664.9,2468.5,892.0
2018-05-14,Rice,Uttar Pradesh,Meerut Mandi,2562.5,2800.5,2681.5,937.8
2018-05-21,Rice,Uttar Pradesh,Meerut Mandi,2428.2,2847.0,2637.6,944.6
2018-05-28,Rice,Uttar Pradesh,Meerut Mandi,2360.8,2634.2,2497.5,872.1
2018-06-04,Rice,Uttar Pradesh,Meerut Mandi,2565.5,2937.7,2751.6,741.7
2018-06-11,Rice,Uttar Pradesh,Meerut Mandi,2643.3,2876.7,2760.0,949.6
2018-06-18,Rice,Uttar Pradesh,Meerut Mandi,2585.5,2809.1,2697.3,744.9
2018-06-25,Rice,Uttar Pradesh,Meerut Mandi,2502.5,2947.9,2725.2,1012.4
2018-07-02,Rice,Uttar Pradesh,Meerut Mandi,2460.6,2720.0,2590.3,1031.9
2018-07-09,Rice,Uttar Pradesh,Meerut Mandi,2360.0,2821.8,2590.9,659.2
2018-07-16,Rice,Uttar Pradesh,Meerut Mandi,2315.3,2622.7,2469.0,1016.5
2018-07-23,Rice,Uttar Pradesh,Meerut Mandi,2489.8,2772.0,2630.9,855.3
2018-07-30,Rice,Uttar Pradesh,Meerut Mandi,2325.5,2770.9,2548.2,810.5
2018-08-06,Rice,Uttar Pradesh,Meerut Mandi,2353.4,2711.0,2532.2,834.5
2018-08-13,Rice,Uttar Pradesh,Meerut Mandi,2638.4,2875.6,2757.0,1045.9
2018-08-20,Rice,Uttar Pradesh,Meerut Mandi,2394.9,2702.5,2548.7,1017.9
2018-08-27,Rice,Uttar Pradesh,Meerut Mandi,2322.5,2637.1,2479.8,898.6
2018-09-03,Rice,Uttar Pradesh,Meerut Mandi,2526.6,2774.2,2650.4,959.5
2018-09-10,Rice,Uttar Pradesh,Meerut Mandi,2455.0,2851.0,2653.0,663.1
2018-09-17,Rice,Uttar Pradesh,Meerut Mandi,2604.1,3025.3,2814.7,875.6
2018-09-24,Rice,Uttar Pradesh,Meerut Mandi,2515.9,2816.9,2666.4,795.3
2018-10-01,Rice,Uttar Pradesh,Meerut Mandi,1780.9,2080.5,1930.7,1336.2
2018-10-08,Rice,Uttar Pradesh,Meerut Mandi,1659.7,1952.7,1806.2,1945.3
2018-10-15,Rice,Uttar Pradesh,Meerut Mandi,1697.4,1954.4,1825.9,1551.4
2018-10-22,Rice,Uttar Pradesh,Meerut Mandi,1765.5,2053.1,1909.3,1689.2
2018-10-29,Rice,Uttar Pradesh,Meerut Mandi,1718.0,2057.2,1887.6,1809.0
2018-11-05,Rice,Uttar Pradesh,Meerut Mandi,1729.5,2003.5,1866.5,1252.4
2018-11-12,Rice,Uttar Pradesh,Meerut Mandi,1827.8,2017.2,1922.5,1279.0
2018-11-19,Rice,Uttar Pradesh,Meerut Mandi,1825.9,2150.9,1988.4,1376.6
2018-11-26,Rice,Uttar Pradesh,Meerut Mandi,1901.1,2146.1,2023.6,1775.3
2018-12-03,Rice,Uttar Pradesh,Meerut Mandi,1731.0,1951.6,1841.3,1840.2
2018-12-10,Rice,Uttar Pradesh,Meerut Mandi,1754.5,1945.5,1850.0,1860.1
2018-12-17,Rice,Uttar Pradesh,Meerut Mandi,1893.6,2200.0,2046.8,1839.2
2018-12-24,Rice,Uttar Pradesh,Meerut Mandi,1774.8,2088.6,1931.7,1535.1
2018-12-31,Rice,Uttar Pradesh,Meerut Mandi,1829.2,2021.6,1925.4,1670.9
2019-01-07,Rice,Uttar Pradesh,Meerut Mandi,2478.9,2784.9,2631.9,961.9
2019-01-14,Rice,Uttar Pradesh,Meerut Mandi,2676.3,2987.1,2831.7,710.0
2019-01-21,Rice,Uttar Pradesh,Meerut Mandi,2737.5,3013.7,2875.6,918.3
2019-01-28,Rice,Uttar Pradesh,Meerut Mandi,2401.4,2717.6,2559.5,1089.0
2019-02-04,Rice,Uttar Pradesh,Meerut Mandi,2546.5,2975.1,2760.8,965.7
2019-02-11,Rice,Uttar Pradesh,Meerut Mandi,2584.0,2986.0,2785.0,1035.0
2019-02-18,Rice,Uttar Pradesh,Meerut Mandi,2702.2,2939.2,2820.7,783.6
2019-02-25,Rice,Uttar Pradesh,Meerut Mandi,2466.5,2740.7,2603.6,653.3
2019-03-04,Rice,Uttar Pradesh,Meerut Mandi,2403.5,2726.7,2565.1,1086.5
2019-03-11,Rice,Uttar Pradesh,Meerut Mandi,2577.4,2802.8,2690.1,1027.4
2019-03-18,Rice,Uttar Pradesh,Meerut Mandi,2556.4,2929.2,2742.8,832.8
2019-03-25,Rice,Uttar Pradesh,Meerut Mandi,2422.9,2641.9,2532.4,799.3
2019-04-01,Rice,Uttar Pradesh,Meerut Mandi,2770.1,3004.1,2887.1,815.3
2019-04-08,Rice,Uttar Pradesh,Meerut Mandi,2361.6,2740.6,2551.1,710.5
2019-04-15,Rice,Uttar Pradesh,Meerut Mandi,2509.5,2744.3,2626.9,633.2
2019-04-22,Rice,Uttar Pradesh,Meerut Mandi,2488.3,2873.7,2681.0,692.5
2019-04-29,Rice,Uttar Pradesh,Meerut Mandi,2665.5,3163.5,2914.5,1045.9
2019-05-06,Rice,Uttar Pradesh,Meerut Mandi,2555.7,2857.7,2706.7,940.2
2019-05-13,Rice,Uttar Pradesh,Meerut Mandi,2417.9,2836.7,2627.3,1047.6
2019-05-20,Rice,Uttar Pradesh,Meerut Mandi,2454.2,2788.4,2621.3,951.9
2019-05-27,Rice,Uttar Pradesh,Meerut Mandi,2691.2,2932.0,2811.6,648.8
2019-06-03,Rice,Uttar Pradesh,Meerut Mandi,2543.0,2803.6,2673.3,1076.8
2019-06-10,Rice,Uttar Pradesh,Meerut Mandi,2533.2,3029.6,2781.4,749.7
2019-06-17,Rice,Uttar Pradesh,Meerut Mandi,2491.7,2941.9,2716.8,923.4
2019-06-24,Rice,Uttar Pradesh,Meerut Mandi,2642.2,2924.0,2783.1,686.5
2019-07-01,Rice,Uttar Pradesh,Meerut Mandi,2800.8,3106.6,2953.7,950.5
2019-07-08,Rice,Uttar Pradesh,Meerut Mandi,2657.8,3009.0,2833.4,935.0
2019-07-15,Rice,Uttar Pradesh,Meerut Mandi,2792.7,3048.3,2920.5,975.2
2019-07-22,Rice,Uttar Pradesh,Meerut Mandi,2662.1,2964.3,2813.2,838.5
2019-07-29,Rice,Uttar Pradesh,Meerut Mandi,2623.0,3134.6,2878.8,1057.6
2019-08-05,Rice,Uttar Pradesh,Meerut Mandi,2549.4,2840.6,2695.0,639.1
2019-08-12,Rice,Uttar Pradesh,Meerut Mandi,2647.2,3022.2,2834.7,985.3
2019-08-19,Rice,Uttar Pradesh,Meerut Mandi,2753.1,3027.5,2890.3,839.3
2019-08-26,Rice,Uttar Pradesh,Meerut Mandi,2612.9,2917.9,2765.4,899.7
2019-09-02,Rice,Uttar Pradesh,Meerut Mandi,2459.9,2874.3,2667.1,653.9
2019-09-09,Rice,Uttar Pradesh,Meerut Mandi,2764.4,3199.0,2981.7,960.9
2019-09-16,Rice,Uttar Pradesh,Meerut Mandi,2724.6,3077.8,2901.2,863.2
2019-09-23,Rice,Uttar Pradesh,Meerut Mandi,2629.2,3119.6,2874.4,1037.0
2019-09-30,Rice,Uttar Pradesh,Meerut Mandi,2605.8,2964.0,2784.9,716.9
2019-10-07,Rice,Uttar Pradesh,Meerut Mandi,1999.4,2264.0,2131.7,1562.7
2019-10-14,Rice,Uttar Pradesh,Meerut Mandi,1830.9,2119.3,1975.1,1630.5
2019-10-21,Rice,Uttar Pradesh,Meerut Mandi,1850.8,2054.4,1952.6,1540.1
2019-10-28,Rice,Uttar Pradesh,Meerut Mandi,1901.2,2275.8,2088.5,1604.0
2019-11-04,Rice,Uttar Pradesh,Meerut Mandi,1992.3,2158.5,2075.4,1266.2
2019-11-11,Rice,Uttar Pradesh,Meerut Mandi,2085.5,2320.9,2203.2,1703.1
2019-11-18,Rice,Uttar Pradesh,Meerut Mandi,2050.4,2367.4,2208.9,1368.0
2019-11-25,Rice,Uttar Pradesh,Meerut Mandi,2053.3,2339.7,2196.5,2012.0
2019-12-02,Rice,Uttar Pradesh,Meerut Mandi,2051.1,2344.9,2198.0,1982.9
2019-12-09,Rice,Uttar Pradesh,Meerut Mandi,2042.0,2234.4,2138.2,1289.0
2019-12-16,Rice,Uttar Pradesh,Meerut Mandi,1853.9,2185.1,2019.5,1297.6
2019-12-23,Rice,Uttar Pradesh,Meerut Mandi,2071.1,2315.3,2193.2,1820.9
2019-12-30,Rice,Uttar Pradesh,Meerut Mandi,2024.6,2270.6,2147.6,1906.6
2020-01-06,Rice,Uttar Pradesh,Meerut Mandi,2677.6,3034.0,2855.8,1020.4
2020-01-13,Rice,Uttar Pradesh,Meerut Mandi,2701.9,3181.9,2941.9,766.0
2020-01-20,Rice,Uttar Pradesh,Meerut Mandi,2520.5,2842.5,2681.5,947.4
2020-01-27,Rice,Uttar Pradesh,Meerut Mandi,2735.4,3001.2,2868.3,1034.8
2020-02-03,Rice,Uttar Pradesh,Meerut Mandi,2724.5,3240.3,2982.4,893.1
2020-02-10,Rice,Uttar Pradesh,Meerut Mandi,2577.5,2800.9,2689.2,879.6
2020-02-17,Rice,Uttar Pradesh,Meerut Mandi,2581.5,3061.5,2821.5,658.9
2020-02-24,Rice,Uttar Pradesh,Meerut Mandi,2733.8,3094.0,2913.9,1065.3
2020-03-02,Rice,Uttar Pradesh,Meerut Mandi,2769.7,3095.7,2932.7,1089.2
2020-03-09,Rice,Uttar Pradesh,Meerut Mandi,2682.3,3193.9,2938.1,1087.8
2020-03-16,Rice,Uttar Pradesh,Meerut Mandi,2906.5,3154.3,3030.4,817.1
2020-03-23,Rice,Uttar Pradesh,Meerut Mandi,2820.4,3129.0,2974.7,666.9
2020-03-30,Rice,Uttar Pradesh,Meerut Mandi,2776.9,3321.9,3049.4,700.1
2020-04-06,Rice,Uttar Pradesh,Meerut Mandi,2475.1,2916.3,2695.7,861.1
2020-04-13,Rice,Uttar Pradesh,Meerut Mandi,2760.2,3259.4,3009.8,1039.9
2020-04-20,Rice,Uttar Pradesh,Meerut Mandi,2559.9,3042.9,2801.4,1000.7
2020-04-27,Rice,Uttar Pradesh,Meerut Mandi,2779.3,3062.9,2921.1,1017.0
2020-05-04,Rice,Uttar Pradesh,Meerut Mandi,2758.4,3288.6,3023.5,946.0
2020-05-11,Rice,Uttar Pradesh,Meerut Mandi,2747.4,3073.0,2910.2,890.4
2020-05-18,Rice,Uttar Pradesh,Meerut Mandi,2639.3,3129.9,2884.6,781.8
2020-05-25,Rice,Uttar Pradesh,Meerut Mandi,2699.5,3147.3,2923.4,1062.8
2020-06-01,Rice,Uttar Pradesh,Meerut Mandi,2765.9,3030.3,2898.1,1085.2
2020-06-08,Rice,Uttar Pradesh,Meerut Mandi,2808.9,3056.3,2932.6,858.7
2020-06-15,Rice,Uttar Pradesh,Meerut Mandi,2784.2,3231.0,3007.6,815.9
2020-06-22,Rice,Uttar Pradesh,Meerut Mandi,2549.5,2925.7,2737.6,686.4
2020-06-29,Rice,Uttar Pradesh,Meerut Mandi,2590.2,3064.8,2827.5,1025.7
2020-07-06,Rice,Uttar Pradesh,Meerut Mandi,2909.3,3265.1,3087.2,1020.3
2020-07-13,Rice,Uttar Pradesh,Meerut Mandi,2695.8,3081.0,2888.4,921.8
2020-07-20,Rice,Uttar Pradesh,Meerut Mandi,2710.3,3009.9,2860.1,1000.2
2020-07-27,Rice,Uttar Pradesh,Meerut Mandi,2888.3,3229.9,3059.1,761.3
2020-08-03,Rice,Uttar Pradesh,Meerut Mandi,2950.5,3342.5,3146.5,1011.1
2020-08-10,Rice,Uttar Pradesh,Meerut Mandi,2733.2,3061.4,2897.3,709.3
2020-08-17,Rice,Uttar Pradesh,Meerut Mandi,2887.1,3379.7,3133.4,807.9
2020-08-24,Rice,Uttar Pradesh,Meerut Mandi,2865.9,3117.9,2991.9,809.5
2020-08-31,Rice,Uttar Pradesh,Meerut Mandi,2758.8,3085.8,2922.3,1038.3
2020-09-07,Rice,Uttar Pradesh,Meerut Mandi,2847.8,3270.8,3059.3,756.4
2020-09-14,Rice,Uttar Pradesh,Meerut Mandi,2892.1,3171.3,3031.7,684.3
2020-09-21,Rice,Uttar Pradesh,Meerut Mandi,2637.8,3089.8,2863.8,901.0
2020-09-28,Rice,Uttar Pradesh,Meerut Mandi,2704.7,3162.5,2933.6,830.1
2020-10-05,Rice,Uttar Pradesh,Meerut Mandi,2038.8,2293.0,2165.9,1665.2
2020-10-12,Rice,Uttar Pradesh,Meerut Mandi,2064.4,2290.0,2177.2,1841.5
2020-10-19,Rice,Uttar Pradesh,Meerut Mandi,2216.7,2401.5,2309.1,2096.1
2020-10-26,Rice,Uttar Pradesh,Meerut Mandi,2085.0,2490.4,2287.7,1578.0
2020-11-02,Rice,Uttar Pradesh,Meerut Mandi,1952.7,2225.9,2089.3,2032.3
2020-11-09,Rice,Uttar Pradesh,Meerut Mandi,1927.1,2270.5,2098.8,1900.0
2020-11-16,Rice,Uttar Pradesh,Meerut Mandi,2052.5,2376.9,2214.7,2076.2
2020-11-23,Rice,Uttar Pradesh,Meerut Mandi,2033.4,2403.2,2218.3,2024.1
2020-11-30,Rice,Uttar Pradesh,Meerut Mandi,2095.9,2403.7,2249.8,2033.0
2020-12-07,Rice,Uttar Pradesh,Meerut Mandi,1950.9,2265.7,2108.3,1605.2
2020-12-14,Rice,Uttar Pradesh,Meerut Mandi,2173.4,2403.2,2288.3,1429.1
2020-12-21,Rice,Uttar Pradesh,Meerut Mandi,2084.3,2278.9,2181.6,2073.3
2020-12-28,Rice,Uttar Pradesh,Meerut Mandi,1921.8,2229.6,2075.7,1775.5
2021-01-04,Rice,Uttar Pradesh,Meerut Mandi,2722.4,3253.4,2987.9,1065.2
2021-01-11,Rice,Uttar Pradesh,Meerut Mandi,2883.1,3243.9,3063.5,755.0
2021-01-18,Rice,Uttar Pradesh,Meerut Mandi,2691.5,3162.9,2927.2,1024.1
2021-01-25,Rice,Uttar Pradesh,Meerut Mandi,2942.0,3297.2,3119.6,963.4
2021-02-01,Rice,Uttar Pradesh,Meerut Mandi,2901.0,3202.2,3051.6,759.8
2021-02-08,Rice,Uttar Pradesh,Meerut Mandi,2965.9,3347.3,3156.6,976.4
2021-02-15,Rice,Uttar Pradesh,Meerut Mandi,2822.2,3355.2,3088.7,890.9
2021-02-22,Rice,Uttar Pradesh,Meerut Mandi,2846.1,3278.5,3062.3,972.4
2021-03-01,Rice,Uttar Pradesh,Meerut Mandi,2662.3,3172.1,2917.2,906.3
2021-03-08,Rice,Uttar Pradesh,Meerut Mandi,2899.0,3216.0,3057.5,763.6
2021-03-15,Rice,Uttar Pradesh,Meerut Mandi,2995.8,3251.6,3123.7,846.2
2021-03-22,Rice,Uttar Pradesh,Meerut Mandi,2757.9,3302.3,3030.1,799.3
2021-03-29,Rice,Uttar Pradesh,Meerut Mandi,3074.8,3461.4,3268.1,710.6
2021-04-05,Rice,Uttar Pradesh,Meerut Mandi,2937.3,3259.5,3098.4,783.6
2021-04-12,Rice,Uttar Pradesh,Meerut Mandi,2904.1,3372.3,3138.2,915.3
2021-04-19,Rice,Uttar Pradesh,Meerut Mandi,2834.1,3123.7,2978.9,702.5
2021-04-26,Rice,Uttar Pradesh,Meerut Mandi,2649.0,3159.4,2904.2,788.0
2021-05-03,Rice,Uttar Pradesh,Meerut Mandi,2885.8,3174.0,3029.9,1027.1
2021-05-10,Rice,Uttar Pradesh,Meerut Mandi,2710.2,3122.8,2916.5,691.8
2021-05-17,Rice,Uttar Pradesh,Meerut Mandi,2916.5,3479.7,3198.1,923.6
2021-05-24,Rice,Uttar Pradesh,Meerut Mandi,2770.1,3088.3,2929.2,1065.2
2021-05-31,Rice,Uttar Pradesh,Meerut Mandi,2857.8,3125.4,2991.6,927.9
2021-06-07,Rice,Uttar Pradesh,Meerut Mandi,2726.7,3246.3,2986.5,940.3
2021-06-14,Rice,Uttar Pradesh,Meerut Mandi,3083.7,3494.1,3288.9,1073.0
2021-06-21,Rice,Uttar Pradesh,Meerut Mandi,2850.4,3177.0,3013.7,865.7
2021-06-28,Rice,Uttar Pradesh,Meerut Mandi,3008.9,3568.1,3288.5,759.6
2021-07-05,Rice,Uttar Pradesh,Meerut Mandi,3130.0,3441.0,3285.5,788.1
2021-07-12,Rice,Uttar Pradesh,Meerut Mandi,2997.8,3253.4,3125.6,1010.3
2021-07-19,Rice,Uttar Pradesh,Meerut Mandi,2978.9,3487.3,3233.1,994.0
2021-07-26,Rice,Uttar Pradesh,Meerut Mandi,3022.1,3465.9,3244.0,1076.1
2021-08-02,Rice,Uttar Pradesh,Meerut Mandi,3086.9,3443.1,3265.0,782.9
2021-08-09,Rice,Uttar Pradesh,Meerut Mandi,2698.7,3188.3,2943.5,687.6
2021-08-16,Rice,Uttar Pradesh,Meerut Mandi,2756.1,3178.1,2967.1,926.3
2021-08-23,Rice,Uttar Pradesh,Meerut Mandi,2955.7,3313.7,3134.7,709.5
2021-08-30,Rice,Uttar Pradesh,Meerut Mandi,2780.5,3199.1,2989.8,902.3
2021-09-06,Rice,Uttar Pradesh,Meerut Mandi,2965.3,3246.7,3106.0,872.5
2021-09-13,Rice,Uttar Pradesh,Meerut Mandi,2962.7,3404.5,3183.6,1039.9
2021-09-20,Rice,Uttar Pradesh,Meerut Mandi,2994.1,3368.3,3181.2,892.9
2021-09-27,Rice,Uttar Pradesh,Meerut Mandi,3051.3,3437.7,3244.5,1012.3
2021-10-04,Rice,Uttar Pradesh,Meerut Mandi,2191.9,2567.3,2379.6,1271.4
2021-10-11,Rice,Uttar Pradesh,Meerut Mandi,2219.5,2494.5,2357.0,1740.4
2021-10-18,Rice,Uttar Pradesh,Meerut Mandi,2034.3,2298.1,2166.2,1671.4
2021-10-25,Rice,Uttar Pradesh,Meerut Mandi,2214.1,2475.3,2344.7,1242.2
2021-11-01,Rice,Uttar Pradesh,Meerut Mandi,2000.1,2332.9,2166.5,1951.3
2021-11-08,Rice,Uttar Pradesh,Meerut Mandi,2272.7,2572.7,2422.7,1532.5
2021-11-15,Rice,Uttar Pradesh,Meerut Mandi,2293.3,2589.3,2441.3,1808.7
2021-11-22,Rice,Uttar Pradesh,Meerut Mandi,2168.5,2572.1,2370.3,2009.5
2021-11-29,Rice,Uttar Pradesh,Meerut Mandi,2275.9,2599.3,2437.6,1542.9
2021-12-06,Rice,Uttar Pradesh,Meerut Mandi,2194.6,2414.0,2304.3,1956.5
2021-12-13,Rice,Uttar Pradesh,Meerut Mandi,2052.4,2362.6,2207.5,1245.3
2021-12-20,Rice,Uttar Pradesh,Meerut Mandi,2325.3,2635.7,2480.5,1487.3
2021-12-27,Rice,Uttar Pradesh,Meerut Mandi,2266.0,2548.2,2407.1,1258.2
2022-01-03,Rice,Uttar Pradesh,Meerut Mandi,2917.0,3238.0,3077.5,644.6
2022-01-10,Rice,Uttar Pradesh,Meerut Mandi,3140.0,3685.8,3412.9,1042.7
2022-01-17,Rice,Uttar Pradesh,Meerut Mandi,3163.0,3581.0,3372.0,834.2
2022-01-24,Rice,Uttar Pradesh,Meerut Mandi,2830.1,3332.5,3081.3,819.7
2022-01-31,Rice,Uttar Pradesh,Meerut Mandi,2908.4,3302.8,3105.6,1000.1
2022-02-07,Rice,Uttar Pradesh,Meerut Mandi,2815.9,3364.5,3090.2,816.6
2022-02-14,Rice,Uttar Pradesh,Meerut Mandi,2972.8,3488.2,3230.5,674.5
2022-02-21,Rice,Uttar Pradesh,Meerut Mandi,3091.6,3497.6,3294.6,790.8
2022-02-28,Rice,Uttar Pradesh,Meerut Mandi,2962.0,3276.6,3119.3,932.6
2022-03-07,Rice,Uttar Pradesh,Meerut Mandi,3161.4,3505.0,3333.2,955.6
2022-03-14,Rice,Uttar Pradesh,Meerut Mandi,3061.3,3326.5,3193.9,819.6
2022-03-21,Rice,Uttar Pradesh,Meerut Mandi,2877.2,3180.2,3028.7,734.2
2022-03-28,Rice,Uttar Pradesh,Meerut Mandi,2940.7,3435.9,3188.3,828.5
2022-04-04,Rice,Uttar Pradesh,Meerut Mandi,3100.9,3677.3,3389.1,1035.2
2022-04-11,Rice,Uttar Pradesh,Meerut Mandi,3172.8,3609.4,3391.1,813.0
2022-04-18,Rice,Uttar Pradesh,Meerut Mandi,3243.7,3530.9,3387.3,973.8
2022-04-25,Rice,Uttar Pradesh,Meerut Mandi,3280.6,3564.6,3422.6,692.3
2022-05-02,Rice,Uttar Pradesh,Meerut Mandi,3241.3,3718.1,3479.7,991.9
2022-05-09,Rice,Uttar Pradesh,Meerut Mandi,2915.9,3454.5,3185.2,655.4
2022-05-16,Rice,Uttar Pradesh,Meerut Mandi,3052.6,3378.8,3215.7,1058.0
2022-05-23,Rice,Uttar Pradesh,Meerut Mandi,3031.2,3574.0,3302.6,657.1
2022-05-30,Rice,Uttar Pradesh,Meerut Mandi,3016.3,3348.7,3182.5,677.2
2022-06-06,Rice,Uttar Pradesh,Meerut Mandi,2929.9,3293.3,3111.6,747.6
2022-06-13,Rice,Uttar Pradesh,Meerut Mandi,3107.3,3458.1,3282.7,669.4
2022-06-20,Rice,Uttar Pradesh,Meerut Mandi,3144.0,3585.2,3364.6,1087.9
2022-06-27,Rice,Uttar Pradesh,Meerut Mandi,2871.1,3353.7,3112.4,638.3
2022-07-04,Rice,Uttar Pradesh,Meerut Mandi,3182.1,3585.3,3383.7,721.6
2022-07-11,Rice,Uttar Pradesh,Meerut Mandi,2986.9,3260.1,3123.5,870.8
2022-07-18,Rice,Uttar Pradesh,Meerut Mandi,3217.7,3512.9,3365.3,893.8
2022-07-25,Rice,Uttar Pradesh,Meerut Mandi,2938.7,3461.7,3200.2,750.9
2022-08-01,Rice,Uttar Pradesh,Meerut Mandi,3126.0,3570.6,3348.3,897.5
2022-08-08,Rice,Uttar Pradesh,Meerut Mandi,3068.6,3612.2,3340.4,633.8
2022-08-15,Rice,Uttar Pradesh,Meerut Mandi,3095.4,3370.0,3232.7,648.5
2022-08-22,Rice,Uttar Pradesh,Meerut Mandi,3069.8,3544.8,3307.3,789.9
2022-08-29,Rice,Uttar Pradesh,Meerut Mandi,3178.1,3725.1,3451.6,681.4
2022-09-05,Rice,Uttar Pradesh,Meerut Mandi,3152.5,3615.9,3384.2,876.1
2022-09-12,Rice,Uttar Pradesh,Meerut Mandi,3017.9,3437.3,3227.6,659.0
2022-09-19,Rice,Uttar Pradesh,Meerut Mandi,3075.4,3541.0,3308.2,714.2
2022-09-26,Rice,Uttar Pradesh,Meerut Mandi,2945.3,3410.9,3178.1,946.2
2022-10-03,Rice,Uttar Pradesh,Meerut Mandi,2318.7,2604.5,2461.6,1714.5
2022-10-10,Rice,Uttar Pradesh,Meerut Mandi,2207.5,2449.9,2328.7,1309.1
2022-10-17,Rice,Uttar Pradesh,Meerut Mandi,2280.7,2576.1,2428.4,1728.8
2022-10-24,Rice,Uttar Pradesh,Meerut Mandi,2366.2,2660.6,2513.4,1270.2
2022-10-31,Rice,Uttar Pradesh,Meerut Mandi,2337.2,2721.6,2529.4,2066.2
2022-11-07,Rice,Uttar Pradesh,Meerut Mandi,2463.2,2781.2,2622.2,1654.0
2022-11-14,Rice,Uttar Pradesh,Meerut Mandi,2474.0,2734.6,2604.3,1339.6
2022-11-21,Rice,Uttar Pradesh,Meerut Mandi,2291.3,2635.1,2463.2,1448.6
2022-11-28,Rice,Uttar Pradesh,Meerut Mandi,2234.7,2487.1,2360.9,2013.6
2022-12-05,Rice,Uttar Pradesh,Meerut Mandi,2478.7,2705.3,2592.0,1570.0
2022-12-12,Rice,Uttar Pradesh,Meerut Mandi,2332.1,2707.7,2519.9,1715.7
2022-12-19,Rice,Uttar Pradesh,Meerut Mandi,2183.4,2502.4,2342.9,1423.2
2022-12-26,Rice,Uttar Pradesh,Meerut Mandi,2229.2,2659.2,2444.2,1854.7
2023-01-02,Rice,Uttar Pradesh,Meerut Mandi,3094.1,3370.9,3232.5,797.9
2023-01-09,Rice,Uttar Pradesh,Meerut Mandi,3051.3,3558.7,3305.0,755.3
2023-01-16,Rice,Uttar Pradesh,Meerut Mandi,3314.4,3820.0,3567.2,1090.5
2023-01-23,Rice,Uttar Pradesh,Meerut Mandi,3099.5,3487.7,3293.6,782.1
2023-01-30,Rice,Uttar Pradesh,Meerut Mandi,3244.4,3658.0,3451.2,1091.7
2023-02-06,Rice,Uttar Pradesh,Meerut Mandi,2929.5,3500.3,3214.9,716.9
2023-02-13,Rice,Uttar Pradesh,Meerut Mandi,3378.1,3679.1,3528.6,882.9
2023-02-20,Rice,Uttar Pradesh,Meerut Mandi,3163.0,3687.8,3425.4,1042.0
2023-02-27,Rice,Uttar Pradesh,Meerut Mandi,3016.6,3587.8,3302.2,792.4
2023-03-06,Rice,Uttar Pradesh,Meerut Mandi,3027.6,3548.6,3288.1,748.4
2023-03-13,Rice,Uttar Pradesh,Meerut Mandi,3282.1,3689.7,3485.9,891.4
2023-03-20,Rice,Uttar Pradesh,Meerut Mandi,3128.0,3477.2,3302.6,773.3
2023-03-27,Rice,Uttar Pradesh,Meerut Mandi,3297.7,3911.5,3604.6,789.2
2023-04-03,Rice,Uttar Pradesh,Meerut Mandi,3405.9,3874.9,3640.4,732.9
2023-04-10,Rice,Uttar Pradesh,Meerut Mandi,3148.1,3558.3,3353.2,933.1
2023-04-17,Rice,Uttar Pradesh,Meerut Mandi,3198.8,3494.0,3346.4,845.2
2023-04-24,Rice,Uttar Pradesh,Meerut Mandi,3198.7,3634.3,3416.5,794.6
2023-05-01,Rice,Uttar Pradesh,Meerut Mandi,3217.8,3637.4,3427.6,767.7
2023-05-08,Rice,Uttar Pradesh,Meerut Mandi,3211.9,3687.5,3449.7,719.1
2023-05-15,Rice,Uttar Pradesh,Meerut Mandi,3166.5,3729.5,3448.0,867.5
2023-05-22,Rice,Uttar Pradesh,Meerut Mandi,3247.0,3535.6,3391.3,808.8
2023-05-29,Rice,Uttar Pradesh,Meerut Mandi,3321.7,3733.9,3527.8,1079.9
2023-06-05,Rice,Uttar Pradesh,Meerut Mandi,3498.3,3843.9,3671.1,944.2
2023-06-12,Rice,Uttar Pradesh,Meerut Mandi,3180.6,3452.6,3316.6,1064.0
2023-06-19,Rice,Uttar Pradesh,Meerut Mandi,3214.3,3730.7,3472.5,681.8
2023-06-26,Rice,Uttar Pradesh,Meerut Mandi,3401.8,3855.6,3628.7,943.4
2023-07-03,Rice,Uttar Pradesh,Meerut Mandi,3279.5,3715.7,3497.6,760.4
2023-07-10,Rice,Uttar Pradesh,Meerut Mandi,3365.0,4014.4,3689.7,922.6
2023-07-17,Rice,Uttar Pradesh,Meerut Mandi,3443.5,3965.7,3704.6,684.2
2023-07-24,Rice,Uttar Pradesh,Meerut Mandi,3331.9,3867.9,3599.9,808.5
2023-07-31,Rice,Uttar Pradesh,Meerut Mandi,3162.9,3613.7,3388.3,833.5
2023-08-07,Rice,Uttar Pradesh,Meerut Mandi,3245.1,3680.5,3462.8,1049.8
2023-08-14,Rice,Uttar Pradesh,Meerut Mandi,3311.3,3597.1,3454.2,632.9
2023-08-21,Rice,Uttar Pradesh,Meerut Mandi,3282.2,3619.4,3450.8,995.7
2023-08-28,Rice,Uttar Pradesh,Meerut Mandi,3493.7,3950.1,3721.9,1041.7
2023-09-04,Rice,Uttar Pradesh,Meerut Mandi,3245.3,3867.1,3556.2,851.4
2023-09-11,Rice,Uttar Pradesh,Meerut Mandi,3394.9,4022.1,3708.5,685.4
2023-09-18,Rice,Uttar Pradesh,Meerut Mandi,3370.1,3723.5,3546.8,996.9
2023-09-25,Rice,Uttar Pradesh,Meerut Mandi,3409.4,3803.2,3606.3,934.9
2023-10-02,Rice,Uttar Pradesh,Meerut Mandi,2617.5,2910.5,2764.0,2040.7
2023-10-09,Rice,Uttar Pradesh,Meerut Mandi,2572.1,2836.7,2704.4,1948.1
2023-10-16,Rice,Uttar Pradesh,Meerut Mandi,2289.5,2652.3,2470.9,1227.9
2023-10-23,Rice,Uttar Pradesh,Meerut Mandi,2463.0,2818.2,2640.6,1510.7
2023-10-30,Rice,Uttar Pradesh,Meerut Mandi,2503.0,2917.4,2710.2,1485.2
2023-11-06,Rice,Uttar Pradesh,Meerut Mandi,2355.6,2688.4,2522.0,1282.3
2023-11-13,Rice,Uttar Pradesh,Meerut Mandi,2336.7,2631.9,2484.3,2102.1
2023-11-20,Rice,Uttar Pradesh,Meerut Mandi,2662.8,2897.4,2780.1,1867.4
2023-11-27,Rice,Uttar Pradesh,Meerut Mandi,2485.4,2864.0,2674.7,2070.3
2023-12-04,Rice,Uttar Pradesh,Meerut Mandi,2605.9,2979.3,2792.6,1806.9
2023-12-11,Rice,Uttar Pradesh,Meerut Mandi,2620.3,2879.1,2749.7,1644.4
2023-12-18,Rice,Uttar Pradesh,Meerut Mandi,2662.2,2884.4,2773.3,1535.5
2023-12-25,Rice,Uttar Pradesh,Meerut Mandi,2437.2,2685.6,2561.4,1589.5
2015-01-05,Rice,Andhra Pradesh,Vijayawada Mandi,1867.9,2226.7,2047.3,1044.9
2015-01-12,Rice,Andhra Pradesh,Vijayawada Mandi,1893.3,2193.3,2043.3,970.6
2015-01-19,Rice,Andhra Pradesh,Vijayawada Mandi,1946.6,2217.8,2082.2,783.4
2015-01-26,Rice,Andhra Pradesh,Vijayawada Mandi,2061.7,2395.1,2228.4,1049.2
2015-02-02,Rice,Andhra Pradesh,Vijayawada Mandi,1998.8,2269.0,2133.9,774.2
2015-02-09,Rice,Andhra Pradesh,Vijayawada Mandi,1901.0,2250.0,2075.5,801.8
2015-02-16,Rice,Andhra Pradesh,Vijayawada Mandi,2074.4,2446.0,2260.2,1057.0
2015-02-23,Rice,Andhra Pradesh,Vijayawada Mandi,1996.6,2333.6,2165.1,1087.3
2015-03-02,Rice,Andhra Pradesh,Vijayawada Mandi,1996.2,2269.4,2132.8,1078.5
2015-03-09,Rice,Andhra Pradesh,Vijayawada Mandi,1916.8,2171.4,2044.1,979.9
2015-03-16,Rice,Andhra Pradesh,Vijayawada Mandi,2184.0,2401.0,2292.5,780.3
2015-03-23,Rice,Andhra Pradesh,Vijayawada Mandi,2038.2,2221.2,2129.7,640.4
2015-03-30,Rice,Andhra Pradesh,Vijayawada Mandi,1924.8,2219.8,2072.3,805.9
2015-04-06,Rice,Andhra Pradesh,Vijayawada Mandi,1947.6,2241.2,2094.4,845.1
2015-04-13,Rice,Andhra Pradesh,Vijayawada Mandi,1983.5,2329.9,2156.7,937.7
2015-04-20,Rice,Andhra Pradesh,Vijayawada Mandi,2033.1,2427.3,2230.2,639.2
2015-04-27,Rice,Andhra Pradesh,Vijayawada Mandi,2046.6,2308.4,2177.5,965.4
2015-05-04,Rice,Andhra Pradesh,Vijayawada Mandi,1905.7,2212.3,2059.0,898.6
2015-05-11,Rice,Andhra Pradesh,Vijayawada Mandi,1942.7,2298.1,2120.4,942.5
2015-05-18,Rice,Andhra Pradesh,Vijayawada Mandi,2127.0,2450.2,2288.6,699.5
2015-05-25,Rice,Andhra Pradesh,Vijayawada Mandi,2065.8,2296.2,2181.0,997.2
2015-06-01,Rice,Andhra Pradesh,Vijayawada Mandi,2146.1,2397.5,2271.8,1051.0
2015-06-08,Rice,Andhra Pradesh,Vijayawada Mandi,1927.3,2207.3,2067.3,953.5
2015-06-15,Rice,Andhra Pradesh,Vijayawada Mandi,2201.3,2387.9,2294.6,1060.2
2015-06-22,Rice,Andhra Pradesh,Vijayawada Mandi,2161.5,2440.3,2300.9,957.4
2015-06-29,Rice,Andhra Pradesh,Vijayawada Mandi,1928.6,2157.4,2043.0,964.6
2015-07-06,Rice,Andhra Pradesh,Vijayawada Mandi,2200.1,2456.3,2328.2,722.5
2015-07-13,Rice,Andhra Pradesh,Vijayawada Mandi,2055.5,2388.3,2221.9,848.7
2015-07-20,Rice,Andhra Pradesh,Vijayawada Mandi,2073.6,2311.8,2192.7,1045.6
2015-07-27,Rice,Andhra Pradesh,Vijayawada Mandi,2014.2,2294.0,2154.1,667.8
2015-08-03,Rice,Andhra Pradesh,Vijayawada Mandi,1939.7,2198.1,2068.9,632.8
2015-08-10,Rice,Andhra Pradesh,Vijayawada Mandi,2058.3,2416.1,2237.2,1056.4
2015-08-17,Rice,Andhra Pradesh,Vijayawada Mandi,2062.4,2289.6,2176.0,717.4
2015-08-24,Rice,Andhra Pradesh,Vijayawada Mandi,2211.6,2512.4,2362.0,981.8
2015-08-31,Rice,Andhra Pradesh,Vijayawada Mandi,1943.6,2214.8,2079.2,664.2
2015-09-07,Rice,Andhra Pradesh,Vijayawada Mandi,2022.2,2354.8,2188.5,1056.6
2015-09-14,Rice,Andhra Pradesh,Vijayawada Mandi,2082.9,2464.9,2273.9,797.3
2015-09-21,Rice,Andhra Pradesh,Vijayawada Mandi,2008.3,2299.7,2154.0,893.0
2015-09-28,Rice,Andhra Pradesh,Vijayawada Mandi,2040.6,2301.8,2171.2,848.9
2015-10-05,Rice,Andhra Pradesh,Vijayawada Mandi,1393.8,1650.0,1521.9,1850.8
2015-10-12,Rice,Andhra Pradesh,Vijayawada Mandi,1582.5,1736.3,1659.4,1540.4
2015-10-19,Rice,Andhra Pradesh,Vijayawada Mandi,1494.5,1709.7,1602.1,1696.5
2015-10-26,Rice,Andhra Pradesh,Vijayawada Mandi,1607.1,1825.3,1716.2,1386.7
2015-11-02,Rice,Andhra Pradesh,Vijayawada Mandi,1540.9,1830.7,1685.8,2062.2
2015-11-09,Rice,Andhra Pradesh,Vijayawada Mandi,1597.7,1757.1,1677.4,1251.0
2015-11-16,Rice,Andhra Pradesh,Vijayawada Mandi,1465.0,1703.2,1584.1,1789.7
2015-11-23,Rice,Andhra Pradesh,Vijayawada Mandi,1443.4,1634.8,1539.1,1490.3
2015-11-30,Rice,Andhra Pradesh,Vijayawada Mandi,1492.8,1745.8,1619.3,1724.3
2015-12-07,Rice,Andhra Pradesh,Vijayawada Mandi,1588.0,1816.0,1702.0,1963.2
2015-12-14,Rice,Andhra Pradesh,Vijayawada Mandi,1638.3,1882.5,1760.4,1541.0
2015-12-21,Rice,Andhra Pradesh,Vijayawada Mandi,1468.8,1604.2,1536.5,1837.1
2015-12-28,Rice,Andhra Pradesh,Vijayawada Mandi,1607.3,1830.5,1718.9,1630.1
2016-01-04,Rice,Andhra Pradesh,Vijayawada Mandi,2134.6,2362.2,2248.4,1073.5
2016-01-11,Rice,Andhra Pradesh,Vijayawada Mandi,2196.1,2539.3,2367.7,705.7
2016-01-18,Rice,Andhra Pradesh,Vijayawada Mandi,2149.6,2491.0,2320.3,913.7
2016-01-25,Rice,Andhra Pradesh,Vijayawada Mandi,2098.0,2300.8,2199.4,922.5
2016-02-01,Rice,Andhra Pradesh,Vijayawada Mandi,2186.1,2509.9,2348.0,1091.4
2016-02-08,Rice,Andhra Pradesh,Vijayawada Mandi,2245.7,2530.3,2388.0,875.8
2016-02-15,Rice,Andhra Pradesh,Vijayawada Mandi,2232.4,2477.4,2354.9,633.4
2016-02-22,Rice,Andhra Pradesh,Vijayawada Mandi,2015.8,2380.0,2197.9,972.7
2016-02-29,Rice,Andhra Pradesh,Vijayawada Mandi,2087.9,2294.5,2191.2,807.6
2016-03-07,Rice,Andhra Pradesh,Vijayawada Mandi,2180.2,2590.4,2385.3,799.7
2016-03-14,Rice,Andhra Pradesh,Vijayawada Mandi,2230.2,2530.0,2380.1,877.1
2016-03-21,Rice,Andhra Pradesh,Vijayawada Mandi,2039.8,2270.6,2155.2,701.6
2016-03-28,Rice,Andhra Pradesh,Vijayawada Mandi,2000.2,2262.6,2131.4,639.5
2016-04-04,Rice,Andhra Pradesh,Vijayawada Mandi,2257.1,2584.5,2420.8,800.6
2016-04-11,Rice,Andhra Pradesh,Vijayawada Mandi,2095.2,2321.0,2208.1,832.4
2016-04-18,Rice,Andhra Pradesh,Vijayawada Mandi,2097.5,2285.1,2191.3,698.6
2016-04-25,Rice,Andhra Pradesh,Vijayawada Mandi,2266.5,2607.1,2436.8,1033.4
2016-05-02,Rice,Andhra Pradesh,Vijayawada Mandi,2054.7,2274.1,2164.4,962.7
2016-05-09,Rice,Andhra Pradesh,Vijayawada Mandi,2088.8,2295.0,2191.9,792.7
2016-05-16,Rice,Andhra Pradesh,Vijayawada Mandi,2064.7,2352.3,2208.5,845.3
2016-05-23,Rice,Andhra Pradesh,Vijayawada Mandi,2109.1,2409.7,2259.4,739.3
2016-05-30,Rice,Andhra Pradesh,Vijayawada Mandi,2172.7,2575.1,2373.9,903.2
2016-06-06,Rice,Andhra Pradesh,Vijayawada Mandi,2191.4,2444.2,2317.8,1043.6
2016-06-13,Rice,Andhra Pradesh,Vijayawada Mandi,2276.4,2604.8,2440.6,730.7
2016-06-20,Rice,Andhra Pradesh,Vijayawada Mandi,2104.0,2359.8,2231.9,939.2
2016-06-27,Rice,Andhra Pradesh,Vijayawada Mandi,2298.3,2631.3,2464.8,767.3
2016-07-04,Rice,Andhra Pradesh,Vijayawada Mandi,2243.7,2504.3,2374.0,859.9
2016-07-11,Rice,Andhra Pradesh,Vijayawada Mandi,2119.3,2459.7,2289.5,815.7
2016-07-18,Rice,Andhra Pradesh,Vijayawada Mandi,2270.0,2577.4,2423.7,1084.0
2016-07-25,Rice,Andhra Pradesh,Vijayawada Mandi,2217.1,2519.3,2368.2,944.0
2016-08-01,Rice,Andhra Pradesh,Vijayawada Mandi,2250.0,2544.8,2397.4,694.5
2016-08-08,Rice,Andhra Pradesh,Vijayawada Mandi,2154.1,2371.1,2262.6,971.6
2016-08-15,Rice,Andhra Pradesh,Vijayawada Mandi,2179.0,2594.6,2386.8,758.0
2016-08-22,Rice,Andhra Pradesh,Vijayawada Mandi,2123.2,2416.4,2269.8,919.8
2016-08-29,Rice,Andhra Pradesh,Vijayawada Mandi,2226.8,2532.2,2379.5,850.5
2016-09-05,Rice,Andhra Pradesh,Vijayawada Mandi,2279.0,2724.4,2501.7,680.7
2016-09-12,Rice,Andhra Pradesh,Vijayawada Mandi,2232.4,2470.8,2351.6,714.3
2016-09-19,Rice,Andhra Pradesh,Vijayawada Mandi,2231.2,2472.0,2351.6,851.7
2016-09-26,Rice,Andhra Pradesh,Vijayawada Mandi,2310.2,2668.2,2489.2,858.8
2016-10-03,Rice,Andhra Pradesh,Vijayawada Mandi,1610.5,1912.5,1761.5,1775.6
2016-10-10,Rice,Andhra Pradesh,Vijayawada Mandi,1604.2,1782.2,1693.2,1752.1
2016-10-17,Rice,Andhra Pradesh,Vijayawada Mandi,1527.7,1810.7,1669.2,1580.9
2016-10-24,Rice,Andhra Pradesh,Vijayawada Mandi,1686.9,1882.9,1784.9,1987.6
2016-10-31,Rice,Andhra Pradesh,Vijayawada Mandi,1758.0,1921.4,1839.7,2070.7
2016-11-07,Rice,Andhra Pradesh,Vijayawada Mandi,1574.5,1872.7,1723.6,1580.4
2016-11-14,Rice,Andhra Pradesh,Vijayawada Mandi,1479.5,1765.5,1622.5,1390.0
2016-11-21,Rice,Andhra Pradesh,Vijayawada Mandi,1611.7,1855.1,1733.4,2005.0
2016-11-28,Rice,Andhra Pradesh,Vijayawada Mandi,1602.1,1810.3,1706.2,1393.6
2016-12-05,Rice,Andhra Pradesh,Vijayawada Mandi,1693.1,2015.5,1854.3,1818.2
2016-12-12,Rice,Andhra Pradesh,Vijayawada Mandi,1523.0,1731.0,1627.0,1880.3
2016-12-19,Rice,Andhra Pradesh,Vijayawada Mandi,1725.6,1878.4,1802.0,1778.2
2016-12-26,Rice,Andhra Pradesh,Vijayawada Mandi,1576.0,1760.0,1668.0,1515.9
2017-01-02,Rice,Andhra Pradesh,Vijayawada Mandi,2210.4,2530.8,2370.6,768.4
2017-01-09,Rice,Andhra Pradesh,Vijayawada Mandi,2410.6,2636.8,2523.7,1007.0
2017-01-16,Rice,Andhra Pradesh,Vijayawada Mandi,2279.4,2693.4,2486.4,933.5
2017-01-23,Rice,Andhra Pradesh,Vijayawada Mandi,2323.5,2600.9,2462.2,837.1
2017-01-30,Rice,Andhra Pradesh,Vijayawada Mandi,2281.0,2486.0,2383.5,837.5
2017-02-06,Rice,Andhra Pradesh,Vijayawada Mandi,2273.8,2530.6,2402.2,1034.4
2017-02-13,Rice,Andhra Pradesh,Vijayawada Mandi,2233.8,2541.8,2387.8,853.7
2017-02-20,Rice,Andhra Pradesh,Vijayawada Mandi,2350.7,2800.7,2575.7,933.3
2017-02-27,Rice,Andhra Pradesh,Vijayawada Mandi,2284.7,2693.3,2489.0,739.4
2017-03-06,Rice,Andhra Pradesh,Vijayawada Mandi,2405.8,2730.0,2567.9,772.2
2017-03-13,Rice,Andhra Pradesh,Vijayawada Mandi,2126.8,2532.8,2329.8,897.1
2017-03-20,Rice,Andhra Pradesh,Vijayawada Mandi,2219.1,2472.3,2345.7,632.6
2017-03-27,Rice,Andhra Pradesh,Vijayawada Mandi,2272.1,2486.5,2379.3,756.2
2017-04-03,Rice,Andhra Pradesh,Vijayawada Mandi,2162.9,2485.9,2324.4,838.6
2017-04-10,Rice,Andhra Pradesh,Vijayawada Mandi,2427.1,2767.5,2597.3,735.9
2017-04-17,Rice,Andhra Pradesh,Vijayawada Mandi,2295.5,2736.3,2515.9,735.6
2017-04-24,Rice,Andhra Pradesh,Vijayawada Mandi,2152.6,2422.6,2287.6,967.5
2017-05-01,Rice,Andhra Pradesh,Vijayawada Mandi,2219.5,2554.5,2387.0,876.0
2017-05-08,Rice,Andhra Pradesh,Vijayawada Mandi,2308.4,2743.0,2525.7,718.4
2017-05-15,Rice,Andhra Pradesh,Vijayawada Mandi,2262.4,2543.4,2402.9,709.5
2017-05-22,Rice,Andhra Pradesh,Vijayawada Mandi,2248.0,2499.4,2373.7,831.7
2017-05-29,Rice,Andhra Pradesh,Vijayawada Mandi,2428.1,2786.7,2607.4,858.4
2017-06-05,Rice,Andhra Pradesh,Vijayawada Mandi,2310.1,2545.5,2427.8,942.4
2017-06-12,Rice,Andhra Pradesh,Vijayawada Mandi,2419.8,2802.2,2611.0,833.1
2017-06-19,Rice,Andhra Pradesh,Vijayawada Mandi,2439.9,2701.7,2570.8,793.5
2017-06-26,Rice,Andhra Pradesh,Vijayawada Mandi,2180.0,2579.4,2379.7,746.9
2017-07-03,Rice,Andhra Pradesh,Vijayawada Mandi,2204.6,2533.4,2369.0,994.1
2017-07-10,Rice,Andhra Pradesh,Vijayawada Mandi,2405.3,2710.1,2557.7,707.6
2017-07-17,Rice,Andhra Pradesh,Vijayawada Mandi,2443.7,2808.9,2626.3,637.6
2017-07-24,Rice,Andhra Pradesh,Vijayawada Mandi,2251.8,2525.6,2388.7,745.3
2017-07-31,Rice,Andhra Pradesh,Vijayawada Mandi,2368.1,2739.5,2553.8,1073.7
2017-08-07,Rice,Andhra Pradesh,Vijayawada Mandi,2236.6,2501.2,2368.9,689.4
2017-08-14,Rice,Andhra Pradesh,Vijayawada Mandi,2359.1,2759.3,2559.2,828.0
2017-08-21,Rice,Andhra Pradesh,Vijayawada Mandi,2232.6,2624.6,2428.6,734.0
2017-08-28,Rice,Andhra Pradesh,Vijayawada Mandi,2197.2,2428.2,2312.7,821.0
2017-09-04,Rice,Andhra Pradesh,Vijayawada Mandi,2195.7,2546.3,2371.0,913.3
2017-09-11,Rice,Andhra Pradesh,Vijayawada Mandi,2254.0,2512.2,2383.1,759.9
2017-09-18,Rice,Andhra Pradesh,Vijayawada Mandi,2438.0,2790.6,2614.3,798.5
2017-09-25,Rice,Andhra Pradesh,Vijayawada Mandi,2327.2,2771.4,2549.3,958.5
2017-10-02,Rice,Andhra Pradesh,Vijayawada Mandi,1653.5,1849.7,1751.6,1580.8
2017-10-09,Rice,Andhra Pradesh,Vijayawada Mandi,1673.2,1951.6,1812.4,1279.7
2017-10-16,Rice,Andhra Pradesh,Vijayawada Mandi,1648.6,1953.0,1800.8,2064.0
2017-10-23,Rice,Andhra Pradesh,Vijayawada Mandi,1773.8,2085.4,1929.6,1830.1
2017-10-30,Rice,Andhra Pradesh,Vijayawada Mandi,1782.7,1963.5,1873.1,1957.3
2017-11-06,Rice,Andhra Pradesh,Vijayawada Mandi,1719.3,1992.7,1856.0,1517.5
2017-11-13,Rice,Andhra Pradesh,Vijayawada Mandi,1632.9,1835.3,1734.1,1445.4
2017-11-20,Rice,Andhra Pradesh,Vijayawada Mandi,1611.8,1923.4,1767.6,1544.8
2017-11-27,Rice,Andhra Pradesh,Vijayawada Mandi,1786.1,2108.1,1947.1,1338.7
2017-12-04,Rice,Andhra Pradesh,Vijayawada Mandi,1864.7,2049.5,1957.1,2069.0
2017-12-11,Rice,Andhra Pradesh,Vijayawada Mandi,1621.9,1933.5,1777.7,1938.2
2017-12-18,Rice,Andhra Pradesh,Vijayawada Mandi,1666.2,1922.0,1794.1,1395.1
2017-12-25,Rice,Andhra Pradesh,Vijayawada Mandi,1786.4,1976.4,1881.4,1351.8
2018-01-01,Rice,Andhra Pradesh,Vijayawada Mandi,2250.2,2643.0,2446.6,927.2
2018-01-08,Rice,Andhra Pradesh,Vijayawada Mandi,2420.2,2695.0,2557.6,960.2
2018-01-15,Rice,Andhra Pradesh,Vijayawada Mandi,2538.5,2877.1,2707.8,839.4
2018-01-22,Rice,Andhra Pradesh,Vijayawada Mandi,2378.5,2770.5,2574.5,949.3
2018-01-29,Rice,Andhra Pradesh,Vijayawada Mandi,2404.1,2841.5,2622.8,674.7
2018-02-05,Rice,Andhra Pradesh,Vijayawada Mandi,2583.6,2836.2,2709.9,676.4
2018-02-12,Rice,Andhra Pradesh,Vijayawada Mandi,2493.4,2839.4,2666.4,801.3
2018-02-19,Rice,Andhra Pradesh,Vijayawada Mandi,2229.5,2617.5,2423.5,872.5
2018-02-26,Rice,Andhra Pradesh,Vijayawada Mandi,2318.6,2547.6,2433.1,663.9
2018-03-05,Rice,Andhra Pradesh,Vijayawada Mandi,2253.2,2641.8,2447.5,684.2
2018-03-12,Rice,Andhra Pradesh,Vijayawada Mandi,2351.4,2595.2,2473.3,787.3
2018-03-19,Rice,Andhra Pradesh,Vijayawada Mandi,2356.1,2581.7,2468.9,769.9
2018-03-26,Rice,Andhra Pradesh,Vijayawada Mandi,2625.8,2849.8,2737.8,688.3
2018-04-02,Rice,Andhra Pradesh,Vijayawada Mandi,2458.3,2778.5,2618.4,752.9
2018-04-09,Rice,Andhra Pradesh,Vijayawada Mandi,2379.2,2669.4,2524.3,659.1
2018-04-16,Rice,Andhra Pradesh,Vijayawada Mandi,2402.0,2614.4,2508.2,704.6
2018-04-23,Rice,Andhra Pradesh,Vijayawada Mandi,2570.1,2899.5,2734.8,653.5
2018-04-30,Rice,Andhra Pradesh,Vijayawada Mandi,2361.9,2591.9,2476.9,858.7
2018-05-07,Rice,Andhra Pradesh,Vijayawada Mandi,2271.7,2706.5,2489.1,785.7
2018-05-14,Rice,Andhra Pradesh,Vijayawada Mandi,2321.7,2660.1,2490.9,1014.7
2018-05-21,Rice,Andhra Pradesh,Vijayawada Mandi,2453.5,2743.3,2598.4,930.1
2018-05-28,Rice,Andhra Pradesh,Vijayawada Mandi,2582.9,2956.1,2769.5,1004.7
2018-06-04,Rice,Andhra Pradesh,Vijayawada Mandi,2461.0,2821.8,2641.4,763.1
2018-06-11,Rice,Andhra Pradesh,Vijayawada Mandi,2462.9,2791.5,2627.2,799.4
2018-06-18,Rice,Andhra Pradesh,Vijayawada Mandi,2414.0,2810.4,2612.2,816.4
2018-06-25,Rice,Andhra Pradesh,Vijayawada Mandi,2606.0,2823.8,2714.9,1032.0
2018-07-02,Rice,Andhra Pradesh,Vijayawada Mandi,2470.4,2783.8,2627.1,843.1
2018-07-09,Rice,Andhra Pradesh,Vijayawada Mandi,2493.3,2961.1,2727.2,658.7
2018-07-16,Rice,Andhra Pradesh,Vijayawada Mandi,2317.3,2550.5,2433.9,855.9
2018-07-23,Rice,Andhra Pradesh,Vijayawada Mandi,2574.2,2821.0,2697.6,688.1
2018-07-30,Rice,Andhra Pradesh,Vijayawada Mandi,2305.3,2591.5,2448.4,836.2
2018-08-06,Rice,Andhra Pradesh,Vijayawada Mandi,2528.8,2887.6,2708.2,994.3
2018-08-13,Rice,Andhra Pradesh,Vijayawada Mandi,2502.2,2778.2,2640.2,759.7
2018-08-20,Rice,Andhra Pradesh,Vijayawada Mandi,2523.7,2783.3,2653.5,921.8
2018-08-27,Rice,Andhra Pradesh,Vijayawada Mandi,2445.8,2854.6,2650.2,834.7
2018-09-03,Rice,Andhra Pradesh,Vijayawada Mandi,2553.4,3039.8,2796.6,955.3
2018-09-10,Rice,Andhra Pradesh,Vijayawada Mandi,2291.7,2738.1,2514.9,901.8
2018-09-17,Rice,Andhra Pradesh,Vijayawada Mandi,2369.8,2638.8,2504.3,1000.1
2018-09-24,Rice,Andhra Pradesh,Vijayawada Mandi,2420.1,2635.9,2528.0,755.3
2018-10-01,Rice,Andhra Pradesh,Vijayawada Mandi,1831.5,2075.1,1953.3,1946.5
2018-10-08,Rice,Andhra Pradesh,Vijayawada Mandi,1739.5,2032.7,1886.1,1935.1
2018-10-15,Rice,Andhra Pradesh,Vijayawada Mandi,1895.0,2076.4,1985.7,1830.5
2018-10-22,Rice,Andhra Pradesh,Vijayawada Mandi,1910.6,2081.4,1996.0,1735.3
2018-10-29,Rice,Andhra Pradesh,Vijayawada Mandi,1890.1,2114.3,2002.2,1947.0
2018-11-05,Rice,Andhra Pradesh,Vijayawada Mandi,1900.8,2108.6,2004.7,1234.7
2018-11-12,Rice,Andhra Pradesh,Vijayawada Mandi,1896.7,2148.5,2022.6,1707.1
2018-11-19,Rice,Andhra Pradesh,Vijayawada Mandi,1746.3,1998.1,1872.2,1292.0
2018-11-26,Rice,Andhra Pradesh,Vijayawada Mandi,1782.6,2063.6,1923.1,1936.9
2018-12-03,Rice,Andhra Pradesh,Vijayawada Mandi,1886.7,2252.3,2069.5,2049.7
2018-12-10,Rice,Andhra Pradesh,Vijayawada Mandi,1695.0,1989.6,1842.3,1466.3
2018-12-17,Rice,Andhra Pradesh,Vijayawada Mandi,1722.0,1984.4,1853.2,1842.8
2018-12-24,Rice,Andhra Pradesh,Vijayawada Mandi,1738.1,1957.1,1847.6,1584.2
2018-12-31,Rice,Andhra Pradesh,Vijayawada Mandi,1710.4,2036.0,1873.2,1883.2
2019-01-07,Rice,Andhra Pradesh,Vijayawada Mandi,2594.7,3106.1,2850.4,977.6
2019-01-14,Rice,Andhra Pradesh,Vijayawada Mandi,2379.7,2753.5,2566.6,802.1
2019-01-21,Rice,Andhra Pradesh,Vijayawada Mandi,2508.7,2958.9,2733.8,1087.0
2019-01-28,Rice,Andhra Pradesh,Vijayawada Mandi,2518.0,2927.4,2722.7,891.2
2019-02-04,Rice,Andhra Pradesh,Vijayawada Mandi,2439.6,2877.8,2658.7,874.8
2019-02-11,Rice,Andhra Pradesh,Vijayawada Mandi,2738.0,3043.2,2890.6,659.0
2019-02-18,Rice,Andhra Pradesh,Vijayawada Mandi,2404.8,2846.2,2625.5,897.3
2019-02-25,Rice,Andhra Pradesh,Vijayawada Mandi,2512.2,2796.2,2654.2,724.7
2019-03-04,Rice,Andhra Pradesh,Vijayawada Mandi,2591.9,2863.1,2727.5,1044.7
2019-03-11,Rice,Andhra Pradesh,Vijayawada Mandi,2616.6,3070.6,2843.6,819.2
2019-03-18,Rice,Andhra Pradesh,Vijayawada Mandi,2658.9,2886.5,2772.7,1006.6
2019-03-25,Rice,Andhra Pradesh,Vijayawada Mandi,2511.9,2828.5,2670.2,678.6
2019-04-01,Rice,Andhra Pradesh,Vijayawada Mandi,2662.1,3105.3,2883.7,644.1
2019-04-08,Rice,Andhra Pradesh,Vijayawada Mandi,2734.5,3049.5,2892.0,1080.6
2019-04-15,Rice,Andhra Pradesh,Vijayawada Mandi,2649.8,2928.2,2789.0,630.2
2019-04-22,Rice,Andhra Pradesh,Vijayawada Mandi,2451.9,2865.5,2658.7,1001.7
2019-04-29,Rice,Andhra Pradesh,Vijayawada Mandi,2690.1,3044.1,2867.1,1000.4
2019-05-06,Rice,Andhra Pradesh,Vijayawada Mandi,2480.5,2836.7,2658.6,967.7
2019-05-13,Rice,Andhra Pradesh,Vijayawada Mandi,2419.5,2693.7,2556.6,815.7
2019-05-20,Rice,Andhra Pradesh,Vijayawada Mandi,2741.1,3011.3,2876.2,721.8
2019-05-27,Rice,Andhra Pradesh,Vijayawada Mandi,2509.4,2823.8,2666.6,1074.9
2019-06-03,Rice,Andhra Pradesh,Vijayawada Mandi,2790.4,3085.8,2938.1,831.8
2019-06-10,Rice,Andhra Pradesh,Vijayawada Mandi,2549.6,2916.6,2733.1,968.3
2019-06-17,Rice,Andhra Pradesh,Vijayawada Mandi,2449.6,2732.4,2591.0,760.6
2019-06-24,Rice,Andhra Pradesh,Vijayawada Mandi,2536.3,3001.1,2768.7,883.3
2019-07-01,Rice,Andhra Pradesh,Vijayawada Mandi,2667.2,3173.6,2920.4,1009.9
2019-07-08,Rice,Andhra Pradesh,Vijayawada Mandi,2601.2,2826.8,2714.0,1016.0
2019-07-15,Rice,Andhra Pradesh,Vijayawada Mandi,2675.8,2996.4,2836.1,703.0
2019-07-22,Rice,Andhra Pradesh,Vijayawada Mandi,2478.6,2716.0,2597.3,998.0
2019-07-29,Rice,Andhra Pradesh,Vijayawada Mandi,2713.7,3184.9,2949.3,1061.4
2019-08-05,Rice,Andhra Pradesh,Vijayawada Mandi,2640.3,3149.3,2894.8,724.5
2019-08-12,Rice,Andhra Pradesh,Vijayawada Mandi,2694.0,3138.2,2916.1,1085.4
2019-08-19,Rice,Andhra Pradesh,Vijayawada Mandi,2697.8,3069.4,2883.6,1042.3
2019-08-26,Rice,Andhra Pradesh,Vijayawada Mandi,2438.0,2784.0,2611.0,951.2
2019-09-02,Rice,Andhra Pradesh,Vijayawada Mandi,2490.3,2767.9,2629.1,814.7
2019-09-09,Rice,Andhra Pradesh,Vijayawada Mandi,2725.4,3254.0,2989.7,734.0
2019-09-16,Rice,Andhra Pradesh,Vijayawada Mandi,2509.6,2764.2,2636.9,775.1
2019-09-23,Rice,Andhra Pradesh,Vijayawada Mandi,2626.7,2926.3,2776.5,778.0
2019-09-30,Rice,Andhra Pradesh,Vijayawada Mandi,2498.1,2829.5,2663.8,1065.3
2019-10-07,Rice,Andhra Pradesh,Vijayawada Mandi,2018.8,2310.8,2164.8,1397.9
2019-10-14,Rice,Andhra Pradesh,Vijayawada Mandi,2060.0,2334.8,2197.4,1894.0
2019-10-21,Rice,Andhra Pradesh,Vijayawada Mandi,2020.1,2356.7,2188.4,1933.6
2019-10-28,Rice,Andhra Pradesh,Vijayawada Mandi,1988.2,2222.4,2105.3,1720.7
2019-11-04,Rice,Andhra Pradesh,Vijayawada Mandi,1967.8,2178.0,2072.9,1807.3
2019-11-11,Rice,Andhra Pradesh,Vijayawada Mandi,1964.6,2131.0,2047.8,1547.8
2019-11-18,Rice,Andhra Pradesh,Vijayawada Mandi,1852.1,2135.1,1993.6,1883.1
2019-11-25,Rice,Andhra Pradesh,Vijayawada Mandi,1916.6,2267.6,2092.1,1493.2
2019-12-02,Rice,Andhra Pradesh,Vijayawada Mandi,1845.4,2138.6,1992.0,1375.5
2019-12-09,Rice,Andhra Pradesh,Vijayawada Mandi,1944.8,2165.8,2055.3,1241.0
2019-12-16,Rice,Andhra Pradesh,Vijayawada Mandi,1887.2,2260.4,2073.8,1849.2
2019-12-23,Rice,Andhra Pradesh,Vijayawada Mandi,1829.0,2171.8,2000.4,1792.2
2019-12-30,Rice,Andhra Pradesh,Vijayawada Mandi,2003.5,2286.9,2145.2,1309.1
2020-01-06,Rice,Andhra Pradesh,Vijayawada Mandi,2792.3,3129.3,2960.8,1061.5
2020-01-13,Rice,Andhra Pradesh,Vijayawada Mandi,2708.5,2964.9,2836.7,829.9
2020-01-20,Rice,Andhra Pradesh,Vijayawada Mandi,2697.3,2928.9,2813.1,751.5
2020-01-27,Rice,Andhra Pradesh,Vijayawada Mandi,2923.3,3178.1,3050.7,781.0
2020-02-03,Rice,Andhra Pradesh,Vijayawada Mandi,2486.1,2949.5,2717.8,759.8
2020-02-10,Rice,Andhra Pradesh,Vijayawada Mandi,2741.5,3080.1,2910.8,966.5
2020-02-17,Rice,Andhra Pradesh,Vijayawada Mandi,2596.2,2817.0,2706.6,670.4
2020-02-24,Rice,Andhra Pradesh,Vijayawada Mandi,2658.5,2974.7,2816.6,788.2
2020-03-02,Rice,Andhra Pradesh,Vijayawada Mandi,2486.3,2900.9,2693.6,714.8
2020-03-09,Rice,Andhra Pradesh,Vijayawada Mandi,2666.2,3076.0,2871.1,963.9
2020-03-16,Rice,Andhra Pradesh,Vijayawada Mandi,2746.1,3112.7,2929.4,976.3
2020-03-23,Rice,Andhra Pradesh,Vijayawada Mandi,2666.6,3131.8,2899.2,722.9
2020-03-30,Rice,Andhra Pradesh,Vijayawada Mandi,2669.2,2952.4,2810.8,810.8
2020-04-06,Rice,Andhra Pradesh,Vijayawada Mandi,2661.7,2889.5,2775.6,716.5
2020-04-13,Rice,Andhra Pradesh,Vijayawada Mandi,2890.6,3132.2,3011.4,747.2
2020-04-20,Rice,Andhra Pradesh,Vijayawada Mandi,2660.5,3182.3,2921.4,1059.5
2020-04-27,Rice,Andhra Pradesh,Vijayawada Mandi,2595.3,3050.1,2822.7,883.0
2020-05-04,Rice,Andhra Pradesh,Vijayawada Mandi,2640.0,3009.0,2824.5,868.4
2020-05-11,Rice,Andhra Pradesh,Vijayawada Mandi,2551.2,2941.8,2746.5,975.7
2020-05-18,Rice,Andhra Pradesh,Vijayawada Mandi,2767.7,3103.9,2935.8,746.5
2020-05-25,Rice,Andhra Pradesh,Vijayawada Mandi,2626.5,3111.7,2869.1,902.1
2020-06-01,Rice,Andhra Pradesh,Vijayawada Mandi,2766.5,3158.9,2962.7,1007.7
2020-06-08,Rice,Andhra Pradesh,Vijayawada Mandi,2792.6,3213.0,3002.8,798.1
2020-06-15,Rice,Andhra Pradesh,Vijayawada Mandi,2719.0,3109.6,2914.3,838.3
2020-06-22,Rice,Andhra Pradesh,Vijayawada Mandi,2827.1,3262.9,3045.0,973.8
2020-06-29,Rice,Andhra Pradesh,Vijayawada Mandi,2658.9,3105.9,2882.4,663.4
2020-07-06,Rice,Andhra Pradesh,Vijayawada Mandi,2852.5,3172.5,3012.5,719.2
2020-07-13,Rice,Andhra Pradesh,Vijayawada Mandi,2959.0,3274.2,3116.6,1020.0
2020-07-20,Rice,Andhra Pradesh,Vijayawada Mandi,2805.2,3202.0,3003.6,724.8
2020-07-27,Rice,Andhra Pradesh,Vijayawada Mandi,2884.0,3129.4,3006.7,1019.2
2020-08-03,Rice,Andhra Pradesh,Vijayawada Mandi,2688.5,3019.5,2854.0,736.0
2020-08-10,Rice,Andhra Pradesh,Vijayawada Mandi,2802.1,3304.7,3053.4,679.7
2020-08-17,Rice,Andhra Pradesh,Vijayawada Mandi,2758.8,3157.4,2958.1,789.1
2020-08-24,Rice,Andhra Pradesh,Vijayawada Mandi,2856.7,3389.3,3123.0,891.5
2020-08-31,Rice,Andhra Pradesh,Vijayawada Mandi,2683.2,3039.2,2861.2,891.5
2020-09-07,Rice,Andhra Pradesh,Vijayawada Mandi,2814.3,3133.5,2973.9,787.9
2020-09-14,Rice,Andhra Pradesh,Vijayawada Mandi,2621.1,3042.5,2831.8,985.7
2020-09-21,Rice,Andhra Pradesh,Vijayawada Mandi,2643.7,3135.7,2889.7,694.9
2020-09-28,Rice,Andhra Pradesh,Vijayawada Mandi,2912.7,3307.5,3110.1,713.9
2020-10-05,Rice,Andhra Pradesh,Vijayawada Mandi,1980.1,2197.1,2088.6,1809.5
2020-10-12,Rice,Andhra Pradesh,Vijayawada Mandi,2127.5,2495.7,2311.6,1598.0
2020-10-19,Rice,Andhra Pradesh,Vijayawada Mandi,2067.7,2261.1,2164.4,1305.6
2020-10-26,Rice,Andhra Pradesh,Vijayawada Mandi,1944.7,2155.7,2050.2,1595.2
2020-11-02,Rice,Andhra Pradesh,Vijayawada Mandi,2005.1,2239.7,2122.4,1472.3
2020-11-09,Rice,Andhra Pradesh,Vijayawada Mandi,2001.8,2313.6,2157.7,1417.1
2020-11-16,Rice,Andhra Pradesh,Vijayawada Mandi,1955.3,2194.9,2075.1,1282.4
2020-11-23,Rice,Andhra Pradesh,Vijayawada Mandi,2141.9,2346.9,2244.4,1282.6
2020-11-30,Rice,Andhra Pradesh,Vijayawada Mandi,2014.3,2295.7,2155.0,1362.6
2020-12-07,Rice,Andhra Pradesh,Vijayawada Mandi,2215.2,2423.4,2319.3,1772.7
2020-12-14,Rice,Andhra Pradesh,Vijayawada Mandi,2234.2,2444.6,2339.4,1858.5
2020-12-21,Rice,Andhra Pradesh,Vijayawada Mandi,2239.5,2472.9,2356.2,1859.8
2020-12-28,Rice,Andhra Pradesh,Vijayawada Mandi,2072.7,2336.9,2204.8,1624.2
2021-01-04,Rice,Andhra Pradesh,Vijayawada Mandi,2920.6,3395.2,3157.9,907.2
2021-01-11,Rice,Andhra Pradesh,Vijayawada Mandi,2724.0,3233.0,2978.5,728.6
2021-01-18,Rice,Andhra Pradesh,Vijayawada Mandi,3062.5,3351.3,3206.9,775.0
2021-01-25,Rice,Andhra Pradesh,Vijayawada Mandi,2805.7,3104.9,2955.3,850.8
2021-02-01,Rice,Andhra Pradesh,Vijayawada Mandi,2744.6,3102.0,2923.3,670.1
2021-02-08,Rice,Andhra Pradesh,Vijayawada Mandi,2792.4,3317.6,3055.0,1031.6
2021-02-15,Rice,Andhra Pradesh,Vijayawada Mandi,3048.4,3400.0,3224.2,1027.5
2021-02-22,Rice,Andhra Pradesh,Vijayawada Mandi,2758.1,3263.3,3010.7,774.6
2021-03-01,Rice,Andhra Pradesh,Vijayawada Mandi,2840.1,3120.7,2980.4,842.3
2021-03-08,Rice,Andhra Pradesh,Vijayawada Mandi,2734.9,3166.7,2950.8,958.4
2021-03-15,Rice,Andhra Pradesh,Vijayawada Mandi,2722.5,3092.5,2907.5,933.4
2021-03-22,Rice,Andhra Pradesh,Vijayawada Mandi,2982.3,3525.3,3253.8,841.2
2021-03-29,Rice,Andhra Pradesh,Vijayawada Mandi,3103.1,3368.7,3235.9,682.3
2021-04-05,Rice,Andhra Pradesh,Vijayawada Mandi,2990.1,3495.1,3242.6,741.3
2021-04-12,Rice,Andhra Pradesh,Vijayawada Mandi,2913.3,3350.7,3132.0,763.2
2021-04-19,Rice,Andhra Pradesh,Vijayawada Mandi,2887.7,3310.9,3099.3,1020.7
2021-04-26,Rice,Andhra Pradesh,Vijayawada Mandi,2766.8,3125.6,2946.2,1052.0
2021-05-03,Rice,Andhra Pradesh,Vijayawada Mandi,3009.1,3476.1,3242.6,772.4
2021-05-10,Rice,Andhra Pradesh,Vijayawada Mandi,2865.4,3409.0,3137.2,842.6
2021-05-17,Rice,Andhra Pradesh,Vijayawada Mandi,2657.3,3159.7,2908.5,659.5
2021-05-24,Rice,Andhra Pradesh,Vijayawada Mandi,2828.5,3226.1,3027.3,830.3
2021-05-31,Rice,Andhra Pradesh,Vijayawada Mandi,3145.8,3445.0,3295.4,758.3
2021-06-07,Rice,Andhra Pradesh,Vijayawada Mandi,2849.7,3185.7,3017.7,868.2
2021-06-14,Rice,Andhra Pradesh,Vijayawada Mandi,2861.7,3114.9,2988.3,888.1
2021-06-21,Rice,Andhra Pradesh,Vijayawada Mandi,2993.6,3334.2,3163.9,997.5
2021-06-28,Rice,Andhra Pradesh,Vijayawada Mandi,3073.1,3394.5,3233.8,1087.5
2021-07-05,Rice,Andhra Pradesh,Vijayawada Mandi,3020.5,3512.3,3266.4,936.6
2021-07-12,Rice,Andhra Pradesh,Vijayawada Mandi,3057.1,3363.3,3210.2,906.4
2021-07-19,Rice,Andhra Pradesh,Vijayawada Mandi,2870.1,3413.1,3141.6,756.8
2021-07-26,Rice,Andhra Pradesh,Vijayawada Mandi,2878.7,3370.1,3124.4,987.1
2021-08-02,Rice,Andhra Pradesh,Vijayawada Mandi,2757.7,3088.7,2923.2,637.2
2021-08-09,Rice,Andhra Pradesh,Vijayawada Mandi,3025.9,3395.3,3210.6,1015.7
2021-08-16,Rice,Andhra Pradesh,Vijayawada Mandi,2810.4,3310.4,3060.4,925.1
2021-08-23,Rice,Andhra Pradesh,Vijayawada Mandi,3137.4,3504.6,3321.0,689.8
2021-08-30,Rice,Andhra Pradesh,Vijayawada Mandi,2854.7,3107.1,2980.9,1058.0
2021-09-06,Rice,Andhra Pradesh,Vijayawada Mandi,2841.3,3281.3,3061.3,1031.7
2021-09-13,Rice,Andhra Pradesh,Vijayawada Mandi,2774.8,3094.0,2934.4,939.5
2021-09-20,Rice,Andhra Pradesh,Vijayawada Mandi,2798.3,3293.3,3045.8,926.9
2021-09-27,Rice,Andhra Pradesh,Vijayawada Mandi,3033.9,3444.1,3239.0,847.9
2021-10-04,Rice,Andhra Pradesh,Vijayawada Mandi,2143.6,2368.0,2255.8,2042.7
2021-10-11,Rice,Andhra Pradesh,Vijayawada Mandi,2036.4,2434.8,2235.6,1775.0
2021-10-18,Rice,Andhra Pradesh,Vijayawada Mandi,2320.9,2625.9,2473.4,2093.4
2021-10-25,Rice,Andhra Pradesh,Vijayawada Mandi,2120.7,2431.7,2276.2,1458.8
2021-11-01,Rice,Andhra Pradesh,Vijayawada Mandi,1984.0,2342.0,2163.0,1300.1
2021-11-08,Rice,Andhra Pradesh,Vijayawada Mandi,2117.2,2471.4,2294.3,1264.1
2021-11-15,Rice,Andhra Pradesh,Vijayawada Mandi,2129.6,2378.0,2253.8,1849.7
2021-11-22,Rice,Andhra Pradesh,Vijayawada Mandi,2022.8,2361.4,2192.1,1381.7
2021-11-29,Rice,Andhra Pradesh,Vijayawada Mandi,2172.9,2438.1,2305.5,1555.0
2021-12-06,Rice,Andhra Pradesh,Vijayawada Mandi,2263.2,2521.2,2392.2,1806.5
2021-12-13,Rice,Andhra Pradesh,Vijayawada Mandi,2128.9,2475.1,2302.0,1273.9
2021-12-20,Rice,Andhra Pradesh,Vijayawada Mandi,2154.4,2488.0,2321.2,1550.4
2021-12-27,Rice,Andhra Pradesh,Vijayawada Mandi,2242.6,2450.0,2346.3,1999.0
2022-01-03,Rice,Andhra Pradesh,Vijayawada Mandi,3052.8,3631.2,3342.0,1028.0
2022-01-10,Rice,Andhra Pradesh,Vijayawada Mandi,2932.6,3259.6,3096.1,678.2
2022-01-17,Rice,Andhra Pradesh,Vijayawada Mandi,2785.5,3245.1,3015.3,962.9
2022-01-24,Rice,Andhra Pradesh,Vijayawada Mandi,2851.8,3143.8,2997.8,862.4
2022-01-31,Rice,Andhra Pradesh,Vijayawada Mandi,2975.1,3446.7,3210.9,748.2
2022-02-07,Rice,Andhra Pradesh,Vijayawada Mandi,3219.2,3569.4,3394.3,792.2
2022-02-14,Rice,Andhra Pradesh,Vijayawada Mandi,3200.8,3650.6,3425.7,636.6
2022-02-21,Rice,Andhra Pradesh,Vijayawada Mandi,3131.0,3435.2,3283.1,830.2
2022-02-28,Rice,Andhra Pradesh,Vijayawada Mandi,3027.2,3362.2,3194.7,723.5
2022-03-07,Rice,Andhra Pradesh,Vijayawada Mandi,2894.4,3402.4,3148.4,774.7
2022-03-14,Rice,Andhra Pradesh,Vijayawada Mandi,3236.9,3549.5,3393.2,988.5
2022-03-21,Rice,Andhra Pradesh,Vijayawada Mandi,2967.4,3261.8,3114.6,1011.4
2022-03-28,Rice,Andhra Pradesh,Vijayawada Mandi,3125.5,3621.5,3373.5,759.4
2022-04-04,Rice,Andhra Pradesh,Vijayawada Mandi,2792.3,3279.1,3035.7,755.8
2022-04-11,Rice,Andhra Pradesh,Vijayawada Mandi,2968.4,3353.4,3160.9,706.5
2022-04-18,Rice,Andhra Pradesh,Vijayawada Mandi,2960.2,3417.2,3188.7,967.5
2022-04-25,Rice,Andhra Pradesh,Vijayawada Mandi,2789.0,3304.4,3046.7,943.2
2022-05-02,Rice,Andhra Pradesh,Vijayawada Mandi,3016.9,3471.7,3244.3,904.4
2022-05-09,Rice,Andhra Pradesh,Vijayawada Mandi,3168.5,3486.1,3327.3,665.0
2022-05-16,Rice,Andhra Pradesh,Vijayawada Mandi,3134.5,3680.5,3407.5,909.5
2022-05-23,Rice,Andhra Pradesh,Vijayawada Mandi,2826.9,3260.3,3043.6,834.7
2022-05-30,Rice,Andhra Pradesh,Vijayawada Mandi,3194.8,3687.4,3441.1,798.8
2022-06-06,Rice,Andhra Pradesh,Vijayawada Mandi,2991.3,3314.7,3153.0,909.7
2022-06-13,Rice,Andhra Pradesh,Vijayawada Mandi,2959.5,3277.1,3118.3,993.2
2022-06-20,Rice,Andhra Pradesh,Vijayawada Mandi,3007.1,3496.5,3251.8,910.9
2022-06-27,Rice,Andhra Pradesh,Vijayawada Mandi,3147.6,3645.4,3396.5,798.6
2022-07-04,Rice,Andhra Pradesh,Vijayawada Mandi,3232.4,3547.8,3390.1,699.2
2022-07-11,Rice,Andhra Pradesh,Vijayawada Mandi,3204.3,3525.1,3364.7,715.9
2022-07-18,Rice,Andhra Pradesh,Vijayawada Mandi,2969.1,3415.7,3192.4,725.8
2022-07-25,Rice,Andhra Pradesh,Vijayawada Mandi,3225.5,3664.9,3445.2,810.3
2022-08-01,Rice,Andhra Pradesh,Vijayawada Mandi,3177.3,3704.1,3440.7,646.5
2022-08-08,Rice,Andhra Pradesh,Vijayawada Mandi,3329.3,3659.3,3494.3,957.6
2022-08-15,Rice,Andhra Pradesh,Vijayawada Mandi,3159.2,3743.8,3451.5,779.6
2022-08-22,Rice,Andhra Pradesh,Vijayawada Mandi,2998.2,3312.8,3155.5,854.2
2022-08-29,Rice,Andhra Pradesh,Vijayawada Mandi,3071.8,3346.4,3209.1,1062.1
2022-09-05,Rice,Andhra Pradesh,Vijayawada Mandi,3051.1,3606.1,3328.6,731.8
2022-09-12,Rice,Andhra Pradesh,Vijayawada Mandi,2955.3,3281.3,3118.3,676.2
2022-09-19,Rice,Andhra Pradesh,Vijayawada Mandi,3409.8,3714.6,3562.2,905.2
2022-09-26,Rice,Andhra Pradesh,Vijayawada Mandi,3028.4,3439.0,3233.7,961.6
2022-10-03,Rice,Andhra Pradesh,Vijayawada Mandi,2295.7,2563.1,2429.4,1690.2
2022-10-10,Rice,Andhra Pradesh,Vijayawada Mandi,2246.5,2627.3,2436.9,1479.2
2022-10-17,Rice,Andhra Pradesh,Vijayawada Mandi,2255.8,2606.8,2431.3,1477.6
2022-10-24,Rice,Andhra Pradesh,Vijayawada Mandi,2388.8,2659.0,2523.9,1309.0
2022-10-31,Rice,Andhra Pradesh,Vijayawada Mandi,2322.6,2601.0,2461.8,1788.2
2022-11-07,Rice,Andhra Pradesh,Vijayawada Mandi,2434.8,2724.0,2579.4,1239.9
2022-11-14,Rice,Andhra Pradesh,Vijayawada Mandi,2246.4,2460.6,2353.5,1462.2
2022-11-21,Rice,Andhra Pradesh,Vijayawada Mandi,2214.7,2458.9,2336.8,1640.8
2022-11-28,Rice,Andhra Pradesh,Vijayawada Mandi,2321.7,2703.9,2512.8,1356.5
2022-12-05,Rice,Andhra Pradesh,Vijayawada Mandi,2432.1,2738.1,2585.1,1233.3
2022-12-12,Rice,Andhra Pradesh,Vijayawada Mandi,2400.1,2874.5,2637.3,1552.6
2022-12-19,Rice,Andhra Pradesh,Vijayawada Mandi,2497.3,2719.5,2608.4,1496.4
2022-12-26,Rice,Andhra Pradesh,Vijayawada Mandi,2461.8,2838.2,2650.0,1604.7
2023-01-02,Rice,Andhra Pradesh,Vijayawada Mandi,3244.6,3843.8,3544.2,671.7
2023-01-09,Rice,Andhra Pradesh,Vijayawada Mandi,3164.2,3777.0,3470.6,633.8
2023-01-16,Rice,Andhra Pradesh,Vijayawada Mandi,3164.6,3531.6,3348.1,824.6
2023-01-23,Rice,Andhra Pradesh,Vijayawada Mandi,3151.9,3583.9,3367.9,1086.6
2023-01-30,Rice,Andhra Pradesh,Vijayawada Mandi,3355.0,3827.2,3591.1,1003.8
2023-02-06,Rice,Andhra Pradesh,Vijayawada Mandi,3476.5,3769.5,3623.0,974.9
2023-02-13,Rice,Andhra Pradesh,Vijayawada Mandi,2970.4,3394.0,3182.2,799.2
2023-02-20,Rice,Andhra Pradesh,Vijayawada Mandi,3069.4,3537.8,3303.6,949.8
2023-02-27,Rice,Andhra Pradesh,Vijayawada Mandi,3294.0,3738.6,3516.3,985.1
2023-03-06,Rice,Andhra Pradesh,Vijayawada Mandi,3345.3,3927.1,3636.2,1037.4
2023-03-13,Rice,Andhra Pradesh,Vijayawada Mandi,3281.4,3840.0,3560.7,662.7
2023-03-20,Rice,Andhra Pradesh,Vijayawada Mandi,3042.9,3426.1,3234.5,1023.6
2023-03-27,Rice,Andhra Pradesh,Vijayawada Mandi,3023.4,3519.6,3271.5,736.9
2023-04-03,Rice,Andhra Pradesh,Vijayawada Mandi,3365.2,3668.8,3517.0,801.6
2023-04-10,Rice,Andhra Pradesh,Vijayawada Mandi,3115.7,3596.9,3356.3,669.3
2023-04-17,Rice,Andhra Pradesh,Vijayawada Mandi,3341.9,3687.1,3514.5,785.7
2023-04-24,Rice,Andhra Pradesh,Vijayawada Mandi,3186.9,3660.7,3423.8,714.8
2023-05-01,Rice,Andhra Pradesh,Vijayawada Mandi,3379.3,3811.7,3595.5,709.2
2023-05-08,Rice,Andhra Pradesh,Vijayawada Mandi,3431.9,3890.1,3661.0,875.0
2023-05-15,Rice,Andhra Pradesh,Vijayawada Mandi,3422.5,3901.1,3661.8,1004.4
2023-05-22,Rice,Andhra Pradesh,Vijayawada Mandi,3072.6,3591.0,3331.8,1045.2
2023-05-29,Rice,Andhra Pradesh,Vijayawada Mandi,3232.2,3652.0,3442.1,872.2
2023-06-05,Rice,Andhra Pradesh,Vijayawada Mandi,3515.5,3823.1,3669.3,1034.3
2023-06-12,Rice,Andhra Pradesh,Vijayawada Mandi,3342.2,3770.4,3556.3,681.7
2023-06-19,Rice,Andhra Pradesh,Vijayawada Mandi,3388.4,3933.0,3660.7,894.4
2023-06-26,Rice,Andhra Pradesh,Vijayawada Mandi,3405.6,3923.0,3664.3,722.3
2023-07-03,Rice,Andhra Pradesh,Vijayawada Mandi,3428.4,3994.4,3711.4,688.1
2023-07-10,Rice,Andhra Pradesh,Vijayawada Mandi,3384.7,3938.7,3661.7,872.6
2023-07-17,Rice,Andhra Pradesh,Vijayawada Mandi,3450.5,3894.3,3672.4,734.1
2023-07-24,Rice,Andhra Pradesh,Vijayawada Mandi,3124.9,3641.1,3383.0,634.9
2023-07-31,Rice,Andhra Pradesh,Vijayawada Mandi,3261.8,3542.4,3402.1,1086.3
2023-08-07,Rice,Andhra Pradesh,Vijayawada Mandi,3319.9,3872.9,3596.4,761.3
2023-08-14,Rice,Andhra Pradesh,Vijayawada Mandi,3323.9,3646.9,3485.4,641.0
2023-08-21,Rice,Andhra Pradesh,Vijayawada Mandi,3237.0,3818.6,3527.8,679.8
2023-08-28,Rice,Andhra Pradesh,Vijayawada Mandi,3295.4,3911.8,3603.6,925.0
2023-09-04,Rice,Andhra Pradesh,Vijayawada Mandi,3287.5,3849.5,3568.5,717.1
2023-09-11,Rice,Andhra Pradesh,Vijayawada Mandi,3414.8,3963.2,3689.0,809.7
2023-09-18,Rice,Andhra Pradesh,Vijayawada Mandi,3448.1,3887.1,3667.6,899.0
2023-09-25,Rice,Andhra Pradesh,Vijayawada Mandi,3360.8,3781.2,3571.0,758.4
2023-10-02,Rice,Andhra Pradesh,Vijayawada Mandi,2346.2,2571.2,2458.7,1900.9
2023-10-09,Rice,Andhra Pradesh,Vijayawada Mandi,2286.3,2556.9,2421.6,1690.1
2023-10-16,Rice,Andhra Pradesh,Vijayawada Mandi,2508.1,2818.1,2663.1,1639.5
2023-10-23,Rice,Andhra Pradesh,Vijayawada Mandi,2520.1,2987.1,2753.6,1763.8
2023-10-30,Rice,Andhra Pradesh,Vijayawada Mandi,2477.5,2899.5,2688.5,1922.3
2023-11-06,Rice,Andhra Pradesh,Vijayawada Mandi,2433.6,2808.6,2621.1,2012.5
2023-11-13,Rice,Andhra Pradesh,Vijayawada Mandi,2332.2,2763.4,2547.8,1947.5
2023-11-20,Rice,Andhra Pradesh,Vijayawada Mandi,2545.3,2970.9,2758.1,1802.8
2023-11-27,Rice,Andhra Pradesh,Vijayawada Mandi,2283.0,2722.2,2502.6,1637.0
2023-12-04,Rice,Andhra Pradesh,Vijayawada Mandi,2543.0,2761.2,2652.1,1272.9
2023-12-11,Rice,Andhra Pradesh,Vijayawada Mandi,2594.5,2893.1,2743.8,1909.7
2023-12-18,Rice,Andhra Pradesh,Vijayawada Mandi,2367.2,2728.2,2547.7,2048.8
2023-12-25,Rice,Andhra Pradesh,Vijayawada Mandi,2419.3,2705.9,2562.6,1313.2
2015-01-05,Wheat,Punjab,Khanna Mandi,2209.5,2562.5,2386.0,1140.2
2015-01-12,Wheat,Punjab,Khanna Mandi,2155.6,2543.6,2349.6,923.4
2015-01-19,Wheat,Punjab,Khanna Mandi,2341.6,2606.0,2473.8,1250.5
2015-01-26,Wheat,Punjab,Khanna Mandi,2267.4,2697.2,2482.3,1322.4
2015-02-02,Wheat,Punjab,Khanna Mandi,2240.0,2595.0,2417.5,1131.7
2015-02-09,Wheat,Punjab,Khanna Mandi,2060.7,2431.5,2246.1,796.4
2015-02-16,Wheat,Punjab,Khanna Mandi,2125.9,2339.1,2232.5,1252.9
2015-02-23,Wheat,Punjab,Khanna Mandi,2391.6,2602.4,2497.0,1140.4
2015-03-02,Wheat,Punjab,Khanna Mandi,1728.9,1904.5,1816.7,2456.9
2015-03-09,Wheat,Punjab,Khanna Mandi,1589.2,1866.4,1727.8,1961.5
2015-03-16,Wheat,Punjab,Khanna Mandi,1576.5,1796.5,1686.5,1932.7
2015-03-23,Wheat,Punjab,Khanna Mandi,1571.7,1778.3,1675.0,1750.2
2015-03-30,Wheat,Punjab,Khanna Mandi,1555.2,1849.8,1702.5,2618.0
2015-04-06,Wheat,Punjab,Khanna Mandi,1728.9,1888.1,1808.5,1927.0
2015-04-13,Wheat,Punjab,Khanna Mandi,1767.0,1932.2,1849.6,1933.6
2015-04-20,Wheat,Punjab,Khanna Mandi,1586.2,1860.6,1723.4,2268.3
2015-04-27,Wheat,Punjab,Khanna Mandi,1742.9,1973.3,1858.1,1716.3
2015-05-04,Wheat,Punjab,Khanna Mandi,1554.9,1768.9,1661.9,2070.9
2015-05-11,Wheat,Punjab,Khanna Mandi,1707.9,1907.7,1807.8,2581.5
2015-05-18,Wheat,Punjab,Khanna Mandi,1546.2,1726.8,1636.5,2254.4
2015-05-25,Wheat,Punjab,Khanna Mandi,1681.2,1878.8,1780.0,1675.1
2015-06-01,Wheat,Punjab,Khanna Mandi,2118.4,2448.4,2283.4,843.5
2015-06-08,Wheat,Punjab,Khanna Mandi,2190.3,2575.5,2382.9,919.1
2015-06-15,Wheat,Punjab,Khanna Mandi,2204.8,2534.8,2369.8,966.4
2015-06-22,Wheat,Punjab,Khanna Mandi,2204.0,2457.0,2330.5,998.4
2015-06-29,Wheat,Punjab,Khanna Mandi,2247.7,2494.3,2371.0,1298.9
2015-07-06,Wheat,Punjab,Khanna Mandi,2162.9,2381.7,2272.3,939.5
2015-07-13,Wheat,Punjab,Khanna Mandi,2300.1,2581.1,2440.6,1287.6
2015-07-20,Wheat,Punjab,Khanna Mandi,2156.1,2463.7,2309.9,1016.6
2015-07-27,Wheat,Punjab,Khanna Mandi,2327.8,2607.0,2467.4,1140.6
2015-08-03,Wheat,Punjab,Khanna Mandi,2289.1,2738.7,2513.9,989.7
2015-08-10,Wheat,Punjab,Khanna Mandi,2373.7,2741.5,2557.6,1027.0
2015-08-17,Wheat,Punjab,Khanna Mandi,2241.7,2518.9,2380.3,976.6
2015-08-24,Wheat,Punjab,Khanna Mandi,2298.7,2669.5,2484.1,1151.1
2015-08-31,Wheat,Punjab,Khanna Mandi,2364.3,2777.1,2570.7,1016.9
2015-09-07,Wheat,Punjab,Khanna Mandi,2346.1,2725.9,2536.0,1283.8
2015-09-14,Wheat,Punjab,Khanna Mandi,2177.4,2546.0,2361.7,802.8
2015-09-21,Wheat,Punjab,Khanna Mandi,2216.7,2532.1,2374.4,1115.4
2015-09-28,Wheat,Punjab,Khanna Mandi,2383.0,2808.2,2595.6,1198.0
2015-10-05,Wheat,Punjab,Khanna Mandi,2245.8,2511.8,2378.8,925.9
2015-10-12,Wheat,Punjab,Khanna Mandi,2293.7,2517.9,2405.8,1039.2
2015-10-19,Wheat,Punjab,Khanna Mandi,2151.9,2533.1,2342.5,1134.1
2015-10-26,Wheat,Punjab,Khanna Mandi,2489.8,2764.0,2626.9,1278.6
2015-11-02,Wheat,Punjab,Khanna Mandi,2245.6,2631.8,2438.7,799.4
2015-11-09,Wheat,Punjab,Khanna Mandi,2498.7,2777.5,2638.1,865.9
2015-11-16,Wheat,Punjab,Khanna Mandi,2231.5,2635.5,2433.5,846.6
2015-11-23,Wheat,Punjab,Khanna Mandi,2116.2,2509.4,2312.8,1105.3
2015-11-30,Wheat,Punjab,Khanna Mandi,2332.7,2704.9,2518.8,1021.5
2015-12-07,Wheat,Punjab,Khanna Mandi,2210.3,2517.3,2363.8,973.1
2015-12-14,Wheat,Punjab,Khanna Mandi,2237.4,2426.6,2332.0,840.4
2015-12-21,Wheat,Punjab,Khanna Mandi,2445.7,2773.7,2609.7,1036.7
2015-12-28,Wheat,Punjab,Khanna Mandi,2359.8,2613.4,2486.6,988.8
2016-01-04,Wheat,Punjab,Khanna Mandi,2449.4,2797.4,2623.4,1176.6
2016-01-11,Wheat,Punjab,Khanna Mandi,2291.4,2601.0,2446.2,1347.3
2016-01-18,Wheat,Punjab,Khanna Mandi,2253.9,2493.3,2373.6,1325.0
2016-01-25,Wheat,Punjab,Khanna Mandi,2122.9,2537.9,2330.4,1187.0
2016-02-01,Wheat,Punjab,Khanna Mandi,2229.9,2629.3,2429.6,994.7
2016-02-08,Wheat,Punjab,Khanna Mandi,2147.7,2529.9,2338.8,986.7
2016-02-15,Wheat,Punjab,Khanna Mandi,2289.5,2485.5,2387.5,877.3
2016-02-22,Wheat,Punjab,Khanna Mandi,2495.8,2755.8,2625.8,1039.1
2016-02-29,Wheat,Punjab,Khanna Mandi,2345.3,2611.5,2478.4,1064.0
2016-03-07,Wheat,Punjab,Khanna Mandi,1753.4,1994.4,1873.9,2023.8
2016-03-14,Wheat,Punjab,Khanna Mandi,1738.1,1933.7,1835.9,2434.5
2016-03-21,Wheat,Punjab,Khanna Mandi,1774.5,1998.9,1886.7,2255.9
2016-03-28,Wheat,Punjab,Khanna Mandi,1777.8,1987.8,1882.8,1750.9
2016-04-04,Wheat,Punjab,Khanna Mandi,1800.6,1994.4,1897.5,1875.2
2016-04-11,Wheat,Punjab,Khanna Mandi,1631.2,1880.6,1755.9,1665.5
2016-04-18,Wheat,Punjab,Khanna Mandi,1675.2,1824.8,1750.0,1825.2
2016-04-25,Wheat,Punjab,Khanna Mandi,1835.9,2094.5,1965.2,2187.4
2016-05-02,Wheat,Punjab,Khanna Mandi,1719.1,1880.5,1799.8,2261.9
2016-05-09,Wheat,Punjab,Khanna Mandi,1808.8,2051.0,1929.9,1830.5
2016-05-16,Wheat,Punjab,Khanna Mandi,1757.6,2018.4,1888.0,2609.1
2016-05-23,Wheat,Punjab,Khanna Mandi,1689.5,1970.1,1829.8,2276.0
2016-05-30,Wheat,Punjab,Khanna Mandi,1837.0,2050.2,1943.6,2396.4
2016-06-06,Wheat,Punjab,Khanna Mandi,2436.0,2836.8,2636.4,789.3
2016-06-13,Wheat,Punjab,Khanna Mandi,2366.7,2585.1,2475.9,936.2
2016-06-20,Wheat,Punjab,Khanna Mandi,2339.9,2664.5,2502.2,1115.5
2016-06-27,Wheat,Punjab,Khanna Mandi,2594.6,2874.2,2734.4,1165.7
2016-07-04,Wheat,Punjab,Khanna Mandi,2487.0,2827.6,2657.3,1235.0
2016-07-11,Wheat,Punjab,Khanna Mandi,2285.0,2543.4,2414.2,1094.2
2016-07-18,Wheat,Punjab,Khanna Mandi,2530.4,2800.2,2665.3,1288.4
2016-07-25,Wheat,Punjab,Khanna Mandi,2241.2,2601.6,2421.4,1158.9
2016-08-01,Wheat,Punjab,Khanna Mandi,2505.2,2995.2,2750.2,1050.2
2016-08-08,Wheat,Punjab,Khanna Mandi,2384.5,2743.9,2564.2,1025.5
2016-08-15,Wheat,Punjab,Khanna Mandi,2518.0,2882.8,2700.4,1060.8
2016-08-22,Wheat,Punjab,Khanna Mandi,2552.7,2956.5,2754.6,944.9
2016-08-29,Wheat,Punjab,Khanna Mandi,2500.9,2783.5,2642.2,1331.7
2016-09-05,Wheat,Punjab,Khanna Mandi,2528.0,2816.0,2672.0,824.8
2016-09-12,Wheat,Punjab,Khanna Mandi,2277.6,2715.4,2496.5,1039.3
2016-09-19,Wheat,Punjab,Khanna Mandi,2472.4,2856.0,2664.2,1017.7
2016-09-26,Wheat,Punjab,Khanna Mandi,2301.9,2634.5,2468.2,1175.0
2016-10-03,Wheat,Punjab,Khanna Mandi,2547.7,2802.5,2675.1,1058.2
2016-10-10,Wheat,Punjab,Khanna Mandi,2296.1,2600.1,2448.1,1301.5
2016-10-17,Wheat,Punjab,Khanna Mandi,2474.9,2878.7,2676.8,1325.6
2016-10-24,Wheat,Punjab,Khanna Mandi,2346.5,2577.5,2462.0,826.0
2016-10-31,Wheat,Punjab,Khanna Mandi,2361.8,2706.2,2534.0,1318.6
2016-11-07,Wheat,Punjab,Khanna Mandi,2289.1,2627.1,2458.1,907.1
2016-11-14,Wheat,Punjab,Khanna Mandi,2475.7,2751.5,2613.6,1074.8
2016-11-21,Wheat,Punjab,Khanna Mandi,2424.1,2831.3,2627.7,1271.5
2016-11-28,Wheat,Punjab,Khanna Mandi,2389.8,2771.2,2580.5,792.3
2016-12-05,Wheat,Punjab,Khanna Mandi,2546.4,2882.8,2714.6,1036.4
2016-12-12,Wheat,Punjab,Khanna Mandi,2471.6,2808.2,2639.9,1299.6
2016-12-19,Wheat,Punjab,Khanna Mandi,2363.8,2610.8,2487.3,1338.1
2016-12-26,Wheat,Punjab,Khanna Mandi,2353.8,2719.4,2536.6,1156.7
2017-01-02,Wheat,Punjab,Khanna Mandi,2411.9,2657.9,2534.9,1183.0
2017-01-09,Wheat,Punjab,Khanna Mandi,2626.3,2912.5,2769.4,1250.9
2017-01-16,Wheat,Punjab,Khanna Mandi,2562.0,2987.0,2774.5,1144.1
2017-01-23,Wheat,Punjab,Khanna Mandi,2612.7,2857.9,2735.3,1142.9
2017-01-30,Wheat,Punjab,Khanna Mandi,2543.0,2936.4,2739.7,839.1
2017-02-06,Wheat,Punjab,Khanna Mandi,2608.1,2975.1,2791.6,1331.4
2017-02-13,Wheat,Punjab,Khanna Mandi,2614.6,2864.4,2739.5,951.7
2017-02-20,Wheat,Punjab,Khanna Mandi,2362.2,2734.6,2548.4,796.6
2017-02-27,Wheat,Punjab,Khanna Mandi,2372.9,2742.9,2557.9,1091.4
2017-03-06,Wheat,Punjab,Khanna Mandi,1877.2,2197.2,2037.2,2520.3
2017-03-13,Wheat,Punjab,Khanna Mandi,1702.1,2017.7,1859.9,2594.5
2017-03-20,Wheat,Punjab,Khanna Mandi,1872.1,2194.3,2033.2,2101.1
2017-03-27,Wheat,Punjab,Khanna Mandi,1752.6,2071.8,1912.2,2089.1
2017-04-03,Wheat,Punjab,Khanna Mandi,1758.6,1994.4,1876.5,2516.1
2017-04-10,Wheat,Punjab,Khanna Mandi,1762.0,2081.0,1921.5,1643.9
2017-04-17,Wheat,Punjab,Khanna Mandi,1934.7,2236.5,2085.6,2142.2
2017-04-24,Wheat,Punjab,Khanna Mandi,1747.5,1941.7,1844.6,1685.6
2017-05-01,Wheat,Punjab,Khanna Mandi,1908.0,2067.4,1987.7,2118.7
2017-05-08,Wheat,Punjab,Khanna Mandi,1807.2,2056.4,1931.8,2605.6
2017-05-15,Wheat,Punjab,Khanna Mandi,1856.2,2149.2,2002.7,2443.8
2017-05-22,Wheat,Punjab,Khanna Mandi,1749.1,2032.5,1890.8,2317.3
2017-05-29,Wheat,Punjab,Khanna Mandi,1769.8,2051.0,1910.4,2555.3
2017-06-05,Wheat,Punjab,Khanna Mandi,2645.5,3063.3,2854.4,919.1
2017-06-12,Wheat,Punjab,Khanna Mandi,2485.3,2713.9,2599.6,871.6
2017-06-19,Wheat,Punjab,Khanna Mandi,2656.0,3013.8,2834.9,919.0
2017-06-26,Wheat,Punjab,Khanna Mandi,2479.2,2829.4,2654.3,912.6
2017-07-03,Wheat,Punjab,Khanna Mandi,2672.6,3105.0,2888.8,1130.3
2017-07-10,Wheat,Punjab,Khanna Mandi,2607.3,2952.9,2780.1,1096.6
2017-07-17,Wheat,Punjab,Khanna Mandi,2517.8,3013.6,2765.7,1190.7
2017-07-24,Wheat,Punjab,Khanna Mandi,2506.1,2837.5,2671.8,1034.1
2017-07-31,Wheat,Punjab,Khanna Mandi,2606.9,2939.5,2773.2,1277.9
2017-08-07,Wheat,Punjab,Khanna Mandi,2651.3,3126.9,2889.1,1106.5
2017-08-14,Wheat,Punjab,Khanna Mandi,2486.4,2928.6,2707.5,943.5
2017-08-21,Wheat,Punjab,Khanna Mandi,2593.4,2921.6,2757.5,1174.7
2017-08-28,Wheat,Punjab,Khanna Mandi,2452.3,2815.9,2634.1,840.0
2017-09-04,Wheat,Punjab,Khanna Mandi,2397.7,2712.5,2555.1,1165.4
2017-09-11,Wheat,Punjab,Khanna Mandi,2665.6,2890.0,2777.8,867.8
2017-09-18,Wheat,Punjab,Khanna Mandi,2477.1,2713.5,2595.3,1059.9
2017-09-25,Wheat,Punjab,Khanna Mandi,2515.5,2993.3,2754.4,1234.8
2017-10-02,Wheat,Punjab,Khanna Mandi,2649.6,2964.6,2807.1,953.1
2017-10-09,Wheat,Punjab,Khanna Mandi,2489.6,2981.6,2735.6,1323.5
2017-10-16,Wheat,Punjab,Khanna Mandi,2576.8,2843.8,2710.3,831.6
2017-10-23,Wheat,Punjab,Khanna Mandi,2517.2,2740.2,2628.7,971.9
2017-10-30,Wheat,Punjab,Khanna Mandi,2453.6,2857.6,2655.6,1053.9
2017-11-06,Wheat,Punjab,Khanna Mandi,2665.6,3183.6,2924.6,828.9
2017-11-13,Wheat,Punjab,Khanna Mandi,2734.0,3107.2,2920.6,1004.2
2017-11-20,Wheat,Punjab,Khanna Mandi,2603.5,2875.3,2739.4,1345.2
2017-11-27,Wheat,Punjab,Khanna Mandi,2836.9,3086.7,2961.8,1190.2
2017-12-04,Wheat,Punjab,Khanna Mandi,2586.7,3034.1,2810.4,834.8
2017-12-11,Wheat,Punjab,Khanna Mandi,2730.2,3117.8,2924.0,1169.8
2017-12-18,Wheat,Punjab,Khanna Mandi,2672.4,2916.0,2794.2,885.0
2017-12-25,Wheat,Punjab,Khanna Mandi,2651.2,2876.8,2764.0,1004.1
2018-01-01,Wheat,Punjab,Khanna Mandi,2506.1,2780.7,2643.4,1208.0
2018-01-08,Wheat,Punjab,Khanna Mandi,2687.5,3005.1,2846.3,824.3
2018-01-15,Wheat,Punjab,Khanna Mandi,2621.9,3123.1,2872.5,1115.3
2018-01-22,Wheat,Punjab,Khanna Mandi,2710.9,3022.1,2866.5,1019.8
2018-01-29,Wheat,Punjab,Khanna Mandi,2577.2,3074.6,2825.9,1241.6
2018-02-05,Wheat,Punjab,Khanna Mandi,2607.7,3070.5,2839.1,1140.3
2018-02-12,Wheat,Punjab,Khanna Mandi,2667.0,2903.6,2785.3,1224.1
2018-02-19,Wheat,Punjab,Khanna Mandi,2663.0,2928.6,2795.8,845.5
2018-02-26,Wheat,Punjab,Khanna Mandi,2727.3,3236.5,2981.9,1134.4
2018-03-05,Wheat,Punjab,Khanna Mandi,2016.5,2315.1,2165.8,2008.0
2018-03-12,Wheat,Punjab,Khanna Mandi,1942.1,2166.5,2054.3,2355.7
2018-03-19,Wheat,Punjab,Khanna Mandi,1926.1,2109.7,2017.9,2049.3
2018-03-26,Wheat,Punjab,Khanna Mandi,1868.0,2232.6,2050.3,1680.4
2018-04-02,Wheat,Punjab,Khanna Mandi,1972.1,2291.9,2132.0,2466.3
2018-04-09,Wheat,Punjab,Khanna Mandi,1929.4,2159.4,2044.4,1891.0
2018-04-16,Wheat,Punjab,Khanna Mandi,1938.6,2110.8,2024.7,1871.1
2018-04-23,Wheat,Punjab,Khanna Mandi,1855.0,2209.4,2032.2,1986.9
2018-04-30,Wheat,Punjab,Khanna Mandi,1888.4,2191.0,2039.7,1794.5
2018-05-07,Wheat,Punjab,Khanna Mandi,2023.0,2282.8,2152.9,1651.6
2018-05-14,Wheat,Punjab,Khanna Mandi,1965.2,2199.4,2082.3,1609.2
2018-05-21,Wheat,Punjab,Khanna Mandi,2060.0,2235.0,2147.5,1701.1
2018-05-28,Wheat,Punjab,Khanna Mandi,1940.6,2106.4,2023.5,2303.5
2018-06-04,Wheat,Punjab,Khanna Mandi,2716.3,3066.5,2891.4,936.1
2018-06-11,Wheat,Punjab,Khanna Mandi,2602.2,2999.4,2800.8,935.9
2018-06-18,Wheat,Punjab,Khanna Mandi,2717.3,2992.1,2854.7,1223.0
2018-06-25,Wheat,Punjab,Khanna Mandi,2697.0,3076.6,2886.8,1049.4
2018-07-02,Wheat,Punjab,Khanna Mandi,2618.5,2884.3,2751.4,1170.3
2018-07-09,Wheat,Punjab,Khanna Mandi,2801.7,3155.9,2978.8,1266.6
2018-07-16,Wheat,Punjab,Khanna Mandi,2877.2,3190.4,3033.8,1261.6
2018-07-23,Wheat,Punjab,Khanna Mandi,2705.2,3102.4,2903.8,1290.8
2018-07-30,Wheat,Punjab,Khanna Mandi,2551.8,2919.2,2735.5,1007.3
2018-08-06,Wheat,Punjab,Khanna Mandi,2532.8,2962.6,2747.7,1274.2
2018-08-13,Wheat,Punjab,Khanna Mandi,2747.2,3017.2,2882.2,1361.4
2018-08-20,Wheat,Punjab,Khanna Mandi,2818.5,3340.1,3079.3,1088.2
2018-08-27,Wheat,Punjab,Khanna Mandi,2747.4,3115.2,2931.3,937.0
2018-09-03,Wheat,Punjab,Khanna Mandi,2961.1,3238.5,3099.8,1289.4
2018-09-10,Wheat,Punjab,Khanna Mandi,2807.3,3236.7,3022.0,1313.7
2018-09-17,Wheat,Punjab,Khanna Mandi,2756.6,3232.8,2994.7,1136.2
2018-09-24,Wheat,Punjab,Khanna Mandi,2656.7,3037.5,2847.1,953.9
2018-10-01,Wheat,Punjab,Khanna Mandi,2704.1,2930.9,2817.5,907.8
2018-10-08,Wheat,Punjab,Khanna Mandi,2619.7,2921.7,2770.7,1205.4
2018-10-15,Wheat,Punjab,Khanna Mandi,2700.0,3174.8,2937.4,1128.7
2018-10-22,Wheat,Punjab,Khanna Mandi,2985.0,3256.2,3120.6,999.3
2018-10-29,Wheat,Punjab,Khanna Mandi,2858.3,3249.3,3053.8,982.3
2018-11-05,Wheat,Punjab,Khanna Mandi,2630.9,2994.5,2812.7,1127.1
2018-11-12,Wheat,Punjab,Khanna Mandi,2805.0,3043.8,2924.4,1088.3
2018-11-19,Wheat,Punjab,Khanna Mandi,2540.9,3002.3,2771.6,826.7
2018-11-26,Wheat,Punjab,Khanna Mandi,2734.1,3008.1,2871.1,967.8
2018-12-03,Wheat,Punjab,Khanna Mandi,2736.9,3196.7,2966.8,1070.5
2018-12-10,Wheat,Punjab,Khanna Mandi,2643.6,3025.6,2834.6,1072.8
2018-12-17,Wheat,Punjab,Khanna Mandi,2999.9,3261.5,3130.7,946.6
2018-12-24,Wheat,Punjab,Khanna Mandi,2654.9,3139.1,2897.0,1268.1
2018-12-31,Wheat,Punjab,Khanna Mandi,2615.8,2964.0,2789.9,1171.2
2019-01-07,Wheat,Punjab,Khanna Mandi,2749.4,3082.0,2915.7,977.6
2019-01-14,Wheat,Punjab,Khanna Mandi,2673.2,3031.2,2852.2,1189.3
2019-01-21,Wheat,Punjab,Khanna Mandi,2693.7,3172.5,2933.1,1189.7
2019-01-28,Wheat,Punjab,Khanna Mandi,2819.9,3236.7,3028.3,1124.6
2019-02-04,Wheat,Punjab,Khanna Mandi,2918.4,3388.6,3153.5,1347.0
2019-02-11,Wheat,Punjab,Khanna Mandi,2645.7,3166.3,2906.0,1212.2
2019-02-18,Wheat,Punjab,Khanna Mandi,2756.4,3159.2,2957.8,840.4
2019-02-25,Wheat,Punjab,Khanna Mandi,2788.7,3328.1,3058.4,1315.3
2019-03-04,Wheat,Punjab,Khanna Mandi,2232.5,2435.3,2333.9,2533.9
2019-03-11,Wheat,Punjab,Khanna Mandi,1878.7,2221.3,2050.0,1613.3
2019-03-18,Wheat,Punjab,Khanna Mandi,2063.7,2394.3,2229.0,1793.8
2019-03-25,Wheat,Punjab,Khanna Mandi,2156.3,2551.3,2353.8,2155.9
2019-04-01,Wheat,Punjab,Khanna Mandi,1919.9,2242.3,2081.1,2285.4
2019-04-08,Wheat,Punjab,Khanna Mandi,2004.3,2231.1,2117.7,1674.8
2019-04-15,Wheat,Punjab,Khanna Mandi,2009.5,2367.5,2188.5,1731.2
2019-04-22,Wheat,Punjab,Khanna Mandi,2050.9,2350.5,2200.7,2606.8
2019-04-29,Wheat,Punjab,Khanna Mandi,2048.6,2362.8,2205.7,2516.8
2019-05-06,Wheat,Punjab,Khanna Mandi,2088.4,2347.2,2217.8,1590.1
2019-05-13,Wheat,Punjab,Khanna Mandi,2150.6,2576.0,2363.3,2355.9
2019-05-20,Wheat,Punjab,Khanna Mandi,1992.5,2223.7,2108.1,1832.2
2019-05-27,Wheat,Punjab,Khanna Mandi,1982.8,2370.4,2176.6,2284.5
2019-06-03,Wheat,Punjab,Khanna Mandi,2948.4,3492.8,3220.6,913.9
2019-06-10,Wheat,Punjab,Khanna Mandi,2620.2,3108.8,2864.5,1175.1
2019-06-17,Wheat,Punjab,Khanna Mandi,2905.4,3381.0,3143.2,1192.6
2019-06-24,Wheat,Punjab,Khanna Mandi,2638.5,3041.7,2840.1,1126.8
2019-07-01,Wheat,Punjab,Khanna Mandi,2775.8,3159.4,2967.6,1202.1
2019-07-08,Wheat,Punjab,Khanna Mandi,2687.4,3206.8,2947.1,1002.5
2019-07-15,Wheat,Punjab,Khanna Mandi,2946.8,3438.4,3192.6,1038.9
2019-07-22,Wheat,Punjab,Khanna Mandi,2870.9,3133.1,3002.0,824.5
2019-07-29,Wheat,Punjab,Khanna Mandi,2934.5,3458.3,3196.4,1033.9
2019-08-05,Wheat,Punjab,Khanna Mandi,2886.6,3372.4,3129.5,909.5
2019-08-12,Wheat,Punjab,Khanna Mandi,2841.9,3287.9,3064.9,1348.4
2019-08-19,Wheat,Punjab,Khanna Mandi,3130.6,3414.0,3272.3,1177.4
2019-08-26,Wheat,Punjab,Khanna Mandi,2781.6,3301.6,3041.6,1015.5
2019-09-02,Wheat,Punjab,Khanna Mandi,2847.9,3277.1,3062.5,976.0
2019-09-09,Wheat,Punjab,Khanna Mandi,2712.6,3078.0,2895.3,1351.9
2019-09-16,Wheat,Punjab,Khanna Mandi,3131.1,3412.5,3271.8,1176.2
2019-09-23,Wheat,Punjab,Khanna Mandi,3020.1,3298.5,3159.3,1119.9
2019-09-30,Wheat,Punjab,Khanna Mandi,2742.0,3112.0,2927.0,1084.5
2019-10-07,Wheat,Punjab,Khanna Mandi,2842.7,3196.1,3019.4,1275.3
2019-10-14,Wheat,Punjab,Khanna Mandi,2956.9,3405.5,3181.2,975.7
2019-10-21,Wheat,Punjab,Khanna Mandi,2732.4,3207.2,2969.8,1242.4
2019-10-28,Wheat,Punjab,Khanna Mandi,2861.7,3257.5,3059.6,1280.2
2019-11-04,Wheat,Punjab,Khanna Mandi,2939.2,3322.8,3131.0,979.1
2019-11-11,Wheat,Punjab,Khanna Mandi,2771.1,3258.7,3014.9,1274.9
2019-11-18,Wheat,Punjab,Khanna Mandi,3007.7,3356.3,3182.0,998.7
2019-11-25,Wheat,Punjab,Khanna Mandi,2721.5,3187.7,2954.6,1246.7
2019-12-02,Wheat,Punjab,Khanna Mandi,2813.7,3216.9,3015.3,1115.8
2019-12-09,Wheat,Punjab,Khanna Mandi,2684.4,3192.0,2938.2,1195.3
2019-12-16,Wheat,Punjab,Khanna Mandi,2843.4,3178.2,3010.8,789.2
2019-12-23,Wheat,Punjab,Khanna Mandi,2809.8,3195.2,3002.5,1112.3
2019-12-30,Wheat,Punjab,Khanna Mandi,3115.6,3545.2,3330.4,833.9
2020-01-06,Wheat,Punjab,Khanna Mandi,3117.4,3511.6,3314.5,839.8
2020-01-13,Wheat,Punjab,Khanna Mandi,3045.7,3489.3,3267.5,846.7
2020-01-20,Wheat,Punjab,Khanna Mandi,3072.3,3492.3,3282.3,1112.3
2020-01-27,Wheat,Punjab,Khanna Mandi,2867.8,3167.6,3017.7,795.5
2020-02-03,Wheat,Punjab,Khanna Mandi,3024.9,3577.5,3301.2,795.2
2020-02-10,Wheat,Punjab,Khanna Mandi,2851.0,3188.6,3019.8,884.9
2020-02-17,Wheat,Punjab,Khanna Mandi,3002.7,3438.1,3220.4,1319.6
2020-02-24,Wheat,Punjab,Khanna Mandi,3112.0,3611.4,3361.7,1271.1
2020-03-02,Wheat,Punjab,Khanna Mandi,2113.8,2474.6,2294.2,1761.0
2020-03-09,Wheat,Punjab,Khanna Mandi,2115.4,2467.2,2291.3,1963.5
2020-03-16,Wheat,Punjab,Khanna Mandi,2209.8,2637.0,2423.4,1907.7
2020-03-23,Wheat,Punjab,Khanna Mandi,2218.3,2439.5,2328.9,1926.8
2020-03-30,Wheat,Punjab,Khanna Mandi,2170.1,2445.1,2307.6,1628.9
2020-04-06,Wheat,Punjab,Khanna Mandi,2112.6,2522.0,2317.3,1907.0
2020-04-13,Wheat,Punjab,Khanna Mandi,2273.3,2465.7,2369.5,1993.5
2020-04-20,Wheat,Punjab,Khanna Mandi,2212.0,2527.0,2369.5,2142.5
2020-04-27,Wheat,Punjab,Khanna Mandi,2296.5,2635.1,2465.8,2001.5
2020-05-04,Wheat,Punjab,Khanna Mandi,2344.4,2645.2,2494.8,2356.8
2020-05-11,Wheat,Punjab,Khanna Mandi,2110.7,2492.9,2301.8,1630.8
2020-05-18,Wheat,Punjab,Khanna Mandi,2236.5,2630.3,2433.4,2380.9
2020-05-25,Wheat,Punjab,Khanna Mandi,2123.8,2442.2,2283.0,2001.8
2020-06-01,Wheat,Punjab,Khanna Mandi,2992.9,3265.3,3129.1,1051.7
2020-06-08,Wheat,Punjab,Khanna Mandi,2860.6,3386.0,3123.3,1186.7
2020-06-15,Wheat,Punjab,Khanna Mandi,2830.5,3304.3,3067.4,1172.9
2020-06-22,Wheat,Punjab,Khanna Mandi,3158.6,3451.8,3305.2,1076.1
2020-06-29,Wheat,Punjab,Khanna Mandi,2897.8,3357.0,3127.4,796.0
2020-07-06,Wheat,Punjab,Khanna Mandi,3165.7,3510.9,3338.3,1154.7
2020-07-13,Wheat,Punjab,Khanna Mandi,3071.1,3434.1,3252.6,1090.0
2020-07-20,Wheat,Punjab,Khanna Mandi,2931.1,3445.5,3188.3,1226.7
2020-07-27,Wheat,Punjab,Khanna Mandi,2986.7,3380.9,3183.8,1208.1
2020-08-03,Wheat,Punjab,Khanna Mandi,3150.8,3420.0,3285.4,853.6
2020-08-10,Wheat,Punjab,Khanna Mandi,2839.9,3397.7,3118.8,840.7
2020-08-17,Wheat,Punjab,Khanna Mandi,3069.1,3439.5,3254.3,1087.2
2020-08-24,Wheat,Punjab,Khanna Mandi,3012.4,3287.8,3150.1,1088.2
2020-08-31,Wheat,Punjab,Khanna Mandi,2952.5,3513.1,3232.8,1021.9
2020-09-07,Wheat,Punjab,Khanna Mandi,3006.1,3585.1,3295.6,1248.9
2020-09-14,Wheat,Punjab,Khanna Mandi,2960.1,3248.5,3104.3,1268.2
2020-09-21,Wheat,Punjab,Khanna Mandi,2927.1,3212.5,3069.8,845.5
2020-09-28,Wheat,Punjab,Khanna Mandi,3057.6,3353.8,3205.7,962.9
2020-10-05,Wheat,Punjab,Khanna Mandi,3334.3,3696.1,3515.2,1271.6
2020-10-12,Wheat,Punjab,Khanna Mandi,3234.1,3563.3,3398.7,926.5
2020-10-19,Wheat,Punjab,Khanna Mandi,3192.2,3706.2,3449.2,1068.0
2020-10-26,Wheat,Punjab,Khanna Mandi,2972.8,3384.6,3178.7,1303.5
2020-11-02,Wheat,Punjab,Khanna Mandi,3242.5,3696.5,3469.5,894.5
2020-11-09,Wheat,Punjab,Khanna Mandi,2970.9,3460.9,3215.9,1135.2
2020-11-16,Wheat,Punjab,Khanna Mandi,3236.0,3579.8,3407.9,825.0
2020-11-23,Wheat,Punjab,Khanna Mandi,3016.7,3482.9,3249.8,1361.1
2020-11-30,Wheat,Punjab,Khanna Mandi,3325.0,3691.0,3508.0,1060.1
2020-12-07,Wheat,Punjab,Khanna Mandi,3076.7,3429.7,3253.2,1226.5
2020-12-14,Wheat,Punjab,Khanna Mandi,2836.3,3360.5,3098.4,838.2
2020-12-21,Wheat,Punjab,Khanna Mandi,2867.2,3348.8,3108.0,984.3
2020-12-28,Wheat,Punjab,Khanna Mandi,2974.1,3284.5,3129.3,1260.4
2021-01-04,Wheat,Punjab,Khanna Mandi,3178.1,3514.3,3346.2,1106.6
2021-01-11,Wheat,Punjab,Khanna Mandi,3183.3,3687.1,3435.2,1293.3
2021-01-18,Wheat,Punjab,Khanna Mandi,3161.1,3764.1,3462.6,818.8
2021-01-25,Wheat,Punjab,Khanna Mandi,3028.0,3305.4,3166.7,984.5
2021-02-01,Wheat,Punjab,Khanna Mandi,3293.8,3675.8,3484.8,1357.4
2021-02-08,Wheat,Punjab,Khanna Mandi,2961.4,3324.2,3142.8,1307.6
2021-02-15,Wheat,Punjab,Khanna Mandi,2895.1,3417.3,3156.2,918.1
2021-02-22,Wheat,Punjab,Khanna Mandi,2917.0,3338.0,3127.5,868.9
2021-03-01,Wheat,Punjab,Khanna Mandi,2133.4,2488.2,2310.8,1893.7
2021-03-08,Wheat,Punjab,Khanna Mandi,2317.3,2728.3,2522.8,1786.2
2021-03-15,Wheat,Punjab,Khanna Mandi,2379.6,2633.2,2506.4,2314.2
2021-03-22,Wheat,Punjab,Khanna Mandi,2238.2,2552.6,2395.4,1766.6
2021-03-29,Wheat,Punjab,Khanna Mandi,2234.1,2568.1,2401.1,2521.5
2021-04-05,Wheat,Punjab,Khanna Mandi,2390.4,2623.8,2507.1,1520.6
2021-04-12,Wheat,Punjab,Khanna Mandi,2336.2,2674.8,2505.5,1882.4
2021-04-19,Wheat,Punjab,Khanna Mandi,2451.5,2674.1,2562.8,2614.1
2021-04-26,Wheat,Punjab,Khanna Mandi,2261.7,2529.5,2395.6,2272.2
2021-05-03,Wheat,Punjab,Khanna Mandi,2372.5,2821.3,2596.9,1896.1
2021-05-10,Wheat,Punjab,Khanna Mandi,2255.1,2480.5,2367.8,1718.1
2021-05-17,Wheat,Punjab,Khanna Mandi,2283.8,2633.2,2458.5,2305.4
2021-05-24,Wheat,Punjab,Khanna Mandi,2286.6,2477.4,2382.0,1688.1
2021-05-31,Wheat,Punjab,Khanna Mandi,2471.9,2748.5,2610.2,2430.0
2021-06-07,Wheat,Punjab,Khanna Mandi,3157.6,3768.8,3463.2,1280.9
2021-06-14,Wheat,Punjab,Khanna Mandi,2929.2,3480.6,3204.9,949.7
2021-06-21,Wheat,Punjab,Khanna Mandi,3316.1,3723.1,3519.6,797.7
2021-06-28,Wheat,Punjab,Khanna Mandi,3238.1,3686.9,3462.5,1207.8
2021-07-05,Wheat,Punjab,Khanna Mandi,3010.6,3602.6,3306.6,971.0
2021-07-12,Wheat,Punjab,Khanna Mandi,3207.4,3795.6,3501.5,843.2
2021-07-19,Wheat,Punjab,Khanna Mandi,3312.9,3894.3,3603.6,1126.2
2021-07-26,Wheat,Punjab,Khanna Mandi,3274.0,3896.0,3585.0,1267.1
2021-08-02,Wheat,Punjab,Khanna Mandi,3036.7,3482.5,3259.6,856.5
2021-08-09,Wheat,Punjab,Khanna Mandi,3290.8,3715.8,3503.3,1164.2
2021-08-16,Wheat,Punjab,Khanna Mandi,3241.4,3771.8,3506.6,1086.1
2021-08-23,Wheat,Punjab,Khanna Mandi,3119.0,3393.0,3256.0,894.1
2021-08-30,Wheat,Punjab,Khanna Mandi,3155.5,3581.7,3368.6,1171.2
2021-09-06,Wheat,Punjab,Khanna Mandi,3188.9,3534.7,3361.8,857.2
2021-09-13,Wheat,Punjab,Khanna Mandi,3222.2,3498.8,3360.5,799.1
2021-09-20,Wheat,Punjab,Khanna Mandi,3274.7,3738.5,3506.6,956.4
2021-09-27,Wheat,Punjab,Khanna Mandi,3539.0,3857.2,3698.1,1156.3
2021-10-04,Wheat,Punjab,Khanna Mandi,3118.1,3726.9,3422.5,942.2
2021-10-11,Wheat,Punjab,Khanna Mandi,3145.4,3695.2,3420.3,791.6
2021-10-18,Wheat,Punjab,Khanna Mandi,3376.4,3877.0,3626.7,1158.2
2021-10-25,Wheat,Punjab,Khanna Mandi,3380.9,4027.1,3704.0,833.4
2021-11-01,Wheat,Punjab,Khanna Mandi,3347.4,3691.8,3519.6,1055.4
2021-11-08,Wheat,Punjab,Khanna Mandi,3356.7,3989.5,3673.1,969.0
2021-11-15,Wheat,Punjab,Khanna Mandi,3233.8,3518.0,3375.9,1324.1
2021-11-22,Wheat,Punjab,Khanna Mandi,3467.0,3803.2,3635.1,939.5
2021-11-29,Wheat,Punjab,Khanna Mandi,3337.8,3871.6,3604.7,1119.8
2021-12-06,Wheat,Punjab,Khanna Mandi,3307.2,3651.2,3479.2,1048.8
2021-12-13,Wheat,Punjab,Khanna Mandi,3122.0,3551.8,3336.9,1343.5
2021-12-20,Wheat,Punjab,Khanna Mandi,3128.0,3675.4,3401.7,1309.1
2021-12-27,Wheat,Punjab,Khanna Mandi,3329.0,3674.6,3501.8,1231.7
2022-01-03,Wheat,Punjab,Khanna Mandi,3253.9,3636.7,3445.3,1299.3
2022-01-10,Wheat,Punjab,Khanna Mandi,3489.1,3822.9,3656.0,1117.4
2022-01-17,Wheat,Punjab,Khanna Mandi,3404.6,3822.0,3613.3,894.7
2022-01-24,Wheat,Punjab,Khanna Mandi,3475.4,3968.0,3721.7,849.7
2022-01-31,Wheat,Punjab,Khanna Mandi,3387.1,4014.1,3700.6,1188.6
2022-02-07,Wheat,Punjab,Khanna Mandi,3150.7,3513.5,3332.1,1097.2
2022-02-14,Wheat,Punjab,Khanna Mandi,3231.3,3597.1,3414.2,986.0
2022-02-21,Wheat,Punjab,Khanna Mandi,3131.1,3651.5,3391.3,813.8
2022-02-28,Wheat,Punjab,Khanna Mandi,3314.6,3710.4,3512.5,961.3
2022-03-07,Wheat,Punjab,Khanna Mandi,2486.7,2964.5,2725.6,1929.6
2022-03-14,Wheat,Punjab,Khanna Mandi,2336.9,2662.1,2499.5,2280.1
2022-03-21,Wheat,Punjab,Khanna Mandi,2307.5,2619.5,2463.5,1781.1
2022-03-28,Wheat,Punjab,Khanna Mandi,2406.4,2854.0,2630.2,1978.5
2022-04-04,Wheat,Punjab,Khanna Mandi,2289.7,2672.1,2480.9,2056.2
2022-04-11,Wheat,Punjab,Khanna Mandi,2394.9,2654.1,2524.5,2388.6
2022-04-18,Wheat,Punjab,Khanna Mandi,2515.3,2727.7,2621.5,2533.3
2022-04-25,Wheat,Punjab,Khanna Mandi,2550.0,2794.6,2672.3,2421.7
2022-05-02,Wheat,Punjab,Khanna Mandi,2371.0,2613.8,2492.4,1929.9
2022-05-09,Wheat,Punjab,Khanna Mandi,2423.8,2671.0,2547.4,2371.9
2022-05-16,Wheat,Punjab,Khanna Mandi,2383.7,2739.5,2561.6,2039.9
2022-05-23,Wheat,Punjab,Khanna Mandi,2254.3,2672.9,2463.6,1658.7
2022-05-30,Wheat,Punjab,Khanna Mandi,2379.0,2592.8,2485.9,1637.3
2022-06-06,Wheat,Punjab,Khanna Mandi,3219.2,3637.4,3428.3,986.2
2022-06-13,Wheat,Punjab,Khanna Mandi,3294.7,3610.9,3452.8,979.5
2022-06-20,Wheat,Punjab,Khanna Mandi,3173.1,3680.3,3426.7,1160.4
2022-06-27,Wheat,Punjab,Khanna Mandi,3380.9,3713.3,3547.1,885.8
2022-07-04,Wheat,Punjab,Khanna Mandi,3509.0,3946.0,3727.5,1050.1
2022-07-11,Wheat,Punjab,Khanna Mandi,3176.7,3752.3,3464.5,923.9
2022-07-18,Wheat,Punjab,Khanna Mandi,3273.2,3739.2,3506.2,1086.2
2022-07-25,Wheat,Punjab,Khanna Mandi,3317.1,3878.3,3597.7,1089.8
2022-08-01,Wheat,Punjab,Khanna Mandi,3434.0,3755.8,3594.9,1160.9
2022-08-08,Wheat,Punjab,Khanna Mandi,3265.9,3644.1,3455.0,800.6
2022-08-15,Wheat,Punjab,Khanna Mandi,3438.4,3949.6,3694.0,1257.9
2022-08-22,Wheat,Punjab,Khanna Mandi,3634.8,4015.8,3825.3,1358.3
2022-08-29,Wheat,Punjab,Khanna Mandi,3532.4,4208.6,3870.5,968.2
2022-09-05,Wheat,Punjab,Khanna Mandi,3550.6,3895.6,3723.1,929.7
2022-09-12,Wheat,Punjab,Khanna Mandi,3516.5,4001.7,3759.1,797.0
2022-09-19,Wheat,Punjab,Khanna Mandi,3347.8,3718.8,3533.3,885.1
2022-09-26,Wheat,Punjab,Khanna Mandi,3539.0,3884.6,3711.8,1056.9
2022-10-03,Wheat,Punjab,Khanna Mandi,3431.7,4052.7,3742.2,1319.0
2022-10-10,Wheat,Punjab,Khanna Mandi,3515.6,3833.8,3674.7,843.0
2022-10-17,Wheat,Punjab,Khanna Mandi,3542.3,4073.5,3807.9,1190.0
2022-10-24,Wheat,Punjab,Khanna Mandi,3600.7,3924.7,3762.7,1104.7
2022-10-31,Wheat,Punjab,Khanna Mandi,3374.2,3784.8,3579.5,1237.8
2022-11-07,Wheat,Punjab,Khanna Mandi,3202.0,3815.6,3508.8,1171.8
2022-11-14,Wheat,Punjab,Khanna Mandi,3266.3,3701.1,3483.7,1311.1
2022-11-21,Wheat,Punjab,Khanna Mandi,3318.8,3703.4,3511.1,1087.6
2022-11-28,Wheat,Punjab,Khanna Mandi,3596.2,4012.2,3804.2,1048.7
2022-12-05,Wheat,Punjab,Khanna Mandi,3331.9,3638.9,3485.4,1160.3
2022-12-12,Wheat,Punjab,Khanna Mandi,3423.6,4067.4,3745.5,1034.8
2022-12-19,Wheat,Punjab,Khanna Mandi,3608.8,4294.0,3951.4,1279.7
2022-12-26,Wheat,Punjab,Khanna Mandi,3347.3,3882.3,3614.8,1355.8
2023-01-02,Wheat,Punjab,Khanna Mandi,3427.7,4017.3,3722.5,1003.0
2023-01-09,Wheat,Punjab,Khanna Mandi,3489.0,3812.0,3650.5,1086.8
2023-01-16,Wheat,Punjab,Khanna Mandi,3458.6,3971.8,3715.2,989.0
2023-01-23,Wheat,Punjab,Khanna Mandi,3415.6,3950.2,3682.9,1167.4
2023-01-30,Wheat,Punjab,Khanna Mandi,3376.0,3761.4,3568.7,1208.1
2023-02-06,Wheat,Punjab,Khanna Mandi,3392.9,3965.9,3679.4,841.2
2023-02-13,Wheat,Punjab,Khanna Mandi,3750.0,4130.0,3940.0,1061.3
2023-02-20,Wheat,Punjab,Khanna Mandi,3295.7,3830.5,3563.1,820.3
2023-02-27,Wheat,Punjab,Khanna Mandi,3249.4,3861.4,3555.4,950.3
2023-03-06,Wheat,Punjab,Khanna Mandi,2768.4,3121.6,2945.0,2570.4
2023-03-13,Wheat,Punjab,Khanna Mandi,2764.7,3039.1,2901.9,2265.4
2023-03-20,Wheat,Punjab,Khanna Mandi,2739.8,3185.2,2962.5,1564.7
2023-03-27,Wheat,Punjab,Khanna Mandi,2663.2,2959.2,2811.2,2592.2
2023-04-03,Wheat,Punjab,Khanna Mandi,2642.7,3093.9,2868.3,2432.5
2023-04-10,Wheat,Punjab,Khanna Mandi,2442.1,2895.5,2668.8,1786.9
2023-04-17,Wheat,Punjab,Khanna Mandi,2533.1,2936.9,2735.0,2153.0
2023-04-24,Wheat,Punjab,Khanna Mandi,2666.3,3113.1,2889.7,1630.3
2023-05-01,Wheat,Punjab,Khanna Mandi,2463.8,2865.2,2664.5,2401.5
2023-05-08,Wheat,Punjab,Khanna Mandi,2573.5,2825.1,2699.3,2147.4
2023-05-15,Wheat,Punjab,Khanna Mandi,2593.5,3052.1,2822.8,2487.5
2023-05-22,Wheat,Punjab,Khanna Mandi,2705.7,3091.1,2898.4,1809.9
2023-05-29,Wheat,Punjab,Khanna Mandi,2480.9,2932.3,2706.6,1832.3
2023-06-05,Wheat,Punjab,Khanna Mandi,3440.4,3982.8,3711.6,1088.5
2023-06-12,Wheat,Punjab,Khanna Mandi,3472.9,3787.3,3630.1,857.1
2023-06-19,Wheat,Punjab,Khanna Mandi,3485.5,4056.3,3770.9,1357.5
2023-06-26,Wheat,Punjab,Khanna Mandi,3559.4,3952.2,3755.8,828.1
2023-07-03,Wheat,Punjab,Khanna Mandi,3383.4,4024.2,3703.8,1147.2
2023-07-10,Wheat,Punjab,Khanna Mandi,3747.0,4480.6,4113.8,794.3
2023-07-17,Wheat,Punjab,Khanna Mandi,3663.2,4376.4,4019.8,1228.3
2023-07-24,Wheat,Punjab,Khanna Mandi,3594.5,4178.5,3886.5,800.2
2023-07-31,Wheat,Punjab,Khanna Mandi,3577.1,4049.9,3813.5,1002.3
2023-08-07,Wheat,Punjab,Khanna Mandi,3629.3,3993.9,3811.6,1325.0
2023-08-14,Wheat,Punjab,Khanna Mandi,3657.5,4162.1,3909.8,1280.6
2023-08-21,Wheat,Punjab,Khanna Mandi,3520.7,4146.5,3833.6,949.6
2023-08-28,Wheat,Punjab,Khanna Mandi,3725.6,4397.6,4061.6,990.2
2023-09-04,Wheat,Punjab,Khanna Mandi,3818.9,4492.1,4155.5,1241.5
2023-09-11,Wheat,Punjab,Khanna Mandi,3576.5,4157.3,3866.9,1325.6
2023-09-18,Wheat,Punjab,Khanna Mandi,3322.7,3953.1,3637.9,862.7
2023-09-25,Wheat,Punjab,Khanna Mandi,3385.8,4018.6,3702.2,947.3
2023-10-02,Wheat,Punjab,Khanna Mandi,3751.8,4176.4,3964.1,1068.4
2023-10-09,Wheat,Punjab,Khanna Mandi,3670.5,4309.5,3990.0,866.7
2023-10-16,Wheat,Punjab,Khanna Mandi,3589.4,4268.4,3928.9,969.2
2023-10-23,Wheat,Punjab,Khanna Mandi,3457.7,3998.3,3728.0,1001.2
2023-10-30,Wheat,Punjab,Khanna Mandi,3575.8,4197.2,3886.5,831.9
2023-11-06,Wheat,Punjab,Khanna Mandi,3706.3,4372.3,4039.3,921.7
2023-11-13,Wheat,Punjab,Khanna Mandi,4029.7,4366.7,4198.2,1100.6
2023-11-20,Wheat,Punjab,Khanna Mandi,3725.9,4292.5,4009.2,937.2
2023-11-27,Wheat,Punjab,Khanna Mandi,3387.0,4035.2,3711.1,1099.0
2023-12-04,Wheat,Punjab,Khanna Mandi,3353.5,4015.9,3684.7,987.1
2023-12-11,Wheat,Punjab,Khanna Mandi,3561.6,4172.6,3867.1,1193.2
2023-12-18,Wheat,Punjab,Khanna Mandi,3441.2,3986.0,3713.6,1060.5
2023-12-25,Wheat,Punjab,Khanna Mandi,3668.3,4331.3,3999.8,1245.9
2015-01-05,Wheat,Haryana,Karnal Mandi,2144.8,2362.8,2253.8,1019.8
2015-01-12,Wheat,Haryana,Karnal Mandi,2252.3,2693.9,2473.1,1078.3
2015-01-19,Wheat,Haryana,Karnal Mandi,2138.8,2469.2,2304.0,1113.4
2015-01-26,Wheat,Haryana,Karnal Mandi,2221.5,2492.9,2357.2,1165.1
2015-02-02,Wheat,Haryana,Karnal Mandi,2143.5,2361.3,2252.4,1248.2
2015-02-09,Wheat,Haryana,Karnal Mandi,2321.0,2612.4,2466.7,1020.4
2015-02-16,Wheat,Haryana,Karnal Mandi,2284.7,2537.7,2411.2,1299.0
2015-02-23,Wheat,Haryana,Karnal Mandi,2171.2,2545.4,2358.3,881.5
2015-03-02,Wheat,Haryana,Karnal Mandi,1530.6,1777.6,1654.1,1800.2
2015-03-09,Wheat,Haryana,Karnal Mandi,1708.8,1906.0,1807.4,2590.0
2015-03-16,Wheat,Haryana,Karnal Mandi,1552.6,1788.2,1670.4,1999.1
2015-03-23,Wheat,Haryana,Karnal Mandi,1669.1,1930.1,1799.6,2487.3
2015-03-30,Wheat,Haryana,Karnal Mandi,1696.6,2001.4,1849.0,2549.8
2015-04-06,Wheat,Haryana,Karnal Mandi,1622.3,1868.7,1745.5,2005.5
2015-04-13,Wheat,Haryana,Karnal Mandi,1612.8,1788.2,1700.5,1699.9
2015-04-20,Wheat,Haryana,Karnal Mandi,1583.6,1855.4,1719.5,2473.6
2015-04-27,Wheat,Haryana,Karnal Mandi,1722.1,1930.1,1826.1,2351.2
2015-05-04,Wheat,Haryana,Karnal Mandi,1631.9,1853.1,1742.5,2364.5
2015-05-11,Wheat,Haryana,Karnal Mandi,1550.6,1836.4,1693.5,2596.6
2015-05-18,Wheat,Haryana,Karnal Mandi,1725.2,1899.2,1812.2,2063.4
2015-05-25,Wheat,Haryana,Karnal Mandi,1612.0,1881.8,1746.9,2523.0
2015-06-01,Wheat,Haryana,Karnal Mandi,2384.3,2683.9,2534.1,1061.5
2015-06-08,Wheat,Haryana,Karnal Mandi,2103.6,2404.8,2254.2,1200.1
2015-06-15,Wheat,Haryana,Karnal Mandi,2152.6,2417.0,2284.8,947.5
2015-06-22,Wheat,Haryana,Karnal Mandi,2460.8,2707.8,2584.3,973.0
2015-06-29,Wheat,Haryana,Karnal Mandi,2119.2,2458.4,2288.8,824.2
2015-07-06,Wheat,Haryana,Karnal Mandi,2397.8,2716.4,2557.1,892.1
2015-07-13,Wheat,Haryana,Karnal Mandi,2244.5,2577.7,2411.1,1339.4
2015-07-20,Wheat,Haryana,Karnal Mandi,2321.9,2628.5,2475.2,1140.7
2015-07-27,Wheat,Haryana,Karnal Mandi,2242.3,2573.5,2407.9,925.3
2015-08-03,Wheat,Haryana,Karnal Mandi,2173.5,2365.7,2269.6,1352.1
2015-08-10,Wheat,Haryana,Karnal Mandi,2385.2,2747.0,2566.1,1179.3
2015-08-17,Wheat,Haryana,Karnal Mandi,2139.7,2466.9,2303.3,1110.0
2015-08-24,Wheat,Haryana,Karnal Mandi,2239.3,2554.9,2397.1,1346.0
2015-08-31,Wheat,Haryana,Karnal Mandi,2373.3,2586.9,2480.1,1164.6
2015-09-07,Wheat,Haryana,Karnal Mandi,2088.5,2467.9,2278.2,1163.4
2015-09-14,Wheat,Haryana,Karnal Mandi,2372.4,2760.2,2566.3,1206.9
2015-09-21,Wheat,Haryana,Karnal Mandi,2323.6,2666.0,2494.8,962.6
2015-09-28,Wheat,Haryana,Karnal Mandi,2169.2,2443.8,2306.5,970.1
2015-10-05,Wheat,Haryana,Karnal Mandi,2281.3,2661.3,2471.3,1343.5
2015-10-12,Wheat,Haryana,Karnal Mandi,2203.0,2606.6,2404.8,1103.1
2015-10-19,Wheat,Haryana,Karnal Mandi,2451.9,2732.9,2592.4,1235.6
2015-10-26,Wheat,Haryana,Karnal Mandi,2269.7,2656.1,2462.9,954.7
2015-11-02,Wheat,Haryana,Karnal Mandi,2178.8,2520.0,2349.4,1235.9
2015-11-09,Wheat,Haryana,Karnal Mandi,2253.1,2464.1,2358.6,1013.6
2015-11-16,Wheat,Haryana,Karnal Mandi,2235.5,2590.1,2412.8,915.9
2015-11-23,Wheat,Haryana,Karnal Mandi,2136.5,2494.1,2315.3,1091.9
2015-11-30,Wheat,Haryana,Karnal Mandi,2450.9,2809.3,2630.1,1085.9
2015-12-07,Wheat,Haryana,Karnal Mandi,2194.9,2595.1,2395.0,1033.1
2015-12-14,Wheat,Haryana,Karnal Mandi,2434.3,2864.5,2649.4,919.6
2015-12-21,Wheat,Haryana,Karnal Mandi,2401.1,2658.3,2529.7,835.5
2015-12-28,Wheat,Haryana,Karnal Mandi,2216.5,2562.1,2389.3,905.4
2016-01-04,Wheat,Haryana,Karnal Mandi,2415.5,2686.5,2551.0,1351.6
2016-01-11,Wheat,Haryana,Karnal Mandi,2326.1,2642.1,2484.1,1246.9
2016-01-18,Wheat,Haryana,Karnal Mandi,2350.1,2712.1,2531.1,1203.1
2016-01-25,Wheat,Haryana,Karnal Mandi,2335.3,2660.7,2498.0,933.3
2016-02-01,Wheat,Haryana,Karnal Mandi,2470.5,2796.7,2633.6,1321.8
2016-02-08,Wheat,Haryana,Karnal Mandi,2316.6,2730.4,2523.5,876.1
2016-02-15,Wheat,Haryana,Karnal Mandi,2524.5,2810.5,2667.5,1339.5
2016-02-22,Wheat,Haryana,Karnal Mandi,2369.5,2781.5,2575.5,1046.0
2016-02-29,Wheat,Haryana,Karnal Mandi,2527.5,2798.3,2662.9,1176.4
2016-03-07,Wheat,Haryana,Karnal Mandi,1831.6,2081.8,1956.7,1530.5
2016-03-14,Wheat,Haryana,Karnal Mandi,1624.3,1893.9,1759.1,2442.3
2016-03-21,Wheat,Haryana,Karnal Mandi,1737.3,1902.1,1819.7,2164.0
2016-03-28,Wheat,Haryana,Karnal Mandi,1676.8,1976.6,1826.7,2317.4
2016-04-04,Wheat,Haryana,Karnal Mandi,1649.4,1955.6,1802.5,2372.4
2016-04-11,Wheat,Haryana,Karnal Mandi,1818.1,1992.1,1905.1,2257.8
2016-04-18,Wheat,Haryana,Karnal Mandi,1791.8,2050.6,1921.2,2244.9
2016-04-25,Wheat,Haryana,Karnal Mandi,1837.0,2028.0,1932.5,2595.9
2016-05-02,Wheat,Haryana,Karnal Mandi,1756.8,2097.2,1927.0,1653.2
2016-05-09,Wheat,Haryana,Karnal Mandi,1806.2,1983.4,1894.8,2606.7
2016-05-16,Wheat,Haryana,Karnal Mandi,1832.3,2076.5,1954.4,1654.3
2016-05-23,Wheat,Haryana,Karnal Mandi,1706.9,1973.3,1840.1,1538.6
2016-05-30,Wheat,Haryana,Karnal Mandi,1606.2,1885.4,1745.8,1707.6
2016-06-06,Wheat,Haryana,Karnal Mandi,2419.6,2774.0,2596.8,1284.7
2016-06-13,Wheat,Haryana,Karnal Mandi,2267.6,2606.8,2437.2,1338.6
2016-06-20,Wheat,Haryana,Karnal Mandi,2417.1,2846.1,2631.6,924.6
2016-06-27,Wheat,Haryana,Karnal Mandi,2422.9,2687.5,2555.2,847.7
2016-07-04,Wheat,Haryana,Karnal Mandi,2370.2,2758.4,2564.3,1110.8
2016-07-11,Wheat,Haryana,Karnal Mandi,2325.2,2730.6,2527.9,974.3
2016-07-18,Wheat,Haryana,Karnal Mandi,2497.0,2751.8,2624.4,1201.4
2016-07-25,Wheat,Haryana,Karnal Mandi,2595.2,2839.8,2717.5,1352.5
2016-08-01,Wheat,Haryana,Karnal Mandi,2322.1,2624.3,2473.2,891.2
2016-08-08,Wheat,Haryana,Karnal Mandi,2254.6,2694.8,2474.7,1121.6
2016-08-15,Wheat,Haryana,Karnal Mandi,2258.3,2565.9,2412.1,1091.4
2016-08-22,Wheat,Haryana,Karnal Mandi,2346.8,2734.0,2540.4,1050.0
2016-08-29,Wheat,Haryana,Karnal Mandi,2502.2,2761.4,2631.8,887.4
2016-09-05,Wheat,Haryana,Karnal Mandi,2473.7,2887.7,2680.7,988.1
2016-09-12,Wheat,Haryana,Karnal Mandi,2469.1,2799.3,2634.2,1364.9
2016-09-19,Wheat,Haryana,Karnal Mandi,2330.9,2700.5,2515.7,888.8
2016-09-26,Wheat,Haryana,Karnal Mandi,2562.7,2991.1,2776.9,1141.3
2016-10-03,Wheat,Haryana,Karnal Mandi,2302.8,2695.4,2499.1,963.6
2016-10-10,Wheat,Haryana,Karnal Mandi,2457.1,2816.3,2636.7,1105.6
2016-10-17,Wheat,Haryana,Karnal Mandi,2506.8,2736.4,2621.6,863.2
2016-10-24,Wheat,Haryana,Karnal Mandi,2398.6,2810.2,2604.4,988.1
2016-10-31,Wheat,Haryana,Karnal Mandi,2329.8,2560.4,2445.1,1269.8
2016-11-07,Wheat,Haryana,Karnal Mandi,2488.6,2801.0,2644.8,1177.2
2016-11-14,Wheat,Haryana,Karnal Mandi,2396.2,2635.2,2515.7,1006.9
2016-11-21,Wheat,Haryana,Karnal Mandi,2440.0,2709.2,2574.6,902.2
2016-11-28,Wheat,Haryana,Karnal Mandi,2314.1,2592.9,2453.5,944.8
2016-12-05,Wheat,Haryana,Karnal Mandi,2359.4,2595.0,2477.2,933.5
2016-12-12,Wheat,Haryana,Karnal Mandi,2462.9,2941.5,2702.2,1302.0
2016-12-19,Wheat,Haryana,Karnal Mandi,2436.2,2776.4,2606.3,1195.0
2016-12-26,Wheat,Haryana,Karnal Mandi,2662.4,2937.6,2800.0,968.9
2017-01-02,Wheat,Haryana,Karnal Mandi,2287.1,2737.9,2512.5,1343.2
2017-01-09,Wheat,Haryana,Karnal Mandi,2501.1,2766.9,2634.0,881.5
2017-01-16,Wheat,Haryana,Karnal Mandi,2369.4,2615.8,2492.6,884.9
2017-01-23,Wheat,Haryana,Karnal Mandi,2457.8,2743.8,2600.8,1140.4
2017-01-30,Wheat,Haryana,Karnal Mandi,2457.5,2927.9,2692.7,1304.6
2017-02-06,Wheat,Haryana,Karnal Mandi,2594.1,2847.3,2720.7,885.1
2017-02-13,Wheat,Haryana,Karnal Mandi,2505.0,2735.4,2620.2,1168.0
2017-02-20,Wheat,Haryana,Karnal Mandi,2413.0,2777.4,2595.2,1275.1
2017-02-27,Wheat,Haryana,Karnal Mandi,2383.6,2620.2,2501.9,1364.5
2017-03-06,Wheat,Haryana,Karnal Mandi,1802.1,1991.5,1896.8,2182.2
2017-03-13,Wheat,Haryana,Karnal Mandi,1721.1,1918.9,1820.0,1545.1
2017-03-20,Wheat,Haryana,Karnal Mandi,1777.0,2018.0,1897.5,1651.6
2017-03-27,Wheat,Haryana,Karnal Mandi,1750.2,1960.6,1855.4,1729.1
2017-04-03,Wheat,Haryana,Karnal Mandi,1820.1,2131.5,1975.8,2569.3
2017-04-10,Wheat,Haryana,Karnal Mandi,1944.1,2130.5,2037.3,2213.7
2017-04-17,Wheat,Haryana,Karnal Mandi,1839.4,2099.4,1969.4,2555.1
2017-04-24,Wheat,Haryana,Karnal Mandi,1840.9,2197.7,2019.3,2193.2
2017-05-01,Wheat,Haryana,Karnal Mandi,1909.6,2273.0,2091.3,2621.7
2017-05-08,Wheat,Haryana,Karnal Mandi,1753.5,2051.5,1902.5,1812.2
2017-05-15,Wheat,Haryana,Karnal Mandi,1833.2,2052.4,1942.8,1877.7
2017-05-22,Wheat,Haryana,Karnal Mandi,1843.0,2093.6,1968.3,2343.3
2017-05-29,Wheat,Haryana,Karnal Mandi,1900.3,2147.5,2023.9,1817.1
2017-06-05,Wheat,Haryana,Karnal Mandi,2489.5,2768.5,2629.0,1073.9
2017-06-12,Wheat,Haryana,Karnal Mandi,2603.2,2883.4,2743.3,1207.2
2017-06-19,Wheat,Haryana,Karnal Mandi,2514.7,2998.1,2756.4,894.3
2017-06-26,Wheat,Haryana,Karnal Mandi,2646.1,2897.7,2771.9,844.1
2017-07-03,Wheat,Haryana,Karnal Mandi,2686.6,3004.0,2845.3,1112.8
2017-07-10,Wheat,Haryana,Karnal Mandi,2629.1,2951.1,2790.1,1025.2
2017-07-17,Wheat,Haryana,Karnal Mandi,2533.4,3000.8,2767.1,922.0
2017-07-24,Wheat,Haryana,Karnal Mandi,2507.2,2896.8,2702.0,872.6
2017-07-31,Wheat,Haryana,Karnal Mandi,2434.8,2717.2,2576.0,1090.2
2017-08-07,Wheat,Haryana,Karnal Mandi,2654.6,2996.0,2825.3,930.8
2017-08-14,Wheat,Haryana,Karnal Mandi,2517.2,2885.2,2701.2,1166.5
2017-08-21,Wheat,Haryana,Karnal Mandi,2731.1,3098.5,2914.8,798.1
2017-08-28,Wheat,Haryana,Karnal Mandi,2796.0,3069.4,2932.7,1173.3
2017-09-04,Wheat,Haryana,Karnal Mandi,2577.7,2859.3,2718.5,1227.9
2017-09-11,Wheat,Haryana,Karnal Mandi,2353.2,2818.6,2585.9,970.7
2017-09-18,Wheat,Haryana,Karnal Mandi,2464.9,2780.9,2622.9,959.0
2017-09-25,Wheat,Haryana,Karnal Mandi,2502.2,2920.8,2711.5,1165.2
2017-10-02,Wheat,Haryana,Karnal Mandi,2690.9,3204.7,2947.8,844.4
2017-10-09,Wheat,Haryana,Karnal Mandi,2492.6,2983.0,2737.8,959.6
2017-10-16,Wheat,Haryana,Karnal Mandi,2400.9,2860.7,2630.8,1181.1
2017-10-23,Wheat,Haryana,Karnal Mandi,2563.5,3043.3,2803.4,998.3
2017-10-30,Wheat,Haryana,Karnal Mandi,2657.2,3137.4,2897.3,973.4
2017-11-06,Wheat,Haryana,Karnal Mandi,2510.2,2751.4,2630.8,825.9
2017-11-13,Wheat,Haryana,Karnal Mandi,2507.5,2998.3,2752.9,884.0
2017-11-20,Wheat,Haryana,Karnal Mandi,2472.9,2774.1,2623.5,1163.2
2017-11-27,Wheat,Haryana,Karnal Mandi,2695.9,2952.5,2824.2,1254.2
2017-12-04,Wheat,Haryana,Karnal Mandi,2726.4,3123.6,2925.0,1218.6
2017-12-11,Wheat,Haryana,Karnal Mandi,2454.5,2818.9,2636.7,930.2
2017-12-18,Wheat,Haryana,Karnal Mandi,2548.6,2999.8,2774.2,1008.9
2017-12-25,Wheat,Haryana,Karnal Mandi,2763.6,3029.8,2896.7,899.8
2018-01-01,Wheat,Haryana,Karnal Mandi,2769.4,3147.6,2958.5,1109.2
2018-01-08,Wheat,Haryana,Karnal Mandi,2786.9,3118.1,2952.5,1096.1
2018-01-15,Wheat,Haryana,Karnal Mandi,2512.7,2799.3,2656.0,1261.8
2018-01-22,Wheat,Haryana,Karnal Mandi,2541.1,3027.3,2784.2,1140.8
2018-01-29,Wheat,Haryana,Karnal Mandi,2605.9,3107.5,2856.7,1330.1
2018-02-05,Wheat,Haryana,Karnal Mandi,2667.8,3150.0,2908.9,1310.6
2018-02-12,Wheat,Haryana,Karnal Mandi,2638.3,2925.3,2781.8,908.7
2018-02-19,Wheat,Haryana,Karnal Mandi,2525.6,2794.0,2659.8,926.8
2018-02-26,Wheat,Haryana,Karnal Mandi,2702.3,3204.9,2953.6,1319.9
2018-03-05,Wheat,Haryana,Karnal Mandi,1918.6,2238.8,2078.7,1820.2
2018-03-12,Wheat,Haryana,Karnal Mandi,1916.8,2261.2,2089.0,2078.5
2018-03-19,Wheat,Haryana,Karnal Mandi,1940.5,2294.9,2117.7,2607.4
2018-03-26,Wheat,Haryana,Karnal Mandi,1882.2,2254.0,2068.1,2138.4
2018-04-02,Wheat,Haryana,Karnal Mandi,2074.1,2253.5,2163.8,2495.4
2018-04-09,Wheat,Haryana,Karnal Mandi,1798.7,2135.3,1967.0,2564.9
2018-04-16,Wheat,Haryana,Karnal Mandi,1851.0,2027.8,1939.4,2386.6
2018-04-23,Wheat,Haryana,Karnal Mandi,1901.5,2257.7,2079.6,1639.3
2018-04-30,Wheat,Haryana,Karnal Mandi,1892.9,2099.3,1996.1,1549.2
2018-05-07,Wheat,Haryana,Karnal Mandi,2031.4,2378.4,2204.9,1845.0
2018-05-14,Wheat,Haryana,Karnal Mandi,1969.7,2293.3,2131.5,2119.9
2018-05-21,Wheat,Haryana,Karnal Mandi,1942.0,2110.2,2026.1,2301.0
2018-05-28,Wheat,Haryana,Karnal Mandi,2082.7,2283.1,2182.9,2465.1
2018-06-04,Wheat,Haryana,Karnal Mandi,2585.4,2922.2,2753.8,997.2
2018-06-11,Wheat,Haryana,Karnal Mandi,2674.0,3177.8,2925.9,1039.2
2018-06-18,Wheat,Haryana,Karnal Mandi,2536.4,2904.2,2720.3,1142.9
2018-06-25,Wheat,Haryana,Karnal Mandi,2813.9,3158.5,2986.2,1308.4
2018-07-02,Wheat,Haryana,Karnal Mandi,2787.8,3333.6,3060.7,1234.2
2018-07-09,Wheat,Haryana,Karnal Mandi,2885.4,3206.2,3045.8,1343.3
2018-07-16,Wheat,Haryana,Karnal Mandi,2720.7,3248.1,2984.4,1225.0
2018-07-23,Wheat,Haryana,Karnal Mandi,2510.6,2891.6,2701.1,1270.7
2018-07-30,Wheat,Haryana,Karnal Mandi,2721.9,2979.3,2850.6,1145.9
2018-08-06,Wheat,Haryana,Karnal Mandi,2608.6,2980.2,2794.4,872.3
2018-08-13,Wheat,Haryana,Karnal Mandi,2658.7,3121.5,2890.1,1218.9
2018-08-20,Wheat,Haryana,Karnal Mandi,2859.2,3347.8,3103.5,1109.2
2018-08-27,Wheat,Haryana,Karnal Mandi,2804.2,3248.6,3026.4,1121.4
2018-09-03,Wheat,Haryana,Karnal Mandi,2831.1,3266.9,3049.0,812.2
2018-09-10,Wheat,Haryana,Karnal Mandi,2600.2,3078.6,2839.4,1349.4
2018-09-17,Wheat,Haryana,Karnal Mandi,2689.0,3184.8,2936.9,1349.6
2018-09-24,Wheat,Haryana,Karnal Mandi,2624.8,2850.2,2737.5,1172.7
2018-10-01,Wheat,Haryana,Karnal Mandi,2583.5,2929.1,2756.3,1085.8
2018-10-08,Wheat,Haryana,Karnal Mandi,2595.5,3094.5,2845.0,894.8
2018-10-15,Wheat,Haryana,Karnal Mandi,2810.6,3360.0,3085.3,959.8
2018-10-22,Wheat,Haryana,Karnal Mandi,2940.5,3248.9,3094.7,846.1
2018-10-29,Wheat,Haryana,Karnal Mandi,2874.6,3117.0,2995.8,1202.4
2018-11-05,Wheat,Haryana,Karnal Mandi,2586.4,3097.0,2841.7,1131.9
2018-11-12,Wheat,Haryana,Karnal Mandi,2592.2,3071.2,2831.7,1214.7
2018-11-19,Wheat,Haryana,Karnal Mandi,2587.8,2999.4,2793.6,1246.0
2018-11-26,Wheat,Haryana,Karnal Mandi,2763.7,3184.7,2974.2,1362.3
2018-12-03,Wheat,Haryana,Karnal Mandi,2694.8,3171.0,2932.9,1137.6
2018-12-10,Wheat,Haryana,Karnal Mandi,2592.0,3043.6,2817.8,997.2
2018-12-17,Wheat,Haryana,Karnal Mandi,2579.3,3064.9,2822.1,1333.1
2018-12-24,Wheat,Haryana,Karnal Mandi,2804.5,3065.7,2935.1,1294.1
2018-12-31,Wheat,Haryana,Karnal Mandi,2609.5,3075.1,2842.3,1215.1
2019-01-07,Wheat,Haryana,Karnal Mandi,2771.5,3249.9,3010.7,961.4
2019-01-14,Wheat,Haryana,Karnal Mandi,2658.2,2998.8,2828.5,1252.2
2019-01-21,Wheat,Haryana,Karnal Mandi,2894.9,3359.1,3127.0,1138.8
2019-01-28,Wheat,Haryana,Karnal Mandi,2616.1,3084.1,2850.1,1207.2
2019-02-04,Wheat,Haryana,Karnal Mandi,2745.0,3069.4,2907.2,997.1
2019-02-11,Wheat,Haryana,Karnal Mandi,2937.9,3425.9,3181.9,886.5
2019-02-18,Wheat,Haryana,Karnal Mandi,2726.0,3035.4,2880.7,989.9
2019-02-25,Wheat,Haryana,Karnal Mandi,2723.6,3244.2,2983.9,1094.6
2019-03-04,Wheat,Haryana,Karnal Mandi,1998.9,2270.5,2134.7,2296.4
2019-03-11,Wheat,Haryana,Karnal Mandi,2127.0,2313.2,2220.1,2082.1
2019-03-18,Wheat,Haryana,Karnal Mandi,2051.2,2246.2,2148.7,1980.8
2019-03-25,Wheat,Haryana,Karnal Mandi,2002.6,2391.8,2197.2,1654.1
2019-04-01,Wheat,Haryana,Karnal Mandi,2115.2,2414.0,2264.6,2539.0
2019-04-08,Wheat,Haryana,Karnal Mandi,2019.7,2306.3,2163.0,2421.8
2019-04-15,Wheat,Haryana,Karnal Mandi,1969.4,2217.4,2093.4,2028.2
2019-04-22,Wheat,Haryana,Karnal Mandi,1980.2,2245.8,2113.0,2254.6
2019-04-29,Wheat,Haryana,Karnal Mandi,2247.6,2439.2,2343.4,1591.4
2019-05-06,Wheat,Haryana,Karnal Mandi,2173.3,2473.7,2323.5,1660.2
2019-05-13,Wheat,Haryana,Karnal Mandi,1993.0,2269.8,2131.4,1980.1
2019-05-20,Wheat,Haryana,Karnal Mandi,1898.1,2263.9,2081.0,1721.5
2019-05-27,Wheat,Haryana,Karnal Mandi,1955.6,2279.2,2117.4,1632.3
2019-06-03,Wheat,Haryana,Karnal Mandi,3053.3,3380.5,3216.9,1213.3
2019-06-10,Wheat,Haryana,Karnal Mandi,2652.0,3118.4,2885.2,1302.5
2019-06-17,Wheat,Haryana,Karnal Mandi,2737.8,3157.8,2947.8,840.1
2019-06-24,Wheat,Haryana,Karnal Mandi,2656.3,3091.1,2873.7,969.6
2019-07-01,Wheat,Haryana,Karnal Mandi,2852.7,3408.1,3130.4,966.3
2019-07-08,Wheat,Haryana,Karnal Mandi,2872.9,3309.7,3091.3,827.5
2019-07-15,Wheat,Haryana,Karnal Mandi,3026.9,3407.1,3217.0,1181.7
2019-07-22,Wheat,Haryana,Karnal Mandi,2951.3,3277.3,3114.3,1289.3
2019-07-29,Wheat,Haryana,Karnal Mandi,2731.0,3249.8,2990.4,1144.9
2019-08-05,Wheat,Haryana,Karnal Mandi,2664.9,3161.1,2913.0,816.8
2019-08-12,Wheat,Haryana,Karnal Mandi,2815.2,3093.4,2954.3,1012.0
2019-08-19,Wheat,Haryana,Karnal Mandi,2990.5,3429.7,3210.1,1149.9
2019-08-26,Wheat,Haryana,Karnal Mandi,3120.9,3441.1,3281.0,871.0
2019-09-02,Wheat,Haryana,Karnal Mandi,2764.6,3258.6,3011.6,1133.3
2019-09-09,Wheat,Haryana,Karnal Mandi,3071.2,3536.6,3303.9,885.8
2019-09-16,Wheat,Haryana,Karnal Mandi,2872.7,3298.7,3085.7,1282.5
2019-09-23,Wheat,Haryana,Karnal Mandi,3016.6,3607.4,3312.0,1175.1
2019-09-30,Wheat,Haryana,Karnal Mandi,3038.8,3526.8,3282.8,1000.1
2019-10-07,Wheat,Haryana,Karnal Mandi,2977.2,3477.8,3227.5,986.3
2019-10-14,Wheat,Haryana,Karnal Mandi,3127.9,3502.9,3315.4,851.5
2019-10-21,Wheat,Haryana,Karnal Mandi,2999.7,3556.1,3277.9,1338.0
2019-10-28,Wheat,Haryana,Karnal Mandi,2930.2,3384.0,3157.1,1235.3
2019-11-04,Wheat,Haryana,Karnal Mandi,2784.5,3077.3,2930.9,847.3
2019-11-11,Wheat,Haryana,Karnal Mandi,2980.5,3342.3,3161.4,1201.2
2019-11-18,Wheat,Haryana,Karnal Mandi,2844.2,3182.4,3013.3,805.7
2019-11-25,Wheat,Haryana,Karnal Mandi,2855.9,3101.9,2978.9,1207.8
2019-12-02,Wheat,Haryana,Karnal Mandi,3038.8,3462.8,3250.8,860.3
2019-12-09,Wheat,Haryana,Karnal Mandi,3032.4,3329.0,3180.7,1304.6
2019-12-16,Wheat,Haryana,Karnal Mandi,2957.0,3311.0,3134.0,993.3
2019-12-23,Wheat,Haryana,Karnal Mandi,2744.1,3192.5,2968.3,1197.1
2019-12-30,Wheat,Haryana,Karnal Mandi,2990.9,3280.7,3135.8,1059.7
2020-01-06,Wheat,Haryana,Karnal Mandi,3066.8,3625.2,3346.0,881.2
2020-01-13,Wheat,Haryana,Karnal Mandi,3115.4,3519.2,3317.3,1077.5
2020-01-20,Wheat,Haryana,Karnal Mandi,2804.1,3302.1,3053.1,862.4
2020-01-27,Wheat,Haryana,Karnal Mandi,3198.4,3554.8,3376.6,804.7
2020-02-03,Wheat,Haryana,Karnal Mandi,3035.8,3608.6,3322.2,1137.1
2020-02-10,Wheat,Haryana,Karnal Mandi,2725.8,3191.2,2958.5,978.5
2020-02-17,Wheat,Haryana,Karnal Mandi,3060.4,3573.2,3316.8,863.9
2020-02-24,Wheat,Haryana,Karnal Mandi,2713.1,3189.7,2951.4,1129.3
2020-03-02,Wheat,Haryana,Karnal Mandi,2166.2,2415.6,2290.9,2279.4
2020-03-09,Wheat,Haryana,Karnal Mandi,2159.9,2475.3,2317.6,2304.1
2020-03-16,Wheat,Haryana,Karnal Mandi,2189.2,2604.8,2397.0,2050.2
2020-03-23,Wheat,Haryana,Karnal Mandi,2351.0,2573.0,2462.0,1646.3
2020-03-30,Wheat,Haryana,Karnal Mandi,2256.0,2599.6,2427.8,2429.0
2020-04-06,Wheat,Haryana,Karnal Mandi,2222.6,2589.4,2406.0,1807.2
2020-04-13,Wheat,Haryana,Karnal Mandi,2142.3,2478.7,2310.5,2207.6
2020-04-20,Wheat,Haryana,Karnal Mandi,2147.8,2518.8,2333.3,1955.6
2020-04-27,Wheat,Haryana,Karnal Mandi,2302.6,2505.0,2403.8,2482.7
2020-05-04,Wheat,Haryana,Karnal Mandi,2236.0,2570.6,2403.3,1535.7
2020-05-11,Wheat,Haryana,Karnal Mandi,2298.4,2539.4,2418.9,2507.5
2020-05-18,Wheat,Haryana,Karnal Mandi,2265.3,2474.3,2369.8,2427.9
2020-05-25,Wheat,Haryana,Karnal Mandi,2201.7,2610.9,2406.3,2035.6
2020-06-01,Wheat,Haryana,Karnal Mandi,3018.0,3595.0,3306.5,1052.1
2020-06-08,Wheat,Haryana,Karnal Mandi,3031.4,3624.0,3327.7,812.6
2020-06-15,Wheat,Haryana,Karnal Mandi,2943.6,3231.2,3087.4,1296.2
2020-06-22,Wheat,Haryana,Karnal Mandi,3042.7,3584.9,3313.8,974.2
2020-06-29,Wheat,Haryana,Karnal Mandi,3141.5,3518.1,3329.8,842.2
2020-07-06,Wheat,Haryana,Karnal Mandi,3182.6,3724.8,3453.7,793.9
2020-07-13,Wheat,Haryana,Karnal Mandi,2963.8,3523.6,3243.7,1070.6
2020-07-20,Wheat,Haryana,Karnal Mandi,2893.1,3322.5,3107.8,1316.4
2020-07-27,Wheat,Haryana,Karnal Mandi,3153.5,3607.9,3380.7,818.0
2020-08-03,Wheat,Haryana,Karnal Mandi,2919.9,3215.1,3067.5,1210.3
2020-08-10,Wheat,Haryana,Karnal Mandi,3021.9,3308.5,3165.2,1271.6
2020-08-17,Wheat,Haryana,Karnal Mandi,2925.0,3267.0,3096.0,1341.1
2020-08-24,Wheat,Haryana,Karnal Mandi,3036.6,3464.8,3250.7,1129.5
2020-08-31,Wheat,Haryana,Karnal Mandi,3225.6,3733.0,3479.3,1289.0
2020-09-07,Wheat,Haryana,Karnal Mandi,3266.4,3555.2,3410.8,1159.9
2020-09-14,Wheat,Haryana,Karnal Mandi,3019.6,3287.8,3153.7,912.1
2020-09-21,Wheat,Haryana,Karnal Mandi,2872.7,3376.5,3124.6,1191.9
2020-09-28,Wheat,Haryana,Karnal Mandi,3043.6,3494.6,3269.1,1122.0
2020-10-05,Wheat,Haryana,Karnal Mandi,2881.2,3315.6,3098.4,1102.1
2020-10-12,Wheat,Haryana,Karnal Mandi,2938.5,3258.5,3098.5,1024.0
2020-10-19,Wheat,Haryana,Karnal Mandi,2991.3,3336.7,3164.0,903.4
2020-10-26,Wheat,Haryana,Karnal Mandi,3280.9,3568.7,3424.8,946.9
2020-11-02,Wheat,Haryana,Karnal Mandi,3205.9,3753.7,3479.8,801.7
2020-11-09,Wheat,Haryana,Karnal Mandi,2863.1,3336.5,3099.8,811.0
2020-11-16,Wheat,Haryana,Karnal Mandi,3266.0,3540.8,3403.4,883.4
2020-11-23,Wheat,Haryana,Karnal Mandi,3124.9,3711.3,3418.1,1328.9
2020-11-30,Wheat,Haryana,Karnal Mandi,2895.9,3371.5,3133.7,1285.8
2020-12-07,Wheat,Haryana,Karnal Mandi,3078.4,3363.6,3221.0,996.9
2020-12-14,Wheat,Haryana,Karnal Mandi,2988.1,3332.1,3160.1,832.3
2020-12-21,Wheat,Haryana,Karnal Mandi,3312.6,3634.8,3473.7,873.7
2020-12-28,Wheat,Haryana,Karnal Mandi,3131.2,3425.6,3278.4,1123.1
2021-01-04,Wheat,Haryana,Karnal Mandi,2978.1,3487.1,3232.6,1200.5
2021-01-11,Wheat,Haryana,Karnal Mandi,3166.1,3553.7,3359.9,884.2
2021-01-18,Wheat,Haryana,Karnal Mandi,2936.7,3332.9,3134.8,1294.4
2021-01-25,Wheat,Haryana,Karnal Mandi,3027.5,3306.9,3167.2,996.7
2021-02-01,Wheat,Haryana,Karnal Mandi,3246.5,3663.7,3455.1,1099.6
2021-02-08,Wheat,Haryana,Karnal Mandi,3304.9,3861.1,3583.0,1280.0
2021-02-15,Wheat,Haryana,Karnal Mandi,3238.7,3585.5,3412.1,960.7
2021-02-22,Wheat,Haryana,Karnal Mandi,3190.1,3747.9,3469.0,926.2
2021-03-01,Wheat,Haryana,Karnal Mandi,2454.1,2700.5,2577.3,2180.3
2021-03-08,Wheat,Haryana,Karnal Mandi,2202.0,2528.2,2365.1,1679.5
2021-03-15,Wheat,Haryana,Karnal Mandi,2217.4,2575.0,2396.2,2601.8
2021-03-22,Wheat,Haryana,Karnal Mandi,2401.7,2674.9,2538.3,2439.6
2021-03-29,Wheat,Haryana,Karnal Mandi,2364.3,2809.5,2586.9,2419.0
2021-04-05,Wheat,Haryana,Karnal Mandi,2237.7,2601.3,2419.5,2505.7
2021-04-12,Wheat,Haryana,Karnal Mandi,2427.5,2649.7,2538.6,1754.0
2021-04-19,Wheat,Haryana,Karnal Mandi,2430.8,2679.2,2555.0,1976.8
2021-04-26,Wheat,Haryana,Karnal Mandi,2441.0,2866.0,2653.5,1519.3
2021-05-03,Wheat,Haryana,Karnal Mandi,2500.5,2711.1,2605.8,2115.5
2021-05-10,Wheat,Haryana,Karnal Mandi,2449.3,2653.9,2551.6,1535.3
2021-05-17,Wheat,Haryana,Karnal Mandi,2369.3,2730.3,2549.8,2207.1
2021-05-24,Wheat,Haryana,Karnal Mandi,2468.3,2688.1,2578.2,1595.9
2021-05-31,Wheat,Haryana,Karnal Mandi,2441.5,2705.9,2573.7,2051.2
2021-06-07,Wheat,Haryana,Karnal Mandi,3029.3,3525.3,3277.3,930.9
2021-06-14,Wheat,Haryana,Karnal Mandi,3348.3,3787.9,3568.1,903.2
2021-06-21,Wheat,Haryana,Karnal Mandi,3191.1,3702.1,3446.6,1334.6
2021-06-28,Wheat,Haryana,Karnal Mandi,3200.9,3765.7,3483.3,1230.9
2021-07-05,Wheat,Haryana,Karnal Mandi,3459.0,3881.2,3670.1,1362.0
2021-07-12,Wheat,Haryana,Karnal Mandi,3295.5,3653.5,3474.5,1005.8
2021-07-19,Wheat,Haryana,Karnal Mandi,3187.2,3798.8,3493.0,847.8
2021-07-26,Wheat,Haryana,Karnal Mandi,3349.2,3637.4,3493.3,1361.7
2021-08-02,Wheat,Haryana,Karnal Mandi,3130.8,3633.8,3382.3,1055.1
2021-08-09,Wheat,Haryana,Karnal Mandi,3317.6,3843.0,3580.3,1104.6
2021-08-16,Wheat,Haryana,Karnal Mandi,3366.4,3820.0,3593.2,1315.5
2021-08-23,Wheat,Haryana,Karnal Mandi,3131.9,3505.9,3318.9,1144.2
2021-08-30,Wheat,Haryana,Karnal Mandi,3484.2,3823.4,3653.8,1011.6
2021-09-06,Wheat,Haryana,Karnal Mandi,3188.0,3685.8,3436.9,1139.9
2021-09-13,Wheat,Haryana,Karnal Mandi,3296.7,3571.7,3434.2,1058.1
2021-09-20,Wheat,Haryana,Karnal Mandi,3261.2,3601.6,3431.4,1145.8
2021-09-27,Wheat,Haryana,Karnal Mandi,3104.2,3425.0,3264.6,1111.1
2021-10-04,Wheat,Haryana,Karnal Mandi,3272.5,3583.1,3427.8,1213.4
2021-10-11,Wheat,Haryana,Karnal Mandi,3075.4,3556.6,3316.0,1204.8
2021-10-18,Wheat,Haryana,Karnal Mandi,3218.2,3751.6,3484.9,1002.6
2021-10-25,Wheat,Haryana,Karnal Mandi,3126.0,3545.0,3335.5,1311.4
2021-11-01,Wheat,Haryana,Karnal Mandi,3366.8,3997.4,3682.1,824.7
2021-11-08,Wheat,Haryana,Karnal Mandi,3308.2,3767.6,3537.9,986.6
2021-11-15,Wheat,Haryana,Karnal Mandi,3555.7,3914.5,3735.1,1340.1
2021-11-22,Wheat,Haryana,Karnal Mandi,3218.7,3683.7,3451.2,1257.7
2021-11-29,Wheat,Haryana,Karnal Mandi,3239.7,3808.7,3524.2,1198.7
2021-12-06,Wheat,Haryana,Karnal Mandi,3217.6,3833.6,3525.6,842.4
2021-12-13,Wheat,Haryana,Karnal Mandi,3084.4,3582.8,3333.6,1349.7
2021-12-20,Wheat,Haryana,Karnal Mandi,3271.4,3582.0,3426.7,1282.1
2021-12-27,Wheat,Haryana,Karnal Mandi,3418.7,4059.5,3739.1,1265.1
2022-01-03,Wheat,Haryana,Karnal Mandi,3079.3,3516.9,3298.1,1316.9
2022-01-10,Wheat,Haryana,Karnal Mandi,3057.6,3586.2,3321.9,923.4
2022-01-17,Wheat,Haryana,Karnal Mandi,3141.7,3519.3,3330.5,984.7
2022-01-24,Wheat,Haryana,Karnal Mandi,3346.2,3819.2,3582.7,1105.8
2022-01-31,Wheat,Haryana,Karnal Mandi,3508.7,4067.9,3788.3,1341.5
2022-02-07,Wheat,Haryana,Karnal Mandi,3272.2,3697.0,3484.6,1119.1
2022-02-14,Wheat,Haryana,Karnal Mandi,3473.9,3936.3,3705.1,1259.2
2022-02-21,Wheat,Haryana,Karnal Mandi,3583.4,3997.8,3790.6,1364.0
2022-02-28,Wheat,Haryana,Karnal Mandi,3289.5,3817.9,3553.7,835.7
2022-03-07,Wheat,Haryana,Karnal Mandi,2501.2,2880.8,2691.0,2201.3
2022-03-14,Wheat,Haryana,Karnal Mandi,2601.4,2950.0,2775.7,2595.1
2022-03-21,Wheat,Haryana,Karnal Mandi,2382.2,2666.4,2524.3,2555.9
2022-03-28,Wheat,Haryana,Karnal Mandi,2297.1,2601.9,2449.5,2012.9
2022-04-04,Wheat,Haryana,Karnal Mandi,2496.5,2897.7,2697.1,2473.8
2022-04-11,Wheat,Haryana,Karnal Mandi,2478.6,2906.4,2692.5,1963.9
2022-04-18,Wheat,Haryana,Karnal Mandi,2575.2,2980.2,2777.7,2234.0
2022-04-25,Wheat,Haryana,Karnal Mandi,2404.7,2777.7,2591.2,1920.2
2022-05-02,Wheat,Haryana,Karnal Mandi,2448.0,2722.8,2585.4,1736.3
2022-05-09,Wheat,Haryana,Karnal Mandi,2591.2,2992.4,2791.8,2578.9
2022-05-16,Wheat,Haryana,Karnal Mandi,2655.1,2916.3,2785.7,2065.1
2022-05-23,Wheat,Haryana,Karnal Mandi,2496.8,2974.8,2735.8,2224.8
2022-05-30,Wheat,Haryana,Karnal Mandi,2441.4,2900.6,2671.0,2280.8
2022-06-06,Wheat,Haryana,Karnal Mandi,3379.5,3801.9,3590.7,915.6
2022-06-13,Wheat,Haryana,Karnal Mandi,3464.9,4049.3,3757.1,1210.1
2022-06-20,Wheat,Haryana,Karnal Mandi,3323.1,3721.7,3522.4,1181.1
2022-06-27,Wheat,Haryana,Karnal Mandi,3166.1,3724.3,3445.2,1036.5
2022-07-04,Wheat,Haryana,Karnal Mandi,3224.2,3763.2,3493.7,1051.0
2022-07-11,Wheat,Haryana,Karnal Mandi,3420.2,3712.8,3566.5,1113.0
2022-07-18,Wheat,Haryana,Karnal Mandi,3660.7,4021.1,3840.9,926.8
2022-07-25,Wheat,Haryana,Karnal Mandi,3346.1,3864.3,3605.2,864.0
2022-08-01,Wheat,Haryana,Karnal Mandi,3200.5,3783.3,3491.9,1171.5
2022-08-08,Wheat,Haryana,Karnal Mandi,3274.5,3574.9,3424.7,825.2
2022-08-15,Wheat,Haryana,Karnal Mandi,3238.0,3613.4,3425.7,901.1
2022-08-22,Wheat,Haryana,Karnal Mandi,3265.5,3786.5,3526.0,966.4
2022-08-29,Wheat,Haryana,Karnal Mandi,3673.3,3999.7,3836.5,879.6
2022-09-05,Wheat,Haryana,Karnal Mandi,3182.2,3799.6,3490.9,793.3
2022-09-12,Wheat,Haryana,Karnal Mandi,3650.1,4026.5,3838.3,939.0
2022-09-19,Wheat,Haryana,Karnal Mandi,3521.3,4198.7,3860.0,1327.2
2022-09-26,Wheat,Haryana,Karnal Mandi,3539.4,4073.6,3806.5,862.5
2022-10-03,Wheat,Haryana,Karnal Mandi,3328.5,3619.7,3474.1,979.8
2022-10-10,Wheat,Haryana,Karnal Mandi,3301.6,3750.8,3526.2,988.2
2022-10-17,Wheat,Haryana,Karnal Mandi,3413.9,4010.5,3712.2,1212.6
2022-10-24,Wheat,Haryana,Karnal Mandi,3271.0,3634.8,3452.9,870.6
2022-10-31,Wheat,Haryana,Karnal Mandi,3503.8,4020.4,3762.1,922.9
2022-11-07,Wheat,Haryana,Karnal Mandi,3608.6,4077.4,3843.0,1091.5
2022-11-14,Wheat,Haryana,Karnal Mandi,3294.7,3750.5,3522.6,1300.5
2022-11-21,Wheat,Haryana,Karnal Mandi,3689.5,4204.5,3947.0,1180.8
2022-11-28,Wheat,Haryana,Karnal Mandi,3795.5,4142.1,3968.8,1224.6
2022-12-05,Wheat,Haryana,Karnal Mandi,3544.0,4076.4,3810.2,1072.6
2022-12-12,Wheat,Haryana,Karnal Mandi,3457.1,3773.7,3615.4,1181.9
2022-12-19,Wheat,Haryana,Karnal Mandi,3516.9,3938.1,3727.5,1316.5
2022-12-26,Wheat,Haryana,Karnal Mandi,3200.7,3765.5,3483.1,1128.2
2023-01-02,Wheat,Haryana,Karnal Mandi,3490.4,4090.8,3790.6,1295.7
2023-01-09,Wheat,Haryana,Karnal Mandi,3372.7,3786.1,3579.4,863.1
2023-01-16,Wheat,Haryana,Karnal Mandi,3341.2,3852.4,3596.8,843.5
2023-01-23,Wheat,Haryana,Karnal Mandi,3449.3,3907.9,3678.6,1245.0
2023-01-30,Wheat,Haryana,Karnal Mandi,3471.0,4089.0,3780.0,858.4
2023-02-06,Wheat,Haryana,Karnal Mandi,3576.6,4130.6,3853.6,917.0
2023-02-13,Wheat,Haryana,Karnal Mandi,3441.2,4080.0,3760.6,969.5
2023-02-20,Wheat,Haryana,Karnal Mandi,3437.3,4050.3,3743.8,1064.7
2023-02-27,Wheat,Haryana,Karnal Mandi,3421.1,3855.3,3638.2,1233.6
2023-03-06,Wheat,Haryana,Karnal Mandi,2516.7,2952.1,2734.4,2219.4
2023-03-13,Wheat,Haryana,Karnal Mandi,2764.1,3031.1,2897.6,2372.2
2023-03-20,Wheat,Haryana,Karnal Mandi,2554.4,2899.0,2726.7,2205.1
2023-03-27,Wheat,Haryana,Karnal Mandi,2492.5,2950.7,2721.6,1933.5
2023-04-03,Wheat,Haryana,Karnal Mandi,2629.9,3088.9,2859.4,1606.9
2023-04-10,Wheat,Haryana,Karnal Mandi,2552.6,2887.0,2719.8,2259.2
2023-04-17,Wheat,Haryana,Karnal Mandi,2617.9,3064.5,2841.2,2463.4
2023-04-24,Wheat,Haryana,Karnal Mandi,2541.4,2844.2,2692.8,1753.0
2023-05-01,Wheat,Haryana,Karnal Mandi,2702.7,2964.5,2833.6,1994.9
2023-05-08,Wheat,Haryana,Karnal Mandi,2713.7,3095.9,2904.8,1675.4
2023-05-15,Wheat,Haryana,Karnal Mandi,2447.4,2916.6,2682.0,2057.8
2023-05-22,Wheat,Haryana,Karnal Mandi,2856.8,3136.0,2996.4,2187.9
2023-05-29,Wheat,Haryana,Karnal Mandi,2449.2,2918.2,2683.7,2289.7
2023-06-05,Wheat,Haryana,Karnal Mandi,3878.4,4250.0,4064.2,1304.6
2023-06-12,Wheat,Haryana,Karnal Mandi,3832.0,4182.0,4007.0,1296.8
2023-06-19,Wheat,Haryana,Karnal Mandi,3332.3,3872.3,3602.3,1088.6
2023-06-26,Wheat,Haryana,Karnal Mandi,3578.5,4118.5,3848.5,1175.3
2023-07-03,Wheat,Haryana,Karnal Mandi,3387.3,4048.5,3717.9,906.0
2023-07-10,Wheat,Haryana,Karnal Mandi,3655.8,4205.6,3930.7,1108.6
2023-07-17,Wheat,Haryana,Karnal Mandi,3642.5,4102.1,3872.3,885.2
2023-07-24,Wheat,Haryana,Karnal Mandi,3658.2,4088.0,3873.1,1078.3
2023-07-31,Wheat,Haryana,Karnal Mandi,3819.4,4198.2,4008.8,1154.3
2023-08-07,Wheat,Haryana,Karnal Mandi,3774.5,4519.5,4147.0,872.6
2023-08-14,Wheat,Haryana,Karnal Mandi,3385.7,3972.7,3679.2,1008.9
2023-08-21,Wheat,Haryana,Karnal Mandi,3630.0,3966.6,3798.3,1051.4
2023-08-28,Wheat,Haryana,Karnal Mandi,3586.4,3987.2,3786.8,1245.2
2023-09-04,Wheat,Haryana,Karnal Mandi,3579.6,4257.6,3918.6,949.2
2023-09-11,Wheat,Haryana,Karnal Mandi,3832.3,4251.3,4041.8,1100.7
2023-09-18,Wheat,Haryana,Karnal Mandi,3420.0,3948.0,3684.0,796.9
2023-09-25,Wheat,Haryana,Karnal Mandi,3708.4,4270.0,3989.2,1202.3
2023-10-02,Wheat,Haryana,Karnal Mandi,3588.5,3926.7,3757.6,1002.1
2023-10-09,Wheat,Haryana,Karnal Mandi,3552.5,4121.5,3837.0,803.1
2023-10-16,Wheat,Haryana,Karnal Mandi,3618.0,4286.4,3952.2,1271.2
2023-10-23,Wheat,Haryana,Karnal Mandi,3673.6,4085.8,3879.7,1030.4
2023-10-30,Wheat,Haryana,Karnal Mandi,3921.1,4328.7,4124.9,1262.8
2023-11-06,Wheat,Haryana,Karnal Mandi,3502.0,4064.2,3783.1,1189.1
2023-11-13,Wheat,Haryana,Karnal Mandi,3843.7,4226.7,4035.2,1291.5
2023-11-20,Wheat,Haryana,Karnal Mandi,3792.6,4463.6,4128.1,1081.5
2023-11-27,Wheat,Haryana,Karnal Mandi,3614.9,4151.9,3883.4,1016.4
2023-12-04,Wheat,Haryana,Karnal Mandi,3717.2,4444.0,4080.6,807.4
2023-12-11,Wheat,Haryana,Karnal Mandi,3447.8,4129.4,3788.6,987.7
2023-12-18,Wheat,Haryana,Karnal Mandi,3470.5,3985.7,3728.1,827.5
2023-12-25,Wheat,Haryana,Karnal Mandi,3593.0,3905.0,3749.0,899.5
2015-01-05,Wheat,Madhya Pradesh,Indore Mandi,2272.0,2572.4,2422.2,888.1
2015-01-12,Wheat,Madhya Pradesh,Indore Mandi,2087.2,2322.6,2204.9,1125.9
2015-01-19,Wheat,Madhya Pradesh,Indore Mandi,2290.4,2633.0,2461.7,1159.9
2015-01-26,Wheat,Madhya Pradesh,Indore Mandi,2224.0,2423.8,2323.9,1318.3
2015-02-02,Wheat,Madhya Pradesh,Indore Mandi,2174.2,2566.6,2370.4,893.9
2015-02-09,Wheat,Madhya Pradesh,Indore Mandi,2278.0,2652.0,2465.0,1333.5
2015-02-16,Wheat,Madhya Pradesh,Indore Mandi,2127.3,2455.5,2291.4,1184.7
2015-02-23,Wheat,Madhya Pradesh,Indore Mandi,2091.9,2380.5,2236.2,924.0
2015-03-02,Wheat,Madhya Pradesh,Indore Mandi,1591.2,1798.0,1694.6,2484.0
2015-03-09,Wheat,Madhya Pradesh,Indore Mandi,1599.1,1906.5,1752.8,2453.7
2015-03-16,Wheat,Madhya Pradesh,Indore Mandi,1636.4,1777.6,1707.0,2536.2
2015-03-23,Wheat,Madhya Pradesh,Indore Mandi,1536.4,1758.6,1647.5,2505.4
2015-03-30,Wheat,Madhya Pradesh,Indore Mandi,1769.5,1917.9,1843.7,2533.0
2015-04-06,Wheat,Madhya Pradesh,Indore Mandi,1714.1,1997.7,1855.9,1655.2
2015-04-13,Wheat,Madhya Pradesh,Indore Mandi,1730.9,1941.3,1836.1,2469.2
2015-04-20,Wheat,Madhya Pradesh,Indore Mandi,1645.3,1926.3,1785.8,2362.9
2015-04-27,Wheat,Madhya Pradesh,Indore Mandi,1655.2,1821.4,1738.3,1843.5
2015-05-04,Wheat,Madhya Pradesh,Indore Mandi,1593.4,1856.2,1724.8,2375.1
2015-05-11,Wheat,Madhya Pradesh,Indore Mandi,1564.2,1725.2,1644.7,2447.1
2015-05-18,Wheat,Madhya Pradesh,Indore Mandi,1615.7,1924.5,1770.1,2454.0
2015-05-25,Wheat,Madhya Pradesh,Indore Mandi,1720.0,1982.4,1851.2,2323.9
2015-06-01,Wheat,Madhya Pradesh,Indore Mandi,2226.5,2607.5,2417.0,842.0
2015-06-08,Wheat,Madhya Pradesh,Indore Mandi,2253.4,2506.4,2379.9,810.5
2015-06-15,Wheat,Madhya Pradesh,Indore Mandi,2325.2,2764.4,2544.8,904.0
2015-06-22,Wheat,Madhya Pradesh,Indore Mandi,2209.3,2427.7,2318.5,822.5
2015-06-29,Wheat,Madhya Pradesh,Indore Mandi,2444.7,2721.1,2582.9,1059.7
2015-07-06,Wheat,Madhya Pradesh,Indore Mandi,2349.1,2571.9,2460.5,912.6
2015-07-13,Wheat,Madhya Pradesh,Indore Mandi,2435.1,2638.1,2536.6,1163.2
2015-07-20,Wheat,Madhya Pradesh,Indore Mandi,2175.9,2461.9,2318.9,889.9
2015-07-27,Wheat,Madhya Pradesh,Indore Mandi,2138.4,2444.6,2291.5,1249.1
2015-08-03,Wheat,Madhya Pradesh,Indore Mandi,2353.0,2775.2,2564.1,1357.6
2015-08-10,Wheat,Madhya Pradesh,Indore Mandi,2414.0,2634.2,2524.1,1083.9
2015-08-17,Wheat,Madhya Pradesh,Indore Mandi,2394.5,2601.1,2497.8,1017.1
2015-08-24,Wheat,Madhya Pradesh,Indore Mandi,2213.5,2516.5,2365.0,1320.0
2015-08-31,Wheat,Madhya Pradesh,Indore Mandi,2235.9,2507.1,2371.5,883.1
2015-09-07,Wheat,Madhya Pradesh,Indore Mandi,2211.3,2502.5,2356.9,1167.6
2015-09-14,Wheat,Madhya Pradesh,Indore Mandi,2363.4,2664.4,2513.9,811.6
2015-09-21,Wheat,Madhya Pradesh,Indore Mandi,2186.3,2390.3,2288.3,883.7
2015-09-28,Wheat,Madhya Pradesh,Indore Mandi,2173.2,2590.4,2381.8,1164.3
2015-10-05,Wheat,Madhya Pradesh,Indore Mandi,2090.6,2488.8,2289.7,1129.3
2015-10-12,Wheat,Madhya Pradesh,Indore Mandi,2492.7,2766.7,2629.7,888.3
2015-10-19,Wheat,Madhya Pradesh,Indore Mandi,2307.4,2726.4,2516.9,1106.9
2015-10-26,Wheat,Madhya Pradesh,Indore Mandi,2161.1,2489.5,2325.3,873.1
2015-11-02,Wheat,Madhya Pradesh,Indore Mandi,2205.8,2569.0,2387.4,874.6
2015-11-09,Wheat,Madhya Pradesh,Indore Mandi,2319.7,2552.3,2436.0,1211.1
2015-11-16,Wheat,Madhya Pradesh,Indore Mandi,2201.3,2609.9,2405.6,810.6
2015-11-23,Wheat,Madhya Pradesh,Indore Mandi,2454.8,2828.4,2641.6,1298.8
2015-11-30,Wheat,Madhya Pradesh,Indore Mandi,2282.6,2672.2,2477.4,1105.7
2015-12-07,Wheat,Madhya Pradesh,Indore Mandi,2250.3,2560.7,2405.5,804.5
2015-12-14,Wheat,Madhya Pradesh,Indore Mandi,2247.0,2583.2,2415.1,1298.6
2015-12-21,Wheat,Madhya Pradesh,Indore Mandi,2246.1,2624.1,2435.1,962.2
2015-12-28,Wheat,Madhya Pradesh,Indore Mandi,2337.7,2708.3,2523.0,897.9
2016-01-04,Wheat,Madhya Pradesh,Indore Mandi,2451.3,2704.5,2577.9,1253.7
2016-01-11,Wheat,Madhya Pradesh,Indore Mandi,2298.4,2745.0,2521.7,1124.5
2016-01-18,Wheat,Madhya Pradesh,Indore Mandi,2243.7,2671.5,2457.6,992.2
2016-01-25,Wheat,Madhya Pradesh,Indore Mandi,2189.3,2486.5,2337.9,1201.3
2016-02-01,Wheat,Madhya Pradesh,Indore Mandi,2424.1,2712.9,2568.5,856.2
2016-02-08,Wheat,Madhya Pradesh,Indore Mandi,2206.3,2567.3,2386.8,804.1
2016-02-15,Wheat,Madhya Pradesh,Indore Mandi,2282.7,2636.3,2459.5,909.4
2016-02-22,Wheat,Madhya Pradesh,Indore Mandi,2373.9,2729.3,2551.6,1326.9
2016-02-29,Wheat,Madhya Pradesh,Indore Mandi,2516.5,2854.9,2685.7,811.7
2016-03-07,Wheat,Madhya Pradesh,Indore Mandi,1654.3,1964.5,1809.4,2466.4
2016-03-14,Wheat,Madhya Pradesh,Indore Mandi,1760.1,2020.7,1890.4,1965.4
2016-03-21,Wheat,Madhya Pradesh,Indore Mandi,1837.2,2075.2,1956.2,1747.9
2016-03-28,Wheat,Madhya Pradesh,Indore Mandi,1804.3,2043.3,1923.8,1629.4
2016-04-04,Wheat,Madhya Pradesh,Indore Mandi,1757.5,2020.3,1888.9,2206.3
2016-04-11,Wheat,Madhya Pradesh,Indore Mandi,1607.0,1874.4,1740.7,1872.0
2016-04-18,Wheat,Madhya Pradesh,Indore Mandi,1649.2,1947.4,1798.3,1662.1
2016-04-25,Wheat,Madhya Pradesh,Indore Mandi,1605.3,1888.1,1746.7,2287.5
2016-05-02,Wheat,Madhya Pradesh,Indore Mandi,1661.5,1913.7,1787.6,1660.9
2016-05-09,Wheat,Madhya Pradesh,Indore Mandi,1663.4,1906.8,1785.1,1551.7
2016-05-16,Wheat,Madhya Pradesh,Indore Mandi,1585.0,1895.2,1740.1,2450.1
2016-05-23,Wheat,Madhya Pradesh,Indore Mandi,1655.1,1860.7,1757.9,2582.6
2016-05-30,Wheat,Madhya Pradesh,Indore Mandi,1643.0,1854.6,1748.8,2024.9
2016-06-06,Wheat,Madhya Pradesh,Indore Mandi,2381.4,2817.4,2599.4,1070.8
2016-06-13,Wheat,Madhya Pradesh,Indore Mandi,2349.1,2769.9,2559.5,1098.8
2016-06-20,Wheat,Madhya Pradesh,Indore Mandi,2273.6,2559.6,2416.6,1280.1
2016-06-27,Wheat,Madhya Pradesh,Indore Mandi,2338.7,2800.5,2569.6,901.1
2016-07-04,Wheat,Madhya Pradesh,Indore Mandi,2368.8,2573.6,2471.2,831.5
2016-07-11,Wheat,Madhya Pradesh,Indore Mandi,2223.8,2621.8,2422.8,1067.2
2016-07-18,Wheat,Madhya Pradesh,Indore Mandi,2341.5,2669.9,2505.7,1344.4
2016-07-25,Wheat,Madhya Pradesh,Indore Mandi,2445.1,2758.5,2601.8,1049.6
2016-08-01,Wheat,Madhya Pradesh,Indore Mandi,2532.8,2755.4,2644.1,886.1
2016-08-08,Wheat,Madhya Pradesh,Indore Mandi,2582.7,2873.9,2728.3,871.9
2016-08-15,Wheat,Madhya Pradesh,Indore Mandi,2512.7,2735.5,2624.1,789.6
2016-08-22,Wheat,Madhya Pradesh,Indore Mandi,2575.2,2804.4,2689.8,945.2
2016-08-29,Wheat,Madhya Pradesh,Indore Mandi,2405.6,2748.2,2576.9,980.6
2016-09-05,Wheat,Madhya Pradesh,Indore Mandi,2642.0,2865.6,2753.8,1083.4
2016-09-12,Wheat,Madhya Pradesh,Indore Mandi,2286.3,2674.3,2480.3,1040.8
2016-09-19,Wheat,Madhya Pradesh,Indore Mandi,2266.6,2670.2,2468.4,849.4
2016-09-26,Wheat,Madhya Pradesh,Indore Mandi,2577.8,2839.8,2708.8,1010.4
2016-10-03,Wheat,Madhya Pradesh,Indore Mandi,2359.3,2635.1,2497.2,841.0
2016-10-10,Wheat,Madhya Pradesh,Indore Mandi,2334.6,2538.0,2436.3,1314.9
2016-10-17,Wheat,Madhya Pradesh,Indore Mandi,2432.6,2645.4,2539.0,1014.1
2016-10-24,Wheat,Madhya Pradesh,Indore Mandi,2529.3,2819.7,2674.5,1100.9
2016-10-31,Wheat,Madhya Pradesh,Indore Mandi,2220.6,2652.0,2436.3,812.2
2016-11-07,Wheat,Madhya Pradesh,Indore Mandi,2510.2,2848.8,2679.5,1296.2
2016-11-14,Wheat,Madhya Pradesh,Indore Mandi,2327.1,2603.1,2465.1,1167.1
2016-11-21,Wheat,Madhya Pradesh,Indore Mandi,2349.8,2592.8,2471.3,886.2
2016-11-28,Wheat,Madhya Pradesh,Indore Mandi,2460.2,2939.0,2699.6,805.8
2016-12-05,Wheat,Madhya Pradesh,Indore Mandi,2324.3,2687.5,2505.9,1018.6
2016-12-12,Wheat,Madhya Pradesh,Indore Mandi,2468.3,2888.5,2678.4,1180.0
2016-12-19,Wheat,Madhya Pradesh,Indore Mandi,2553.1,2958.5,2755.8,1039.5
2016-12-26,Wheat,Madhya Pradesh,Indore Mandi,2316.1,2599.3,2457.7,1119.2
2017-01-02,Wheat,Madhya Pradesh,Indore Mandi,2483.5,2703.9,2593.7,1208.5
2017-01-09,Wheat,Madhya Pradesh,Indore Mandi,2555.8,2994.8,2775.3,1307.9
2017-01-16,Wheat,Madhya Pradesh,Indore Mandi,2352.1,2801.9,2577.0,1307.6
2017-01-23,Wheat,Madhya Pradesh,Indore Mandi,2280.4,2672.6,2476.5,934.2
2017-01-30,Wheat,Madhya Pradesh,Indore Mandi,2378.9,2832.7,2605.8,972.4
2017-02-06,Wheat,Madhya Pradesh,Indore Mandi,2556.1,3053.7,2804.9,970.4
2017-02-13,Wheat,Madhya Pradesh,Indore Mandi,2468.6,2751.4,2610.0,1290.1
2017-02-20,Wheat,Madhya Pradesh,Indore Mandi,2301.3,2751.1,2526.2,1343.4
2017-02-27,Wheat,Madhya Pradesh,Indore Mandi,2398.1,2768.9,2583.5,1036.8
2017-03-06,Wheat,Madhya Pradesh,Indore Mandi,1895.0,2157.0,2026.0,2123.1
2017-03-13,Wheat,Madhya Pradesh,Indore Mandi,1927.9,2238.9,2083.4,2069.8
2017-03-20,Wheat,Madhya Pradesh,Indore Mandi,1786.8,1995.8,1891.3,2590.4
2017-03-27,Wheat,Madhya Pradesh,Indore Mandi,1864.7,2209.9,2037.3,2401.9
2017-04-03,Wheat,Madhya Pradesh,Indore Mandi,1918.8,2150.6,2034.7,2448.0
2017-04-10,Wheat,Madhya Pradesh,Indore Mandi,1772.6,1965.8,1869.2,1849.2
2017-04-17,Wheat,Madhya Pradesh,Indore Mandi,1919.7,2272.3,2096.0,2385.7
2017-04-24,Wheat,Madhya Pradesh,Indore Mandi,1881.4,2188.6,2035.0,1687.4
2017-05-01,Wheat,Madhya Pradesh,Indore Mandi,1720.8,2011.4,1866.1,2106.9
2017-05-08,Wheat,Madhya Pradesh,Indore Mandi,1809.0,1975.2,1892.1,1878.7
2017-05-15,Wheat,Madhya Pradesh,Indore Mandi,1882.5,2169.7,2026.1,2460.1
2017-05-22,Wheat,Madhya Pradesh,Indore Mandi,1885.2,2249.2,2067.2,2221.1
2017-05-29,Wheat,Madhya Pradesh,Indore Mandi,1842.5,2145.3,1993.9,1568.1
2017-06-05,Wheat,Madhya Pradesh,Indore Mandi,2485.1,2695.7,2590.4,915.1
2017-06-12,Wheat,Madhya Pradesh,Indore Mandi,2620.8,2975.8,2798.3,1130.6
2017-06-19,Wheat,Madhya Pradesh,Indore Mandi,2610.7,3099.9,2855.3,988.0
2017-06-26,Wheat,Madhya Pradesh,Indore Mandi,2766.1,3027.5,2896.8,1200.6
2017-07-03,Wheat,Madhya Pradesh,Indore Mandi,2474.1,2788.3,2631.2,1044.3
2017-07-10,Wheat,Madhya Pradesh,Indore Mandi,2599.4,2865.8,2732.6,1047.4
2017-07-17,Wheat,Madhya Pradesh,Indore Mandi,2536.4,2773.8,2655.1,1146.7
2017-07-24,Wheat,Madhya Pradesh,Indore Mandi,2379.2,2822.0,2600.6,898.9
2017-07-31,Wheat,Madhya Pradesh,Indore Mandi,2567.6,2921.8,2744.7,1316.1
2017-08-07,Wheat,Madhya Pradesh,Indore Mandi,2611.5,3103.9,2857.7,975.9
2017-08-14,Wheat,Madhya Pradesh,Indore Mandi,2455.1,2830.5,2642.8,909.9
2017-08-21,Wheat,Madhya Pradesh,Indore Mandi,2721.1,2949.9,2835.5,977.8
2017-08-28,Wheat,Madhya Pradesh,Indore Mandi,2494.8,2810.0,2652.4,1195.3
2017-09-04,Wheat,Madhya Pradesh,Indore Mandi,2490.7,2804.5,2647.6,1163.1
2017-09-11,Wheat,Madhya Pradesh,Indore Mandi,2638.1,3079.9,2859.0,844.9
2017-09-18,Wheat,Madhya Pradesh,Indore Mandi,2459.0,2803.4,2631.2,1209.5
2017-09-25,Wheat,Madhya Pradesh,Indore Mandi,2787.9,3082.9,2935.4,945.8
2017-10-02,Wheat,Madhya Pradesh,Indore Mandi,2394.5,2749.3,2571.9,1294.2
2017-10-09,Wheat,Madhya Pradesh,Indore Mandi,2489.1,2906.7,2697.9,1259.2
2017-10-16,Wheat,Madhya Pradesh,Indore Mandi,2662.6,2916.8,2789.7,1248.0
2017-10-23,Wheat,Madhya Pradesh,Indore Mandi,2721.4,3059.6,2890.5,1190.1
2017-10-30,Wheat,Madhya Pradesh,Indore Mandi,2768.8,3111.0,2939.9,1349.6
2017-11-06,Wheat,Madhya Pradesh,Indore Mandi,2537.5,2845.9,2691.7,839.5
2017-11-13,Wheat,Madhya Pradesh,Indore Mandi,2536.0,2823.0,2679.5,1270.0
2017-11-20,Wheat,Madhya Pradesh,Indore Mandi,2564.4,2954.4,2759.4,863.6
2017-11-27,Wheat,Madhya Pradesh,Indore Mandi,2478.2,2791.4,2634.8,1080.1
2017-12-04,Wheat,Madhya Pradesh,Indore Mandi,2554.6,2917.6,2736.1,1006.9
2017-12-11,Wheat,Madhya Pradesh,Indore Mandi,2612.4,3080.2,2846.3,1142.4
2017-12-18,Wheat,Madhya Pradesh,Indore Mandi,2511.7,2977.1,2744.4,1078.4
2017-12-25,Wheat,Madhya Pradesh,Indore Mandi,2399.7,2830.9,2615.3,1344.7
2018-01-01,Wheat,Madhya Pradesh,Indore Mandi,2532.3,2888.1,2710.2,1299.1
2018-01-08,Wheat,Madhya Pradesh,Indore Mandi,2708.5,3137.7,2923.1,1010.6
2018-01-15,Wheat,Madhya Pradesh,Indore Mandi,2618.1,2936.9,2777.5,985.5
2018-01-22,Wheat,Madhya Pradesh,Indore Mandi,2505.8,2876.8,2691.3,969.8
2018-01-29,Wheat,Madhya Pradesh,Indore Mandi,2481.6,2778.2,2629.9,881.5
2018-02-05,Wheat,Madhya Pradesh,Indore Mandi,2594.8,2896.2,2745.5,1190.7
2018-02-12,Wheat,Madhya Pradesh,Indore Mandi,2565.5,2914.9,2740.2,1018.5
2018-02-19,Wheat,Madhya Pradesh,Indore Mandi,2595.8,2813.0,2704.4,936.6
2018-02-26,Wheat,Madhya Pradesh,Indore Mandi,2504.3,2940.9,2722.6,1315.4
2018-03-05,Wheat,Madhya Pradesh,Indore Mandi,1829.5,2102.9,1966.2,2336.7
2018-03-12,Wheat,Madhya Pradesh,Indore Mandi,1846.3,2088.9,1967.6,2164.3
2018-03-19,Wheat,Madhya Pradesh,Indore Mandi,2024.4,2363.4,2193.9,1547.0
2018-03-26,Wheat,Madhya Pradesh,Indore Mandi,1825.3,2105.1,1965.2,1844.6
2018-04-02,Wheat,Madhya Pradesh,Indore Mandi,1878.6,2145.2,2011.9,2299.9
2018-04-09,Wheat,Madhya Pradesh,Indore Mandi,1971.3,2149.7,2060.5,1742.4
2018-04-16,Wheat,Madhya Pradesh,Indore Mandi,2052.0,2281.4,2166.7,1528.7
2018-04-23,Wheat,Madhya Pradesh,Indore Mandi,1984.1,2238.7,2111.4,1826.1
2018-04-30,Wheat,Madhya Pradesh,Indore Mandi,1998.9,2296.7,2147.8,1940.6
2018-05-07,Wheat,Madhya Pradesh,Indore Mandi,2069.2,2296.6,2182.9,1835.8
2018-05-14,Wheat,Madhya Pradesh,Indore Mandi,1973.8,2329.2,2151.5,1664.9
2018-05-21,Wheat,Madhya Pradesh,Indore Mandi,1900.9,2129.5,2015.2,2342.4
2018-05-28,Wheat,Madhya Pradesh,Indore Mandi,1841.8,2201.4,2021.6,2465.8
2018-06-04,Wheat,Madhya Pradesh,Indore Mandi,2664.0,3090.0,2877.0,867.8
2018-06-11,Wheat,Madhya Pradesh,Indore Mandi,2764.9,3008.1,2886.5,1107.7
2018-06-18,Wheat,Madhya Pradesh,Indore Mandi,2519.3,2985.9,2752.6,961.9
2018-06-25,Wheat,Madhya Pradesh,Indore Mandi,2540.0,2826.6,2683.3,1042.2
2018-07-02,Wheat,Madhya Pradesh,Indore Mandi,2632.4,2870.2,2751.3,1015.3
2018-07-09,Wheat,Madhya Pradesh,Indore Mandi,2902.6,3197.0,3049.8,793.0
2018-07-16,Wheat,Madhya Pradesh,Indore Mandi,2835.3,3111.1,2973.2,1331.7
2018-07-23,Wheat,Madhya Pradesh,Indore Mandi,2856.6,3113.0,2984.8,1183.0
2018-07-30,Wheat,Madhya Pradesh,Indore Mandi,2522.1,2903.7,2712.9,1202.4
2018-08-06,Wheat,Madhya Pradesh,Indore Mandi,2647.8,3033.2,2840.5,1172.1
2018-08-13,Wheat,Madhya Pradesh,Indore Mandi,2609.6,2926.2,2767.9,1186.8
2018-08-20,Wheat,Madhya Pradesh,Indore Mandi,2661.9,3173.3,2917.6,947.9
2018-08-27,Wheat,Madhya Pradesh,Indore Mandi,2771.8,3199.8,2985.8,961.6
2018-09-03,Wheat,Madhya Pradesh,Indore Mandi,2759.6,3146.2,2952.9,1217.6
2018-09-10,Wheat,Madhya Pradesh,Indore Mandi,2834.7,3193.5,3014.1,1116.5
2018-09-17,Wheat,Madhya Pradesh,Indore Mandi,2873.3,3128.7,3001.0,946.2
2018-09-24,Wheat,Madhya Pradesh,Indore Mandi,2805.1,3089.7,2947.4,1245.8
2018-10-01,Wheat,Madhya Pradesh,Indore Mandi,2570.1,2907.3,2738.7,855.2
2018-10-08,Wheat,Madhya Pradesh,Indore Mandi,2701.8,2994.4,2848.1,1092.0
2018-10-15,Wheat,Madhya Pradesh,Indore Mandi,2890.8,3310.0,3100.4,1100.6
2018-10-22,Wheat,Madhya Pradesh,Indore Mandi,2855.8,3302.6,3079.2,1147.2
2018-10-29,Wheat,Madhya Pradesh,Indore Mandi,2863.0,3223.8,3043.4,1119.9
2018-11-05,Wheat,Madhya Pradesh,Indore Mandi,2628.9,3052.3,2840.6,904.4
2018-11-12,Wheat,Madhya Pradesh,Indore Mandi,2857.2,3129.0,2993.1,1099.7
2018-11-19,Wheat,Madhya Pradesh,Indore Mandi,2580.1,2922.1,2751.1,944.1
2018-11-26,Wheat,Madhya Pradesh,Indore Mandi,2682.8,2923.8,2803.3,1212.7
2018-12-03,Wheat,Madhya Pradesh,Indore Mandi,2779.6,3091.8,2935.7,829.9
2018-12-10,Wheat,Madhya Pradesh,Indore Mandi,2781.3,3163.1,2972.2,845.9
2018-12-17,Wheat,Madhya Pradesh,Indore Mandi,2719.6,3246.2,2982.9,1176.6
2018-12-24,Wheat,Madhya Pradesh,Indore Mandi,2916.1,3327.1,3121.6,1069.4
2018-12-31,Wheat,Madhya Pradesh,Indore Mandi,2791.6,3144.6,2968.1,1087.0
2019-01-07,Wheat,Madhya Pradesh,Indore Mandi,3005.8,3260.6,3133.2,1130.2
2019-01-14,Wheat,Madhya Pradesh,Indore Mandi,2941.2,3274.2,3107.7,1230.9
2019-01-21,Wheat,Madhya Pradesh,Indore Mandi,2967.8,3229.6,3098.7,952.0
2019-01-28,Wheat,Madhya Pradesh,Indore Mandi,2816.2,3227.2,3021.7,1078.1
2019-02-04,Wheat,Madhya Pradesh,Indore Mandi,2669.4,3154.0,2911.7,1029.7
2019-02-11,Wheat,Madhya Pradesh,Indore Mandi,2834.7,3161.3,2998.0,1271.0
2019-02-18,Wheat,Madhya Pradesh,Indore Mandi,2986.4,3251.4,3118.9,1328.9
2019-02-25,Wheat,Madhya Pradesh,Indore Mandi,2790.7,3321.1,3055.9,1005.1
2019-03-04,Wheat,Madhya Pradesh,Indore Mandi,2153.7,2474.9,2314.3,1946.6
2019-03-11,Wheat,Madhya Pradesh,Indore Mandi,2158.3,2359.3,2258.8,1742.2
2019-03-18,Wheat,Madhya Pradesh,Indore Mandi,2090.5,2419.1,2254.8,1890.9
2019-03-25,Wheat,Madhya Pradesh,Indore Mandi,1912.1,2214.5,2063.3,1726.5
2019-04-01,Wheat,Madhya Pradesh,Indore Mandi,2011.7,2348.5,2180.1,2231.2
2019-04-08,Wheat,Madhya Pradesh,Indore Mandi,2170.9,2462.9,2316.9,2030.7
2019-04-15,Wheat,Madhya Pradesh,Indore Mandi,1916.9,2232.9,2074.9,2053.3
2019-04-22,Wheat,Madhya Pradesh,Indore Mandi,2185.7,2443.3,2314.5,1525.9
2019-04-29,Wheat,Madhya Pradesh,Indore Mandi,2104.1,2282.1,2193.1,1958.0
2019-05-06,Wheat,Madhya Pradesh,Indore Mandi,2100.6,2355.4,2228.0,2281.7
2019-05-13,Wheat,Madhya Pradesh,Indore Mandi,2239.6,2479.0,2359.3,2070.3
2019-05-20,Wheat,Madhya Pradesh,Indore Mandi,2089.7,2444.7,2267.2,2198.9
2019-05-27,Wheat,Madhya Pradesh,Indore Mandi,2267.5,2458.7,2363.1,2041.0
2019-06-03,Wheat,Madhya Pradesh,Indore Mandi,3020.4,3451.2,3235.8,1324.3
2019-06-10,Wheat,Madhya Pradesh,Indore Mandi,2882.5,3389.7,3136.1,1067.9
2019-06-17,Wheat,Madhya Pradesh,Indore Mandi,2733.7,3130.7,2932.2,1192.5
2019-06-24,Wheat,Madhya Pradesh,Indore Mandi,2775.0,3231.6,3003.3,1117.9
2019-07-01,Wheat,Madhya Pradesh,Indore Mandi,2729.7,3210.1,2969.9,1292.2
2019-07-08,Wheat,Madhya Pradesh,Indore Mandi,2905.9,3281.7,3093.8,908.6
2019-07-15,Wheat,Madhya Pradesh,Indore Mandi,2771.6,3304.4,3038.0,1104.7
2019-07-22,Wheat,Madhya Pradesh,Indore Mandi,2698.1,3012.1,2855.1,1266.4
2019-07-29,Wheat,Madhya Pradesh,Indore Mandi,2712.6,3185.2,2948.9,1012.0
2019-08-05,Wheat,Madhya Pradesh,Indore Mandi,2824.4,3303.6,3064.0,1049.3
2019-08-12,Wheat,Madhya Pradesh,Indore Mandi,2671.6,3074.6,2873.1,1262.8
2019-08-19,Wheat,Madhya Pradesh,Indore Mandi,2747.2,3215.4,2981.3,873.7
2019-08-26,Wheat,Madhya Pradesh,Indore Mandi,3044.8,3329.8,3187.3,1148.3
2019-09-02,Wheat,Madhya Pradesh,Indore Mandi,3057.3,3332.5,3194.9,1219.0
2019-09-09,Wheat,Madhya Pradesh,Indore Mandi,2807.2,3128.8,2968.0,1005.2
2019-09-16,Wheat,Madhya Pradesh,Indore Mandi,2700.0,3103.8,2901.9,1015.0
2019-09-23,Wheat,Madhya Pradesh,Indore Mandi,2928.9,3319.3,3124.1,968.8
2019-09-30,Wheat,Madhya Pradesh,Indore Mandi,3089.6,3510.4,3300.0,1226.5
2019-10-07,Wheat,Madhya Pradesh,Indore Mandi,3033.6,3604.6,3319.1,1074.2
2019-10-14,Wheat,Madhya Pradesh,Indore Mandi,2692.4,3086.8,2889.6,1082.4
2019-10-21,Wheat,Madhya Pradesh,Indore Mandi,2915.4,3264.4,3089.9,865.8
2019-10-28,Wheat,Madhya Pradesh,Indore Mandi,2929.4,3219.6,3074.5,1215.0
2019-11-04,Wheat,Madhya Pradesh,Indore Mandi,3038.7,3550.7,3294.7,795.2
2019-11-11,Wheat,Madhya Pradesh,Indore Mandi,3046.4,3491.6,3269.0,930.7
2019-11-18,Wheat,Madhya Pradesh,Indore Mandi,2729.8,3151.2,2940.5,1288.3
2019-11-25,Wheat,Madhya Pradesh,Indore Mandi,2943.9,3206.9,3075.4,895.0
2019-12-02,Wheat,Madhya Pradesh,Indore Mandi,2837.9,3204.1,3021.0,1329.9
2019-12-09,Wheat,Madhya Pradesh,Indore Mandi,2697.2,3172.0,2934.6,1363.7
2019-12-16,Wheat,Madhya Pradesh,Indore Mandi,3027.8,3625.4,3326.6,797.6
2019-12-23,Wheat,Madhya Pradesh,Indore Mandi,2943.9,3435.9,3189.9,1088.1
2019-12-30,Wheat,Madhya Pradesh,Indore Mandi,2918.8,3212.4,3065.6,1203.1
2020-01-06,Wheat,Madhya Pradesh,Indore Mandi,2894.2,3425.6,3159.9,951.3
2020-01-13,Wheat,Madhya Pradesh,Indore Mandi,2985.5,3560.1,3272.8,885.9
2020-01-20,Wheat,Madhya Pradesh,Indore Mandi,3117.6,3537.2,3327.4,1267.4
2020-01-27,Wheat,Madhya Pradesh,Indore Mandi,2990.3,3420.5,3205.4,1135.1
2020-02-03,Wheat,Madhya Pradesh,Indore Mandi,2864.4,3121.0,2992.7,936.3
2020-02-10,Wheat,Madhya Pradesh,Indore Mandi,3012.7,3588.7,3300.7,939.0
2020-02-17,Wheat,Madhya Pradesh,Indore Mandi,3102.8,3630.8,3366.8,1191.2
2020-02-24,Wheat,Madhya Pradesh,Indore Mandi,2899.1,3198.5,3048.8,1107.6
2020-03-02,Wheat,Madhya Pradesh,Indore Mandi,2077.8,2405.8,2241.8,2176.9
2020-03-09,Wheat,Madhya Pradesh,Indore Mandi,2222.8,2615.4,2419.1,2351.6
2020-03-16,Wheat,Madhya Pradesh,Indore Mandi,2268.8,2485.0,2376.9,2212.3
2020-03-23,Wheat,Madhya Pradesh,Indore Mandi,2332.2,2572.8,2452.5,2566.1
2020-03-30,Wheat,Madhya Pradesh,Indore Mandi,2289.1,2521.1,2405.1,2269.6
2020-04-06,Wheat,Madhya Pradesh,Indore Mandi,2151.7,2468.7,2310.2,2418.2
2020-04-13,Wheat,Madhya Pradesh,Indore Mandi,2193.4,2382.8,2288.1,2257.3
2020-04-20,Wheat,Madhya Pradesh,Indore Mandi,2180.1,2372.9,2276.5,2579.6
2020-04-27,Wheat,Madhya Pradesh,Indore Mandi,2195.1,2382.3,2288.7,2628.0
2020-05-04,Wheat,Madhya Pradesh,Indore Mandi,2218.3,2543.7,2381.0,1890.4
2020-05-11,Wheat,Madhya Pradesh,Indore Mandi,2185.0,2611.2,2398.1,2339.9
2020-05-18,Wheat,Madhya Pradesh,Indore Mandi,2275.7,2568.5,2422.1,1554.7
2020-05-25,Wheat,Madhya Pradesh,Indore Mandi,2081.2,2422.8,2252.0,2104.6
2020-06-01,Wheat,Madhya Pradesh,Indore Mandi,3000.5,3393.3,3196.9,1163.5
2020-06-08,Wheat,Madhya Pradesh,Indore Mandi,3082.0,3524.2,3303.1,1076.2
2020-06-15,Wheat,Madhya Pradesh,Indore Mandi,2928.2,3340.2,3134.2,936.8
2020-06-22,Wheat,Madhya Pradesh,Indore Mandi,3223.4,3619.0,3421.2,1091.4
2020-06-29,Wheat,Madhya Pradesh,Indore Mandi,2946.8,3365.2,3156.0,1038.4
2020-07-06,Wheat,Madhya Pradesh,Indore Mandi,3013.4,3488.6,3251.0,1312.9
2020-07-13,Wheat,Madhya Pradesh,Indore Mandi,3125.6,3525.2,3325.4,1302.6
2020-07-20,Wheat,Madhya Pradesh,Indore Mandi,2859.3,3424.5,3141.9,889.0
2020-07-27,Wheat,Madhya Pradesh,Indore Mandi,3310.7,3612.3,3461.5,1001.1
2020-08-03,Wheat,Madhya Pradesh,Indore Mandi,3220.9,3680.9,3450.9,812.2
2020-08-10,Wheat,Madhya Pradesh,Indore Mandi,2988.7,3418.1,3203.4,906.7
2020-08-17,Wheat,Madhya Pradesh,Indore Mandi,3177.5,3458.3,3317.9,995.8
2020-08-24,Wheat,Madhya Pradesh,Indore Mandi,3244.3,3719.5,3481.9,1048.3
2020-08-31,Wheat,Madhya Pradesh,Indore Mandi,2870.9,3422.1,3146.5,996.4
2020-09-07,Wheat,Madhya Pradesh,Indore Mandi,3206.4,3569.2,3387.8,1277.2
2020-09-14,Wheat,Madhya Pradesh,Indore Mandi,2808.3,3319.7,3064.0,881.5
2020-09-21,Wheat,Madhya Pradesh,Indore Mandi,3017.4,3547.6,3282.5,1079.6
2020-09-28,Wheat,Madhya Pradesh,Indore Mandi,2996.2,3550.2,3273.2,1050.5
2020-10-05,Wheat,Madhya Pradesh,Indore Mandi,3156.1,3486.7,3321.4,1204.4
2020-10-12,Wheat,Madhya Pradesh,Indore Mandi,2868.8,3384.2,3126.5,1269.4
2020-10-19,Wheat,Madhya Pradesh,Indore Mandi,3220.8,3627.6,3424.2,1139.3
2020-10-26,Wheat,Madhya Pradesh,Indore Mandi,2900.8,3331.0,3115.9,1336.2
2020-11-02,Wheat,Madhya Pradesh,Indore Mandi,2965.9,3277.9,3121.9,802.8
2020-11-09,Wheat,Madhya Pradesh,Indore Mandi,3211.0,3800.8,3505.9,1314.9
2020-11-16,Wheat,Madhya Pradesh,Indore Mandi,2865.4,3431.8,3148.6,958.6
2020-11-23,Wheat,Madhya Pradesh,Indore Mandi,3248.8,3597.6,3423.2,916.8
2020-11-30,Wheat,Madhya Pradesh,Indore Mandi,3107.6,3695.4,3401.5,938.6
2020-12-07,Wheat,Madhya Pradesh,Indore Mandi,3107.9,3637.3,3372.6,1000.3
2020-12-14,Wheat,Madhya Pradesh,Indore Mandi,3101.5,3591.1,3346.3,1056.4
2020-12-21,Wheat,Madhya Pradesh,Indore Mandi,3034.9,3446.3,3240.6,1053.5
2020-12-28,Wheat,Madhya Pradesh,Indore Mandi,3059.4,3534.8,3297.1,846.5
2021-01-04,Wheat,Madhya Pradesh,Indore Mandi,2959.1,3275.7,3117.4,1315.3
2021-01-11,Wheat,Madhya Pradesh,Indore Mandi,2982.0,3519.8,3250.9,898.2
2021-01-18,Wheat,Madhya Pradesh,Indore Mandi,3077.9,3343.1,3210.5,1007.6
2021-01-25,Wheat,Madhya Pradesh,Indore Mandi,3366.2,3692.6,3529.4,1111.1
2021-02-01,Wheat,Madhya Pradesh,Indore Mandi,3313.2,3771.2,3542.2,912.3
2021-02-08,Wheat,Madhya Pradesh,Indore Mandi,3115.9,3587.1,3351.5,1107.1
2021-02-15,Wheat,Madhya Pradesh,Indore Mandi,3073.9,3613.1,3343.5,1238.7
2021-02-22,Wheat,Madhya Pradesh,Indore Mandi,3158.0,3559.4,3358.7,1118.4
2021-03-01,Wheat,Madhya Pradesh,Indore Mandi,2325.3,2732.1,2528.7,1698.7
2021-03-08,Wheat,Madhya Pradesh,Indore Mandi,2499.0,2752.0,2625.5,2282.0
2021-03-15,Wheat,Madhya Pradesh,Indore Mandi,2378.8,2600.8,2489.8,2156.0
2021-03-22,Wheat,Madhya Pradesh,Indore Mandi,2210.8,2466.6,2338.7,1577.1
2021-03-29,Wheat,Madhya Pradesh,Indore Mandi,2347.0,2692.4,2519.7,1839.7
2021-04-05,Wheat,Madhya Pradesh,Indore Mandi,2224.2,2561.6,2392.9,1555.6
2021-04-12,Wheat,Madhya Pradesh,Indore Mandi,2469.7,2804.9,2637.3,2328.3
2021-04-19,Wheat,Madhya Pradesh,Indore Mandi,2336.0,2588.4,2462.2,1569.2
2021-04-26,Wheat,Madhya Pradesh,Indore Mandi,2455.5,2763.3,2609.4,1802.6
2021-05-03,Wheat,Madhya Pradesh,Indore Mandi,2425.6,2751.2,2588.4,1692.6
2021-05-10,Wheat,Madhya Pradesh,Indore Mandi,2505.0,2798.4,2651.7,1865.8
2021-05-17,Wheat,Madhya Pradesh,Indore Mandi,2372.5,2809.1,2590.8,2425.6
2021-05-24,Wheat,Madhya Pradesh,Indore Mandi,2379.6,2776.4,2578.0,1947.9
2021-05-31,Wheat,Madhya Pradesh,Indore Mandi,2269.1,2630.7,2449.9,1830.4
2021-06-07,Wheat,Madhya Pradesh,Indore Mandi,3105.7,3436.7,3271.2,872.4
2021-06-14,Wheat,Madhya Pradesh,Indore Mandi,3259.3,3579.5,3419.4,983.5
2021-06-21,Wheat,Madhya Pradesh,Indore Mandi,3447.8,3779.2,3613.5,1171.9
2021-06-28,Wheat,Madhya Pradesh,Indore Mandi,3015.0,3469.2,3242.1,1074.9
2021-07-05,Wheat,Madhya Pradesh,Indore Mandi,3203.9,3572.7,3388.3,860.8
2021-07-12,Wheat,Madhya Pradesh,Indore Mandi,3060.0,3491.2,3275.6,1180.7
2021-07-19,Wheat,Madhya Pradesh,Indore Mandi,3085.6,3532.2,3308.9,1047.3
2021-07-26,Wheat,Madhya Pradesh,Indore Mandi,3133.6,3599.8,3366.7,1239.6
2021-08-02,Wheat,Madhya Pradesh,Indore Mandi,3365.2,3883.0,3624.1,904.7
2021-08-09,Wheat,Madhya Pradesh,Indore Mandi,3136.2,3402.0,3269.1,1037.5
2021-08-16,Wheat,Madhya Pradesh,Indore Mandi,3358.5,3887.1,3622.8,1168.2
2021-08-23,Wheat,Madhya Pradesh,Indore Mandi,3102.4,3511.2,3306.8,1016.2
2021-08-30,Wheat,Madhya Pradesh,Indore Mandi,3111.6,3647.4,3379.5,953.0
2021-09-06,Wheat,Madhya Pradesh,Indore Mandi,3186.8,3774.6,3480.7,916.9
2021-09-13,Wheat,Madhya Pradesh,Indore Mandi,3179.9,3787.1,3483.5,1339.5
2021-09-20,Wheat,Madhya Pradesh,Indore Mandi,3106.3,3401.7,3254.0,1100.5
2021-09-27,Wheat,Madhya Pradesh,Indore Mandi,3133.2,3508.8,3321.0,824.9
2021-10-04,Wheat,Madhya Pradesh,Indore Mandi,3516.0,3887.2,3701.6,1317.8
2021-10-11,Wheat,Madhya Pradesh,Indore Mandi,3160.5,3597.3,3378.9,834.6
2021-10-18,Wheat,Madhya Pradesh,Indore Mandi,3123.3,3415.5,3269.4,1102.5
2021-10-25,Wheat,Madhya Pradesh,Indore Mandi,3209.9,3641.9,3425.9,1149.8
2021-11-01,Wheat,Madhya Pradesh,Indore Mandi,3450.2,3774.4,3612.3,967.0
2021-11-08,Wheat,Madhya Pradesh,Indore Mandi,3184.4,3757.8,3471.1,1007.1
2021-11-15,Wheat,Madhya Pradesh,Indore Mandi,3144.9,3649.3,3397.1,996.1
2021-11-22,Wheat,Madhya Pradesh,Indore Mandi,3338.2,3810.0,3574.1,1176.8
2021-11-29,Wheat,Madhya Pradesh,Indore Mandi,3414.6,3866.8,3640.7,1185.6
2021-12-06,Wheat,Madhya Pradesh,Indore Mandi,3167.3,3573.7,3370.5,1190.4
2021-12-13,Wheat,Madhya Pradesh,Indore Mandi,3412.0,3752.0,3582.0,1046.0
2021-12-20,Wheat,Madhya Pradesh,Indore Mandi,3280.2,3763.4,3521.8,1065.6
2021-12-27,Wheat,Madhya Pradesh,Indore Mandi,3291.4,3811.8,3551.6,962.1
2022-01-03,Wheat,Madhya Pradesh,Indore Mandi,3254.2,3820.4,3537.3,811.2
2022-01-10,Wheat,Madhya Pradesh,Indore Mandi,3323.0,3843.8,3583.4,878.3
2022-01-17,Wheat,Madhya Pradesh,Indore Mandi,3174.2,3640.2,3407.2,1298.2
2022-01-24,Wheat,Madhya Pradesh,Indore Mandi,3222.4,3570.2,3396.3,975.3
2022-01-31,Wheat,Madhya Pradesh,Indore Mandi,3157.6,3779.4,3468.5,1202.1
2022-02-07,Wheat,Madhya Pradesh,Indore Mandi,3266.6,3804.4,3535.5,848.2
2022-02-14,Wheat,Madhya Pradesh,Indore Mandi,3295.1,3731.9,3513.5,1348.4
2022-02-21,Wheat,Madhya Pradesh,Indore Mandi,3131.0,3522.6,3326.8,1026.0
2022-02-28,Wheat,Madhya Pradesh,Indore Mandi,3439.9,3744.9,3592.4,1114.2
2022-03-07,Wheat,Madhya Pradesh,Indore Mandi,2479.6,2769.0,2624.3,2012.0
2022-03-14,Wheat,Madhya Pradesh,Indore Mandi,2680.2,2911.8,2796.0,1638.2
2022-03-21,Wheat,Madhya Pradesh,Indore Mandi,2284.0,2619.6,2451.8,2247.0
2022-03-28,Wheat,Madhya Pradesh,Indore Mandi,2583.8,2805.2,2694.5,2245.4
2022-04-04,Wheat,Madhya Pradesh,Indore Mandi,2403.9,2670.5,2537.2,2166.6
2022-04-11,Wheat,Madhya Pradesh,Indore Mandi,2355.1,2704.9,2530.0,1811.8
2022-04-18,Wheat,Madhya Pradesh,Indore Mandi,2529.7,2795.3,2662.5,2483.9
2022-04-25,Wheat,Madhya Pradesh,Indore Mandi,2464.5,2803.5,2634.0,2494.1
2022-05-02,Wheat,Madhya Pradesh,Indore Mandi,2588.7,2805.5,2697.1,2524.7
2022-05-09,Wheat,Madhya Pradesh,Indore Mandi,2535.0,2843.4,2689.2,2448.7
2022-05-16,Wheat,Madhya Pradesh,Indore Mandi,2306.2,2676.6,2491.4,2297.6
2022-05-23,Wheat,Madhya Pradesh,Indore Mandi,2425.3,2846.1,2635.7,2395.8
2022-05-30,Wheat,Madhya Pradesh,Indore Mandi,2353.3,2632.5,2492.9,2321.0
2022-06-06,Wheat,Madhya Pradesh,Indore Mandi,3517.5,3874.3,3695.9,999.2
2022-06-13,Wheat,Madhya Pradesh,Indore Mandi,3622.9,4116.1,3869.5,933.5
2022-06-20,Wheat,Madhya Pradesh,Indore Mandi,3310.9,3909.1,3610.0,975.8
2022-06-27,Wheat,Madhya Pradesh,Indore Mandi,3355.1,3983.7,3669.4,879.6
2022-07-04,Wheat,Madhya Pradesh,Indore Mandi,3338.1,3873.3,3605.7,1320.4
2022-07-11,Wheat,Madhya Pradesh,Indore Mandi,3202.0,3694.4,3448.2,990.2
2022-07-18,Wheat,Madhya Pradesh,Indore Mandi,3378.5,3814.9,3596.7,930.2
2022-07-25,Wheat,Madhya Pradesh,Indore Mandi,3570.2,3970.2,3770.2,854.4
2022-08-01,Wheat,Madhya Pradesh,Indore Mandi,3331.0,3784.8,3557.9,994.3
2022-08-08,Wheat,Madhya Pradesh,Indore Mandi,3247.7,3888.3,3568.0,967.6
2022-08-15,Wheat,Madhya Pradesh,Indore Mandi,3438.4,4011.0,3724.7,1001.8
2022-08-22,Wheat,Madhya Pradesh,Indore Mandi,3274.2,3851.8,3563.0,1113.3
2022-08-29,Wheat,Madhya Pradesh,Indore Mandi,3270.5,3634.9,3452.7,842.3
2022-09-05,Wheat,Madhya Pradesh,Indore Mandi,3518.5,3825.5,3672.0,1147.6
2022-09-12,Wheat,Madhya Pradesh,Indore Mandi,3424.3,4012.7,3718.5,1189.4
2022-09-19,Wheat,Madhya Pradesh,Indore Mandi,3483.4,3980.4,3731.9,942.3
2022-09-26,Wheat,Madhya Pradesh,Indore Mandi,3537.5,3877.9,3707.7,850.0
2022-10-03,Wheat,Madhya Pradesh,Indore Mandi,3427.0,4078.8,3752.9,1026.9
2022-10-10,Wheat,Madhya Pradesh,Indore Mandi,3762.2,4148.4,3955.3,1118.0
2022-10-17,Wheat,Madhya Pradesh,Indore Mandi,3305.3,3613.9,3459.6,1021.1
2022-10-24,Wheat,Madhya Pradesh,Indore Mandi,3178.4,3719.4,3448.9,1310.3
2022-10-31,Wheat,Madhya Pradesh,Indore Mandi,3368.5,3924.9,3646.7,1193.9
2022-11-07,Wheat,Madhya Pradesh,Indore Mandi,3303.9,3647.1,3475.5,839.8
2022-11-14,Wheat,Madhya Pradesh,Indore Mandi,3649.8,4072.2,3861.0,974.1
2022-11-21,Wheat,Madhya Pradesh,Indore Mandi,3464.2,3870.2,3667.2,1101.7
2022-11-28,Wheat,Madhya Pradesh,Indore Mandi,3643.4,4155.6,3899.5,1091.9
2022-12-05,Wheat,Madhya Pradesh,Indore Mandi,3356.6,3801.0,3578.8,1194.3
2022-12-12,Wheat,Madhya Pradesh,Indore Mandi,3458.8,3921.0,3689.9,897.3
2022-12-19,Wheat,Madhya Pradesh,Indore Mandi,3456.7,4010.5,3733.6,835.3
2022-12-26,Wheat,Madhya Pradesh,Indore Mandi,3678.2,4214.0,3946.1,1266.6
2023-01-02,Wheat,Madhya Pradesh,Indore Mandi,3263.6,3744.6,3504.1,1143.8
2023-01-09,Wheat,Madhya Pradesh,Indore Mandi,3441.1,4070.9,3756.0,1152.6
2023-01-16,Wheat,Madhya Pradesh,Indore Mandi,3334.5,3737.9,3536.2,1144.1
2023-01-23,Wheat,Madhya Pradesh,Indore Mandi,3486.7,4098.3,3792.5,1337.0
2023-01-30,Wheat,Madhya Pradesh,Indore Mandi,3373.1,3656.3,3514.7,1001.9
2023-02-06,Wheat,Madhya Pradesh,Indore Mandi,3545.1,4004.1,3774.6,975.6
2023-02-13,Wheat,Madhya Pradesh,Indore Mandi,3528.5,4113.5,3821.0,1117.7
2023-02-20,Wheat,Madhya Pradesh,Indore Mandi,3408.4,3881.6,3645.0,1212.4
2023-02-27,Wheat,Madhya Pradesh,Indore Mandi,3656.4,4065.4,3860.9,812.6
2023-03-06,Wheat,Madhya Pradesh,Indore Mandi,2549.2,3044.4,2796.8,1816.0
2023-03-13,Wheat,Madhya Pradesh,Indore Mandi,2461.3,2828.7,2645.0,1546.9
2023-03-20,Wheat,Madhya Pradesh,Indore Mandi,2747.9,3031.1,2889.5,2375.8
2023-03-27,Wheat,Madhya Pradesh,Indore Mandi,2502.0,2952.6,2727.3,1755.1
2023-04-03,Wheat,Madhya Pradesh,Indore Mandi,2803.7,3123.5,2963.6,2276.5
2023-04-10,Wheat,Madhya Pradesh,Indore Mandi,2540.6,3041.6,2791.1,2282.0
2023-04-17,Wheat,Madhya Pradesh,Indore Mandi,2570.9,2840.5,2705.7,2594.6
2023-04-24,Wheat,Madhya Pradesh,Indore Mandi,2536.0,2810.6,2673.3,1560.3
2023-05-01,Wheat,Madhya Pradesh,Indore Mandi,2638.2,3052.6,2845.4,2546.4
2023-05-08,Wheat,Madhya Pradesh,Indore Mandi,2688.9,3195.1,2942.0,1741.5
2023-05-15,Wheat,Madhya Pradesh,Indore Mandi,2492.7,2940.3,2716.5,2576.0
2023-05-22,Wheat,Madhya Pradesh,Indore Mandi,2648.9,2882.5,2765.7,2139.1
2023-05-29,Wheat,Madhya Pradesh,Indore Mandi,2504.6,2798.8,2651.7,1724.5
2023-06-05,Wheat,Madhya Pradesh,Indore Mandi,3596.6,4063.6,3830.1,1217.0
2023-06-12,Wheat,Madhya Pradesh,Indore Mandi,3500.5,3931.5,3716.0,864.2
2023-06-19,Wheat,Madhya Pradesh,Indore Mandi,3778.6,4117.8,3948.2,977.6
2023-06-26,Wheat,Madhya Pradesh,Indore Mandi,3429.0,3806.2,3617.6,880.0
2023-07-03,Wheat,Madhya Pradesh,Indore Mandi,3772.5,4363.9,4068.2,1162.1
2023-07-10,Wheat,Madhya Pradesh,Indore Mandi,3634.1,4141.1,3887.6,945.9
2023-07-17,Wheat,Madhya Pradesh,Indore Mandi,3585.1,4040.5,3812.8,1258.6
2023-07-24,Wheat,Madhya Pradesh,Indore Mandi,3394.6,4064.8,3729.7,885.7
2023-07-31,Wheat,Madhya Pradesh,Indore Mandi,3750.9,4473.5,4112.2,943.3
2023-08-07,Wheat,Madhya Pradesh,Indore Mandi,3522.0,3924.4,3723.2,1188.8
2023-08-14,Wheat,Madhya Pradesh,Indore Mandi,3574.2,4037.6,3805.9,872.3
2023-08-21,Wheat,Madhya Pradesh,Indore Mandi,3461.8,4038.8,3750.3,983.5
2023-08-28,Wheat,Madhya Pradesh,Indore Mandi,3432.0,3985.0,3708.5,1306.1
2023-09-04,Wheat,Madhya Pradesh,Indore Mandi,3684.3,4185.5,3934.9,1011.5
2023-09-11,Wheat,Madhya Pradesh,Indore Mandi,3471.2,3812.4,3641.8,1146.9
2023-09-18,Wheat,Madhya Pradesh,Indore Mandi,3704.3,4367.9,4036.1,1279.8
2023-09-25,Wheat,Madhya Pradesh,Indore Mandi,3498.9,4118.9,3808.9,913.8
2023-10-02,Wheat,Madhya Pradesh,Indore Mandi,3668.2,4136.2,3902.2,1261.1
2023-10-09,Wheat,Madhya Pradesh,Indore Mandi,3728.9,4355.9,4042.4,1261.4
2023-10-16,Wheat,Madhya Pradesh,Indore Mandi,3885.3,4382.5,4133.9,1355.3
2023-10-23,Wheat,Madhya Pradesh,Indore Mandi,3794.5,4121.3,3957.9,837.0
2023-10-30,Wheat,Madhya Pradesh,Indore Mandi,3569.5,3903.3,3736.4,1233.3
2023-11-06,Wheat,Madhya Pradesh,Indore Mandi,3733.4,4464.4,4098.9,1203.7
2023-11-13,Wheat,Madhya Pradesh,Indore Mandi,3850.8,4577.0,4213.9,1271.9
2023-11-20,Wheat,Madhya Pradesh,Indore Mandi,3933.3,4492.7,4213.0,1089.0
2023-11-27,Wheat,Madhya Pradesh,Indore Mandi,3725.9,4397.7,4061.8,1263.2
2023-12-04,Wheat,Madhya Pradesh,Indore Mandi,3874.7,4499.5,4187.1,1152.7
2023-12-11,Wheat,Madhya Pradesh,Indore Mandi,3740.2,4240.2,3990.2,814.4
2023-12-18,Wheat,Madhya Pradesh,Indore Mandi,3966.3,4419.9,4193.1,869.3
2023-12-25,Wheat,Madhya Pradesh,Indore Mandi,3485.9,4107.7,3796.8,992.6
2015-01-05,Maize,Karnataka,Davanagere Mandi,1298.7,1495.7,1397.2,1090.9
2015-01-12,Maize,Karnataka,Davanagere Mandi,1393.0,1511.0,1452.0,1147.3
2015-01-19,Maize,Karnataka,Davanagere Mandi,1388.1,1542.5,1465.3,1009.1
2015-01-26,Maize,Karnataka,Davanagere Mandi,1411.5,1591.3,1501.4,1149.7
2015-02-02,Maize,Karnataka,Davanagere Mandi,1339.6,1549.6,1444.6,954.2
2015-02-09,Maize,Karnataka,Davanagere Mandi,1429.0,1628.6,1528.8,1191.5
2015-02-16,Maize,Karnataka,Davanagere Mandi,1250.4,1451.6,1351.0,966.1
2015-02-23,Maize,Karnataka,Davanagere Mandi,1247.6,1474.4,1361.0,1519.6
2015-03-02,Maize,Karnataka,Davanagere Mandi,1793.7,2137.3,1965.5,763.7
2015-03-09,Maize,Karnataka,Davanagere Mandi,1811.0,2062.2,1936.6,667.0
2015-03-16,Maize,Karnataka,Davanagere Mandi,1936.4,2162.8,2049.6,591.2
2015-03-23,Maize,Karnataka,Davanagere Mandi,1918.2,2176.0,2047.1,522.1
2015-03-30,Maize,Karnataka,Davanagere Mandi,1877.4,2091.2,1984.3,591.5
2015-04-06,Maize,Karnataka,Davanagere Mandi,1780.9,2091.3,1936.1,673.9
2015-04-13,Maize,Karnataka,Davanagere Mandi,1956.9,2165.7,2061.3,559.0
2015-04-20,Maize,Karnataka,Davanagere Mandi,1943.7,2164.1,2053.9,723.4
2015-04-27,Maize,Karnataka,Davanagere Mandi,1830.3,2013.1,1921.7,779.1
2015-05-04,Maize,Karnataka,Davanagere Mandi,1831.6,2060.0,1945.8,482.0
2015-05-11,Maize,Karnataka,Davanagere Mandi,1858.4,2147.0,2002.7,515.3
2015-05-18,Maize,Karnataka,Davanagere Mandi,1917.3,2114.3,2015.8,537.4
2015-05-25,Maize,Karnataka,Davanagere Mandi,1848.4,2159.4,2003.9,488.8
2015-06-01,Maize,Karnataka,Davanagere Mandi,1991.5,2218.3,2104.9,738.0
2015-06-08,Maize,Karnataka,Davanagere Mandi,1921.6,2083.2,2002.4,612.6
2015-06-15,Maize,Karnataka,Davanagere Mandi,1855.1,2024.7,1939.9,531.2
2015-06-22,Maize,Karnataka,Davanagere Mandi,1859.6,2177.2,2018.4,726.0
2015-06-29,Maize,Karnataka,Davanagere Mandi,1795.7,2149.7,1972.7,761.9
2015-07-06,Maize,Karnataka,Davanagere Mandi,1915.6,2159.8,2037.7,788.4
2015-07-13,Maize,Karnataka,Davanagere Mandi,1864.6,2079.4,1972.0,568.2
2015-07-20,Maize,Karnataka,Davanagere Mandi,1762.3,2065.1,1913.7,508.2
2015-07-27,Maize,Karnataka,Davanagere Mandi,1871.0,2131.2,2001.1,473.7
2015-08-03,Maize,Karnataka,Davanagere Mandi,2006.5,2272.7,2139.6,734.3
2015-08-10,Maize,Karnataka,Davanagere Mandi,1824.1,2050.9,1937.5,518.5
2015-08-17,Maize,Karnataka,Davanagere Mandi,1850.2,2082.8,1966.5,687.7
2015-08-24,Maize,Karnataka,Davanagere Mandi,1909.8,2122.6,2016.2,604.2
2015-08-31,Maize,Karnataka,Davanagere Mandi,1933.2,2310.4,2121.8,758.1
2015-09-07,Maize,Karnataka,Davanagere Mandi,1375.7,1545.7,1460.7,1288.2
2015-09-14,Maize,Karnataka,Davanagere Mandi,1371.3,1584.9,1478.1,1553.2
2015-09-21,Maize,Karnataka,Davanagere Mandi,1382.9,1619.5,1501.2,1229.4
2015-09-28,Maize,Karnataka,Davanagere Mandi,1345.0,1504.6,1424.8,983.3
2015-10-05,Maize,Karnataka,Davanagere Mandi,1479.9,1689.5,1584.7,1089.1
2015-10-12,Maize,Karnataka,Davanagere Mandi,1367.5,1515.3,1441.4,1383.8
2015-10-19,Maize,Karnataka,Davanagere Mandi,1335.1,1482.9,1409.0,1043.3
2015-10-26,Maize,Karnataka,Davanagere Mandi,1380.0,1598.0,1489.0,1573.3
2015-11-02,Maize,Karnataka,Davanagere Mandi,1875.0,2176.8,2025.9,612.7
2015-11-09,Maize,Karnataka,Davanagere Mandi,2020.2,2375.4,2197.8,606.6
2015-11-16,Maize,Karnataka,Davanagere Mandi,1768.5,2089.1,1928.8,474.2
2015-11-23,Maize,Karnataka,Davanagere Mandi,1972.6,2149.2,2060.9,670.7
2015-11-30,Maize,Karnataka,Davanagere Mandi,2067.5,2256.7,2162.1,669.5
2015-12-07,Maize,Karnataka,Davanagere Mandi,1858.3,2039.1,1948.7,693.5
2015-12-14,Maize,Karnataka,Davanagere Mandi,1833.0,2124.4,1978.7,475.9
2015-12-21,Maize,Karnataka,Davanagere Mandi,2057.1,2374.5,2215.8,722.9
2015-12-28,Maize,Karnataka,Davanagere Mandi,1972.8,2332.0,2152.4,584.6
2016-01-04,Maize,Karnataka,Davanagere Mandi,1332.0,1505.2,1418.6,990.4
2016-01-11,Maize,Karnataka,Davanagere Mandi,1344.2,1587.0,1465.6,1139.5
2016-01-18,Maize,Karnataka,Davanagere Mandi,1318.7,1555.1,1436.9,1542.7
2016-01-25,Maize,Karnataka,Davanagere Mandi,1364.5,1602.9,1483.7,1156.6
2016-02-01,Maize,Karnataka,Davanagere Mandi,1394.0,1518.2,1456.1,1501.8
2016-02-08,Maize,Karnataka,Davanagere Mandi,1398.7,1550.3,1474.5,1090.7
2016-02-15,Maize,Karnataka,Davanagere Mandi,1483.5,1766.1,1624.8,1393.4
2016-02-22,Maize,Karnataka,Davanagere Mandi,1445.2,1569.4,1507.3,1265.3
2016-02-29,Maize,Karnataka,Davanagere Mandi,1469.9,1704.7,1587.3,1366.5
2016-03-07,Maize,Karnataka,Davanagere Mandi,1916.1,2243.3,2079.7,604.2
2016-03-14,Maize,Karnataka,Davanagere Mandi,1967.0,2279.6,2123.3,592.0
2016-03-21,Maize,Karnataka,Davanagere Mandi,1974.4,2252.0,2113.2,531.8
2016-03-28,Maize,Karnataka,Davanagere Mandi,1858.8,2075.6,1967.2,763.4
2016-04-04,Maize,Karnataka,Davanagere Mandi,2067.5,2302.5,2185.0,670.5
2016-04-11,Maize,Karnataka,Davanagere Mandi,2122.4,2357.0,2239.7,490.2
2016-04-18,Maize,Karnataka,Davanagere Mandi,2094.7,2389.9,2242.3,771.9
2016-04-25,Maize,Karnataka,Davanagere Mandi,2036.4,2414.6,2225.5,761.0
2016-05-02,Maize,Karnataka,Davanagere Mandi,1948.7,2322.7,2135.7,756.8
2016-05-09,Maize,Karnataka,Davanagere Mandi,2041.3,2289.9,2165.6,804.4
2016-05-16,Maize,Karnataka,Davanagere Mandi,1978.3,2366.5,2172.4,479.5
2016-05-23,Maize,Karnataka,Davanagere Mandi,2072.0,2395.2,2233.6,512.3
2016-05-30,Maize,Karnataka,Davanagere Mandi,2006.6,2228.4,2117.5,487.3
2016-06-06,Maize,Karnataka,Davanagere Mandi,2033.6,2402.0,2217.8,473.2
2016-06-13,Maize,Karnataka,Davanagere Mandi,1896.7,2196.5,2046.6,703.4
2016-06-20,Maize,Karnataka,Davanagere Mandi,2080.9,2440.5,2260.7,612.5
2016-06-27,Maize,Karnataka,Davanagere Mandi,2047.0,2325.6,2186.3,722.0
2016-07-04,Maize,Karnataka,Davanagere Mandi,1903.5,2159.1,2031.3,718.2
2016-07-11,Maize,Karnataka,Davanagere Mandi,1997.0,2293.4,2145.2,780.5
2016-07-18,Maize,Karnataka,Davanagere Mandi,1898.2,2129.4,2013.8,532.9
2016-07-25,Maize,Karnataka,Davanagere Mandi,2162.8,2379.8,2271.3,671.6
2016-08-01,Maize,Karnataka,Davanagere Mandi,1976.0,2199.2,2087.6,711.8
2016-08-08,Maize,Karnataka,Davanagere Mandi,2065.6,2368.6,2217.1,765.6
2016-08-15,Maize,Karnataka,Davanagere Mandi,2036.4,2396.0,2216.2,478.2
2016-08-22,Maize,Karnataka,Davanagere Mandi,2102.3,2462.5,2282.4,639.3
2016-08-29,Maize,Karnataka,Davanagere Mandi,2006.3,2242.5,2124.4,811.3
2016-09-05,Maize,Karnataka,Davanagere Mandi,1421.5,1600.3,1510.9,1361.7
2016-09-12,Maize,Karnataka,Davanagere Mandi,1386.8,1616.0,1501.4,1051.6
2016-09-19,Maize,Karnataka,Davanagere Mandi,1539.8,1744.6,1642.2,1216.8
2016-09-26,Maize,Karnataka,Davanagere Mandi,1412.1,1635.9,1524.0,1111.2
2016-10-03,Maize,Karnataka,Davanagere Mandi,1498.7,1653.3,1576.0,1378.4
2016-10-10,Maize,Karnataka,Davanagere Mandi,1544.2,1785.4,1664.8,1526.7
2016-10-17,Maize,Karnataka,Davanagere Mandi,1577.9,1800.1,1689.0,1081.9
2016-10-24,Maize,Karnataka,Davanagere Mandi,1497.2,1710.2,1603.7,1032.2
2016-10-31,Maize,Karnataka,Davanagere Mandi,1566.9,1714.5,1640.7,1049.5
2016-11-07,Maize,Karnataka,Davanagere Mandi,2061.6,2388.0,2224.8,658.4
2016-11-14,Maize,Karnataka,Davanagere Mandi,2095.2,2414.6,2254.9,792.3
2016-11-21,Maize,Karnataka,Davanagere Mandi,1985.8,2256.8,2121.3,661.1
2016-11-28,Maize,Karnataka,Davanagere Mandi,1976.5,2221.9,2099.2,491.4
2016-12-05,Maize,Karnataka,Davanagere Mandi,2056.9,2320.5,2188.7,677.0
2016-12-12,Maize,Karnataka,Davanagere Mandi,1950.5,2263.5,2107.0,653.4
2016-12-19,Maize,Karnataka,Davanagere Mandi,1917.6,2234.8,2076.2,771.5
2016-12-26,Maize,Karnataka,Davanagere Mandi,2205.7,2460.1,2332.9,546.3
2017-01-02,Maize,Karnataka,Davanagere Mandi,1422.6,1613.8,1518.2,1373.9
2017-01-09,Maize,Karnataka,Davanagere Mandi,1629.0,1796.6,1712.8,1298.5
2017-01-16,Maize,Karnataka,Davanagere Mandi,1561.6,1768.6,1665.1,1525.0
2017-01-23,Maize,Karnataka,Davanagere Mandi,1555.2,1701.8,1628.5,1269.8
2017-01-30,Maize,Karnataka,Davanagere Mandi,1542.3,1808.1,1675.2,1363.6
2017-02-06,Maize,Karnataka,Davanagere Mandi,1448.5,1575.3,1511.9,1470.9
2017-02-13,Maize,Karnataka,Davanagere Mandi,1505.9,1778.5,1642.2,1053.5
2017-02-20,Maize,Karnataka,Davanagere Mandi,1557.5,1861.9,1709.7,1367.3
2017-02-27,Maize,Karnataka,Davanagere Mandi,1420.5,1683.3,1551.9,1319.5
2017-03-06,Maize,Karnataka,Davanagere Mandi,2066.3,2415.9,2241.1,586.4
2017-03-13,Maize,Karnataka,Davanagere Mandi,2211.4,2539.2,2375.3,627.4
2017-03-20,Maize,Karnataka,Davanagere Mandi,2067.2,2283.0,2175.1,670.5
2017-03-27,Maize,Karnataka,Davanagere Mandi,2219.1,2505.7,2362.4,723.3
2017-04-03,Maize,Karnataka,Davanagere Mandi,2131.4,2363.4,2247.4,576.8
2017-04-10,Maize,Karnataka,Davanagere Mandi,2143.8,2562.0,2352.9,736.2
2017-04-17,Maize,Karnataka,Davanagere Mandi,2050.3,2411.5,2230.9,707.1
2017-04-24,Maize,Karnataka,Davanagere Mandi,2141.4,2511.4,2326.4,568.4
2017-05-01,Maize,Karnataka,Davanagere Mandi,2114.5,2497.9,2306.2,532.5
2017-05-08,Maize,Karnataka,Davanagere Mandi,2223.4,2558.0,2390.7,512.4
2017-05-15,Maize,Karnataka,Davanagere Mandi,2099.5,2389.5,2244.5,554.4
2017-05-22,Maize,Karnataka,Davanagere Mandi,2163.1,2575.9,2369.5,740.7
2017-05-29,Maize,Karnataka,Davanagere Mandi,2132.9,2427.1,2280.0,686.7
2017-06-05,Maize,Karnataka,Davanagere Mandi,2196.7,2526.9,2361.8,710.2
2017-06-12,Maize,Karnataka,Davanagere Mandi,2059.5,2237.3,2148.4,489.4
2017-06-19,Maize,Karnataka,Davanagere Mandi,2119.5,2306.7,2213.1,762.9
2017-06-26,Maize,Karnataka,Davanagere Mandi,2113.4,2482.0,2297.7,734.9
2017-07-03,Maize,Karnataka,Davanagere Mandi,2259.9,2486.3,2373.1,738.4
2017-07-10,Maize,Karnataka,Davanagere Mandi,2011.8,2289.6,2150.7,793.7
2017-07-17,Maize,Karnataka,Davanagere Mandi,1985.4,2348.6,2167.0,811.3
2017-07-24,Maize,Karnataka,Davanagere Mandi,2058.0,2320.4,2189.2,527.4
2017-07-31,Maize,Karnataka,Davanagere Mandi,2169.7,2542.5,2356.1,665.4
2017-08-07,Maize,Karnataka,Davanagere Mandi,2241.0,2525.2,2383.1,670.0
2017-08-14,Maize,Karnataka,Davanagere Mandi,2333.3,2530.1,2431.7,638.7
2017-08-21,Maize,Karnataka,Davanagere Mandi,2173.2,2506.8,2340.0,561.4
2017-08-28,Maize,Karnataka,Davanagere Mandi,2168.2,2465.2,2316.7,483.8
2017-09-04,Maize,Karnataka,Davanagere Mandi,1482.3,1760.1,1621.2,1285.3
2017-09-11,Maize,Karnataka,Davanagere Mandi,1545.5,1742.7,1644.1,1122.2
2017-09-18,Maize,Karnataka,Davanagere Mandi,1628.6,1913.2,1770.9,1215.6
2017-09-25,Maize,Karnataka,Davanagere Mandi,1697.6,1899.4,1798.5,1020.1
2017-10-02,Maize,Karnataka,Davanagere Mandi,1703.3,1862.5,1782.9,1517.8
2017-10-09,Maize,Karnataka,Davanagere Mandi,1568.6,1860.4,1714.5,1250.7
2017-10-16,Maize,Karnataka,Davanagere Mandi,1514.8,1708.8,1611.8,1527.9
2017-10-23,Maize,Karnataka,Davanagere Mandi,1685.6,1877.2,1781.4,1185.8
2017-10-30,Maize,Karnataka,Davanagere Mandi,1511.3,1669.3,1590.3,1567.4
2017-11-06,Maize,Karnataka,Davanagere Mandi,2270.0,2668.4,2469.2,558.0
2017-11-13,Maize,Karnataka,Davanagere Mandi,2213.2,2409.0,2311.1,669.4
2017-11-20,Maize,Karnataka,Davanagere Mandi,2264.2,2574.8,2419.5,783.0
2017-11-27,Maize,Karnataka,Davanagere Mandi,2263.0,2628.8,2445.9,725.1
2017-12-04,Maize,Karnataka,Davanagere Mandi,2304.9,2531.5,2418.2,710.6
2017-12-11,Maize,Karnataka,Davanagere Mandi,2242.2,2429.6,2335.9,750.2
2017-12-18,Maize,Karnataka,Davanagere Mandi,2240.2,2615.8,2428.0,764.1
2017-12-25,Maize,Karnataka,Davanagere Mandi,2293.4,2567.2,2430.3,686.5
2018-01-01,Maize,Karnataka,Davanagere Mandi,1507.6,1756.8,1632.2,971.4
2018-01-08,Maize,Karnataka,Davanagere Mandi,1581.1,1744.7,1662.9,986.0
2018-01-15,Maize,Karnataka,Davanagere Mandi,1672.5,1871.9,1772.2,929.2
2018-01-22,Maize,Karnataka,Davanagere Mandi,1540.3,1701.3,1620.8,1083.2
2018-01-29,Maize,Karnataka,Davanagere Mandi,1481.5,1760.5,1621.0,1414.9
2018-02-05,Maize,Karnataka,Davanagere Mandi,1655.8,1862.4,1759.1,1559.3
2018-02-12,Maize,Karnataka,Davanagere Mandi,1539.0,1766.8,1652.9,1447.2
2018-02-19,Maize,Karnataka,Davanagere Mandi,1661.5,1833.1,1747.3,1276.5
2018-02-26,Maize,Karnataka,Davanagere Mandi,1583.8,1804.0,1693.9,917.4
2018-03-05,Maize,Karnataka,Davanagere Mandi,2176.4,2595.6,2386.0,777.0
2018-03-12,Maize,Karnataka,Davanagere Mandi,2271.2,2636.8,2454.0,804.0
2018-03-19,Maize,Karnataka,Davanagere Mandi,2258.7,2511.3,2385.0,714.2
2018-03-26,Maize,Karnataka,Davanagere Mandi,2130.7,2335.1,2232.9,646.9
2018-04-02,Maize,Karnataka,Davanagere Mandi,2343.4,2719.0,2531.2,647.5
2018-04-09,Maize,Karnataka,Davanagere Mandi,2074.9,2422.5,2248.7,652.8
2018-04-16,Maize,Karnataka,Davanagere Mandi,2277.3,2592.5,2434.9,620.2
2018-04-23,Maize,Karnataka,Davanagere Mandi,2253.0,2604.6,2428.8,628.4
2018-04-30,Maize,Karnataka,Davanagere Mandi,2278.0,2618.0,2448.0,519.1
2018-05-07,Maize,Karnataka,Davanagere Mandi,2186.2,2401.4,2293.8,693.5
2018-05-14,Maize,Karnataka,Davanagere Mandi,2413.0,2634.6,2523.8,630.5
2018-05-21,Maize,Karnataka,Davanagere Mandi,2120.2,2397.8,2259.0,784.1
2018-05-28,Maize,Karnataka,Davanagere Mandi,2373.2,2580.6,2476.9,566.5
2018-06-04,Maize,Karnataka,Davanagere Mandi,2214.0,2495.6,2354.8,645.7
2018-06-11,Maize,Karnataka,Davanagere Mandi,2171.7,2512.5,2342.1,582.3
2018-06-18,Maize,Karnataka,Davanagere Mandi,2300.0,2740.0,2520.0,751.4
2018-06-25,Maize,Karnataka,Davanagere Mandi,2164.7,2361.7,2263.2,538.1
2018-07-02,Maize,Karnataka,Davanagere Mandi,2140.4,2536.6,2338.5,560.9
2018-07-09,Maize,Karnataka,Davanagere Mandi,2176.4,2371.0,2273.7,473.4
2018-07-16,Maize,Karnataka,Davanagere Mandi,2200.3,2512.3,2356.3,754.5
2018-07-23,Maize,Karnataka,Davanagere Mandi,2086.5,2478.9,2282.7,531.6
2018-07-30,Maize,Karnataka,Davanagere Mandi,2342.0,2555.0,2448.5,525.1
2018-08-06,Maize,Karnataka,Davanagere Mandi,2202.0,2536.8,2369.4,740.4
2018-08-13,Maize,Karnataka,Davanagere Mandi,2156.3,2424.3,2290.3,659.8
2018-08-20,Maize,Karnataka,Davanagere Mandi,2283.0,2724.0,2503.5,705.7
2018-08-27,Maize,Karnataka,Davanagere Mandi,2202.7,2473.7,2338.2,768.5
2018-09-03,Maize,Karnataka,Davanagere Mandi,1633.1,1826.9,1730.0,1514.0
2018-09-10,Maize,Karnataka,Davanagere Mandi,1727.4,2065.6,1896.5,1465.2
2018-09-17,Maize,Karnataka,Davanagere Mandi,1531.2,1831.0,1681.1,1401.1
2018-09-24,Maize,Karnataka,Davanagere Mandi,1818.3,1983.3,1900.8,1373.2
2018-10-01,Maize,Karnataka,Davanagere Mandi,1770.3,1969.5,1869.9,1297.7
2018-10-08,Maize,Karnataka,Davanagere Mandi,1670.4,1999.0,1834.7,930.3
2018-10-15,Maize,Karnataka,Davanagere Mandi,1727.4,1923.6,1825.5,1290.7
2018-10-22,Maize,Karnataka,Davanagere Mandi,1756.8,1950.2,1853.5,1369.0
2018-10-29,Maize,Karnataka,Davanagere Mandi,1728.9,1893.1,1811.0,1433.0
2018-11-05,Maize,Karnataka,Davanagere Mandi,2260.9,2469.3,2365.1,601.8
2018-11-12,Maize,Karnataka,Davanagere Mandi,2213.5,2413.3,2313.4,590.5
2018-11-19,Maize,Karnataka,Davanagere Mandi,2117.0,2514.6,2315.8,583.3
2018-11-26,Maize,Karnataka,Davanagere Mandi,2285.9,2603.7,2444.8,700.5
2018-12-03,Maize,Karnataka,Davanagere Mandi,2321.4,2726.8,2524.1,624.0
2018-12-10,Maize,Karnataka,Davanagere Mandi,2416.0,2787.0,2601.5,674.8
2018-12-17,Maize,Karnataka,Davanagere Mandi,2440.9,2782.1,2611.5,507.6
2018-12-24,Maize,Karnataka,Davanagere Mandi,2361.5,2708.1,2534.8,494.5
2018-12-31,Maize,Karnataka,Davanagere Mandi,2318.6,2698.8,2508.7,572.6
2019-01-07,Maize,Karnataka,Davanagere Mandi,1664.5,1847.7,1756.1,1495.7
2019-01-14,Maize,Karnataka,Davanagere Mandi,1600.2,1862.2,1731.2,958.5
2019-01-21,Maize,Karnataka,Davanagere Mandi,1694.0,1866.8,1780.4,1024.3
2019-01-28,Maize,Karnataka,Davanagere Mandi,1754.5,1919.3,1836.9,1474.3
2019-02-04,Maize,Karnataka,Davanagere Mandi,1668.5,1818.1,1743.3,1403.7
2019-02-11,Maize,Karnataka,Davanagere Mandi,1608.4,1802.0,1705.2,976.5
2019-02-18,Maize,Karnataka,Davanagere Mandi,1863.7,2027.3,1945.5,1142.8
2019-02-25,Maize,Karnataka,Davanagere Mandi,1744.5,1974.1,1859.3,1160.7
2019-03-04,Maize,Karnataka,Davanagere Mandi,2334.4,2595.8,2465.1,723.6
2019-03-11,Maize,Karnataka,Davanagere Mandi,2240.9,2505.9,2373.4,814.6
2019-03-18,Maize,Karnataka,Davanagere Mandi,2360.0,2699.0,2529.5,526.7
2019-03-25,Maize,Karnataka,Davanagere Mandi,2216.5,2566.9,2391.7,734.0
2019-04-01,Maize,Karnataka,Davanagere Mandi,2213.5,2618.7,2416.1,810.9
2019-04-08,Maize,Karnataka,Davanagere Mandi,2413.5,2844.1,2628.8,629.1
2019-04-15,Maize,Karnataka,Davanagere Mandi,2522.2,2734.2,2628.2,607.9
2019-04-22,Maize,Karnataka,Davanagere Mandi,2214.4,2559.0,2386.7,520.6
2019-04-29,Maize,Karnataka,Davanagere Mandi,2186.3,2580.1,2383.2,510.1
2019-05-06,Maize,Karnataka,Davanagere Mandi,2495.0,2802.2,2648.6,593.4
2019-05-13,Maize,Karnataka,Davanagere Mandi,2234.1,2671.7,2452.9,617.0
2019-05-20,Maize,Karnataka,Davanagere Mandi,2391.6,2629.6,2510.6,646.7
2019-05-27,Maize,Karnataka,Davanagere Mandi,2427.5,2885.9,2656.7,616.7
2019-06-03,Maize,Karnataka,Davanagere Mandi,2339.0,2583.0,2461.0,788.5
2019-06-10,Maize,Karnataka,Davanagere Mandi,2315.0,2646.2,2480.6,507.2
2019-06-17,Maize,Karnataka,Davanagere Mandi,2425.1,2860.7,2642.9,493.0
2019-06-24,Maize,Karnataka,Davanagere Mandi,2361.5,2702.5,2532.0,528.0
2019-07-01,Maize,Karnataka,Davanagere Mandi,2508.7,2915.9,2712.3,514.3
2019-07-08,Maize,Karnataka,Davanagere Mandi,2372.2,2729.2,2550.7,711.5
2019-07-15,Maize,Karnataka,Davanagere Mandi,2441.3,2923.1,2682.2,641.1
2019-07-22,Maize,Karnataka,Davanagere Mandi,2610.0,2843.6,2726.8,693.0
2019-07-29,Maize,Karnataka,Davanagere Mandi,2485.5,2763.3,2624.4,670.2
2019-08-05,Maize,Karnataka,Davanagere Mandi,2553.9,2773.9,2663.9,520.7
2019-08-12,Maize,Karnataka,Davanagere Mandi,2586.4,2835.6,2711.0,799.2
2019-08-19,Maize,Karnataka,Davanagere Mandi,2432.8,2737.8,2585.3,593.6
2019-08-26,Maize,Karnataka,Davanagere Mandi,2518.9,2768.7,2643.8,710.3
2019-09-02,Maize,Karnataka,Davanagere Mandi,1819.2,2099.2,1959.2,1313.8
2019-09-09,Maize,Karnataka,Davanagere Mandi,1757.1,2076.1,1916.6,1282.3
2019-09-16,Maize,Karnataka,Davanagere Mandi,1849.1,2164.9,2007.0,1384.5
2019-09-23,Maize,Karnataka,Davanagere Mandi,1770.3,1934.5,1852.4,1009.0
2019-09-30,Maize,Karnataka,Davanagere Mandi,1844.3,2189.5,2016.9,1507.5
2019-10-07,Maize,Karnataka,Davanagere Mandi,1763.5,2033.9,1898.7,1353.3
2019-10-14,Maize,Karnataka,Davanagere Mandi,1808.6,2027.6,1918.1,1181.0
2019-10-21,Maize,Karnataka,Davanagere Mandi,1657.1,1928.1,1792.6,1458.3
2019-10-28,Maize,Karnataka,Davanagere Mandi,1821.1,2062.5,1941.8,1479.2
2019-11-04,Maize,Karnataka,Davanagere Mandi,2565.5,2976.1,2770.8,675.3
2019-11-11,Maize,Karnataka,Davanagere Mandi,2281.1,2702.5,2491.8,792.1
2019-11-18,Maize,Karnataka,Davanagere Mandi,2574.3,2990.5,2782.4,695.9
2019-11-25,Maize,Karnataka,Davanagere Mandi,2401.1,2861.7,2631.4,593.6
2019-12-02,Maize,Karnataka,Davanagere Mandi,2445.4,2805.6,2625.5,675.1
2019-12-09,Maize,Karnataka,Davanagere Mandi,2348.5,2614.7,2481.6,709.2
2019-12-16,Maize,Karnataka,Davanagere Mandi,2408.2,2765.8,2587.0,792.9
2019-12-23,Maize,Karnataka,Davanagere Mandi,2344.3,2673.9,2509.1,616.9
2019-12-30,Maize,Karnataka,Davanagere Mandi,2247.9,2678.5,2463.2,629.5
2020-01-06,Maize,Karnataka,Davanagere Mandi,1809.6,2117.0,1963.3,1272.3
2020-01-13,Maize,Karnataka,Davanagere Mandi,1703.2,1983.2,1843.2,1500.1
2020-01-20,Maize,Karnataka,Davanagere Mandi,1770.5,1964.9,1867.7,1430.1
2020-01-27,Maize,Karnataka,Davanagere Mandi,1964.0,2154.2,2059.1,1038.2
2020-02-03,Maize,Karnataka,Davanagere Mandi,1909.8,2081.6,1995.7,1398.6
2020-02-10,Maize,Karnataka,Davanagere Mandi,1742.3,2041.1,1891.7,1538.3
2020-02-17,Maize,Karnataka,Davanagere Mandi,1796.8,2011.2,1904.0,1147.3
2020-02-24,Maize,Karnataka,Davanagere Mandi,1866.5,2023.9,1945.2,1562.9
2020-03-02,Maize,Karnataka,Davanagere Mandi,2348.7,2719.7,2534.2,505.6
2020-03-09,Maize,Karnataka,Davanagere Mandi,2473.0,2851.6,2662.3,694.8
2020-03-16,Maize,Karnataka,Davanagere Mandi,2544.0,3020.8,2782.4,694.2
2020-03-23,Maize,Karnataka,Davanagere Mandi,2440.5,2699.5,2570.0,754.3
2020-03-30,Maize,Karnataka,Davanagere Mandi,2452.0,2735.2,2593.6,738.7
2020-04-06,Maize,Karnataka,Davanagere Mandi,2372.9,2842.1,2607.5,640.5
2020-04-13,Maize,Karnataka,Davanagere Mandi,2298.6,2674.4,2486.5,527.8
2020-04-20,Maize,Karnataka,Davanagere Mandi,2547.3,2876.7,2712.0,782.5
2020-04-27,Maize,Karnataka,Davanagere Mandi,2652.9,3036.1,2844.5,617.1
2020-05-04,Maize,Karnataka,Davanagere Mandi,2627.6,3045.6,2836.6,598.4
2020-05-11,Maize,Karnataka,Davanagere Mandi,2494.3,2727.1,2610.7,664.1
2020-05-18,Maize,Karnataka,Davanagere Mandi,2606.7,3059.1,2832.9,588.1
2020-05-25,Maize,Karnataka,Davanagere Mandi,2681.1,3056.3,2868.7,512.5
2020-06-01,Maize,Karnataka,Davanagere Mandi,2404.2,2867.2,2635.7,492.8
2020-06-08,Maize,Karnataka,Davanagere Mandi,2489.5,2941.7,2715.6,616.1
2020-06-15,Maize,Karnataka,Davanagere Mandi,2664.7,2953.5,2809.1,527.8
2020-06-22,Maize,Karnataka,Davanagere Mandi,2412.7,2704.9,2558.8,569.4
2020-06-29,Maize,Karnataka,Davanagere Mandi,2664.4,3050.0,2857.2,777.5
2020-07-06,Maize,Karnataka,Davanagere Mandi,2425.3,2653.1,2539.2,648.5
2020-07-13,Maize,Karnataka,Davanagere Mandi,2674.2,2963.6,2818.9,715.3
2020-07-20,Maize,Karnataka,Davanagere Mandi,2466.9,2936.7,2701.8,518.7
2020-07-27,Maize,Karnataka,Davanagere Mandi,2453.0,2885.0,2669.0,803.9
2020-08-03,Maize,Karnataka,Davanagere Mandi,2618.0,2918.6,2768.3,620.0
2020-08-10,Maize,Karnataka,Davanagere Mandi,2652.9,2971.9,2812.4,551.8
2020-08-17,Maize,Karnataka,Davanagere Mandi,2461.7,2718.1,2589.9,497.4
2020-08-24,Maize,Karnataka,Davanagere Mandi,2550.9,2846.7,2698.8,713.6
2020-08-31,Maize,Karnataka,Davanagere Mandi,2496.1,2710.3,2603.2,473.0
2020-09-07,Maize,Karnataka,Davanagere Mandi,1757.4,2008.0,1882.7,915.7
2020-09-14,Maize,Karnataka,Davanagere Mandi,1854.0,2057.6,1955.8,1135.8
2020-09-21,Maize,Karnataka,Davanagere Mandi,1763.4,2103.6,1933.5,1036.9
2020-09-28,Maize,Karnataka,Davanagere Mandi,1765.5,2017.1,1891.3,1274.1
2020-10-05,Maize,Karnataka,Davanagere Mandi,2023.5,2268.1,2145.8,1346.8
2020-10-12,Maize,Karnataka,Davanagere Mandi,2020.9,2243.3,2132.1,999.3
2020-10-19,Maize,Karnataka,Davanagere Mandi,1868.9,2063.3,1966.1,1202.1
2020-10-26,Maize,Karnataka,Davanagere Mandi,1729.4,2036.0,1882.7,1075.6
2020-11-02,Maize,Karnataka,Davanagere Mandi,2415.3,2738.5,2576.9,568.6
2020-11-09,Maize,Karnataka,Davanagere Mandi,2620.9,3033.3,2827.1,759.9
2020-11-16,Maize,Karnataka,Davanagere Mandi,2448.1,2878.9,2663.5,786.8
2020-11-23,Maize,Karnataka,Davanagere Mandi,2688.9,2946.5,2817.7,568.4
2020-11-30,Maize,Karnataka,Davanagere Mandi,2657.3,3032.9,2845.1,504.4
2020-12-07,Maize,Karnataka,Davanagere Mandi,2636.0,2912.4,2774.2,503.3
2020-12-14,Maize,Karnataka,Davanagere Mandi,2618.5,3014.9,2816.7,618.6
2020-12-21,Maize,Karnataka,Davanagere Mandi,2692.6,3140.4,2916.5,491.5
2020-12-28,Maize,Karnataka,Davanagere Mandi,2550.6,2763.6,2657.1,634.6
2021-01-04,Maize,Karnataka,Davanagere Mandi,2035.8,2299.0,2167.4,980.8
2021-01-11,Maize,Karnataka,Davanagere Mandi,1787.5,2111.7,1949.6,1098.1
2021-01-18,Maize,Karnataka,Davanagere Mandi,1811.7,2146.3,1979.0,1043.5
2021-01-25,Maize,Karnataka,Davanagere Mandi,1936.6,2293.2,2114.9,1203.1
2021-02-01,Maize,Karnataka,Davanagere Mandi,1891.5,2263.3,2077.4,1545.5
2021-02-08,Maize,Karnataka,Davanagere Mandi,2065.6,2314.4,2190.0,1151.6
2021-02-15,Maize,Karnataka,Davanagere Mandi,1916.1,2125.7,2020.9,940.8
2021-02-22,Maize,Karnataka,Davanagere Mandi,1905.0,2098.0,2001.5,1398.8
2021-03-01,Maize,Karnataka,Davanagere Mandi,2676.6,2950.8,2813.7,539.5
2021-03-08,Maize,Karnataka,Davanagere Mandi,2701.1,3075.9,2888.5,655.1
2021-03-15,Maize,Karnataka,Davanagere Mandi,2518.9,2999.7,2759.3,582.9
2021-03-22,Maize,Karnataka,Davanagere Mandi,2643.7,2999.9,2821.8,512.9
2021-03-29,Maize,Karnataka,Davanagere Mandi,2795.2,3076.6,2935.9,815.2
2021-04-05,Maize,Karnataka,Davanagere Mandi,2734.6,3189.2,2961.9,752.4
2021-04-12,Maize,Karnataka,Davanagere Mandi,2457.8,2812.2,2635.0,755.3
2021-04-19,Maize,Karnataka,Davanagere Mandi,2653.9,2905.9,2779.9,605.9
2021-04-26,Maize,Karnataka,Davanagere Mandi,2840.4,3122.2,2981.3,734.6
2021-05-03,Maize,Karnataka,Davanagere Mandi,2620.8,3040.4,2830.6,524.3
2021-05-10,Maize,Karnataka,Davanagere Mandi,2796.1,3103.9,2950.0,595.9
2021-05-17,Maize,Karnataka,Davanagere Mandi,2664.0,3146.6,2905.3,503.8
2021-05-24,Maize,Karnataka,Davanagere Mandi,2465.2,2899.8,2682.5,762.3
2021-05-31,Maize,Karnataka,Davanagere Mandi,2793.2,3143.2,2968.2,774.8
2021-06-07,Maize,Karnataka,Davanagere Mandi,2890.4,3188.4,3039.4,769.5
2021-06-14,Maize,Karnataka,Davanagere Mandi,2444.1,2893.1,2668.6,646.2
2021-06-21,Maize,Karnataka,Davanagere Mandi,2773.3,3013.7,2893.5,582.1
2021-06-28,Maize,Karnataka,Davanagere Mandi,2770.9,3052.3,2911.6,815.0
2021-07-05,Maize,Karnataka,Davanagere Mandi,2693.4,2950.0,2821.7,694.6
2021-07-12,Maize,Karnataka,Davanagere Mandi,2495.4,2885.4,2690.4,731.9
2021-07-19,Maize,Karnataka,Davanagere Mandi,2681.5,3092.5,2887.0,695.6
2021-07-26,Maize,Karnataka,Davanagere Mandi,2492.4,2903.8,2698.1,528.8
2021-08-02,Maize,Karnataka,Davanagere Mandi,2448.5,2902.5,2675.5,695.6
2021-08-09,Maize,Karnataka,Davanagere Mandi,2745.2,3285.0,3015.1,658.3
2021-08-16,Maize,Karnataka,Davanagere Mandi,2457.6,2921.6,2689.6,513.7
2021-08-23,Maize,Karnataka,Davanagere Mandi,2728.8,3181.4,2955.1,510.6
2021-08-30,Maize,Karnataka,Davanagere Mandi,2566.8,2974.8,2770.8,660.6
2021-09-06,Maize,Karnataka,Davanagere Mandi,1915.6,2157.4,2036.5,1458.1
2021-09-13,Maize,Karnataka,Davanagere Mandi,2113.6,2320.0,2216.8,1221.9
2021-09-20,Maize,Karnataka,Davanagere Mandi,1992.4,2199.0,2095.7,1007.4
2021-09-27,Maize,Karnataka,Davanagere Mandi,2132.9,2329.7,2231.3,921.7
2021-10-04,Maize,Karnataka,Davanagere Mandi,2013.6,2273.6,2143.6,1345.1
2021-10-11,Maize,Karnataka,Davanagere Mandi,1851.5,2108.3,1979.9,1176.0
2021-10-18,Maize,Karnataka,Davanagere Mandi,2071.6,2266.8,2169.2,1275.9
2021-10-25,Maize,Karnataka,Davanagere Mandi,1960.3,2198.7,2079.5,988.4
2021-11-01,Maize,Karnataka,Davanagere Mandi,2922.4,3265.0,3093.7,561.3
2021-11-08,Maize,Karnataka,Davanagere Mandi,2585.3,2946.1,2765.7,486.7
2021-11-15,Maize,Karnataka,Davanagere Mandi,2784.0,3138.4,2961.2,502.9
2021-11-22,Maize,Karnataka,Davanagere Mandi,2827.2,3179.8,3003.5,585.1
2021-11-29,Maize,Karnataka,Davanagere Mandi,2815.9,3072.7,2944.3,767.7
2021-12-06,Maize,Karnataka,Davanagere Mandi,2536.4,2971.6,2754.0,674.3
2021-12-13,Maize,Karnataka,Davanagere Mandi,2752.5,3255.7,3004.1,587.4
2021-12-20,Maize,Karnataka,Davanagere Mandi,2635.6,2876.8,2756.2,486.2
2021-12-27,Maize,Karnataka,Davanagere Mandi,2692.5,2987.9,2840.2,640.2
2022-01-03,Maize,Karnataka,Davanagere Mandi,2089.6,2475.8,2282.7,1083.6
2022-01-10,Maize,Karnataka,Davanagere Mandi,1906.2,2281.6,2093.9,1379.6
2022-01-17,Maize,Karnataka,Davanagere Mandi,2136.8,2393.8,2265.3,913.9
2022-01-24,Maize,Karnataka,Davanagere Mandi,1952.4,2186.6,2069.5,1156.9
2022-01-31,Maize,Karnataka,Davanagere Mandi,1939.0,2170.2,2054.6,916.8
2022-02-07,Maize,Karnataka,Davanagere Mandi,1916.4,2255.4,2085.9,1354.4
2022-02-14,Maize,Karnataka,Davanagere Mandi,1978.7,2229.1,2103.9,1050.0
2022-02-21,Maize,Karnataka,Davanagere Mandi,1932.7,2114.9,2023.8,1315.7
2022-02-28,Maize,Karnataka,Davanagere Mandi,2006.4,2383.8,2195.1,1349.6
2022-03-07,Maize,Karnataka,Davanagere Mandi,2920.0,3403.6,3161.8,743.7
2022-03-14,Maize,Karnataka,Davanagere Mandi,3005.2,3293.0,3149.1,518.3
2022-03-21,Maize,Karnataka,Davanagere Mandi,2687.6,3197.6,2942.6,726.6
2022-03-28,Maize,Karnataka,Davanagere Mandi,2623.3,2962.1,2792.7,814.5
2022-04-04,Maize,Karnataka,Davanagere Mandi,2867.7,3156.9,3012.3,779.6
2022-04-11,Maize,Karnataka,Davanagere Mandi,2724.3,3090.3,2907.3,582.8
2022-04-18,Maize,Karnataka,Davanagere Mandi,2595.6,3022.0,2808.8,732.6
2022-04-25,Maize,Karnataka,Davanagere Mandi,2777.0,3285.4,3031.2,701.7
2022-05-02,Maize,Karnataka,Davanagere Mandi,2639.6,2981.8,2810.7,591.0
2022-05-09,Maize,Karnataka,Davanagere Mandi,2786.9,3151.5,2969.2,635.0
2022-05-16,Maize,Karnataka,Davanagere Mandi,2850.7,3094.1,2972.4,507.2
2022-05-23,Maize,Karnataka,Davanagere Mandi,2860.2,3421.6,3140.9,783.3
2022-05-30,Maize,Karnataka,Davanagere Mandi,2646.7,3061.5,2854.1,709.9
2022-06-06,Maize,Karnataka,Davanagere Mandi,2896.4,3446.0,3171.2,796.4
2022-06-13,Maize,Karnataka,Davanagere Mandi,2869.7,3262.3,3066.0,661.5
2022-06-20,Maize,Karnataka,Davanagere Mandi,2832.0,3329.0,3080.5,762.5
2022-06-27,Maize,Karnataka,Davanagere Mandi,3033.5,3323.5,3178.5,649.9
2022-07-04,Maize,Karnataka,Davanagere Mandi,2715.5,2998.9,2857.2,494.9
2022-07-11,Maize,Karnataka,Davanagere Mandi,3014.8,3438.8,3226.8,769.4
2022-07-18,Maize,Karnataka,Davanagere Mandi,2887.6,3320.0,3103.8,535.5
2022-07-25,Maize,Karnataka,Davanagere Mandi,2972.8,3481.2,3227.0,652.7
2022-08-01,Maize,Karnataka,Davanagere Mandi,3043.7,3382.3,3213.0,650.6
2022-08-08,Maize,Karnataka,Davanagere Mandi,2774.4,3194.0,2984.2,710.4
2022-08-15,Maize,Karnataka,Davanagere Mandi,2729.7,3061.9,2895.8,747.0
2022-08-22,Maize,Karnataka,Davanagere Mandi,3000.3,3454.5,3227.4,764.4
2022-08-29,Maize,Karnataka,Davanagere Mandi,3067.2,3355.0,3211.1,618.0
2022-09-05,Maize,Karnataka,Davanagere Mandi,2135.8,2479.8,2307.8,1335.0
2022-09-12,Maize,Karnataka,Davanagere Mandi,1985.8,2377.0,2181.4,1166.9
2022-09-19,Maize,Karnataka,Davanagere Mandi,2020.8,2195.8,2108.3,1034.6
2022-09-26,Maize,Karnataka,Davanagere Mandi,2071.6,2332.8,2202.2,1272.0
2022-10-03,Maize,Karnataka,Davanagere Mandi,2049.7,2292.7,2171.2,980.0
2022-10-10,Maize,Karnataka,Davanagere Mandi,1995.3,2349.7,2172.5,1084.6
2022-10-17,Maize,Karnataka,Davanagere Mandi,2094.6,2476.8,2285.7,980.7
2022-10-24,Maize,Karnataka,Davanagere Mandi,2243.8,2528.4,2386.1,1185.5
2022-10-31,Maize,Karnataka,Davanagere Mandi,2235.3,2526.9,2381.1,1350.4
2022-11-07,Maize,Karnataka,Davanagere Mandi,2721.6,3186.4,2954.0,687.0
2022-11-14,Maize,Karnataka,Davanagere Mandi,2944.1,3406.7,3175.4,749.4
2022-11-21,Maize,Karnataka,Davanagere Mandi,2719.9,3196.1,2958.0,571.2
2022-11-28,Maize,Karnataka,Davanagere Mandi,3031.0,3522.4,3276.7,648.8
2022-12-05,Maize,Karnataka,Davanagere Mandi,3164.0,3472.8,3318.4,578.3
2022-12-12,Maize,Karnataka,Davanagere Mandi,2651.0,3166.0,2908.5,504.1
2022-12-19,Maize,Karnataka,Davanagere Mandi,2842.1,3095.9,2969.0,765.9
2022-12-26,Maize,Karnataka,Davanagere Mandi,2791.7,3092.7,2942.2,542.6
2023-01-02,Maize,Karnataka,Davanagere Mandi,2161.9,2398.3,2280.1,1287.7
2023-01-09,Maize,Karnataka,Davanagere Mandi,2239.4,2648.4,2443.9,1499.5
2023-01-16,Maize,Karnataka,Davanagere Mandi,2208.8,2483.2,2346.0,1572.6
2023-01-23,Maize,Karnataka,Davanagere Mandi,2281.9,2559.7,2420.8,1001.5
2023-01-30,Maize,Karnataka,Davanagere Mandi,2168.7,2350.1,2259.4,1244.7
2023-02-06,Maize,Karnataka,Davanagere Mandi,2265.7,2614.1,2439.9,1422.5
2023-02-13,Maize,Karnataka,Davanagere Mandi,2260.2,2552.6,2406.4,1116.8
2023-02-20,Maize,Karnataka,Davanagere Mandi,2022.6,2378.4,2200.5,1149.0
2023-02-27,Maize,Karnataka,Davanagere Mandi,2150.3,2554.3,2352.3,927.7
2023-03-06,Maize,Karnataka,Davanagere Mandi,3055.0,3579.6,3317.3,600.9
2023-03-13,Maize,Karnataka,Davanagere Mandi,2986.6,3423.6,3205.1,704.0
2023-03-20,Maize,Karnataka,Davanagere Mandi,3081.2,3604.6,3342.9,812.2
2023-03-27,Maize,Karnataka,Davanagere Mandi,3144.0,3584.8,3364.4,513.1
2023-04-03,Maize,Karnataka,Davanagere Mandi,2959.7,3381.1,3170.4,665.0
2023-04-10,Maize,Karnataka,Davanagere Mandi,3091.1,3409.9,3250.5,488.4
2023-04-17,Maize,Karnataka,Davanagere Mandi,3024.9,3614.3,3319.6,610.0
2023-04-24,Maize,Karnataka,Davanagere Mandi,3044.3,3549.5,3296.9,587.2
2023-05-01,Maize,Karnataka,Davanagere Mandi,2843.7,3148.3,2996.0,658.0
2023-05-08,Maize,Karnataka,Davanagere Mandi,3179.1,3563.9,3371.5,818.7
2023-05-15,Maize,Karnataka,Davanagere Mandi,2881.0,3426.6,3153.8,475.6
2023-05-22,Maize,Karnataka,Davanagere Mandi,2778.0,3289.8,3033.9,770.7
2023-05-29,Maize,Karnataka,Davanagere Mandi,3209.4,3518.2,3363.8,771.9
2023-06-05,Maize,Karnataka,Davanagere Mandi,2901.9,3272.9,3087.4,706.6
2023-06-12,Maize,Karnataka,Davanagere Mandi,2776.8,3261.0,3018.9,567.0
2023-06-19,Maize,Karnataka,Davanagere Mandi,2831.8,3363.4,3097.6,547.3
2023-06-26,Maize,Karnataka,Davanagere Mandi,2921.9,3329.5,3125.7,792.1
2023-07-03,Maize,Karnataka,Davanagere Mandi,3121.8,3695.0,3408.4,649.2
2023-07-10,Maize,Karnataka,Davanagere Mandi,3142.4,3713.2,3427.8,499.0
2023-07-17,Maize,Karnataka,Davanagere Mandi,2868.7,3243.3,3056.0,587.6
2023-07-24,Maize,Karnataka,Davanagere Mandi,3209.7,3611.3,3410.5,650.8
2023-07-31,Maize,Karnataka,Davanagere Mandi,2752.0,3256.2,3004.1,615.2
2023-08-07,Maize,Karnataka,Davanagere Mandi,2904.5,3304.5,3104.5,785.1
2023-08-14,Maize,Karnataka,Davanagere Mandi,3032.6,3567.8,3300.2,714.8
2023-08-21,Maize,Karnataka,Davanagere Mandi,2855.0,3381.0,3118.0,489.6
2023-08-28,Maize,Karnataka,Davanagere Mandi,2816.3,3340.9,3078.6,521.4
2023-09-04,Maize,Karnataka,Davanagere Mandi,2183.0,2601.4,2392.2,1348.0
2023-09-11,Maize,Karnataka,Davanagere Mandi,2255.9,2470.9,2363.4,1302.7
2023-09-18,Maize,Karnataka,Davanagere Mandi,2280.7,2591.9,2436.3,1418.0
2023-09-25,Maize,Karnataka,Davanagere Mandi,2253.6,2456.0,2354.8,1194.4
2023-10-02,Maize,Karnataka,Davanagere Mandi,2139.4,2533.4,2336.4,1133.2
2023-10-09,Maize,Karnataka,Davanagere Mandi,2296.6,2536.0,2416.3,1299.8
2023-10-16,Maize,Karnataka,Davanagere Mandi,2150.8,2437.0,2293.9,1410.3
2023-10-23,Maize,Karnataka,Davanagere Mandi,2342.9,2755.3,2549.1,1557.0
2023-10-30,Maize,Karnataka,Davanagere Mandi,2189.9,2472.7,2331.3,1467.8
2023-11-06,Maize,Karnataka,Davanagere Mandi,2964.4,3496.0,3230.2,745.4
2023-11-13,Maize,Karnataka,Davanagere Mandi,2849.5,3324.5,3087.0,645.1
2023-11-20,Maize,Karnataka,Davanagere Mandi,3194.6,3710.0,3452.3,545.9
2023-11-27,Maize,Karnataka,Davanagere Mandi,2943.2,3471.2,3207.2,592.9
2023-12-04,Maize,Karnataka,Davanagere Mandi,2942.7,3217.5,3080.1,727.9
2023-12-11,Maize,Karnataka,Davanagere Mandi,2823.1,3343.7,3083.4,473.9
2023-12-18,Maize,Karnataka,Davanagere Mandi,3207.2,3816.6,3511.9,762.9
2023-12-25,Maize,Karnataka,Davanagere Mandi,2916.0,3409.0,3162.5,759.1
2015-01-05,Maize,Madhya Pradesh,Ujjain Mandi,1443.6,1619.8,1531.7,1046.1
2015-01-12,Maize,Madhya Pradesh,Ujjain Mandi,1354.4,1478.8,1416.6,1078.0
2015-01-19,Maize,Madhya Pradesh,Ujjain Mandi,1412.6,1606.8,1509.7,1370.2
2015-01-26,Maize,Madhya Pradesh,Ujjain Mandi,1408.4,1633.6,1521.0,1555.5
2015-02-02,Maize,Madhya Pradesh,Ujjain Mandi,1373.6,1512.2,1442.9,1373.7
2015-02-09,Maize,Madhya Pradesh,Ujjain Mandi,1409.5,1659.3,1534.4,1452.1
2015-02-16,Maize,Madhya Pradesh,Ujjain Mandi,1391.0,1531.4,1461.2,1388.1
2015-02-23,Maize,Madhya Pradesh,Ujjain Mandi,1263.2,1508.4,1385.8,1520.8
2015-03-02,Maize,Madhya Pradesh,Ujjain Mandi,1833.3,2057.7,1945.5,667.9
2015-03-09,Maize,Madhya Pradesh,Ujjain Mandi,1733.6,1996.8,1865.2,475.6
2015-03-16,Maize,Madhya Pradesh,Ujjain Mandi,1865.4,2115.0,1990.2,790.1
2015-03-23,Maize,Madhya Pradesh,Ujjain Mandi,1865.2,2147.6,2006.4,583.7
2015-03-30,Maize,Madhya Pradesh,Ujjain Mandi,1757.1,2101.7,1929.4,538.7
2015-04-06,Maize,Madhya Pradesh,Ujjain Mandi,1789.2,1951.8,1870.5,706.8
2015-04-13,Maize,Madhya Pradesh,Ujjain Mandi,1902.0,2104.0,2003.0,617.1
2015-04-20,Maize,Madhya Pradesh,Ujjain Mandi,1892.1,2235.7,2063.9,669.9
2015-04-27,Maize,Madhya Pradesh,Ujjain Mandi,1808.5,2146.5,1977.5,635.4
2015-05-04,Maize,Madhya Pradesh,Ujjain Mandi,1913.7,2094.3,2004.0,761.5
2015-05-11,Maize,Madhya Pradesh,Ujjain Mandi,1826.5,2160.1,1993.3,635.5
2015-05-18,Maize,Madhya Pradesh,Ujjain Mandi,1851.4,2171.0,2011.2,519.5
2015-05-25,Maize,Madhya Pradesh,Ujjain Mandi,1830.3,2061.3,1945.8,660.8
2015-06-01,Maize,Madhya Pradesh,Ujjain Mandi,1965.8,2135.6,2050.7,623.0
2015-06-08,Maize,Madhya Pradesh,Ujjain Mandi,1974.4,2170.8,2072.6,797.9
2015-06-15,Maize,Madhya Pradesh,Ujjain Mandi,1881.4,2168.6,2025.0,525.5
2015-06-22,Maize,Madhya Pradesh,Ujjain Mandi,1846.0,2202.6,2024.3,805.2
2015-06-29,Maize,Madhya Pradesh,Ujjain Mandi,1944.0,2221.6,2082.8,679.9
2015-07-06,Maize,Madhya Pradesh,Ujjain Mandi,1959.7,2320.3,2140.0,579.2
2015-07-13,Maize,Madhya Pradesh,Ujjain Mandi,2012.9,2216.5,2114.7,624.9
2015-07-20,Maize,Madhya Pradesh,Ujjain Mandi,1799.6,2112.2,1955.9,624.4
2015-07-27,Maize,Madhya Pradesh,Ujjain Mandi,1996.0,2247.2,2121.6,783.5
2015-08-03,Maize,Madhya Pradesh,Ujjain Mandi,1758.4,2018.6,1888.5,499.9
2015-08-10,Maize,Madhya Pradesh,Ujjain Mandi,1952.6,2177.8,2065.2,570.5
2015-08-17,Maize,Madhya Pradesh,Ujjain Mandi,1989.3,2261.5,2125.4,754.8
2015-08-24,Maize,Madhya Pradesh,Ujjain Mandi,1981.0,2347.2,2164.1,757.5
2015-08-31,Maize,Madhya Pradesh,Ujjain Mandi,1867.9,2120.1,1994.0,582.5
2015-09-07,Maize,Madhya Pradesh,Ujjain Mandi,1402.0,1616.4,1509.2,1526.9
2015-09-14,Maize,Madhya Pradesh,Ujjain Mandi,1393.1,1614.5,1503.8,996.5
2015-09-21,Maize,Madhya Pradesh,Ujjain Mandi,1404.2,1639.4,1521.8,1529.9
2015-09-28,Maize,Madhya Pradesh,Ujjain Mandi,1319.7,1511.7,1415.7,1436.8
2015-10-05,Maize,Madhya Pradesh,Ujjain Mandi,1449.7,1692.1,1570.9,1467.8
2015-10-12,Maize,Madhya Pradesh,Ujjain Mandi,1383.1,1654.7,1518.9,1023.5
2015-10-19,Maize,Madhya Pradesh,Ujjain Mandi,1345.6,1502.8,1424.2,1550.6
2015-10-26,Maize,Madhya Pradesh,Ujjain Mandi,1508.0,1689.0,1598.5,989.6
2015-11-02,Maize,Madhya Pradesh,Ujjain Mandi,1904.5,2076.5,1990.5,473.3
2015-11-09,Maize,Madhya Pradesh,Ujjain Mandi,2048.9,2281.7,2165.3,515.3
2015-11-16,Maize,Madhya Pradesh,Ujjain Mandi,1884.3,2124.7,2004.5,614.6
2015-11-23,Maize,Madhya Pradesh,Ujjain Mandi,1809.8,2096.4,1953.1,680.7
2015-11-30,Maize,Madhya Pradesh,Ujjain Mandi,1995.1,2382.3,2188.7,566.6
2015-12-07,Maize,Madhya Pradesh,Ujjain Mandi,1928.2,2242.0,2085.1,529.6
2015-12-14,Maize,Madhya Pradesh,Ujjain Mandi,1780.1,2123.3,1951.7,591.8
2015-12-21,Maize,Madhya Pradesh,Ujjain Mandi,1837.2,2051.8,1944.5,736.2
2015-12-28,Maize,Madhya Pradesh,Ujjain Mandi,1865.6,2233.0,2049.3,718.9
2016-01-04,Maize,Madhya Pradesh,Ujjain Mandi,1433.0,1620.4,1526.7,1051.1
2016-01-11,Maize,Madhya Pradesh,Ujjain Mandi,1401.7,1570.3,1486.0,1309.6
2016-01-18,Maize,Madhya Pradesh,Ujjain Mandi,1447.5,1712.7,1580.1,984.1
2016-01-25,Maize,Madhya Pradesh,Ujjain Mandi,1329.2,1526.4,1427.8,1172.8
2016-02-01,Maize,Madhya Pradesh,Ujjain Mandi,1513.5,1746.7,1630.1,1086.1
2016-02-08,Maize,Madhya Pradesh,Ujjain Mandi,1373.7,1622.5,1498.1,1319.3
2016-02-15,Maize,Madhya Pradesh,Ujjain Mandi,1360.6,1561.0,1460.8,1107.8
2016-02-22,Maize,Madhya Pradesh,Ujjain Mandi,1397.0,1575.8,1486.4,1419.7
2016-02-29,Maize,Madhya Pradesh,Ujjain Mandi,1517.4,1752.4,1634.9,1447.3
2016-03-07,Maize,Madhya Pradesh,Ujjain Mandi,1864.3,2153.1,2008.7,655.4
2016-03-14,Maize,Madhya Pradesh,Ujjain Mandi,1934.2,2258.2,2096.2,533.7
2016-03-21,Maize,Madhya Pradesh,Ujjain Mandi,1999.8,2269.6,2134.7,475.4
2016-03-28,Maize,Madhya Pradesh,Ujjain Mandi,1917.1,2116.7,2016.9,743.2
2016-04-04,Maize,Madhya Pradesh,Ujjain Mandi,2004.9,2222.7,2113.8,664.7
2016-04-11,Maize,Madhya Pradesh,Ujjain Mandi,2000.1,2237.3,2118.7,649.2
2016-04-18,Maize,Madhya Pradesh,Ujjain Mandi,1884.3,2204.9,2044.6,703.1
2016-04-25,Maize,Madhya Pradesh,Ujjain Mandi,1944.7,2175.5,2060.1,554.6
2016-05-02,Maize,Madhya Pradesh,Ujjain Mandi,1897.1,2176.5,2036.8,819.0
2016-05-09,Maize,Madhya Pradesh,Ujjain Mandi,2011.6,2326.4,2169.0,644.3
2016-05-16,Maize,Madhya Pradesh,Ujjain Mandi,2056.0,2416.0,2236.0,584.5
2016-05-23,Maize,Madhya Pradesh,Ujjain Mandi,1823.5,2178.9,2001.2,510.2
2016-05-30,Maize,Madhya Pradesh,Ujjain Mandi,1974.8,2158.4,2066.6,783.8
2016-06-06,Maize,Madhya Pradesh,Ujjain Mandi,2103.1,2385.5,2244.3,611.1
2016-06-13,Maize,Madhya Pradesh,Ujjain Mandi,1860.7,2168.1,2014.4,775.8
2016-06-20,Maize,Madhya Pradesh,Ujjain Mandi,1956.6,2255.6,2106.1,545.0
2016-06-27,Maize,Madhya Pradesh,Ujjain Mandi,1949.3,2275.5,2112.4,662.4
2016-07-04,Maize,Madhya Pradesh,Ujjain Mandi,1903.7,2161.3,2032.5,693.4
2016-07-11,Maize,Madhya Pradesh,Ujjain Mandi,2037.6,2221.2,2129.4,485.0
2016-07-18,Maize,Madhya Pradesh,Ujjain Mandi,1979.2,2276.6,2127.9,496.9
2016-07-25,Maize,Madhya Pradesh,Ujjain Mandi,1888.5,2244.7,2066.6,724.7
2016-08-01,Maize,Madhya Pradesh,Ujjain Mandi,1954.3,2318.7,2136.5,783.6
2016-08-08,Maize,Madhya Pradesh,Ujjain Mandi,2183.5,2399.1,2291.3,571.6
2016-08-15,Maize,Madhya Pradesh,Ujjain Mandi,2104.2,2428.2,2266.2,747.0
2016-08-22,Maize,Madhya Pradesh,Ujjain Mandi,2074.9,2264.3,2169.6,684.4
2016-08-29,Maize,Madhya Pradesh,Ujjain Mandi,1995.4,2316.8,2156.1,711.2
2016-09-05,Maize,Madhya Pradesh,Ujjain Mandi,1453.7,1728.7,1591.2,1509.3
2016-09-12,Maize,Madhya Pradesh,Ujjain Mandi,1481.8,1637.6,1559.7,1122.5
2016-09-19,Maize,Madhya Pradesh,Ujjain Mandi,1387.5,1570.3,1478.9,1351.9
2016-09-26,Maize,Madhya Pradesh,Ujjain Mandi,1612.4,1760.2,1686.3,1117.0
2016-10-03,Maize,Madhya Pradesh,Ujjain Mandi,1543.1,1826.1,1684.6,1196.4
2016-10-10,Maize,Madhya Pradesh,Ujjain Mandi,1535.6,1786.8,1661.2,1001.4
2016-10-17,Maize,Madhya Pradesh,Ujjain Mandi,1413.2,1577.2,1495.2,1525.0
2016-10-24,Maize,Madhya Pradesh,Ujjain Mandi,1545.9,1726.3,1636.1,1136.9
2016-10-31,Maize,Madhya Pradesh,Ujjain Mandi,1564.1,1721.3,1642.7,1005.8
2016-11-07,Maize,Madhya Pradesh,Ujjain Mandi,1978.9,2337.3,2158.1,687.7
2016-11-14,Maize,Madhya Pradesh,Ujjain Mandi,1949.4,2274.8,2112.1,475.5
2016-11-21,Maize,Madhya Pradesh,Ujjain Mandi,2078.7,2467.1,2272.9,478.1
2016-11-28,Maize,Madhya Pradesh,Ujjain Mandi,1983.2,2234.0,2108.6,481.1
2016-12-05,Maize,Madhya Pradesh,Ujjain Mandi,2107.0,2494.0,2300.5,810.8
2016-12-12,Maize,Madhya Pradesh,Ujjain Mandi,1906.8,2260.2,2083.5,628.0
2016-12-19,Maize,Madhya Pradesh,Ujjain Mandi,1989.9,2158.5,2074.2,574.5
2016-12-26,Maize,Madhya Pradesh,Ujjain Mandi,2104.1,2450.9,2277.5,616.0
2017-01-02,Maize,Madhya Pradesh,Ujjain Mandi,1556.8,1806.6,1681.7,1251.7
2017-01-09,Maize,Madhya Pradesh,Ujjain Mandi,1532.9,1770.1,1651.5,1408.1
2017-01-16,Maize,Madhya Pradesh,Ujjain Mandi,1615.9,1831.9,1723.9,1332.0
2017-01-23,Maize,Madhya Pradesh,Ujjain Mandi,1425.6,1627.0,1526.3,1461.0
2017-01-30,Maize,Madhya Pradesh,Ujjain Mandi,1559.9,1766.1,1663.0,952.7
2017-02-06,Maize,Madhya Pradesh,Ujjain Mandi,1383.2,1637.0,1510.1,1569.2
2017-02-13,Maize,Madhya Pradesh,Ujjain Mandi,1485.8,1680.6,1583.2,1514.9
2017-02-20,Maize,Madhya Pradesh,Ujjain Mandi,1537.7,1791.5,1664.6,1421.7
2017-02-27,Maize,Madhya Pradesh,Ujjain Mandi,1564.8,1762.6,1663.7,1534.1
2017-03-06,Maize,Madhya Pradesh,Ujjain Mandi,2235.5,2464.1,2349.8,552.8
2017-03-13,Maize,Madhya Pradesh,Ujjain Mandi,1968.8,2330.8,2149.8,648.5
2017-03-20,Maize,Madhya Pradesh,Ujjain Mandi,1983.6,2359.6,2171.6,618.3
2017-03-27,Maize,Madhya Pradesh,Ujjain Mandi,2199.4,2458.4,2328.9,690.1
2017-04-03,Maize,Madhya Pradesh,Ujjain Mandi,2084.4,2360.4,2222.4,648.4
2017-04-10,Maize,Madhya Pradesh,Ujjain Mandi,2131.7,2509.5,2320.6,692.6
2017-04-17,Maize,Madhya Pradesh,Ujjain Mandi,2073.8,2468.6,2271.2,816.3
2017-04-24,Maize,Madhya Pradesh,Ujjain Mandi,2100.9,2501.7,2301.3,686.2
2017-05-01,Maize,Madhya Pradesh,Ujjain Mandi,1972.8,2275.8,2124.3,557.5
2017-05-08,Maize,Madhya Pradesh,Ujjain Mandi,2109.2,2351.4,2230.3,664.1
2017-05-15,Maize,Madhya Pradesh,Ujjain Mandi,2162.0,2353.0,2257.5,646.8
2017-05-22,Maize,Madhya Pradesh,Ujjain Mandi,2131.6,2494.2,2312.9,482.1
2017-05-29,Maize,Madhya Pradesh,Ujjain Mandi,1986.7,2379.5,2183.1,786.7
2017-06-05,Maize,Madhya Pradesh,Ujjain Mandi,2029.7,2346.9,2188.3,699.6
2017-06-12,Maize,Madhya Pradesh,Ujjain Mandi,2184.0,2499.8,2341.9,788.4
2017-06-19,Maize,Madhya Pradesh,Ujjain Mandi,2105.9,2297.9,2201.9,808.4
2017-06-26,Maize,Madhya Pradesh,Ujjain Mandi,2049.9,2246.3,2148.1,649.7
2017-07-03,Maize,Madhya Pradesh,Ujjain Mandi,2002.5,2351.5,2177.0,662.4
2017-07-10,Maize,Madhya Pradesh,Ujjain Mandi,2206.1,2508.3,2357.2,516.2
2017-07-17,Maize,Madhya Pradesh,Ujjain Mandi,1992.8,2347.2,2170.0,597.7
2017-07-24,Maize,Madhya Pradesh,Ujjain Mandi,2172.9,2562.7,2367.8,475.7
2017-07-31,Maize,Madhya Pradesh,Ujjain Mandi,2014.9,2284.5,2149.7,685.1
2017-08-07,Maize,Madhya Pradesh,Ujjain Mandi,2001.7,2314.9,2158.3,735.5
2017-08-14,Maize,Madhya Pradesh,Ujjain Mandi,2225.8,2563.6,2394.7,502.7
2017-08-21,Maize,Madhya Pradesh,Ujjain Mandi,2146.2,2466.0,2306.1,657.7
2017-08-28,Maize,Madhya Pradesh,Ujjain Mandi,2105.3,2432.5,2268.9,605.3
2017-09-04,Maize,Madhya Pradesh,Ujjain Mandi,1463.6,1715.2,1589.4,1567.1
2017-09-11,Maize,Madhya Pradesh,Ujjain Mandi,1596.3,1858.1,1727.2,948.0
2017-09-18,Maize,Madhya Pradesh,Ujjain Mandi,1525.3,1713.1,1619.2,1196.6
2017-09-25,Maize,Madhya Pradesh,Ujjain Mandi,1651.2,1818.6,1734.9,1458.5
2017-10-02,Maize,Madhya Pradesh,Ujjain Mandi,1697.6,1862.2,1779.9,1348.5
2017-10-09,Maize,Madhya Pradesh,Ujjain Mandi,1637.5,1924.5,1781.0,1311.8
2017-10-16,Maize,Madhya Pradesh,Ujjain Mandi,1577.8,1782.6,1680.2,1440.4
2017-10-23,Maize,Madhya Pradesh,Ujjain Mandi,1512.0,1774.4,1643.2,989.5
2017-10-30,Maize,Madhya Pradesh,Ujjain Mandi,1484.7,1670.7,1577.7,1157.1
2017-11-06,Maize,Madhya Pradesh,Ujjain Mandi,2230.9,2500.7,2365.8,724.3
2017-11-13,Maize,Madhya Pradesh,Ujjain Mandi,2101.8,2467.4,2284.6,527.0
2017-11-20,Maize,Madhya Pradesh,Ujjain Mandi,2074.3,2436.9,2255.6,793.4
2017-11-27,Maize,Madhya Pradesh,Ujjain Mandi,2174.2,2466.2,2320.2,591.2
2017-12-04,Maize,Madhya Pradesh,Ujjain Mandi,2155.3,2348.3,2251.8,746.9
2017-12-11,Maize,Madhya Pradesh,Ujjain Mandi,2211.5,2415.5,2313.5,505.6
2017-12-18,Maize,Madhya Pradesh,Ujjain Mandi,2181.7,2474.5,2328.1,713.5
2017-12-25,Maize,Madhya Pradesh,Ujjain Mandi,2130.7,2536.5,2333.6,551.8
2018-01-01,Maize,Madhya Pradesh,Ujjain Mandi,1669.0,1852.6,1760.8,1280.1
2018-01-08,Maize,Madhya Pradesh,Ujjain Mandi,1536.6,1670.2,1603.4,1409.0
2018-01-15,Maize,Madhya Pradesh,Ujjain Mandi,1549.7,1731.3,1640.5,1510.5
2018-01-22,Maize,Madhya Pradesh,Ujjain Mandi,1652.6,1890.4,1771.5,986.6
2018-01-29,Maize,Madhya Pradesh,Ujjain Mandi,1535.3,1795.1,1665.2,1353.9
2018-02-05,Maize,Madhya Pradesh,Ujjain Mandi,1556.8,1784.4,1670.6,1122.1
2018-02-12,Maize,Madhya Pradesh,Ujjain Mandi,1494.9,1746.9,1620.9,989.8
2018-02-19,Maize,Madhya Pradesh,Ujjain Mandi,1533.2,1670.0,1601.6,985.4
2018-02-26,Maize,Madhya Pradesh,Ujjain Mandi,1748.4,1920.6,1834.5,1332.3
2018-03-05,Maize,Madhya Pradesh,Ujjain Mandi,2314.8,2546.8,2430.8,592.1
2018-03-12,Maize,Madhya Pradesh,Ujjain Mandi,2207.6,2541.2,2374.4,656.2
2018-03-19,Maize,Madhya Pradesh,Ujjain Mandi,2271.9,2497.3,2384.6,735.3
2018-03-26,Maize,Madhya Pradesh,Ujjain Mandi,2280.4,2561.6,2421.0,737.5
2018-04-02,Maize,Madhya Pradesh,Ujjain Mandi,2395.0,2623.4,2509.2,559.7
2018-04-09,Maize,Madhya Pradesh,Ujjain Mandi,2120.6,2419.2,2269.9,658.6
2018-04-16,Maize,Madhya Pradesh,Ujjain Mandi,2370.2,2676.4,2523.3,561.6
2018-04-23,Maize,Madhya Pradesh,Ujjain Mandi,2180.9,2512.5,2346.7,501.8
2018-04-30,Maize,Madhya Pradesh,Ujjain Mandi,2293.6,2619.2,2456.4,697.7
2018-05-07,Maize,Madhya Pradesh,Ujjain Mandi,2119.6,2477.6,2298.6,495.2
2018-05-14,Maize,Madhya Pradesh,Ujjain Mandi,2344.8,2672.0,2508.4,728.9
2018-05-21,Maize,Madhya Pradesh,Ujjain Mandi,2369.3,2626.7,2498.0,688.7
2018-05-28,Maize,Madhya Pradesh,Ujjain Mandi,2319.3,2741.1,2530.2,753.9
2018-06-04,Maize,Madhya Pradesh,Ujjain Mandi,2277.2,2549.6,2413.4,680.6
2018-06-11,Maize,Madhya Pradesh,Ujjain Mandi,2078.7,2396.5,2237.6,595.1
2018-06-18,Maize,Madhya Pradesh,Ujjain Mandi,2090.3,2464.3,2277.3,573.6
2018-06-25,Maize,Madhya Pradesh,Ujjain Mandi,2292.9,2683.9,2488.4,646.4
2018-07-02,Maize,Madhya Pradesh,Ujjain Mandi,2291.2,2603.0,2447.1,783.3
2018-07-09,Maize,Madhya Pradesh,Ujjain Mandi,2287.9,2634.5,2461.2,733.7
2018-07-16,Maize,Madhya Pradesh,Ujjain Mandi,2101.2,2386.8,2244.0,599.1
2018-07-23,Maize,Madhya Pradesh,Ujjain Mandi,2275.3,2597.9,2436.6,624.5
2018-07-30,Maize,Madhya Pradesh,Ujjain Mandi,2145.9,2423.7,2284.8,504.0
2018-08-06,Maize,Madhya Pradesh,Ujjain Mandi,2278.6,2536.0,2407.3,684.9
2018-08-13,Maize,Madhya Pradesh,Ujjain Mandi,2374.7,2697.7,2536.2,497.3
2018-08-20,Maize,Madhya Pradesh,Ujjain Mandi,2389.5,2663.7,2526.6,730.4
2018-08-27,Maize,Madhya Pradesh,Ujjain Mandi,2182.2,2455.8,2319.0,477.0
2018-09-03,Maize,Madhya Pradesh,Ujjain Mandi,1580.6,1734.0,1657.3,1165.4
2018-09-10,Maize,Madhya Pradesh,Ujjain Mandi,1578.3,1793.1,1685.7,1355.5
2018-09-17,Maize,Madhya Pradesh,Ujjain Mandi,1714.5,1924.1,1819.3,1055.3
2018-09-24,Maize,Madhya Pradesh,Ujjain Mandi,1625.3,1940.5,1782.9,1260.8
2018-10-01,Maize,Madhya Pradesh,Ujjain Mandi,1778.4,1939.2,1858.8,1353.1
2018-10-08,Maize,Madhya Pradesh,Ujjain Mandi,1714.2,1915.2,1814.7,1394.1
2018-10-15,Maize,Madhya Pradesh,Ujjain Mandi,1773.4,2049.6,1911.5,1026.6
2018-10-22,Maize,Madhya Pradesh,Ujjain Mandi,1657.0,1939.8,1798.4,1555.4
2018-10-29,Maize,Madhya Pradesh,Ujjain Mandi,1773.1,1972.1,1872.6,1269.7
2018-11-05,Maize,Madhya Pradesh,Ujjain Mandi,2303.0,2580.2,2441.6,805.0
2018-11-12,Maize,Madhya Pradesh,Ujjain Mandi,2180.3,2434.3,2307.3,769.0
2018-11-19,Maize,Madhya Pradesh,Ujjain Mandi,2424.4,2666.6,2545.5,765.0
2018-11-26,Maize,Madhya Pradesh,Ujjain Mandi,2268.2,2706.4,2487.3,498.6
2018-12-03,Maize,Madhya Pradesh,Ujjain Mandi,2334.8,2756.2,2545.5,645.6
2018-12-10,Maize,Madhya Pradesh,Ujjain Mandi,2164.9,2426.5,2295.7,501.2
2018-12-17,Maize,Madhya Pradesh,Ujjain Mandi,2432.8,2746.2,2589.5,560.5
2018-12-24,Maize,Madhya Pradesh,Ujjain Mandi,2487.9,2761.7,2624.8,482.6
2018-12-31,Maize,Madhya Pradesh,Ujjain Mandi,2332.7,2703.9,2518.3,562.9
2019-01-07,Maize,Madhya Pradesh,Ujjain Mandi,1612.4,1775.0,1693.7,1431.2
2019-01-14,Maize,Madhya Pradesh,Ujjain Mandi,1651.2,1843.8,1747.5,1519.5
2019-01-21,Maize,Madhya Pradesh,Ujjain Mandi,1703.5,1995.7,1849.6,1450.6
2019-01-28,Maize,Madhya Pradesh,Ujjain Mandi,1619.1,1926.7,1772.9,1086.3
2019-02-04,Maize,Madhya Pradesh,Ujjain Mandi,1616.4,1911.8,1764.1,1184.2
2019-02-11,Maize,Madhya Pradesh,Ujjain Mandi,1782.6,1977.0,1879.8,1335.2
2019-02-18,Maize,Madhya Pradesh,Ujjain Mandi,1760.6,2085.8,1923.2,1467.4
2019-02-25,Maize,Madhya Pradesh,Ujjain Mandi,1584.1,1884.5,1734.3,1279.6
2019-03-04,Maize,Madhya Pradesh,Ujjain Mandi,2377.8,2621.6,2499.7,486.2
2019-03-11,Maize,Madhya Pradesh,Ujjain Mandi,2523.8,2740.0,2631.9,723.3
2019-03-18,Maize,Madhya Pradesh,Ujjain Mandi,2363.1,2647.3,2505.2,782.4
2019-03-25,Maize,Madhya Pradesh,Ujjain Mandi,2215.5,2560.3,2387.9,690.1
2019-04-01,Maize,Madhya Pradesh,Ujjain Mandi,2252.8,2589.8,2421.3,694.3
2019-04-08,Maize,Madhya Pradesh,Ujjain Mandi,2261.8,2597.6,2429.7,677.6
2019-04-15,Maize,Madhya Pradesh,Ujjain Mandi,2320.6,2647.6,2484.1,609.4
2019-04-22,Maize,Madhya Pradesh,Ujjain Mandi,2432.3,2676.3,2554.3,524.7
2019-04-29,Maize,Madhya Pradesh,Ujjain Mandi,2391.9,2827.9,2609.9,772.0
2019-05-06,Maize,Madhya Pradesh,Ujjain Mandi,2365.9,2730.3,2548.1,591.2
2019-05-13,Maize,Madhya Pradesh,Ujjain Mandi,2253.3,2602.1,2427.7,539.6
2019-05-20,Maize,Madhya Pradesh,Ujjain Mandi,2309.5,2558.1,2433.8,708.2
2019-05-27,Maize,Madhya Pradesh,Ujjain Mandi,2448.5,2667.1,2557.8,477.3
2019-06-03,Maize,Madhya Pradesh,Ujjain Mandi,2400.6,2757.2,2578.9,485.9
2019-06-10,Maize,Madhya Pradesh,Ujjain Mandi,2504.5,2849.9,2677.2,752.6
2019-06-17,Maize,Madhya Pradesh,Ujjain Mandi,2350.5,2570.5,2460.5,557.6
2019-06-24,Maize,Madhya Pradesh,Ujjain Mandi,2231.1,2664.7,2447.9,572.8
2019-07-01,Maize,Madhya Pradesh,Ujjain Mandi,2384.8,2848.0,2616.4,615.9
2019-07-08,Maize,Madhya Pradesh,Ujjain Mandi,2297.0,2587.6,2442.3,610.4
2019-07-15,Maize,Madhya Pradesh,Ujjain Mandi,2305.9,2507.1,2406.5,480.4
2019-07-22,Maize,Madhya Pradesh,Ujjain Mandi,2501.8,2841.2,2671.5,637.2
2019-07-29,Maize,Madhya Pradesh,Ujjain Mandi,2486.8,2775.0,2630.9,549.2
2019-08-05,Maize,Madhya Pradesh,Ujjain Mandi,2289.1,2625.5,2457.3,729.7
2019-08-12,Maize,Madhya Pradesh,Ujjain Mandi,2251.3,2558.9,2405.1,553.8
2019-08-19,Maize,Madhya Pradesh,Ujjain Mandi,2535.4,2752.8,2644.1,556.9
2019-08-26,Maize,Madhya Pradesh,Ujjain Mandi,2310.4,2563.4,2436.9,761.4
2019-09-02,Maize,Madhya Pradesh,Ujjain Mandi,1744.4,2019.4,1881.9,1282.1
2019-09-09,Maize,Madhya Pradesh,Ujjain Mandi,1894.9,2126.7,2010.8,1438.0
2019-09-16,Maize,Madhya Pradesh,Ujjain Mandi,1913.8,2116.4,2015.1,1512.8
2019-09-23,Maize,Madhya Pradesh,Ujjain Mandi,1677.1,1985.5,1831.3,1311.1
2019-09-30,Maize,Madhya Pradesh,Ujjain Mandi,1878.8,2162.0,2020.4,1197.3
2019-10-07,Maize,Madhya Pradesh,Ujjain Mandi,1643.1,1937.7,1790.4,1153.5
2019-10-14,Maize,Madhya Pradesh,Ujjain Mandi,1756.2,1999.8,1878.0,1040.2
2019-10-21,Maize,Madhya Pradesh,Ujjain Mandi,1885.0,2140.2,2012.6,1349.2
2019-10-28,Maize,Madhya Pradesh,Ujjain Mandi,1719.0,2041.6,1880.3,938.9
2019-11-04,Maize,Madhya Pradesh,Ujjain Mandi,2429.6,2722.6,2576.1,490.4
2019-11-11,Maize,Madhya Pradesh,Ujjain Mandi,2356.6,2612.4,2484.5,807.8
2019-11-18,Maize,Madhya Pradesh,Ujjain Mandi,2306.6,2693.0,2499.8,798.0
2019-11-25,Maize,Madhya Pradesh,Ujjain Mandi,2360.9,2584.7,2472.8,813.7
2019-12-02,Maize,Madhya Pradesh,Ujjain Mandi,2277.6,2651.4,2464.5,542.3
2019-12-09,Maize,Madhya Pradesh,Ujjain Mandi,2434.2,2800.8,2617.5,618.4
2019-12-16,Maize,Madhya Pradesh,Ujjain Mandi,2301.5,2707.7,2504.6,497.3
2019-12-23,Maize,Madhya Pradesh,Ujjain Mandi,2281.7,2615.1,2448.4,479.9
2019-12-30,Maize,Madhya Pradesh,Ujjain Mandi,2265.0,2664.4,2464.7,619.9
2020-01-06,Maize,Madhya Pradesh,Ujjain Mandi,1779.7,2104.7,1942.2,1064.8
2020-01-13,Maize,Madhya Pradesh,Ujjain Mandi,1893.6,2060.8,1977.2,1064.1
2020-01-20,Maize,Madhya Pradesh,Ujjain Mandi,1923.5,2116.9,2020.2,1188.4
2020-01-27,Maize,Madhya Pradesh,Ujjain Mandi,1675.0,1967.2,1821.1,1042.3
2020-02-03,Maize,Madhya Pradesh,Ujjain Mandi,1775.9,1994.1,1885.0,1393.3
2020-02-10,Maize,Madhya Pradesh,Ujjain Mandi,1734.6,1925.2,1829.9,1333.2
2020-02-17,Maize,Madhya Pradesh,Ujjain Mandi,1787.3,2052.5,1919.9,953.6
2020-02-24,Maize,Madhya Pradesh,Ujjain Mandi,1685.1,1964.9,1825.0,1100.6
2020-03-02,Maize,Madhya Pradesh,Ujjain Mandi,2629.0,2991.4,2810.2,531.6
2020-03-09,Maize,Madhya Pradesh,Ujjain Mandi,2393.3,2769.1,2581.2,564.3
2020-03-16,Maize,Madhya Pradesh,Ujjain Mandi,2332.8,2780.4,2556.6,490.5
2020-03-23,Maize,Madhya Pradesh,Ujjain Mandi,2387.5,2827.5,2607.5,631.7
2020-03-30,Maize,Madhya Pradesh,Ujjain Mandi,2397.4,2835.0,2616.2,595.6
2020-04-06,Maize,Madhya Pradesh,Ujjain Mandi,2471.8,2869.8,2670.8,765.0
2020-04-13,Maize,Madhya Pradesh,Ujjain Mandi,2355.4,2640.6,2498.0,711.4
2020-04-20,Maize,Madhya Pradesh,Ujjain Mandi,2404.1,2852.1,2628.1,538.2
2020-04-27,Maize,Madhya Pradesh,Ujjain Mandi,2692.5,2977.5,2835.0,643.9
2020-05-04,Maize,Madhya Pradesh,Ujjain Mandi,2626.0,3006.2,2816.1,511.4
2020-05-11,Maize,Madhya Pradesh,Ujjain Mandi,2525.3,2905.5,2715.4,557.5
2020-05-18,Maize,Madhya Pradesh,Ujjain Mandi,2483.3,2829.3,2656.3,660.4
2020-05-25,Maize,Madhya Pradesh,Ujjain Mandi,2493.8,2884.4,2689.1,633.2
2020-06-01,Maize,Madhya Pradesh,Ujjain Mandi,2511.3,2844.1,2677.7,602.8
2020-06-08,Maize,Madhya Pradesh,Ujjain Mandi,2596.2,2954.6,2775.4,658.5
2020-06-15,Maize,Madhya Pradesh,Ujjain Mandi,2392.8,2816.6,2604.7,495.9
2020-06-22,Maize,Madhya Pradesh,Ujjain Mandi,2431.0,2800.2,2615.6,708.7
2020-06-29,Maize,Madhya Pradesh,Ujjain Mandi,2545.8,2902.4,2724.1,806.9
2020-07-06,Maize,Madhya Pradesh,Ujjain Mandi,2516.1,2900.1,2708.1,508.7
2020-07-13,Maize,Madhya Pradesh,Ujjain Mandi,2505.9,2993.7,2749.8,690.1
2020-07-20,Maize,Madhya Pradesh,Ujjain Mandi,2483.5,2752.3,2617.9,493.3
2020-07-27,Maize,Madhya Pradesh,Ujjain Mandi,2590.8,2987.8,2789.3,497.2
2020-08-03,Maize,Madhya Pradesh,Ujjain Mandi,2561.1,2931.7,2746.4,593.0
2020-08-10,Maize,Madhya Pradesh,Ujjain Mandi,2687.9,2971.1,2829.5,695.1
2020-08-17,Maize,Madhya Pradesh,Ujjain Mandi,2465.9,2690.5,2578.2,807.3
2020-08-24,Maize,Madhya Pradesh,Ujjain Mandi,2728.9,3033.5,2881.2,563.6
2020-08-31,Maize,Madhya Pradesh,Ujjain Mandi,2422.4,2655.8,2539.1,588.9
2020-09-07,Maize,Madhya Pradesh,Ujjain Mandi,1894.6,2235.0,2064.8,1457.8
2020-09-14,Maize,Madhya Pradesh,Ujjain Mandi,1767.9,2114.5,1941.2,1340.1
2020-09-21,Maize,Madhya Pradesh,Ujjain Mandi,1909.3,2213.5,2061.4,1380.1
2020-09-28,Maize,Madhya Pradesh,Ujjain Mandi,1868.2,2070.8,1969.5,1113.8
2020-10-05,Maize,Madhya Pradesh,Ujjain Mandi,1855.2,2132.4,1993.8,1154.2
2020-10-12,Maize,Madhya Pradesh,Ujjain Mandi,1987.1,2190.9,2089.0,1431.5
2020-10-19,Maize,Madhya Pradesh,Ujjain Mandi,2016.4,2253.2,2134.8,964.6
2020-10-26,Maize,Madhya Pradesh,Ujjain Mandi,1806.0,1999.2,1902.6,1112.5
2020-11-02,Maize,Madhya Pradesh,Ujjain Mandi,2656.9,3151.7,2904.3,761.5
2020-11-09,Maize,Madhya Pradesh,Ujjain Mandi,2545.1,2804.1,2674.6,746.6
2020-11-16,Maize,Madhya Pradesh,Ujjain Mandi,2431.6,2801.0,2616.3,713.2
2020-11-23,Maize,Madhya Pradesh,Ujjain Mandi,2695.7,3183.9,2939.8,544.6
2020-11-30,Maize,Madhya Pradesh,Ujjain Mandi,2648.1,2912.7,2780.4,569.8
2020-12-07,Maize,Madhya Pradesh,Ujjain Mandi,2560.6,3032.4,2796.5,778.7
2020-12-14,Maize,Madhya Pradesh,Ujjain Mandi,2722.7,2980.1,2851.4,735.8
2020-12-21,Maize,Madhya Pradesh,Ujjain Mandi,2517.2,2835.8,2676.5,492.3
2020-12-28,Maize,Madhya Pradesh,Ujjain Mandi,2521.0,2822.8,2671.9,609.3
2021-01-04,Maize,Madhya Pradesh,Ujjain Mandi,1848.1,2106.3,1977.2,1146.6
2021-01-11,Maize,Madhya Pradesh,Ujjain Mandi,1867.5,2106.7,1987.1,1552.5
2021-01-18,Maize,Madhya Pradesh,Ujjain Mandi,1921.5,2244.5,2083.0,1186.6
2021-01-25,Maize,Madhya Pradesh,Ujjain Mandi,1850.9,2132.1,1991.5,1418.6
2021-02-01,Maize,Madhya Pradesh,Ujjain Mandi,1817.5,1989.9,1903.7,1381.3
2021-02-08,Maize,Madhya Pradesh,Ujjain Mandi,1962.3,2162.3,2062.3,1534.1
2021-02-15,Maize,Madhya Pradesh,Ujjain Mandi,1872.1,2202.1,2037.1,1420.4
2021-02-22,Maize,Madhya Pradesh,Ujjain Mandi,1897.8,2104.8,2001.3,1271.2
2021-03-01,Maize,Madhya Pradesh,Ujjain Mandi,2711.5,3152.7,2932.1,537.1
2021-03-08,Maize,Madhya Pradesh,Ujjain Mandi,2545.9,2889.5,2717.7,775.9
2021-03-15,Maize,Madhya Pradesh,Ujjain Mandi,2771.4,3165.6,2968.5,741.0
2021-03-22,Maize,Madhya Pradesh,Ujjain Mandi,2644.2,3080.2,2862.2,527.4
2021-03-29,Maize,Madhya Pradesh,Ujjain Mandi,2503.1,2849.3,2676.2,553.8
2021-04-05,Maize,Madhya Pradesh,Ujjain Mandi,2714.3,2947.7,2831.0,517.2
2021-04-12,Maize,Madhya Pradesh,Ujjain Mandi,2670.7,3000.5,2835.6,749.0
2021-04-19,Maize,Madhya Pradesh,Ujjain Mandi,2750.4,3114.0,2932.2,704.9
2021-04-26,Maize,Madhya Pradesh,Ujjain Mandi,2621.7,2848.3,2735.0,523.7
2021-05-03,Maize,Madhya Pradesh,Ujjain Mandi,2690.4,3183.4,2936.9,804.9
2021-05-10,Maize,Madhya Pradesh,Ujjain Mandi,2590.4,2904.0,2747.2,480.6
2021-05-17,Maize,Madhya Pradesh,Ujjain Mandi,2736.1,3103.9,2920.0,645.7
2021-05-24,Maize,Madhya Pradesh,Ujjain Mandi,2809.9,3135.1,2972.5,729.1
2021-05-31,Maize,Madhya Pradesh,Ujjain Mandi,2722.0,3035.4,2878.7,712.9
2021-06-07,Maize,Madhya Pradesh,Ujjain Mandi,2839.7,3161.9,3000.8,577.7
2021-06-14,Maize,Madhya Pradesh,Ujjain Mandi,2800.7,3106.5,2953.6,531.0
2021-06-21,Maize,Madhya Pradesh,Ujjain Mandi,2657.1,2968.3,2812.7,699.9
2021-06-28,Maize,Madhya Pradesh,Ujjain Mandi,2762.7,3178.5,2970.6,625.3
2021-07-05,Maize,Madhya Pradesh,Ujjain Mandi,2740.9,3110.3,2925.6,561.4
2021-07-12,Maize,Madhya Pradesh,Ujjain Mandi,2472.9,2934.3,2703.6,607.6
2021-07-19,Maize,Madhya Pradesh,Ujjain Mandi,2824.2,3230.4,3027.3,672.3
2021-07-26,Maize,Madhya Pradesh,Ujjain Mandi,2764.3,3142.5,2953.4,482.7
2021-08-02,Maize,Madhya Pradesh,Ujjain Mandi,2852.3,3179.5,3015.9,617.6
2021-08-09,Maize,Madhya Pradesh,Ujjain Mandi,2794.8,3063.4,2929.1,775.1
2021-08-16,Maize,Madhya Pradesh,Ujjain Mandi,2784.1,3062.5,2923.3,522.6
2021-08-23,Maize,Madhya Pradesh,Ujjain Mandi,2605.9,3110.5,2858.2,496.9
2021-08-30,Maize,Madhya Pradesh,Ujjain Mandi,2509.0,2914.4,2711.7,743.2
2021-09-06,Maize,Madhya Pradesh,Ujjain Mandi,2022.5,2212.1,2117.3,1169.3
2021-09-13,Maize,Madhya Pradesh,Ujjain Mandi,2166.4,2368.0,2267.2,1164.6
2021-09-20,Maize,Madhya Pradesh,Ujjain Mandi,2030.9,2336.3,2183.6,1198.2
2021-09-27,Maize,Madhya Pradesh,Ujjain Mandi,2101.1,2441.5,2271.3,1024.8
2021-10-04,Maize,Madhya Pradesh,Ujjain Mandi,1963.6,2210.6,2087.1,1161.4
2021-10-11,Maize,Madhya Pradesh,Ujjain Mandi,1893.5,2141.3,2017.4,1459.6
2021-10-18,Maize,Madhya Pradesh,Ujjain Mandi,1952.6,2291.2,2121.9,1081.4
2021-10-25,Maize,Madhya Pradesh,Ujjain Mandi,1877.9,2208.3,2043.1,1294.0
2021-11-01,Maize,Madhya Pradesh,Ujjain Mandi,2905.7,3216.7,3061.2,498.8
2021-11-08,Maize,Madhya Pradesh,Ujjain Mandi,2629.1,2983.5,2806.3,744.0
2021-11-15,Maize,Madhya Pradesh,Ujjain Mandi,2533.7,2947.9,2740.8,647.1
2021-11-22,Maize,Madhya Pradesh,Ujjain Mandi,2732.4,2972.2,2852.3,792.7
2021-11-29,Maize,Madhya Pradesh,Ujjain Mandi,2782.7,3115.7,2949.2,667.6
2021-12-06,Maize,Madhya Pradesh,Ujjain Mandi,2766.0,3281.4,3023.7,564.8
2021-12-13,Maize,Madhya Pradesh,Ujjain Mandi,2956.7,3248.1,3102.4,650.5
2021-12-20,Maize,Madhya Pradesh,Ujjain Mandi,2960.2,3289.8,3125.0,647.9
2021-12-27,Maize,Madhya Pradesh,Ujjain Mandi,2935.4,3348.2,3141.8,710.1
2022-01-03,Maize,Madhya Pradesh,Ujjain Mandi,2012.1,2301.1,2156.6,1014.5
2022-01-10,Maize,Madhya Pradesh,Ujjain Mandi,1956.9,2176.7,2066.8,1210.2
2022-01-17,Maize,Madhya Pradesh,Ujjain Mandi,1902.9,2222.7,2062.8,1414.0
2022-01-24,Maize,Madhya Pradesh,Ujjain Mandi,2048.5,2383.3,2215.9,1065.4
2022-01-31,Maize,Madhya Pradesh,Ujjain Mandi,1892.5,2151.1,2021.8,1455.6
2022-02-07,Maize,Madhya Pradesh,Ujjain Mandi,2163.8,2450.0,2306.9,948.4
2022-02-14,Maize,Madhya Pradesh,Ujjain Mandi,1908.0,2215.4,2061.7,939.7
2022-02-21,Maize,Madhya Pradesh,Ujjain Mandi,1932.8,2223.4,2078.1,1181.0
2022-02-28,Maize,Madhya Pradesh,Ujjain Mandi,2085.9,2434.1,2260.0,967.6
2022-03-07,Maize,Madhya Pradesh,Ujjain Mandi,2866.6,3202.0,3034.3,603.0
2022-03-14,Maize,Madhya Pradesh,Ujjain Mandi,2787.8,3334.4,3061.1,491.9
2022-03-21,Maize,Madhya Pradesh,Ujjain Mandi,2865.6,3412.0,3138.8,622.5
2022-03-28,Maize,Madhya Pradesh,Ujjain Mandi,2588.9,3072.9,2830.9,744.3
2022-04-04,Maize,Madhya Pradesh,Ujjain Mandi,2691.3,3110.1,2900.7,738.1
2022-04-11,Maize,Madhya Pradesh,Ujjain Mandi,2666.1,3038.7,2852.4,494.9
2022-04-18,Maize,Madhya Pradesh,Ujjain Mandi,2713.8,3160.8,2937.3,473.9
2022-04-25,Maize,Madhya Pradesh,Ujjain Mandi,2762.0,3259.2,3010.6,487.8
2022-05-02,Maize,Madhya Pradesh,Ujjain Mandi,2922.8,3497.8,3210.3,764.5
2022-05-09,Maize,Madhya Pradesh,Ujjain Mandi,2738.3,3046.5,2892.4,614.4
2022-05-16,Maize,Madhya Pradesh,Ujjain Mandi,2743.8,3248.4,2996.1,726.8
2022-05-23,Maize,Madhya Pradesh,Ujjain Mandi,2976.9,3450.9,3213.9,681.5
2022-05-30,Maize,Madhya Pradesh,Ujjain Mandi,2911.2,3471.2,3191.2,798.6
2022-06-06,Maize,Madhya Pradesh,Ujjain Mandi,2656.0,3063.6,2859.8,616.4
2022-06-13,Maize,Madhya Pradesh,Ujjain Mandi,2921.3,3289.1,3105.2,773.3
2022-06-20,Maize,Madhya Pradesh,Ujjain Mandi,2615.7,3085.1,2850.4,768.0
2022-06-27,Maize,Madhya Pradesh,Ujjain Mandi,2751.0,3066.0,2908.5,739.5
2022-07-04,Maize,Madhya Pradesh,Ujjain Mandi,2737.0,3182.6,2959.8,591.6
2022-07-11,Maize,Madhya Pradesh,Ujjain Mandi,2578.0,3086.2,2832.1,531.9
2022-07-18,Maize,Madhya Pradesh,Ujjain Mandi,2675.7,3204.7,2940.2,518.5
2022-07-25,Maize,Madhya Pradesh,Ujjain Mandi,2949.8,3197.6,3073.7,633.4
2022-08-01,Maize,Madhya Pradesh,Ujjain Mandi,2791.6,3089.0,2940.3,675.9
2022-08-08,Maize,Madhya Pradesh,Ujjain Mandi,3037.5,3322.9,3180.2,643.4
2022-08-15,Maize,Madhya Pradesh,Ujjain Mandi,3086.4,3410.6,3248.5,764.1
2022-08-22,Maize,Madhya Pradesh,Ujjain Mandi,2696.8,3196.4,2946.6,484.4
2022-08-29,Maize,Madhya Pradesh,Ujjain Mandi,2749.4,3185.4,2967.4,807.7
2022-09-05,Maize,Madhya Pradesh,Ujjain Mandi,1962.0,2240.0,2101.0,1232.2
2022-09-12,Maize,Madhya Pradesh,Ujjain Mandi,2021.6,2263.2,2142.4,912.6
2022-09-19,Maize,Madhya Pradesh,Ujjain Mandi,1968.2,2297.6,2132.9,1152.4
2022-09-26,Maize,Madhya Pradesh,Ujjain Mandi,2208.4,2606.8,2407.6,1532.9
2022-10-03,Maize,Madhya Pradesh,Ujjain Mandi,2188.6,2462.2,2325.4,1034.8
2022-10-10,Maize,Madhya Pradesh,Ujjain Mandi,2138.6,2351.4,2245.0,1135.6
2022-10-17,Maize,Madhya Pradesh,Ujjain Mandi,2133.4,2539.0,2336.2,950.6
2022-10-24,Maize,Madhya Pradesh,Ujjain Mandi,2048.4,2385.6,2217.0,1136.4
2022-10-31,Maize,Madhya Pradesh,Ujjain Mandi,2261.3,2512.7,2387.0,1519.7
2022-11-07,Maize,Madhya Pradesh,Ujjain Mandi,2864.0,3235.2,3049.6,517.1
2022-11-14,Maize,Madhya Pradesh,Ujjain Mandi,2808.1,3312.9,3060.5,785.2
2022-11-21,Maize,Madhya Pradesh,Ujjain Mandi,3112.8,3456.8,3284.8,675.4
2022-11-28,Maize,Madhya Pradesh,Ujjain Mandi,2751.0,3026.2,2888.6,756.6
2022-12-05,Maize,Madhya Pradesh,Ujjain Mandi,2722.0,3070.6,2896.3,570.4
2022-12-12,Maize,Madhya Pradesh,Ujjain Mandi,3024.8,3453.6,3239.2,660.9
2022-12-19,Maize,Madhya Pradesh,Ujjain Mandi,2966.6,3544.6,3255.6,642.9
2022-12-26,Maize,Madhya Pradesh,Ujjain Mandi,2741.7,3087.9,2914.8,628.1
2023-01-02,Maize,Madhya Pradesh,Ujjain Mandi,2035.7,2301.9,2168.8,1500.0
2023-01-09,Maize,Madhya Pradesh,Ujjain Mandi,2232.9,2556.1,2394.5,1480.1
2023-01-16,Maize,Madhya Pradesh,Ujjain Mandi,2115.5,2414.1,2264.8,1338.7
2023-01-23,Maize,Madhya Pradesh,Ujjain Mandi,2002.7,2271.3,2137.0,958.4
2023-01-30,Maize,Madhya Pradesh,Ujjain Mandi,2080.2,2483.0,2281.6,1066.6
2023-02-06,Maize,Madhya Pradesh,Ujjain Mandi,2172.8,2366.8,2269.8,1023.8
2023-02-13,Maize,Madhya Pradesh,Ujjain Mandi,2113.0,2508.2,2310.6,1162.9
2023-02-20,Maize,Madhya Pradesh,Ujjain Mandi,1969.8,2345.6,2157.7,1539.1
2023-02-27,Maize,Madhya Pradesh,Ujjain Mandi,2116.8,2510.2,2313.5,1320.6
2023-03-06,Maize,Madhya Pradesh,Ujjain Mandi,3030.3,3368.1,3199.2,476.6
2023-03-13,Maize,Madhya Pradesh,Ujjain Mandi,2912.5,3253.5,3083.0,623.7
2023-03-20,Maize,Madhya Pradesh,Ujjain Mandi,2757.1,3259.5,3008.3,505.6
2023-03-27,Maize,Madhya Pradesh,Ujjain Mandi,2932.6,3227.0,3079.8,504.4
2023-04-03,Maize,Madhya Pradesh,Ujjain Mandi,2991.8,3520.6,3256.2,693.3
2023-04-10,Maize,Madhya Pradesh,Ujjain Mandi,3014.8,3294.8,3154.8,727.9
2023-04-17,Maize,Madhya Pradesh,Ujjain Mandi,2960.7,3340.3,3150.5,497.7
2023-04-24,Maize,Madhya Pradesh,Ujjain Mandi,2833.2,3214.4,3023.8,572.2
2023-05-01,Maize,Madhya Pradesh,Ujjain Mandi,2963.6,3437.0,3200.3,773.1
2023-05-08,Maize,Madhya Pradesh,Ujjain Mandi,2930.8,3332.0,3131.4,767.7
2023-05-15,Maize,Madhya Pradesh,Ujjain Mandi,2825.6,3133.2,2979.4,659.5
2023-05-22,Maize,Madhya Pradesh,Ujjain Mandi,2873.9,3283.7,3078.8,751.4
2023-05-29,Maize,Madhya Pradesh,Ujjain Mandi,2889.0,3145.8,3017.4,798.4
2023-06-05,Maize,Madhya Pradesh,Ujjain Mandi,2809.3,3294.3,3051.8,670.7
2023-06-12,Maize,Madhya Pradesh,Ujjain Mandi,3029.5,3593.1,3311.3,593.8
2023-06-19,Maize,Madhya Pradesh,Ujjain Mandi,3016.0,3535.6,3275.8,698.6
2023-06-26,Maize,Madhya Pradesh,Ujjain Mandi,3054.9,3333.7,3194.3,594.0
2023-07-03,Maize,Madhya Pradesh,Ujjain Mandi,3240.5,3599.1,3419.8,601.2
2023-07-10,Maize,Madhya Pradesh,Ujjain Mandi,2836.7,3369.1,3102.9,745.8
2023-07-17,Maize,Madhya Pradesh,Ujjain Mandi,2856.7,3247.7,3052.2,748.8
2023-07-24,Maize,Madhya Pradesh,Ujjain Mandi,2914.0,3342.0,3128.0,656.6
2023-07-31,Maize,Madhya Pradesh,Ujjain Mandi,2934.4,3495.6,3215.0,699.7
2023-08-07,Maize,Madhya Pradesh,Ujjain Mandi,3140.1,3601.1,3370.6,740.5
2023-08-14,Maize,Madhya Pradesh,Ujjain Mandi,2918.6,3281.2,3099.9,646.4
2023-08-21,Maize,Madhya Pradesh,Ujjain Mandi,3054.0,3432.0,3243.0,777.5
2023-08-28,Maize,Madhya Pradesh,Ujjain Mandi,2874.4,3222.8,3048.6,592.5
2023-09-04,Maize,Madhya Pradesh,Ujjain Mandi,2381.8,2680.4,2531.1,1434.0
2023-09-11,Maize,Madhya Pradesh,Ujjain Mandi,2203.9,2497.7,2350.8,1003.4
2023-09-18,Maize,Madhya Pradesh,Ujjain Mandi,2090.7,2360.7,2225.7,998.8
2023-09-25,Maize,Madhya Pradesh,Ujjain Mandi,2181.8,2392.8,2287.3,1507.4
2023-10-02,Maize,Madhya Pradesh,Ujjain Mandi,2332.5,2671.5,2502.0,1263.3
2023-10-09,Maize,Madhya Pradesh,Ujjain Mandi,2264.1,2558.9,2411.5,1081.6
2023-10-16,Maize,Madhya Pradesh,Ujjain Mandi,2232.1,2475.9,2354.0,1360.3
2023-10-23,Maize,Madhya Pradesh,Ujjain Mandi,2159.8,2501.2,2330.5,1329.4
2023-10-30,Maize,Madhya Pradesh,Ujjain Mandi,2240.3,2453.7,2347.0,1157.2
2023-11-06,Maize,Madhya Pradesh,Ujjain Mandi,3218.1,3492.9,3355.5,562.8
2023-11-13,Maize,Madhya Pradesh,Ujjain Mandi,3056.0,3573.4,3314.7,746.7
2023-11-20,Maize,Madhya Pradesh,Ujjain Mandi,2922.9,3450.7,3186.8,804.4
2023-11-27,Maize,Madhya Pradesh,Ujjain Mandi,2889.6,3451.4,3170.5,572.4
2023-12-04,Maize,Madhya Pradesh,Ujjain Mandi,3116.4,3584.6,3350.5,774.5
2023-12-11,Maize,Madhya Pradesh,Ujjain Mandi,3207.3,3612.1,3409.7,711.5
2023-12-18,Maize,Madhya Pradesh,Ujjain Mandi,3285.7,3640.9,3463.3,764.2
2023-12-25,Maize,Madhya Pradesh,Ujjain Mandi,3046.1,3446.9,3246.5,651.2
2015-01-05,Cotton,Maharashtra,Nagpur Mandi,4682.2,5515.8,5099.0,1028.3
2015-01-12,Cotton,Maharashtra,Nagpur Mandi,4811.0,5519.6,5165.3,886.1
2015-01-19,Cotton,Maharashtra,Nagpur Mandi,5106.7,5992.5,5549.6,932.3
2015-01-26,Cotton,Maharashtra,Nagpur Mandi,5373.9,5990.9,5682.4,721.3
2015-02-02,Cotton,Maharashtra,Nagpur Mandi,7205.5,8202.1,7703.8,455.8
2015-02-09,Cotton,Maharashtra,Nagpur Mandi,6606.1,7730.1,7168.1,380.5
2015-02-16,Cotton,Maharashtra,Nagpur Mandi,6809.1,7720.1,7264.6,498.9
2015-02-23,Cotton,Maharashtra,Nagpur Mandi,7083.6,7888.6,7486.1,499.1
2015-03-02,Cotton,Maharashtra,Nagpur Mandi,6720.2,7857.0,7288.6,442.6
2015-03-09,Cotton,Maharashtra,Nagpur Mandi,6817.2,8121.6,7469.4,442.3
2015-03-16,Cotton,Maharashtra,Nagpur Mandi,6628.6,7506.0,7067.3,506.8
2015-03-23,Cotton,Maharashtra,Nagpur Mandi,7461.7,8272.7,7867.2,480.0
2015-03-30,Cotton,Maharashtra,Nagpur Mandi,6491.0,7260.4,6875.7,442.8
2015-04-06,Cotton,Maharashtra,Nagpur Mandi,6960.6,7859.8,7410.2,343.6
2015-04-13,Cotton,Maharashtra,Nagpur Mandi,7403.1,8214.1,7808.6,491.5
2015-04-20,Cotton,Maharashtra,Nagpur Mandi,6974.7,7674.5,7324.6,504.6
2015-04-27,Cotton,Maharashtra,Nagpur Mandi,6783.0,7948.6,7365.8,316.8
2015-05-04,Cotton,Maharashtra,Nagpur Mandi,6401.8,7438.4,6920.1,321.9
2015-05-11,Cotton,Maharashtra,Nagpur Mandi,6816.2,7689.6,7252.9,397.3
2015-05-18,Cotton,Maharashtra,Nagpur Mandi,7049.8,8239.6,7644.7,345.6
2015-05-25,Cotton,Maharashtra,Nagpur Mandi,6538.4,7399.0,6968.7,532.0
2015-06-01,Cotton,Maharashtra,Nagpur Mandi,7205.0,8165.4,7685.2,380.2
2015-06-08,Cotton,Maharashtra,Nagpur Mandi,6992.5,7837.1,7414.8,424.5
2015-06-15,Cotton,Maharashtra,Nagpur Mandi,7301.2,8323.4,7812.3,485.8
2015-06-22,Cotton,Maharashtra,Nagpur Mandi,7496.6,8449.8,7973.2,463.4
2015-06-29,Cotton,Maharashtra,Nagpur Mandi,6669.7,7729.9,7199.8,324.3
2015-07-06,Cotton,Maharashtra,Nagpur Mandi,7302.1,8378.9,7840.5,476.1
2015-07-13,Cotton,Maharashtra,Nagpur Mandi,6705.5,8021.3,7363.4,343.4
2015-07-20,Cotton,Maharashtra,Nagpur Mandi,7165.8,7816.8,7491.3,360.5
2015-07-27,Cotton,Maharashtra,Nagpur Mandi,6409.1,7615.7,7012.4,320.2
2015-08-03,Cotton,Maharashtra,Nagpur Mandi,7362.6,8725.6,8044.1,328.5
2015-08-10,Cotton,Maharashtra,Nagpur Mandi,6645.0,7890.0,7267.5,454.7
2015-08-17,Cotton,Maharashtra,Nagpur Mandi,6925.5,7733.1,7329.3,322.3
2015-08-24,Cotton,Maharashtra,Nagpur Mandi,7345.0,8368.6,7856.8,504.1
2015-08-31,Cotton,Maharashtra,Nagpur Mandi,7018.8,8151.4,7585.1,448.7
2015-09-07,Cotton,Maharashtra,Nagpur Mandi,6809.2,7388.8,7099.0,337.9
2015-09-14,Cotton,Maharashtra,Nagpur Mandi,6538.2,7586.6,7062.4,418.3
2015-09-21,Cotton,Maharashtra,Nagpur Mandi,7039.1,7963.1,7501.1,466.0
2015-09-28,Cotton,Maharashtra,Nagpur Mandi,7107.6,8153.0,7630.3,507.7
2015-10-05,Cotton,Maharashtra,Nagpur Mandi,7244.3,8626.3,7935.3,379.7
2015-10-12,Cotton,Maharashtra,Nagpur Mandi,7274.8,8184.8,7729.8,319.4
2015-10-19,Cotton,Maharashtra,Nagpur Mandi,6528.0,7692.2,7110.1,371.8
2015-10-26,Cotton,Maharashtra,Nagpur Mandi,6901.7,7654.3,7278.0,473.2
2015-11-02,Cotton,Maharashtra,Nagpur Mandi,5028.5,5908.7,5468.6,727.6
2015-11-09,Cotton,Maharashtra,Nagpur Mandi,5425.0,6103.4,5764.2,630.2
2015-11-16,Cotton,Maharashtra,Nagpur Mandi,4900.5,5814.9,5357.7,850.9
2015-11-23,Cotton,Maharashtra,Nagpur Mandi,5227.0,5748.6,5487.8,791.6
2015-11-30,Cotton,Maharashtra,Nagpur Mandi,4860.1,5655.1,5257.6,1028.0
2015-12-07,Cotton,Maharashtra,Nagpur Mandi,5106.2,5559.4,5332.8,928.1
2015-12-14,Cotton,Maharashtra,Nagpur Mandi,5216.7,6227.7,5722.2,732.7
2015-12-21,Cotton,Maharashtra,Nagpur Mandi,5251.5,5901.9,5576.7,728.5
2015-12-28,Cotton,Maharashtra,Nagpur Mandi,5575.8,6361.0,5968.4,995.2
2016-01-04,Cotton,Maharashtra,Nagpur Mandi,5112.9,5811.3,5462.1,638.0
2016-01-11,Cotton,Maharashtra,Nagpur Mandi,4991.1,5756.9,5374.0,774.7
2016-01-18,Cotton,Maharashtra,Nagpur Mandi,5508.2,6357.2,5932.7,746.3
2016-01-25,Cotton,Maharashtra,Nagpur Mandi,5327.4,6017.4,5672.4,721.5
2016-02-01,Cotton,Maharashtra,Nagpur Mandi,7008.0,8100.4,7554.2,495.0
2016-02-08,Cotton,Maharashtra,Nagpur Mandi,7488.9,8892.7,8190.8,370.5
2016-02-15,Cotton,Maharashtra,Nagpur Mandi,7390.4,8708.6,8049.5,335.4
2016-02-22,Cotton,Maharashtra,Nagpur Mandi,6844.2,8035.2,7439.7,434.1
2016-02-29,Cotton,Maharashtra,Nagpur Mandi,6704.4,7777.6,7241.0,392.2
2016-03-07,Cotton,Maharashtra,Nagpur Mandi,6880.2,7632.0,7256.1,368.5
2016-03-14,Cotton,Maharashtra,Nagpur Mandi,7105.5,8405.3,7755.4,413.5
2016-03-21,Cotton,Maharashtra,Nagpur Mandi,7778.9,8602.5,8190.7,326.6
2016-03-28,Cotton,Maharashtra,Nagpur Mandi,7367.8,8033.2,7700.5,363.3
2016-04-04,Cotton,Maharashtra,Nagpur Mandi,7186.0,8413.4,7799.7,474.7
2016-04-11,Cotton,Maharashtra,Nagpur Mandi,7890.9,8816.9,8353.9,524.7
2016-04-18,Cotton,Maharashtra,Nagpur Mandi,6722.2,7951.0,7336.6,540.4
2016-04-25,Cotton,Maharashtra,Nagpur Mandi,7791.0,8453.2,8122.1,486.5
2016-05-02,Cotton,Maharashtra,Nagpur Mandi,7188.9,8030.9,7609.9,357.1
2016-05-09,Cotton,Maharashtra,Nagpur Mandi,7215.7,8316.7,7766.2,460.0
2016-05-16,Cotton,Maharashtra,Nagpur Mandi,7372.8,8036.8,7704.8,396.0
2016-05-23,Cotton,Maharashtra,Nagpur Mandi,6949.2,8195.4,7572.3,355.7
2016-05-30,Cotton,Maharashtra,Nagpur Mandi,7050.1,8145.7,7597.9,406.1
2016-06-06,Cotton,Maharashtra,Nagpur Mandi,7249.5,8522.3,7885.9,360.7
2016-06-13,Cotton,Maharashtra,Nagpur Mandi,7515.1,8879.3,8197.2,331.3
2016-06-20,Cotton,Maharashtra,Nagpur Mandi,7361.8,8576.4,7969.1,424.1
2016-06-27,Cotton,Maharashtra,Nagpur Mandi,7398.4,8112.6,7755.5,343.3
2016-07-04,Cotton,Maharashtra,Nagpur Mandi,7850.0,8834.6,8342.3,347.9
2016-07-11,Cotton,Maharashtra,Nagpur Mandi,7170.8,8546.6,7858.7,425.1
2016-07-18,Cotton,Maharashtra,Nagpur Mandi,7228.6,8215.8,7722.2,481.3
2016-07-25,Cotton,Maharashtra,Nagpur Mandi,7989.7,8870.7,8430.2,477.5
2016-08-01,Cotton,Maharashtra,Nagpur Mandi,7350.5,7994.7,7672.6,323.9
2016-08-08,Cotton,Maharashtra,Nagpur Mandi,7457.9,8153.5,7805.7,416.0
2016-08-15,Cotton,Maharashtra,Nagpur Mandi,7266.3,8110.3,7688.3,386.9
2016-08-22,Cotton,Maharashtra,Nagpur Mandi,7313.1,8203.5,7758.3,474.4
2016-08-29,Cotton,Maharashtra,Nagpur Mandi,7178.1,8239.3,7708.7,409.0
2016-09-05,Cotton,Maharashtra,Nagpur Mandi,7518.9,8796.9,8157.9,321.7
2016-09-12,Cotton,Maharashtra,Nagpur Mandi,7573.6,8998.2,8285.9,409.8
2016-09-19,Cotton,Maharashtra,Nagpur Mandi,7860.7,9042.3,8451.5,492.9
2016-09-26,Cotton,Maharashtra,Nagpur Mandi,7462.6,8333.4,7898.0,532.6
2016-10-03,Cotton,Maharashtra,Nagpur Mandi,8150.5,9068.5,8609.5,409.4
2016-10-10,Cotton,Maharashtra,Nagpur Mandi,7679.1,8342.1,8010.6,338.8
2016-10-17,Cotton,Maharashtra,Nagpur Mandi,7789.9,8695.7,8242.8,433.3
2016-10-24,Cotton,Maharashtra,Nagpur Mandi,7960.1,9224.7,8592.4,492.2
2016-10-31,Cotton,Maharashtra,Nagpur Mandi,7576.0,9044.6,8310.3,499.0
2016-11-07,Cotton,Maharashtra,Nagpur Mandi,5343.8,6356.0,5849.9,691.0
2016-11-14,Cotton,Maharashtra,Nagpur Mandi,5565.7,6329.5,5947.6,874.6
2016-11-21,Cotton,Maharashtra,Nagpur Mandi,5169.7,5897.7,5533.7,653.2
2016-11-28,Cotton,Maharashtra,Nagpur Mandi,5414.8,6423.4,5919.1,874.2
2016-12-05,Cotton,Maharashtra,Nagpur Mandi,5627.6,6252.6,5940.1,911.9
2016-12-12,Cotton,Maharashtra,Nagpur Mandi,5901.5,6862.5,6382.0,995.8
2016-12-19,Cotton,Maharashtra,Nagpur Mandi,5470.2,6391.0,5930.6,735.4
2016-12-26,Cotton,Maharashtra,Nagpur Mandi,5860.7,6678.9,6269.8,777.8
2017-01-02,Cotton,Maharashtra,Nagpur Mandi,5842.6,6546.2,6194.4,886.2
2017-01-09,Cotton,Maharashtra,Nagpur Mandi,5766.0,6769.0,6267.5,840.5
2017-01-16,Cotton,Maharashtra,Nagpur Mandi,5183.5,6111.1,5647.3,1011.9
2017-01-23,Cotton,Maharashtra,Nagpur Mandi,5398.7,6351.3,5875.0,977.8
2017-01-30,Cotton,Maharashtra,Nagpur Mandi,5536.7,6576.3,6056.5,1042.8
2017-02-06,Cotton,Maharashtra,Nagpur Mandi,7583.0,8563.0,8073.0,470.1
2017-02-13,Cotton,Maharashtra,Nagpur Mandi,8006.7,9300.3,8653.5,326.0
2017-02-20,Cotton,Maharashtra,Nagpur Mandi,7179.1,8202.9,7691.0,496.1
2017-02-27,Cotton,Maharashtra,Nagpur Mandi,7344.2,8676.0,8010.1,337.2
2017-03-06,Cotton,Maharashtra,Nagpur Mandi,7251.6,8510.0,7880.8,480.2
2017-03-13,Cotton,Maharashtra,Nagpur Mandi,7366.2,8782.4,8074.3,376.2
2017-03-20,Cotton,Maharashtra,Nagpur Mandi,8100.3,8903.9,8502.1,359.8
2017-03-27,Cotton,Maharashtra,Nagpur Mandi,8093.7,8970.5,8532.1,447.8
2017-04-03,Cotton,Maharashtra,Nagpur Mandi,7230.0,8282.0,7756.0,351.9
2017-04-10,Cotton,Maharashtra,Nagpur Mandi,8336.9,9372.7,8854.8,359.6
2017-04-17,Cotton,Maharashtra,Nagpur Mandi,8165.2,8989.6,8577.4,521.1
2017-04-24,Cotton,Maharashtra,Nagpur Mandi,7270.1,8313.1,7791.6,542.2
2017-05-01,Cotton,Maharashtra,Nagpur Mandi,8114.6,9473.6,8794.1,371.3
2017-05-08,Cotton,Maharashtra,Nagpur Mandi,7739.6,8600.0,8169.8,445.2
2017-05-15,Cotton,Maharashtra,Nagpur Mandi,7626.2,8298.4,7962.3,445.1
2017-05-22,Cotton,Maharashtra,Nagpur Mandi,7794.4,9298.6,8546.5,502.0
2017-05-29,Cotton,Maharashtra,Nagpur Mandi,8332.8,9258.8,8795.8,395.4
2017-06-05,Cotton,Maharashtra,Nagpur Mandi,7738.3,8942.1,8340.2,381.7
2017-06-12,Cotton,Maharashtra,Nagpur Mandi,8082.4,9669.8,8876.1,493.1
2017-06-19,Cotton,Maharashtra,Nagpur Mandi,8481.1,9487.9,8984.5,397.9
2017-06-26,Cotton,Maharashtra,Nagpur Mandi,7526.0,8275.2,7900.6,456.1
2017-07-03,Cotton,Maharashtra,Nagpur Mandi,7952.3,8830.9,8391.6,393.6
2017-07-10,Cotton,Maharashtra,Nagpur Mandi,7662.4,9025.6,8344.0,353.0
2017-07-17,Cotton,Maharashtra,Nagpur Mandi,8138.1,9682.1,8910.1,452.8
2017-07-24,Cotton,Maharashtra,Nagpur Mandi,7842.1,9006.5,8424.3,391.6
2017-07-31,Cotton,Maharashtra,Nagpur Mandi,8143.4,9410.8,8777.1,384.8
2017-08-07,Cotton,Maharashtra,Nagpur Mandi,8600.9,9428.9,9014.9,542.4
2017-08-14,Cotton,Maharashtra,Nagpur Mandi,7610.5,9017.3,8313.9,441.7
2017-08-21,Cotton,Maharashtra,Nagpur Mandi,8109.1,9008.5,8558.8,505.6
2017-08-28,Cotton,Maharashtra,Nagpur Mandi,7435.6,8824.4,8130.0,528.9
2017-09-04,Cotton,Maharashtra,Nagpur Mandi,7789.7,8677.5,8233.6,358.0
2017-09-11,Cotton,Maharashtra,Nagpur Mandi,8017.1,9265.7,8641.4,461.0
2017-09-18,Cotton,Maharashtra,Nagpur Mandi,7828.5,8952.5,8390.5,451.0
2017-09-25,Cotton,Maharashtra,Nagpur Mandi,7880.0,8608.2,8244.1,376.7
2017-10-02,Cotton,Maharashtra,Nagpur Mandi,7526.8,8917.2,8222.0,386.2
2017-10-09,Cotton,Maharashtra,Nagpur Mandi,7961.5,8693.1,8327.3,537.9
2017-10-16,Cotton,Maharashtra,Nagpur Mandi,7707.0,8884.6,8295.8,341.6
2017-10-23,Cotton,Maharashtra,Nagpur Mandi,8341.6,9518.6,8930.1,437.5
2017-10-30,Cotton,Maharashtra,Nagpur Mandi,7915.3,8842.5,8378.9,450.4
2017-11-06,Cotton,Maharashtra,Nagpur Mandi,5998.5,7062.5,6530.5,678.2
2017-11-13,Cotton,Maharashtra,Nagpur Mandi,5350.7,6361.3,5856.0,1025.3
2017-11-20,Cotton,Maharashtra,Nagpur Mandi,6094.0,6854.4,6474.2,748.1
2017-11-27,Cotton,Maharashtra,Nagpur Mandi,6128.1,7008.1,6568.1,978.8
2017-12-04,Cotton,Maharashtra,Nagpur Mandi,5725.9,6280.5,6003.2,736.6
2017-12-11,Cotton,Maharashtra,Nagpur Mandi,5844.5,6673.5,6259.0,623.3
2017-12-18,Cotton,Maharashtra,Nagpur Mandi,5443.0,6362.4,5902.7,1049.5
2017-12-25,Cotton,Maharashtra,Nagpur Mandi,6046.5,6662.3,6354.4,912.4
2018-01-01,Cotton,Maharashtra,Nagpur Mandi,6305.1,7185.9,6745.5,808.3
2018-01-08,Cotton,Maharashtra,Nagpur Mandi,6111.0,6791.4,6451.2,1037.1
2018-01-15,Cotton,Maharashtra,Nagpur Mandi,5826.2,6924.0,6375.1,660.8
2018-01-22,Cotton,Maharashtra,Nagpur Mandi,5491.7,6400.3,5946.0,730.0
2018-01-29,Cotton,Maharashtra,Nagpur Mandi,5986.2,7167.2,6576.7,942.8
2018-02-05,Cotton,Maharashtra,Nagpur Mandi,7856.6,9112.0,8484.3,410.6
2018-02-12,Cotton,Maharashtra,Nagpur Mandi,8069.1,9079.9,8574.5,420.7
2018-02-19,Cotton,Maharashtra,Nagpur Mandi,7932.1,8932.7,8432.4,398.5
2018-02-26,Cotton,Maharashtra,Nagpur Mandi,8583.9,9707.5,9145.7,335.1
2018-03-05,Cotton,Maharashtra,Nagpur Mandi,8405.0,9190.6,8797.8,398.9
2018-03-12,Cotton,Maharashtra,Nagpur Mandi,8785.7,9889.5,9337.6,483.8
2018-03-19,Cotton,Maharashtra,Nagpur Mandi,8186.2,9649.8,8918.0,400.8
2018-03-26,Cotton,Maharashtra,Nagpur Mandi,7670.1,8782.1,8226.1,395.5
2018-04-02,Cotton,Maharashtra,Nagpur Mandi,8690.5,9866.7,9278.6,363.1
2018-04-09,Cotton,Maharashtra,Nagpur Mandi,8034.9,9477.5,8756.2,534.2
2018-04-16,Cotton,Maharashtra,Nagpur Mandi,8651.9,9952.1,9302.0,526.1
2018-04-23,Cotton,Maharashtra,Nagpur Mandi,8521.5,9963.5,9242.5,463.1
2018-04-30,Cotton,Maharashtra,Nagpur Mandi,7700.8,8864.2,8282.5,315.8
2018-05-07,Cotton,Maharashtra,Nagpur Mandi,8210.4,9675.0,8942.7,360.7
2018-05-14,Cotton,Maharashtra,Nagpur Mandi,8506.2,10031.8,9269.0,540.1
2018-05-21,Cotton,Maharashtra,Nagpur Mandi,8512.0,9952.4,9232.2,458.1
2018-05-28,Cotton,Maharashtra,Nagpur Mandi,8404.1,9526.9,8965.5,341.7
2018-06-04,Cotton,Maharashtra,Nagpur Mandi,8849.7,9963.7,9406.7,541.9
2018-06-11,Cotton,Maharashtra,Nagpur Mandi,8235.4,9497.4,8866.4,322.2
2018-06-18,Cotton,Maharashtra,Nagpur Mandi,8403.0,9201.4,8802.2,331.2
2018-06-25,Cotton,Maharashtra,Nagpur Mandi,8994.7,9952.9,9473.8,524.9
2018-07-02,Cotton,Maharashtra,Nagpur Mandi,8187.5,9144.3,8665.9,526.1
2018-07-09,Cotton,Maharashtra,Nagpur Mandi,7959.5,9134.1,8546.8,475.4
2018-07-16,Cotton,Maharashtra,Nagpur Mandi,7888.1,9273.9,8581.0,532.4
2018-07-23,Cotton,Maharashtra,Nagpur Mandi,8160.3,9477.1,8818.7,440.5
2018-07-30,Cotton,Maharashtra,Nagpur Mandi,8567.3,9874.3,9220.8,529.3
2018-08-06,Cotton,Maharashtra,Nagpur Mandi,7893.2,9316.8,8605.0,491.5
2018-08-13,Cotton,Maharashtra,Nagpur Mandi,8709.5,9890.5,9300.0,320.6
2018-08-20,Cotton,Maharashtra,Nagpur Mandi,8454.1,9842.9,9148.5,494.6
2018-08-27,Cotton,Maharashtra,Nagpur Mandi,7922.9,9245.7,8584.3,369.3
2018-09-03,Cotton,Maharashtra,Nagpur Mandi,8382.2,9203.6,8792.9,539.0
2018-09-10,Cotton,Maharashtra,Nagpur Mandi,8369.6,9529.2,8949.4,416.2
2018-09-17,Cotton,Maharashtra,Nagpur Mandi,9091.5,10180.3,9635.9,480.5
2018-09-24,Cotton,Maharashtra,Nagpur Mandi,7830.4,9075.8,8453.1,321.7
2018-10-01,Cotton,Maharashtra,Nagpur Mandi,8888.1,10255.5,9571.8,385.6
2018-10-08,Cotton,Maharashtra,Nagpur Mandi,8881.2,10309.2,9595.2,356.6
2018-10-15,Cotton,Maharashtra,Nagpur Mandi,8665.1,10122.9,9394.0,381.0
2018-10-22,Cotton,Maharashtra,Nagpur Mandi,8034.0,8976.0,8505.0,440.7
2018-10-29,Cotton,Maharashtra,Nagpur Mandi,8353.0,9499.2,8926.1,407.7
2018-11-05,Cotton,Maharashtra,Nagpur Mandi,5927.1,6686.7,6306.9,626.9
2018-11-12,Cotton,Maharashtra,Nagpur Mandi,5845.5,6866.1,6355.8,634.1
2018-11-19,Cotton,Maharashtra,Nagpur Mandi,6007.9,6868.9,6438.4,817.0
2018-11-26,Cotton,Maharashtra,Nagpur Mandi,6133.5,6885.3,6509.4,999.0
2018-12-03,Cotton,Maharashtra,Nagpur Mandi,6277.4,7102.8,6690.1,687.6
2018-12-10,Cotton,Maharashtra,Nagpur Mandi,6091.2,6813.0,6452.1,830.7
2018-12-17,Cotton,Maharashtra,Nagpur Mandi,6686.8,7452.6,7069.7,807.0
2018-12-24,Cotton,Maharashtra,Nagpur Mandi,6466.7,7485.5,6976.1,909.2
2018-12-31,Cotton,Maharashtra,Nagpur Mandi,6070.5,6860.3,6465.4,802.6
2019-01-07,Cotton,Maharashtra,Nagpur Mandi,5873.3,6762.1,6317.7,660.4
2019-01-14,Cotton,Maharashtra,Nagpur Mandi,6234.6,7150.8,6692.7,927.8
2019-01-21,Cotton,Maharashtra,Nagpur Mandi,6065.6,6577.2,6321.4,981.1
2019-01-28,Cotton,Maharashtra,Nagpur Mandi,6761.3,7619.3,7190.3,947.2
2019-02-04,Cotton,Maharashtra,Nagpur Mandi,8110.7,9264.3,8687.5,384.4
2019-02-11,Cotton,Maharashtra,Nagpur Mandi,8034.4,9518.6,8776.5,501.0
2019-02-18,Cotton,Maharashtra,Nagpur Mandi,8774.1,9653.1,9213.6,485.6
2019-02-25,Cotton,Maharashtra,Nagpur Mandi,8442.4,9414.4,8928.4,499.5
2019-03-04,Cotton,Maharashtra,Nagpur Mandi,8909.3,10231.5,9570.4,498.8
2019-03-11,Cotton,Maharashtra,Nagpur Mandi,7937.3,9365.7,8651.5,361.2
2019-03-18,Cotton,Maharashtra,Nagpur Mandi,8998.0,10180.4,9589.2,459.1
2019-03-25,Cotton,Maharashtra,Nagpur Mandi,8924.0,9819.2,9371.6,340.1
2019-04-01,Cotton,Maharashtra,Nagpur Mandi,8833.3,10393.9,9613.6,320.8
2019-04-08,Cotton,Maharashtra,Nagpur Mandi,9278.9,10629.7,9954.3,515.6
2019-04-15,Cotton,Maharashtra,Nagpur Mandi,9022.8,10799.2,9911.0,328.5
2019-04-22,Cotton,Maharashtra,Nagpur Mandi,8598.8,10297.0,9447.9,416.8
2019-04-29,Cotton,Maharashtra,Nagpur Mandi,9451.5,10436.9,9944.2,395.2
2019-05-06,Cotton,Maharashtra,Nagpur Mandi,8173.4,9510.0,8841.7,452.5
2019-05-13,Cotton,Maharashtra,Nagpur Mandi,9395.4,10503.4,9949.4,431.6
2019-05-20,Cotton,Maharashtra,Nagpur Mandi,9026.2,10177.2,9601.7,338.4
2019-05-27,Cotton,Maharashtra,Nagpur Mandi,9331.3,10240.5,9785.9,501.1
2019-06-03,Cotton,Maharashtra,Nagpur Mandi,9183.6,10626.6,9905.1,437.1
2019-06-10,Cotton,Maharashtra,Nagpur Mandi,8785.4,9786.6,9286.0,344.5
2019-06-17,Cotton,Maharashtra,Nagpur Mandi,9260.9,10249.7,9755.3,513.4
2019-06-24,Cotton,Maharashtra,Nagpur Mandi,9191.5,10970.7,10081.1,344.3
2019-07-01,Cotton,Maharashtra,Nagpur Mandi,9702.0,10510.8,10106.4,343.5
2019-07-08,Cotton,Maharashtra,Nagpur Mandi,8913.8,10616.8,9765.3,489.1
2019-07-15,Cotton,Maharashtra,Nagpur Mandi,8997.2,10259.2,9628.2,358.4
2019-07-22,Cotton,Maharashtra,Nagpur Mandi,8761.4,10168.0,9464.7,387.5
2019-07-29,Cotton,Maharashtra,Nagpur Mandi,8447.5,9788.9,9118.2,476.6
2019-08-05,Cotton,Maharashtra,Nagpur Mandi,8912.9,10056.9,9484.9,363.2
2019-08-12,Cotton,Maharashtra,Nagpur Mandi,8620.5,9874.1,9247.3,320.4
2019-08-19,Cotton,Maharashtra,Nagpur Mandi,8790.2,9664.8,9227.5,511.9
2019-08-26,Cotton,Maharashtra,Nagpur Mandi,9213.2,10762.2,9987.7,454.6
2019-09-02,Cotton,Maharashtra,Nagpur Mandi,9102.9,10344.3,9723.6,450.7
2019-09-09,Cotton,Maharashtra,Nagpur Mandi,9243.6,10374.6,9809.1,508.7
2019-09-16,Cotton,Maharashtra,Nagpur Mandi,8782.8,9540.0,9161.4,514.9
2019-09-23,Cotton,Maharashtra,Nagpur Mandi,8906.7,9786.7,9346.7,446.9
2019-09-30,Cotton,Maharashtra,Nagpur Mandi,9053.1,10146.1,9599.6,458.3
2019-10-07,Cotton,Maharashtra,Nagpur Mandi,9630.8,10656.6,10143.7,476.3
2019-10-14,Cotton,Maharashtra,Nagpur Mandi,8661.8,9751.6,9206.7,480.5
2019-10-21,Cotton,Maharashtra,Nagpur Mandi,8542.0,9477.8,9009.9,317.1
2019-10-28,Cotton,Maharashtra,Nagpur Mandi,8536.4,9693.6,9115.0,326.1
2019-11-04,Cotton,Maharashtra,Nagpur Mandi,6401.7,6998.9,6700.3,780.5
2019-11-11,Cotton,Maharashtra,Nagpur Mandi,6016.6,7167.8,6592.2,659.8
2019-11-18,Cotton,Maharashtra,Nagpur Mandi,6935.9,7810.7,7373.3,839.2
2019-11-25,Cotton,Maharashtra,Nagpur Mandi,6298.9,7534.7,6916.8,683.4
2019-12-02,Cotton,Maharashtra,Nagpur Mandi,6479.1,7248.5,6863.8,683.4
2019-12-09,Cotton,Maharashtra,Nagpur Mandi,6752.7,7583.3,7168.0,1024.3
2019-12-16,Cotton,Maharashtra,Nagpur Mandi,6700.9,7514.9,7107.9,893.8
2019-12-23,Cotton,Maharashtra,Nagpur Mandi,6716.3,7387.3,7051.8,783.4
2019-12-30,Cotton,Maharashtra,Nagpur Mandi,6770.9,7452.1,7111.5,892.2
2020-01-06,Cotton,Maharashtra,Nagpur Mandi,6369.4,7038.6,6704.0,1018.3
2020-01-13,Cotton,Maharashtra,Nagpur Mandi,6421.1,7005.7,6713.4,1002.7
2020-01-20,Cotton,Maharashtra,Nagpur Mandi,6713.7,7921.9,7317.8,923.8
2020-01-27,Cotton,Maharashtra,Nagpur Mandi,6721.9,7351.5,7036.7,810.3
2020-02-03,Cotton,Maharashtra,Nagpur Mandi,9637.5,10648.5,10143.0,477.7
2020-02-10,Cotton,Maharashtra,Nagpur Mandi,8661.6,9622.4,9142.0,505.1
2020-02-17,Cotton,Maharashtra,Nagpur Mandi,9212.7,10630.5,9921.6,499.6
2020-02-24,Cotton,Maharashtra,Nagpur Mandi,9735.1,11107.7,10421.4,364.1
2020-03-02,Cotton,Maharashtra,Nagpur Mandi,9754.6,10716.2,10235.4,382.1
2020-03-09,Cotton,Maharashtra,Nagpur Mandi,9463.4,10625.2,10044.3,434.5
2020-03-16,Cotton,Maharashtra,Nagpur Mandi,8609.4,9790.8,9200.1,505.2
2020-03-23,Cotton,Maharashtra,Nagpur Mandi,9926.1,10800.1,10363.1,367.9
2020-03-30,Cotton,Maharashtra,Nagpur Mandi,8911.9,10247.3,9579.6,377.1
2020-04-06,Cotton,Maharashtra,Nagpur Mandi,8538.9,9978.3,9258.6,539.1
2020-04-13,Cotton,Maharashtra,Nagpur Mandi,8930.2,10086.0,9508.1,469.7
2020-04-20,Cotton,Maharashtra,Nagpur Mandi,9716.3,10597.9,10157.1,398.2
2020-04-27,Cotton,Maharashtra,Nagpur Mandi,8843.3,10549.9,9696.6,387.1
2020-05-04,Cotton,Maharashtra,Nagpur Mandi,9797.7,10953.1,10375.4,394.0
2020-05-11,Cotton,Maharashtra,Nagpur Mandi,9722.3,11292.5,10507.4,422.5
2020-05-18,Cotton,Maharashtra,Nagpur Mandi,8906.9,10091.7,9499.3,499.8
2020-05-25,Cotton,Maharashtra,Nagpur Mandi,8783.5,10175.7,9479.6,451.8
2020-06-01,Cotton,Maharashtra,Nagpur Mandi,9844.0,11337.8,10590.9,453.8
2020-06-08,Cotton,Maharashtra,Nagpur Mandi,8838.8,10382.6,9610.7,365.8
2020-06-15,Cotton,Maharashtra,Nagpur Mandi,9856.6,11462.8,10659.7,525.6
2020-06-22,Cotton,Maharashtra,Nagpur Mandi,9195.6,10853.2,10024.4,401.7
2020-06-29,Cotton,Maharashtra,Nagpur Mandi,9336.8,10527.2,9932.0,403.1
2020-07-06,Cotton,Maharashtra,Nagpur Mandi,9937.4,10793.0,10365.2,530.5
2020-07-13,Cotton,Maharashtra,Nagpur Mandi,9407.7,10915.5,10161.6,507.8
2020-07-20,Cotton,Maharashtra,Nagpur Mandi,9153.9,10115.7,9634.8,321.4
2020-07-27,Cotton,Maharashtra,Nagpur Mandi,9734.7,10746.3,10240.5,431.8
2020-08-03,Cotton,Maharashtra,Nagpur Mandi,9938.5,11510.7,10724.6,544.6
2020-08-10,Cotton,Maharashtra,Nagpur Mandi,9623.6,11449.6,10536.6,435.4
2020-08-17,Cotton,Maharashtra,Nagpur Mandi,9868.6,10701.2,10284.9,356.1
2020-08-24,Cotton,Maharashtra,Nagpur Mandi,9305.4,10901.4,10103.4,364.5
2020-08-31,Cotton,Maharashtra,Nagpur Mandi,9373.0,10696.8,10034.9,418.2
2020-09-07,Cotton,Maharashtra,Nagpur Mandi,9699.2,10679.8,10189.5,445.8
2020-09-14,Cotton,Maharashtra,Nagpur Mandi,9816.5,11737.7,10777.1,514.1
2020-09-21,Cotton,Maharashtra,Nagpur Mandi,9448.7,10895.5,10172.1,473.2
2020-09-28,Cotton,Maharashtra,Nagpur Mandi,10063.0,11547.6,10805.3,370.3
2020-10-05,Cotton,Maharashtra,Nagpur Mandi,9173.3,10962.3,10067.8,536.9
2020-10-12,Cotton,Maharashtra,Nagpur Mandi,9680.4,10955.4,10317.9,403.0
2020-10-19,Cotton,Maharashtra,Nagpur Mandi,9837.8,10750.0,10293.9,351.8
2020-10-26,Cotton,Maharashtra,Nagpur Mandi,9069.1,10290.7,9679.9,482.4
2020-11-02,Cotton,Maharashtra,Nagpur Mandi,7204.0,7967.6,7585.8,999.2
2020-11-09,Cotton,Maharashtra,Nagpur Mandi,7528.5,8173.9,7851.2,1051.1
2020-11-16,Cotton,Maharashtra,Nagpur Mandi,7121.6,8240.0,7680.8,655.5
2020-11-23,Cotton,Maharashtra,Nagpur Mandi,7248.8,8105.0,7676.9,1007.5
2020-11-30,Cotton,Maharashtra,Nagpur Mandi,7027.6,8283.2,7655.4,972.3
2020-12-07,Cotton,Maharashtra,Nagpur Mandi,7212.5,7881.1,7546.8,1022.0
2020-12-14,Cotton,Maharashtra,Nagpur Mandi,7588.5,8239.7,7914.1,608.7
2020-12-21,Cotton,Maharashtra,Nagpur Mandi,6988.3,7725.9,7357.1,810.5
2020-12-28,Cotton,Maharashtra,Nagpur Mandi,6624.6,7477.8,7051.2,918.1
2021-01-04,Cotton,Maharashtra,Nagpur Mandi,6688.9,7443.3,7066.1,609.3
2021-01-11,Cotton,Maharashtra,Nagpur Mandi,7300.4,8247.8,7774.1,917.1
2021-01-18,Cotton,Maharashtra,Nagpur Mandi,7434.0,8615.4,8024.7,832.5
2021-01-25,Cotton,Maharashtra,Nagpur Mandi,6848.4,8057.4,7452.9,940.7
2021-02-01,Cotton,Maharashtra,Nagpur Mandi,9843.0,11531.4,10687.2,459.7
2021-02-08,Cotton,Maharashtra,Nagpur Mandi,9516.1,11122.3,10319.2,426.1
2021-02-15,Cotton,Maharashtra,Nagpur Mandi,9599.2,10501.8,10050.5,443.5
2021-02-22,Cotton,Maharashtra,Nagpur Mandi,9206.1,10933.9,10070.0,539.1
2021-03-01,Cotton,Maharashtra,Nagpur Mandi,10078.5,11155.5,10617.0,384.2
2021-03-08,Cotton,Maharashtra,Nagpur Mandi,9600.9,11144.7,10372.8,525.4
2021-03-15,Cotton,Maharashtra,Nagpur Mandi,10098.2,11885.8,10992.0,510.5
2021-03-22,Cotton,Maharashtra,Nagpur Mandi,10007.2,10864.0,10435.6,477.6
2021-03-29,Cotton,Maharashtra,Nagpur Mandi,9342.8,10419.2,9881.0,354.5
2021-04-05,Cotton,Maharashtra,Nagpur Mandi,9631.2,10462.2,10046.7,323.8
2021-04-12,Cotton,Maharashtra,Nagpur Mandi,9941.5,11662.1,10801.8,481.6
2021-04-19,Cotton,Maharashtra,Nagpur Mandi,10076.2,11651.2,10863.7,395.7
2021-04-26,Cotton,Maharashtra,Nagpur Mandi,10343.3,12079.9,11211.6,415.8
2021-05-03,Cotton,Maharashtra,Nagpur Mandi,9838.2,11290.6,10564.4,520.1
2021-05-10,Cotton,Maharashtra,Nagpur Mandi,9805.9,11722.1,10764.0,480.5
2021-05-17,Cotton,Maharashtra,Nagpur Mandi,8971.7,10701.1,9836.4,519.2
2021-05-24,Cotton,Maharashtra,Nagpur Mandi,10346.1,11313.5,10829.8,501.2
2021-05-31,Cotton,Maharashtra,Nagpur Mandi,10170.8,11404.4,10787.6,410.6
2021-06-07,Cotton,Maharashtra,Nagpur Mandi,9436.7,11061.5,10249.1,419.5
2021-06-14,Cotton,Maharashtra,Nagpur Mandi,9487.1,11222.3,10354.7,354.6
2021-06-21,Cotton,Maharashtra,Nagpur Mandi,9510.7,11309.5,10410.1,473.9
2021-06-28,Cotton,Maharashtra,Nagpur Mandi,9687.4,11371.4,10529.4,421.6
2021-07-05,Cotton,Maharashtra,Nagpur Mandi,9797.9,11494.9,10646.4,379.9
2021-07-12,Cotton,Maharashtra,Nagpur Mandi,10269.5,11934.5,11102.0,373.4
2021-07-19,Cotton,Maharashtra,Nagpur Mandi,10345.0,11454.8,10899.9,367.2
2021-07-26,Cotton,Maharashtra,Nagpur Mandi,10427.7,11694.1,11060.9,376.2
2021-08-02,Cotton,Maharashtra,Nagpur Mandi,9831.8,10736.8,10284.3,351.7
2021-08-09,Cotton,Maharashtra,Nagpur Mandi,10256.7,11682.1,10969.4,452.6
2021-08-16,Cotton,Maharashtra,Nagpur Mandi,9643.3,10546.3,10094.8,327.0
2021-08-23,Cotton,Maharashtra,Nagpur Mandi,10468.9,12453.9,11461.4,411.9
2021-08-30,Cotton,Maharashtra,Nagpur Mandi,10819.5,11750.5,11285.0,404.4
2021-09-06,Cotton,Maharashtra,Nagpur Mandi,9941.2,11455.0,10698.1,464.2
2021-09-13,Cotton,Maharashtra,Nagpur Mandi,10396.5,12452.7,11424.6,344.0
2021-09-20,Cotton,Maharashtra,Nagpur Mandi,10356.1,11284.9,10820.5,324.7
2021-09-27,Cotton,Maharashtra,Nagpur Mandi,10331.1,11895.7,11113.4,508.4
2021-10-04,Cotton,Maharashtra,Nagpur Mandi,10797.7,12020.9,11409.3,381.0
2021-10-11,Cotton,Maharashtra,Nagpur Mandi,9987.7,11527.9,10757.8,424.8
2021-10-18,Cotton,Maharashtra,Nagpur Mandi,10351.2,11810.4,11080.8,513.5
2021-10-25,Cotton,Maharashtra,Nagpur Mandi,10321.1,11199.5,10760.3,510.3
2021-11-01,Cotton,Maharashtra,Nagpur Mandi,7746.5,8425.5,8086.0,985.3
2021-11-08,Cotton,Maharashtra,Nagpur Mandi,7794.5,8508.5,8151.5,979.7
2021-11-15,Cotton,Maharashtra,Nagpur Mandi,6902.6,8104.8,7503.7,810.1
2021-11-22,Cotton,Maharashtra,Nagpur Mandi,7537.3,8612.3,8074.8,710.5
2021-11-29,Cotton,Maharashtra,Nagpur Mandi,7434.0,8260.4,7847.2,820.2
2021-12-06,Cotton,Maharashtra,Nagpur Mandi,7785.4,8461.0,8123.2,769.4
2021-12-13,Cotton,Maharashtra,Nagpur Mandi,7613.0,9101.2,8357.1,1027.3
2021-12-20,Cotton,Maharashtra,Nagpur Mandi,7383.7,8050.5,7717.1,611.7
2021-12-27,Cotton,Maharashtra,Nagpur Mandi,7390.3,8448.1,7919.2,760.9
2022-01-03,Cotton,Maharashtra,Nagpur Mandi,7520.4,8176.6,7848.5,648.3
2022-01-10,Cotton,Maharashtra,Nagpur Mandi,7541.7,8201.9,7871.8,919.6
2022-01-17,Cotton,Maharashtra,Nagpur Mandi,7484.3,8182.9,7833.6,927.5
2022-01-24,Cotton,Maharashtra,Nagpur Mandi,7527.2,8660.8,8094.0,801.6
2022-01-31,Cotton,Maharashtra,Nagpur Mandi,7780.4,8930.8,8355.6,667.0
2022-02-07,Cotton,Maharashtra,Nagpur Mandi,10194.6,11367.8,10781.2,515.3
2022-02-14,Cotton,Maharashtra,Nagpur Mandi,10797.1,11935.3,11366.2,315.1
2022-02-21,Cotton,Maharashtra,Nagpur Mandi,10679.1,12742.7,11710.9,464.8
2022-02-28,Cotton,Maharashtra,Nagpur Mandi,10636.0,11988.6,11312.3,405.0
2022-03-07,Cotton,Maharashtra,Nagpur Mandi,10006.3,11110.9,10558.6,544.9
2022-03-14,Cotton,Maharashtra,Nagpur Mandi,10229.1,11266.1,10747.6,414.8
2022-03-21,Cotton,Maharashtra,Nagpur Mandi,10721.2,12780.4,11750.8,521.8
2022-03-28,Cotton,Maharashtra,Nagpur Mandi,10025.4,11728.2,10876.8,512.1
2022-04-04,Cotton,Maharashtra,Nagpur Mandi,10270.8,12285.6,11278.2,353.2
2022-04-11,Cotton,Maharashtra,Nagpur Mandi,10717.0,12033.8,11375.4,524.2
2022-04-18,Cotton,Maharashtra,Nagpur Mandi,10183.9,11117.7,10650.8,507.2
2022-04-25,Cotton,Maharashtra,Nagpur Mandi,10364.8,11725.4,11045.1,430.7
2022-05-02,Cotton,Maharashtra,Nagpur Mandi,9997.2,11407.0,10702.1,493.0
2022-05-09,Cotton,Maharashtra,Nagpur Mandi,10492.3,12249.9,11371.1,387.8
2022-05-16,Cotton,Maharashtra,Nagpur Mandi,10248.7,11166.7,10707.7,533.5
2022-05-23,Cotton,Maharashtra,Nagpur Mandi,10953.4,11917.8,11435.6,379.4
2022-05-30,Cotton,Maharashtra,Nagpur Mandi,10698.6,12766.2,11732.4,343.1
2022-06-06,Cotton,Maharashtra,Nagpur Mandi,10546.6,12349.0,11447.8,392.5
2022-06-13,Cotton,Maharashtra,Nagpur Mandi,9743.2,11549.0,10646.1,335.4
2022-06-20,Cotton,Maharashtra,Nagpur Mandi,10722.4,12440.8,11581.6,419.7
2022-06-27,Cotton,Maharashtra,Nagpur Mandi,10562.0,11490.6,11026.3,514.3
2022-07-04,Cotton,Maharashtra,Nagpur Mandi,10778.9,12558.7,11668.8,365.5
2022-07-11,Cotton,Maharashtra,Nagpur Mandi,9826.5,11248.1,10537.3,416.9
2022-07-18,Cotton,Maharashtra,Nagpur Mandi,9982.1,11468.1,10725.1,403.5
2022-07-25,Cotton,Maharashtra,Nagpur Mandi,10093.0,11559.4,10826.2,390.6
2022-08-01,Cotton,Maharashtra,Nagpur Mandi,9716.5,11333.9,10525.2,341.0
2022-08-08,Cotton,Maharashtra,Nagpur Mandi,10550.4,12079.0,11314.7,455.3
2022-08-15,Cotton,Maharashtra,Nagpur Mandi,10276.8,12175.4,11226.1,479.0
2022-08-22,Cotton,Maharashtra,Nagpur Mandi,10958.3,12305.7,11632.0,329.5
2022-08-29,Cotton,Maharashtra,Nagpur Mandi,10935.1,13089.9,12012.5,472.5
2022-09-05,Cotton,Maharashtra,Nagpur Mandi,9996.7,11428.5,10712.6,535.7
2022-09-12,Cotton,Maharashtra,Nagpur Mandi,10745.1,11781.3,11263.2,463.8
2022-09-19,Cotton,Maharashtra,Nagpur Mandi,10377.2,11445.0,10911.1,468.8
2022-09-26,Cotton,Maharashtra,Nagpur Mandi,10749.3,12623.9,11686.6,330.0
2022-10-03,Cotton,Maharashtra,Nagpur Mandi,10674.7,12337.7,11506.2,517.3
2022-10-10,Cotton,Maharashtra,Nagpur Mandi,11188.1,12472.7,11830.4,381.6
2022-10-17,Cotton,Maharashtra,Nagpur Mandi,9930.6,11814.8,10872.7,537.0
2022-10-24,Cotton,Maharashtra,Nagpur Mandi,10924.4,12556.0,11740.2,409.9
2022-10-31,Cotton,Maharashtra,Nagpur Mandi,10860.3,11868.3,11364.3,478.5
2022-11-07,Cotton,Maharashtra,Nagpur Mandi,8358.3,9137.7,8748.0,760.0
2022-11-14,Cotton,Maharashtra,Nagpur Mandi,7749.8,8897.0,8323.4,710.6
2022-11-21,Cotton,Maharashtra,Nagpur Mandi,7832.5,9084.3,8458.4,739.0
2022-11-28,Cotton,Maharashtra,Nagpur Mandi,7703.7,8776.7,8240.2,1022.1
2022-12-05,Cotton,Maharashtra,Nagpur Mandi,7714.2,8907.0,8310.6,915.8
2022-12-12,Cotton,Maharashtra,Nagpur Mandi,7464.7,8381.5,7923.1,929.1
2022-12-19,Cotton,Maharashtra,Nagpur Mandi,8315.6,9155.6,8735.6,866.0
2022-12-26,Cotton,Maharashtra,Nagpur Mandi,8158.8,9016.2,8587.5,838.6
2023-01-02,Cotton,Maharashtra,Nagpur Mandi,7662.5,8990.5,8326.5,614.2
2023-01-09,Cotton,Maharashtra,Nagpur Mandi,7694.6,8379.4,8037.0,726.6
2023-01-16,Cotton,Maharashtra,Nagpur Mandi,7632.2,8611.2,8121.7,816.2
2023-01-23,Cotton,Maharashtra,Nagpur Mandi,8599.4,9566.6,9083.0,763.3
2023-01-30,Cotton,Maharashtra,Nagpur Mandi,7916.1,8846.9,8381.5,621.3
2023-02-06,Cotton,Maharashtra,Nagpur Mandi,10903.7,12516.9,11710.3,459.9
2023-02-13,Cotton,Maharashtra,Nagpur Mandi,10986.7,12968.3,11977.5,315.5
2023-02-20,Cotton,Maharashtra,Nagpur Mandi,10996.3,12857.9,11927.1,420.6
2023-02-27,Cotton,Maharashtra,Nagpur Mandi,11296.7,12892.3,12094.5,429.3
2023-03-06,Cotton,Maharashtra,Nagpur Mandi,11154.5,12214.1,11684.3,402.5
2023-03-13,Cotton,Maharashtra,Nagpur Mandi,10689.0,11772.8,11230.9,324.0
2023-03-20,Cotton,Maharashtra,Nagpur Mandi,10400.0,12024.8,11212.4,352.4
2023-03-27,Cotton,Maharashtra,Nagpur Mandi,10863.1,11913.3,11388.2,353.0
2023-04-03,Cotton,Maharashtra,Nagpur Mandi,11036.5,12978.5,12007.5,401.1
2023-04-10,Cotton,Maharashtra,Nagpur Mandi,10435.2,12155.8,11295.5,338.0
2023-04-17,Cotton,Maharashtra,Nagpur Mandi,11465.9,12808.1,12137.0,384.4
2023-04-24,Cotton,Maharashtra,Nagpur Mandi,11043.5,12935.3,11989.4,399.9
2023-05-01,Cotton,Maharashtra,Nagpur Mandi,10497.8,12213.0,11355.4,514.4
2023-05-08,Cotton,Maharashtra,Nagpur Mandi,10565.4,12569.8,11567.6,494.4
2023-05-15,Cotton,Maharashtra,Nagpur Mandi,10826.2,12087.0,11456.6,504.7
2023-05-22,Cotton,Maharashtra,Nagpur Mandi,10490.0,12077.6,11283.8,315.2
2023-05-29,Cotton,Maharashtra,Nagpur Mandi,10695.7,12377.1,11536.4,383.1
2023-06-05,Cotton,Maharashtra,Nagpur Mandi,10394.2,11748.2,11071.2,412.4
2023-06-12,Cotton,Maharashtra,Nagpur Mandi,10840.6,12121.6,11481.1,452.6
2023-06-19,Cotton,Maharashtra,Nagpur Mandi,11587.9,13520.3,12554.1,335.6
2023-06-26,Cotton,Maharashtra,Nagpur Mandi,11504.1,12693.9,12099.0,536.8
2023-07-03,Cotton,Maharashtra,Nagpur Mandi,10231.4,12051.6,11141.5,436.0
2023-07-10,Cotton,Maharashtra,Nagpur Mandi,11612.0,13604.6,12608.3,512.4
2023-07-17,Cotton,Maharashtra,Nagpur Mandi,10988.0,12504.2,11746.1,524.0
2023-07-24,Cotton,Maharashtra,Nagpur Mandi,11444.6,12981.4,12213.0,345.5
2023-07-31,Cotton,Maharashtra,Nagpur Mandi,11537.6,13109.0,12323.3,371.8
2023-08-07,Cotton,Maharashtra,Nagpur Mandi,10906.0,12342.6,11624.3,468.5
2023-08-14,Cotton,Maharashtra,Nagpur Mandi,10659.3,12552.7,11606.0,392.7
2023-08-21,Cotton,Maharashtra,Nagpur Mandi,10352.8,12223.6,11288.2,400.5
2023-08-28,Cotton,Maharashtra,Nagpur Mandi,11699.8,13899.8,12799.8,333.8
2023-09-04,Cotton,Maharashtra,Nagpur Mandi,11005.4,12413.6,11709.5,520.6
2023-09-11,Cotton,Maharashtra,Nagpur Mandi,11411.5,13483.5,12447.5,357.0
2023-09-18,Cotton,Maharashtra,Nagpur Mandi,10899.2,12966.4,11932.8,405.0
2023-09-25,Cotton,Maharashtra,Nagpur Mandi,10696.3,12539.3,11617.8,478.0
2023-10-02,Cotton,Maharashtra,Nagpur Mandi,11381.2,13545.4,12463.3,514.5
2023-10-09,Cotton,Maharashtra,Nagpur Mandi,11344.4,13273.4,12308.9,410.3
2023-10-16,Cotton,Maharashtra,Nagpur Mandi,10724.7,12333.7,11529.2,384.9
2023-10-23,Cotton,Maharashtra,Nagpur Mandi,10443.6,12491.4,11467.5,325.2
2023-10-30,Cotton,Maharashtra,Nagpur Mandi,11464.3,13556.7,12510.5,338.8
2023-11-06,Cotton,Maharashtra,Nagpur Mandi,8658.2,9627.2,9142.7,853.0
2023-11-13,Cotton,Maharashtra,Nagpur Mandi,8345.5,9875.9,9110.7,1019.6
2023-11-20,Cotton,Maharashtra,Nagpur Mandi,8274.7,9386.7,8830.7,629.8
2023-11-27,Cotton,Maharashtra,Nagpur Mandi,8578.6,10086.0,9332.3,859.5
2023-12-04,Cotton,Maharashtra,Nagpur Mandi,8878.9,9982.5,9430.7,612.6
2023-12-11,Cotton,Maharashtra,Nagpur Mandi,8371.4,9172.4,8771.9,668.8
2023-12-18,Cotton,Maharashtra,Nagpur Mandi,8217.9,9196.5,8707.2,716.6
2023-12-25,Cotton,Maharashtra,Nagpur Mandi,7683.8,9131.8,8407.8,797.0
2015-01-05,Cotton,Andhra Pradesh,Guntur Mandi,4712.2,5216.2,4964.2,1044.0
2015-01-12,Cotton,Andhra Pradesh,Guntur Mandi,4911.0,5598.2,5254.6,701.1
2015-01-19,Cotton,Andhra Pradesh,Guntur Mandi,4853.7,5556.1,5204.9,924.4
2015-01-26,Cotton,Andhra Pradesh,Guntur Mandi,5226.6,5930.4,5578.5,674.4
2015-02-02,Cotton,Andhra Pradesh,Guntur Mandi,6633.8,7371.6,7002.7,465.7
2015-02-09,Cotton,Andhra Pradesh,Guntur Mandi,6398.0,7262.6,6830.3,384.1
2015-02-16,Cotton,Andhra Pradesh,Guntur Mandi,7341.9,8292.3,7817.1,439.1
2015-02-23,Cotton,Andhra Pradesh,Guntur Mandi,6678.4,7524.2,7101.3,382.5
2015-03-02,Cotton,Andhra Pradesh,Guntur Mandi,7284.0,8275.4,7779.7,459.1
2015-03-09,Cotton,Andhra Pradesh,Guntur Mandi,7193.8,8196.0,7694.9,367.9
2015-03-16,Cotton,Andhra Pradesh,Guntur Mandi,6641.0,7508.6,7074.8,456.8
2015-03-23,Cotton,Andhra Pradesh,Guntur Mandi,6678.0,7888.2,7283.1,455.1
2015-03-30,Cotton,Andhra Pradesh,Guntur Mandi,6707.6,7744.8,7226.2,388.9
2015-04-06,Cotton,Andhra Pradesh,Guntur Mandi,6829.4,8138.6,7484.0,449.6
2015-04-13,Cotton,Andhra Pradesh,Guntur Mandi,6907.7,7503.7,7205.7,392.9
2015-04-20,Cotton,Andhra Pradesh,Guntur Mandi,6463.8,7598.0,7030.9,324.5
2015-04-27,Cotton,Andhra Pradesh,Guntur Mandi,6957.5,8213.3,7585.4,404.8
2015-05-04,Cotton,Andhra Pradesh,Guntur Mandi,7070.8,8305.6,7688.2,316.5
2015-05-11,Cotton,Andhra Pradesh,Guntur Mandi,7126.3,7748.3,7437.3,369.7
2015-05-18,Cotton,Andhra Pradesh,Guntur Mandi,6467.3,7533.7,7000.5,382.4
2015-05-25,Cotton,Andhra Pradesh,Guntur Mandi,6960.3,7716.9,7338.6,374.2
2015-06-01,Cotton,Andhra Pradesh,Guntur Mandi,7474.3,8388.1,7931.2,484.4
2015-06-08,Cotton,Andhra Pradesh,Guntur Mandi,7263.7,8425.9,7844.8,509.4
2015-06-15,Cotton,Andhra Pradesh,Guntur Mandi,7499.3,8377.9,7938.6,437.9
2015-06-22,Cotton,Andhra Pradesh,Guntur Mandi,6860.5,7439.9,7150.2,393.3
2015-06-29,Cotton,Andhra Pradesh,Guntur Mandi,6945.7,7608.3,7277.0,476.3
2015-07-06,Cotton,Andhra Pradesh,Guntur Mandi,7238.9,8187.9,7713.4,448.3
2015-07-13,Cotton,Andhra Pradesh,Guntur Mandi,6598.3,7555.1,7076.7,424.5
2015-07-20,Cotton,Andhra Pradesh,Guntur Mandi,7119.7,8466.5,7793.1,520.4
2015-07-27,Cotton,Andhra Pradesh,Guntur Mandi,6795.9,7838.7,7317.3,398.8
2015-08-03,Cotton,Andhra Pradesh,Guntur Mandi,7442.2,8511.8,7977.0,383.0
2015-08-10,Cotton,Andhra Pradesh,Guntur Mandi,7229.0,8160.6,7694.8,455.3
2015-08-17,Cotton,Andhra Pradesh,Guntur Mandi,6943.7,8138.3,7541.0,329.5
2015-08-24,Cotton,Andhra Pradesh,Guntur Mandi,6933.1,8299.7,7616.4,402.0
2015-08-31,Cotton,Andhra Pradesh,Guntur Mandi,7118.3,7908.9,7513.6,456.8
2015-09-07,Cotton,Andhra Pradesh,Guntur Mandi,7069.6,8147.4,7608.5,495.5
2015-09-14,Cotton,Andhra Pradesh,Guntur Mandi,6887.2,7479.2,7183.2,355.4
2015-09-21,Cotton,Andhra Pradesh,Guntur Mandi,6797.2,7497.4,7147.3,405.8
2015-09-28,Cotton,Andhra Pradesh,Guntur Mandi,7679.7,8520.3,8100.0,340.8
2015-10-05,Cotton,Andhra Pradesh,Guntur Mandi,7619.4,8502.2,8060.8,480.3
2015-10-12,Cotton,Andhra Pradesh,Guntur Mandi,6897.8,8179.2,7538.5,424.3
2015-10-19,Cotton,Andhra Pradesh,Guntur Mandi,7052.3,8353.5,7702.9,418.9
2015-10-26,Cotton,Andhra Pradesh,Guntur Mandi,7325.0,8604.0,7964.5,343.7
2015-11-02,Cotton,Andhra Pradesh,Guntur Mandi,5510.0,5993.2,5751.6,610.1
2015-11-09,Cotton,Andhra Pradesh,Guntur Mandi,5266.3,5869.9,5568.1,640.0
2015-11-16,Cotton,Andhra Pradesh,Guntur Mandi,5612.7,6125.5,5869.1,832.6
2015-11-23,Cotton,Andhra Pradesh,Guntur Mandi,5104.6,5758.4,5431.5,718.0
2015-11-30,Cotton,Andhra Pradesh,Guntur Mandi,5219.0,5800.4,5509.7,894.6
2015-12-07,Cotton,Andhra Pradesh,Guntur Mandi,4838.0,5767.4,5302.7,958.9
2015-12-14,Cotton,Andhra Pradesh,Guntur Mandi,5691.4,6240.4,5965.9,1050.9
2015-12-21,Cotton,Andhra Pradesh,Guntur Mandi,5421.9,6227.9,5824.9,851.1
2015-12-28,Cotton,Andhra Pradesh,Guntur Mandi,5395.2,5954.8,5675.0,747.9
2016-01-04,Cotton,Andhra Pradesh,Guntur Mandi,5448.3,6082.1,5765.2,886.0
2016-01-11,Cotton,Andhra Pradesh,Guntur Mandi,5719.5,6203.1,5961.3,917.0
2016-01-18,Cotton,Andhra Pradesh,Guntur Mandi,5319.3,6370.1,5844.7,681.6
2016-01-25,Cotton,Andhra Pradesh,Guntur Mandi,4999.3,5818.5,5408.9,790.9
2016-02-01,Cotton,Andhra Pradesh,Guntur Mandi,7469.4,8210.4,7839.9,426.2
2016-02-08,Cotton,Andhra Pradesh,Guntur Mandi,7008.7,7876.3,7442.5,363.9
2016-02-15,Cotton,Andhra Pradesh,Guntur Mandi,7037.5,8389.1,7713.3,498.3
2016-02-22,Cotton,Andhra Pradesh,Guntur Mandi,7308.6,8300.6,7804.6,475.8
2016-02-29,Cotton,Andhra Pradesh,Guntur Mandi,6984.2,7837.0,7410.6,423.8
2016-03-07,Cotton,Andhra Pradesh,Guntur Mandi,7103.4,7919.8,7511.6,384.2
2016-03-14,Cotton,Andhra Pradesh,Guntur Mandi,6867.1,8008.3,7437.7,498.1
2016-03-21,Cotton,Andhra Pradesh,Guntur Mandi,7386.9,8260.5,7823.7,468.9
2016-03-28,Cotton,Andhra Pradesh,Guntur Mandi,7693.4,8724.6,8209.0,323.0
2016-04-04,Cotton,Andhra Pradesh,Guntur Mandi,7931.1,8723.9,8327.5,503.3
2016-04-11,Cotton,Andhra Pradesh,Guntur Mandi,7783.2,8812.6,8297.9,325.2
2016-04-18,Cotton,Andhra Pradesh,Guntur Mandi,7571.6,8878.4,8225.0,420.7
2016-04-25,Cotton,Andhra Pradesh,Guntur Mandi,7022.9,7665.7,7344.3,453.2
2016-05-02,Cotton,Andhra Pradesh,Guntur Mandi,7954.0,8723.2,8338.6,384.9
2016-05-09,Cotton,Andhra Pradesh,Guntur Mandi,6943.6,8000.0,7471.8,366.1
2016-05-16,Cotton,Andhra Pradesh,Guntur Mandi,7595.7,8705.3,8150.5,432.8
2016-05-23,Cotton,Andhra Pradesh,Guntur Mandi,7454.7,8123.7,7789.2,423.8
2016-05-30,Cotton,Andhra Pradesh,Guntur Mandi,7767.7,8648.9,8208.3,405.2
2016-06-06,Cotton,Andhra Pradesh,Guntur Mandi,7154.7,8219.9,7687.3,381.0
2016-06-13,Cotton,Andhra Pradesh,Guntur Mandi,7222.5,8092.7,7657.6,451.3
2016-06-20,Cotton,Andhra Pradesh,Guntur Mandi,6846.6,7933.6,7390.1,350.6
2016-06-27,Cotton,Andhra Pradesh,Guntur Mandi,7463.7,8839.1,8151.4,465.1
2016-07-04,Cotton,Andhra Pradesh,Guntur Mandi,7365.4,8358.2,7861.8,481.0
2016-07-11,Cotton,Andhra Pradesh,Guntur Mandi,7752.1,8906.1,8329.1,358.5
2016-07-18,Cotton,Andhra Pradesh,Guntur Mandi,7995.0,8785.4,8390.2,366.1
2016-07-25,Cotton,Andhra Pradesh,Guntur Mandi,7637.4,8471.8,8054.6,382.7
2016-08-01,Cotton,Andhra Pradesh,Guntur Mandi,8003.4,8983.2,8493.3,422.7
2016-08-08,Cotton,Andhra Pradesh,Guntur Mandi,7042.4,8056.0,7549.2,500.3
2016-08-15,Cotton,Andhra Pradesh,Guntur Mandi,7429.1,8695.3,8062.2,449.6
2016-08-22,Cotton,Andhra Pradesh,Guntur Mandi,7360.6,8677.8,8019.2,464.1
2016-08-29,Cotton,Andhra Pradesh,Guntur Mandi,7408.5,8615.9,8012.2,348.9
2016-09-05,Cotton,Andhra Pradesh,Guntur Mandi,7400.5,8183.7,7792.1,470.4
2016-09-12,Cotton,Andhra Pradesh,Guntur Mandi,7629.0,8318.8,7973.9,429.4
2016-09-19,Cotton,Andhra Pradesh,Guntur Mandi,7724.6,8880.0,8302.3,347.6
2016-09-26,Cotton,Andhra Pradesh,Guntur Mandi,7909.6,8583.8,8246.7,535.3
2016-10-03,Cotton,Andhra Pradesh,Guntur Mandi,7057.0,8339.6,7698.3,340.4
2016-10-10,Cotton,Andhra Pradesh,Guntur Mandi,7331.3,8463.1,7897.2,349.2
2016-10-17,Cotton,Andhra Pradesh,Guntur Mandi,6944.5,8278.3,7611.4,395.8
2016-10-24,Cotton,Andhra Pradesh,Guntur Mandi,7830.0,9061.8,8445.9,511.8
2016-10-31,Cotton,Andhra Pradesh,Guntur Mandi,8010.8,8888.4,8449.6,366.8
2016-11-07,Cotton,Andhra Pradesh,Guntur Mandi,5757.5,6613.9,6185.7,783.2
2016-11-14,Cotton,Andhra Pradesh,Guntur Mandi,5827.2,6567.0,6197.1,888.3
2016-11-21,Cotton,Andhra Pradesh,Guntur Mandi,5930.2,6781.8,6356.0,807.4
2016-11-28,Cotton,Andhra Pradesh,Guntur Mandi,5307.3,6108.3,5707.8,726.2
2016-12-05,Cotton,Andhra Pradesh,Guntur Mandi,5534.9,6579.3,6057.1,696.7
2016-12-12,Cotton,Andhra Pradesh,Guntur Mandi,5752.5,6505.5,6129.0,1027.2
2016-12-19,Cotton,Andhra Pradesh,Guntur Mandi,5775.2,6430.4,6102.8,998.5
2016-12-26,Cotton,Andhra Pradesh,Guntur Mandi,5750.9,6742.7,6246.8,938.1
2017-01-02,Cotton,Andhra Pradesh,Guntur Mandi,5583.8,6304.2,5944.0,817.9
2017-01-09,Cotton,Andhra Pradesh,Guntur Mandi,5523.0,6481.8,6002.4,1014.8
2017-01-16,Cotton,Andhra Pradesh,Guntur Mandi,5746.1,6383.7,6064.9,992.5
2017-01-23,Cotton,Andhra Pradesh,Guntur Mandi,5700.3,6717.1,6208.7,679.7
2017-01-30,Cotton,Andhra Pradesh,Guntur Mandi,5736.1,6281.1,6008.6,805.6
2017-02-06,Cotton,Andhra Pradesh,Guntur Mandi,8179.6,9279.8,8729.7,544.7
2017-02-13,Cotton,Andhra Pradesh,Guntur Mandi,7352.6,8254.8,7803.7,490.3
2017-02-20,Cotton,Andhra Pradesh,Guntur Mandi,7124.9,8214.9,7669.9,443.8
2017-02-27,Cotton,Andhra Pradesh,Guntur Mandi,7708.5,8810.9,8259.7,401.8
2017-03-06,Cotton,Andhra Pradesh,Guntur Mandi,7606.1,8394.9,8000.5,474.7
2017-03-13,Cotton,Andhra Pradesh,Guntur Mandi,7076.9,8404.9,7740.9,387.4
2017-03-20,Cotton,Andhra Pradesh,Guntur Mandi,8035.0,8961.8,8498.4,368.2
2017-03-27,Cotton,Andhra Pradesh,Guntur Mandi,7629.9,8559.5,8094.7,499.8
2017-04-03,Cotton,Andhra Pradesh,Guntur Mandi,7342.9,8466.7,7904.8,434.1
2017-04-10,Cotton,Andhra Pradesh,Guntur Mandi,7383.4,8505.2,7944.3,474.7
2017-04-17,Cotton,Andhra Pradesh,Guntur Mandi,8115.2,9211.2,8663.2,369.3
2017-04-24,Cotton,Andhra Pradesh,Guntur Mandi,7670.1,9086.5,8378.3,343.2
2017-05-01,Cotton,Andhra Pradesh,Guntur Mandi,7637.2,8603.0,8120.1,479.2
2017-05-08,Cotton,Andhra Pradesh,Guntur Mandi,7458.4,8244.6,7851.5,373.5
2017-05-15,Cotton,Andhra Pradesh,Guntur Mandi,7544.0,8420.6,7982.3,497.6
2017-05-22,Cotton,Andhra Pradesh,Guntur Mandi,7986.7,9426.3,8706.5,429.9
2017-05-29,Cotton,Andhra Pradesh,Guntur Mandi,8347.5,9523.3,8935.4,432.6
2017-06-05,Cotton,Andhra Pradesh,Guntur Mandi,8339.5,9354.3,8846.9,470.8
2017-06-12,Cotton,Andhra Pradesh,Guntur Mandi,8116.6,9130.4,8623.5,484.1
2017-06-19,Cotton,Andhra Pradesh,Guntur Mandi,8220.8,9079.8,8650.3,450.2
2017-06-26,Cotton,Andhra Pradesh,Guntur Mandi,8001.5,9103.5,8552.5,486.8
2017-07-03,Cotton,Andhra Pradesh,Guntur Mandi,7178.5,8502.7,7840.6,511.6
2017-07-10,Cotton,Andhra Pradesh,Guntur Mandi,7672.1,8581.5,8126.8,545.5
2017-07-17,Cotton,Andhra Pradesh,Guntur Mandi,8563.8,9401.6,8982.7,493.1
2017-07-24,Cotton,Andhra Pradesh,Guntur Mandi,7746.0,9083.6,8414.8,534.2
2017-07-31,Cotton,Andhra Pradesh,Guntur Mandi,7970.5,8846.3,8408.4,395.1
2017-08-07,Cotton,Andhra Pradesh,Guntur Mandi,8276.4,9344.2,8810.3,426.2
2017-08-14,Cotton,Andhra Pradesh,Guntur Mandi,7402.1,8610.9,8006.5,339.1
2017-08-21,Cotton,Andhra Pradesh,Guntur Mandi,8294.7,8999.7,8647.2,346.3
2017-08-28,Cotton,Andhra Pradesh,Guntur Mandi,8325.0,9499.8,8912.4,536.6
2017-09-04,Cotton,Andhra Pradesh,Guntur Mandi,8200.5,9182.7,8691.6,470.7
2017-09-11,Cotton,Andhra Pradesh,Guntur Mandi,7446.4,8833.6,8140.0,502.9
2017-09-18,Cotton,Andhra Pradesh,Guntur Mandi,7561.1,8919.7,8240.4,441.7
2017-09-25,Cotton,Andhra Pradesh,Guntur Mandi,8447.0,9215.0,8831.0,320.4
2017-10-02,Cotton,Andhra Pradesh,Guntur Mandi,7346.7,8694.7,8020.7,433.5
2017-10-09,Cotton,Andhra Pradesh,Guntur Mandi,7809.3,9182.5,8495.9,517.7
2017-10-16,Cotton,Andhra Pradesh,Guntur Mandi,8335.9,9954.9,9145.4,385.6
2017-10-23,Cotton,Andhra Pradesh,Guntur Mandi,7323.3,8655.5,7989.4,320.4
2017-10-30,Cotton,Andhra Pradesh,Guntur Mandi,8503.5,9506.9,9005.2,396.2
2017-11-06,Cotton,Andhra Pradesh,Guntur Mandi,6148.6,7117.0,6632.8,1005.2
2017-11-13,Cotton,Andhra Pradesh,Guntur Mandi,5906.8,6640.2,6273.5,1022.5
2017-11-20,Cotton,Andhra Pradesh,Guntur Mandi,5389.4,6402.6,5896.0,985.7
2017-11-27,Cotton,Andhra Pradesh,Guntur Mandi,6072.3,7216.1,6644.2,643.4
2017-12-04,Cotton,Andhra Pradesh,Guntur Mandi,6087.7,7217.3,6652.5,738.0
2017-12-11,Cotton,Andhra Pradesh,Guntur Mandi,5960.5,6742.1,6351.3,816.7
2017-12-18,Cotton,Andhra Pradesh,Guntur Mandi,5559.1,6535.3,6047.2,812.1
2017-12-25,Cotton,Andhra Pradesh,Guntur Mandi,5743.8,6681.8,6212.8,777.8
2018-01-01,Cotton,Andhra Pradesh,Guntur Mandi,5458.0,6480.6,5969.3,1015.9
2018-01-08,Cotton,Andhra Pradesh,Guntur Mandi,5912.7,7057.5,6485.1,841.4
2018-01-15,Cotton,Andhra Pradesh,Guntur Mandi,5997.9,6665.7,6331.8,630.4
2018-01-22,Cotton,Andhra Pradesh,Guntur Mandi,5778.5,6904.9,6341.7,1005.1
2018-01-29,Cotton,Andhra Pradesh,Guntur Mandi,5644.6,6327.6,5986.1,1018.7
2018-02-05,Cotton,Andhra Pradesh,Guntur Mandi,7825.3,8950.7,8388.0,315.3
2018-02-12,Cotton,Andhra Pradesh,Guntur Mandi,8270.5,9385.5,8828.0,410.7
2018-02-19,Cotton,Andhra Pradesh,Guntur Mandi,7864.3,8903.7,8384.0,411.5
2018-02-26,Cotton,Andhra Pradesh,Guntur Mandi,7637.0,8750.0,8193.5,319.2
2018-03-05,Cotton,Andhra Pradesh,Guntur Mandi,8209.7,9205.5,8707.6,511.8
2018-03-12,Cotton,Andhra Pradesh,Guntur Mandi,7779.4,9304.6,8542.0,545.7
2018-03-19,Cotton,Andhra Pradesh,Guntur Mandi,8470.4,9433.0,8951.7,360.1
2018-03-26,Cotton,Andhra Pradesh,Guntur Mandi,8299.4,9514.4,8906.9,433.1
2018-04-02,Cotton,Andhra Pradesh,Guntur Mandi,8338.7,9976.3,9157.5,409.3
2018-04-09,Cotton,Andhra Pradesh,Guntur Mandi,8199.3,9025.5,8612.4,420.6
2018-04-16,Cotton,Andhra Pradesh,Guntur Mandi,8377.9,9365.9,8871.9,501.4
2018-04-23,Cotton,Andhra Pradesh,Guntur Mandi,7872.8,9259.4,8566.1,398.4
2018-04-30,Cotton,Andhra Pradesh,Guntur Mandi,8407.3,10046.5,9226.9,442.0
2018-05-07,Cotton,Andhra Pradesh,Guntur Mandi,8683.7,10073.5,9378.6,391.5
2018-05-14,Cotton,Andhra Pradesh,Guntur Mandi,8623.2,9759.6,9191.4,428.6
2018-05-21,Cotton,Andhra Pradesh,Guntur Mandi,8738.0,9710.8,9224.4,493.5
2018-05-28,Cotton,Andhra Pradesh,Guntur Mandi,8953.2,9791.2,9372.2,475.6
2018-06-04,Cotton,Andhra Pradesh,Guntur Mandi,8154.9,9469.3,8812.1,491.9
2018-06-11,Cotton,Andhra Pradesh,Guntur Mandi,8005.0,9202.8,8603.9,344.1
2018-06-18,Cotton,Andhra Pradesh,Guntur Mandi,9012.5,9922.1,9467.3,384.0
2018-06-25,Cotton,Andhra Pradesh,Guntur Mandi,7998.4,9032.4,8515.4,545.7
2018-07-02,Cotton,Andhra Pradesh,Guntur Mandi,8697.2,10339.6,9518.4,322.9
2018-07-09,Cotton,Andhra Pradesh,Guntur Mandi,7939.2,9469.4,8704.3,338.9
2018-07-16,Cotton,Andhra Pradesh,Guntur Mandi,7985.6,8662.6,8324.1,473.7
2018-07-23,Cotton,Andhra Pradesh,Guntur Mandi,8284.7,9007.3,8646.0,518.3
2018-07-30,Cotton,Andhra Pradesh,Guntur Mandi,8650.5,9914.3,9282.4,470.6
2018-08-06,Cotton,Andhra Pradesh,Guntur Mandi,8923.5,10215.9,9569.7,496.1
2018-08-13,Cotton,Andhra Pradesh,Guntur Mandi,7957.6,8809.4,8383.5,525.5
2018-08-20,Cotton,Andhra Pradesh,Guntur Mandi,8011.7,9158.5,8585.1,380.0
2018-08-27,Cotton,Andhra Pradesh,Guntur Mandi,8225.6,9286.6,8756.1,376.2
2018-09-03,Cotton,Andhra Pradesh,Guntur Mandi,7822.4,9172.4,8497.4,509.1
2018-09-10,Cotton,Andhra Pradesh,Guntur Mandi,8710.1,9512.5,9111.3,321.6
2018-09-17,Cotton,Andhra Pradesh,Guntur Mandi,8158.1,8873.3,8515.7,361.9
2018-09-24,Cotton,Andhra Pradesh,Guntur Mandi,8583.0,9599.4,9091.2,498.0
2018-10-01,Cotton,Andhra Pradesh,Guntur Mandi,9004.6,10055.8,9530.2,372.8
2018-10-08,Cotton,Andhra Pradesh,Guntur Mandi,8137.3,9117.7,8627.5,334.5
2018-10-15,Cotton,Andhra Pradesh,Guntur Mandi,7968.4,8977.0,8472.7,522.9
2018-10-22,Cotton,Andhra Pradesh,Guntur Mandi,8997.2,9794.8,9396.0,490.1
2018-10-29,Cotton,Andhra Pradesh,Guntur Mandi,8415.6,9467.0,8941.3,399.8
2018-11-05,Cotton,Andhra Pradesh,Guntur Mandi,6131.5,6652.7,6392.1,721.8
2018-11-12,Cotton,Andhra Pradesh,Guntur Mandi,6370.5,6930.5,6650.5,908.8
2018-11-19,Cotton,Andhra Pradesh,Guntur Mandi,6780.8,7433.2,7107.0,1045.6
2018-11-26,Cotton,Andhra Pradesh,Guntur Mandi,6182.7,7276.3,6729.5,970.6
2018-12-03,Cotton,Andhra Pradesh,Guntur Mandi,6534.6,7413.4,6974.0,805.1
2018-12-10,Cotton,Andhra Pradesh,Guntur Mandi,6283.1,6994.3,6638.7,908.0
2018-12-17,Cotton,Andhra Pradesh,Guntur Mandi,6676.1,7449.9,7063.0,705.6
2018-12-24,Cotton,Andhra Pradesh,Guntur Mandi,6472.8,7448.4,6960.6,686.3
2018-12-31,Cotton,Andhra Pradesh,Guntur Mandi,5920.5,6794.1,6357.3,966.1
2019-01-07,Cotton,Andhra Pradesh,Guntur Mandi,6259.8,6917.8,6588.8,914.7
2019-01-14,Cotton,Andhra Pradesh,Guntur Mandi,6086.9,7052.7,6569.8,846.5
2019-01-21,Cotton,Andhra Pradesh,Guntur Mandi,6290.2,7193.2,6741.7,652.1
2019-01-28,Cotton,Andhra Pradesh,Guntur Mandi,6367.4,7248.8,6808.1,1025.2
2019-02-04,Cotton,Andhra Pradesh,Guntur Mandi,8020.1,9479.1,8749.6,473.3
2019-02-11,Cotton,Andhra Pradesh,Guntur Mandi,8251.8,9511.0,8881.4,455.2
2019-02-18,Cotton,Andhra Pradesh,Guntur Mandi,9106.6,10326.6,9716.6,447.1
2019-02-25,Cotton,Andhra Pradesh,Guntur Mandi,8839.8,9620.8,9230.3,495.7
2019-03-04,Cotton,Andhra Pradesh,Guntur Mandi,8329.4,9424.0,8876.7,353.2
2019-03-11,Cotton,Andhra Pradesh,Guntur Mandi,8791.3,10412.9,9602.1,459.4
2019-03-18,Cotton,Andhra Pradesh,Guntur Mandi,9169.7,10539.7,9854.7,337.7
2019-03-25,Cotton,Andhra Pradesh,Guntur Mandi,8903.7,10536.9,9720.3,461.7
2019-04-01,Cotton,Andhra Pradesh,Guntur Mandi,9216.8,10544.6,9880.7,462.5
2019-04-08,Cotton,Andhra Pradesh,Guntur Mandi,9030.7,10372.1,9701.4,334.0
2019-04-15,Cotton,Andhra Pradesh,Guntur Mandi,8157.8,9723.6,8940.7,356.5
2019-04-22,Cotton,Andhra Pradesh,Guntur Mandi,8924.3,10451.9,9688.1,432.4
2019-04-29,Cotton,Andhra Pradesh,Guntur Mandi,8747.1,10053.1,9400.1,505.9
2019-05-06,Cotton,Andhra Pradesh,Guntur Mandi,8599.8,10161.6,9380.7,419.6
2019-05-13,Cotton,Andhra Pradesh,Guntur Mandi,9222.8,10501.0,9861.9,504.9
2019-05-20,Cotton,Andhra Pradesh,Guntur Mandi,9213.7,10296.5,9755.1,355.7
2019-05-27,Cotton,Andhra Pradesh,Guntur Mandi,9081.4,10684.0,9882.7,481.2
2019-06-03,Cotton,Andhra Pradesh,Guntur Mandi,8045.3,9593.3,8819.3,398.6
2019-06-10,Cotton,Andhra Pradesh,Guntur Mandi,8669.2,9795.0,9232.1,324.1
2019-06-17,Cotton,Andhra Pradesh,Guntur Mandi,8203.0,9682.2,8942.6,481.8
2019-06-24,Cotton,Andhra Pradesh,Guntur Mandi,8341.4,9853.2,9097.3,413.1
2019-07-01,Cotton,Andhra Pradesh,Guntur Mandi,9227.6,10448.2,9837.9,363.9
2019-07-08,Cotton,Andhra Pradesh,Guntur Mandi,9310.7,10335.3,9823.0,540.3
2019-07-15,Cotton,Andhra Pradesh,Guntur Mandi,9136.5,10674.1,9905.3,415.5
2019-07-22,Cotton,Andhra Pradesh,Guntur Mandi,8251.7,9450.9,8851.3,357.2
2019-07-29,Cotton,Andhra Pradesh,Guntur Mandi,8446.1,9781.9,9114.0,344.8
2019-08-05,Cotton,Andhra Pradesh,Guntur Mandi,9264.7,11073.9,10169.3,455.2
2019-08-12,Cotton,Andhra Pradesh,Guntur Mandi,9253.4,10315.4,9784.4,366.2
2019-08-19,Cotton,Andhra Pradesh,Guntur Mandi,8452.0,9424.0,8938.0,400.4
2019-08-26,Cotton,Andhra Pradesh,Guntur Mandi,9109.6,9980.4,9545.0,337.0
2019-09-02,Cotton,Andhra Pradesh,Guntur Mandi,8688.9,10082.1,9385.5,519.7
2019-09-09,Cotton,Andhra Pradesh,Guntur Mandi,8860.9,10042.5,9451.7,514.2
2019-09-16,Cotton,Andhra Pradesh,Guntur Mandi,8780.8,10418.2,9599.5,545.6
2019-09-23,Cotton,Andhra Pradesh,Guntur Mandi,9347.4,10755.0,10051.2,513.0
2019-09-30,Cotton,Andhra Pradesh,Guntur Mandi,8474.9,10048.9,9261.9,338.8
2019-10-07,Cotton,Andhra Pradesh,Guntur Mandi,9287.7,10397.1,9842.4,517.1
2019-10-14,Cotton,Andhra Pradesh,Guntur Mandi,8322.0,9911.2,9116.6,444.9
2019-10-21,Cotton,Andhra Pradesh,Guntur Mandi,8442.0,9964.0,9203.0,520.7
2019-10-28,Cotton,Andhra Pradesh,Guntur Mandi,9673.8,10646.8,10160.3,461.8
2019-11-04,Cotton,Andhra Pradesh,Guntur Mandi,6664.9,7414.9,7039.9,1046.6
2019-11-11,Cotton,Andhra Pradesh,Guntur Mandi,6762.3,7963.7,7363.0,996.0
2019-11-18,Cotton,Andhra Pradesh,Guntur Mandi,6425.6,7669.6,7047.6,789.1
2019-11-25,Cotton,Andhra Pradesh,Guntur Mandi,6403.4,7249.6,6826.5,669.1
2019-12-02,Cotton,Andhra Pradesh,Guntur Mandi,6640.5,7827.7,7234.1,655.2
2019-12-09,Cotton,Andhra Pradesh,Guntur Mandi,6288.5,7473.9,6881.2,655.3
2019-12-16,Cotton,Andhra Pradesh,Guntur Mandi,6610.0,7409.0,7009.5,610.2
2019-12-23,Cotton,Andhra Pradesh,Guntur Mandi,7063.3,7751.3,7407.3,671.6
2019-12-30,Cotton,Andhra Pradesh,Guntur Mandi,6445.9,7136.1,6791.0,931.2
2020-01-06,Cotton,Andhra Pradesh,Guntur Mandi,6365.4,7535.8,6950.6,1035.8
2020-01-13,Cotton,Andhra Pradesh,Guntur Mandi,6821.0,8119.2,7470.1,823.6
2020-01-20,Cotton,Andhra Pradesh,Guntur Mandi,6781.3,7424.9,7103.1,783.3
2020-01-27,Cotton,Andhra Pradesh,Guntur Mandi,6185.2,7149.0,6667.1,751.4
2020-02-03,Cotton,Andhra Pradesh,Guntur Mandi,9546.0,10569.8,10057.9,386.7
2020-02-10,Cotton,Andhra Pradesh,Guntur Mandi,8907.0,9857.2,9382.1,332.3
2020-02-17,Cotton,Andhra Pradesh,Guntur Mandi,9533.0,10621.8,10077.4,516.1
2020-02-24,Cotton,Andhra Pradesh,Guntur Mandi,9474.5,10361.9,9918.2,486.3
2020-03-02,Cotton,Andhra Pradesh,Guntur Mandi,9719.5,10859.7,10289.6,385.5
2020-03-09,Cotton,Andhra Pradesh,Guntur Mandi,9494.3,10748.9,10121.6,335.2
2020-03-16,Cotton,Andhra Pradesh,Guntur Mandi,8650.5,10165.9,9408.2,375.0
2020-03-23,Cotton,Andhra Pradesh,Guntur Mandi,8917.1,10083.1,9500.1,325.2
2020-03-30,Cotton,Andhra Pradesh,Guntur Mandi,9049.0,10219.4,9634.2,337.1
2020-04-06,Cotton,Andhra Pradesh,Guntur Mandi,8973.1,10544.3,9758.7,540.7
2020-04-13,Cotton,Andhra Pradesh,Guntur Mandi,9513.1,11226.5,10369.8,456.1
2020-04-20,Cotton,Andhra Pradesh,Guntur Mandi,9401.9,10663.1,10032.5,440.1
2020-04-27,Cotton,Andhra Pradesh,Guntur Mandi,9292.1,11017.1,10154.6,318.1
2020-05-04,Cotton,Andhra Pradesh,Guntur Mandi,9671.8,11296.2,10484.0,514.3
2020-05-11,Cotton,Andhra Pradesh,Guntur Mandi,9345.2,10290.2,9817.7,474.0
2020-05-18,Cotton,Andhra Pradesh,Guntur Mandi,9706.1,11453.3,10579.7,443.5
2020-05-25,Cotton,Andhra Pradesh,Guntur Mandi,9600.0,10865.0,10232.5,436.6
2020-06-01,Cotton,Andhra Pradesh,Guntur Mandi,9983.6,11053.6,10518.6,514.5
2020-06-08,Cotton,Andhra Pradesh,Guntur Mandi,8957.3,10664.7,9811.0,542.6
2020-06-15,Cotton,Andhra Pradesh,Guntur Mandi,9439.5,10872.3,10155.9,452.7
2020-06-22,Cotton,Andhra Pradesh,Guntur Mandi,9557.3,11108.5,10332.9,513.6
2020-06-29,Cotton,Andhra Pradesh,Guntur Mandi,8839.5,10218.3,9528.9,321.8
2020-07-06,Cotton,Andhra Pradesh,Guntur Mandi,8606.3,10168.5,9387.4,344.6
2020-07-13,Cotton,Andhra Pradesh,Guntur Mandi,9513.6,10785.4,10149.5,337.9
2020-07-20,Cotton,Andhra Pradesh,Guntur Mandi,9236.6,10908.4,10072.5,373.4
2020-07-27,Cotton,Andhra Pradesh,Guntur Mandi,9810.2,11213.6,10511.9,470.5
2020-08-03,Cotton,Andhra Pradesh,Guntur Mandi,9654.3,10494.5,10074.4,545.4
2020-08-10,Cotton,Andhra Pradesh,Guntur Mandi,9061.5,10747.9,9904.7,498.2
2020-08-17,Cotton,Andhra Pradesh,Guntur Mandi,9293.4,11125.6,10209.5,410.9
2020-08-24,Cotton,Andhra Pradesh,Guntur Mandi,9188.1,10790.1,9989.1,337.6
2020-08-31,Cotton,Andhra Pradesh,Guntur Mandi,8989.1,10621.1,9805.1,422.0
2020-09-07,Cotton,Andhra Pradesh,Guntur Mandi,9216.0,10958.6,10087.3,440.0
2020-09-14,Cotton,Andhra Pradesh,Guntur Mandi,9217.6,10037.2,9627.4,453.6
2020-09-21,Cotton,Andhra Pradesh,Guntur Mandi,10265.7,11374.9,10820.3,517.1
2020-09-28,Cotton,Andhra Pradesh,Guntur Mandi,9809.9,10845.1,10327.5,331.7
2020-10-05,Cotton,Andhra Pradesh,Guntur Mandi,9787.8,11632.2,10710.0,426.3
2020-10-12,Cotton,Andhra Pradesh,Guntur Mandi,9345.1,10824.9,10085.0,469.4
2020-10-19,Cotton,Andhra Pradesh,Guntur Mandi,10267.1,11226.7,10746.9,402.7
2020-10-26,Cotton,Andhra Pradesh,Guntur Mandi,9224.9,10106.7,9665.8,485.9
2020-11-02,Cotton,Andhra Pradesh,Guntur Mandi,7164.9,8267.5,7716.2,748.3
2020-11-09,Cotton,Andhra Pradesh,Guntur Mandi,7637.6,8353.0,7995.3,897.6
2020-11-16,Cotton,Andhra Pradesh,Guntur Mandi,7285.9,8083.3,7684.6,934.0
2020-11-23,Cotton,Andhra Pradesh,Guntur Mandi,7416.4,8180.6,7798.5,728.6
2020-11-30,Cotton,Andhra Pradesh,Guntur Mandi,7261.4,8650.0,7955.7,849.5
2020-12-07,Cotton,Andhra Pradesh,Guntur Mandi,7420.1,8052.7,7736.4,912.5
2020-12-14,Cotton,Andhra Pradesh,Guntur Mandi,7148.3,8160.3,7654.3,1022.4
2020-12-21,Cotton,Andhra Pradesh,Guntur Mandi,6712.0,7628.0,7170.0,830.7
2020-12-28,Cotton,Andhra Pradesh,Guntur Mandi,7180.6,8542.0,7861.3,833.6
2021-01-04,Cotton,Andhra Pradesh,Guntur Mandi,6844.9,8124.7,7484.8,820.1
2021-01-11,Cotton,Andhra Pradesh,Guntur Mandi,6911.8,7597.8,7254.8,652.9
2021-01-18,Cotton,Andhra Pradesh,Guntur Mandi,6908.6,7726.2,7317.4,1019.7
2021-01-25,Cotton,Andhra Pradesh,Guntur Mandi,6931.8,8120.4,7526.1,856.6
2021-02-01,Cotton,Andhra Pradesh,Guntur Mandi,9435.2,10851.0,10143.1,445.5
2021-02-08,Cotton,Andhra Pradesh,Guntur Mandi,9452.4,10653.6,10053.0,316.8
2021-02-15,Cotton,Andhra Pradesh,Guntur Mandi,9851.4,11327.6,10589.5,466.3
2021-02-22,Cotton,Andhra Pradesh,Guntur Mandi,9293.1,10077.9,9685.5,492.3
2021-03-01,Cotton,Andhra Pradesh,Guntur Mandi,9231.8,11021.0,10126.4,452.7
2021-03-08,Cotton,Andhra Pradesh,Guntur Mandi,10312.2,11229.2,10770.7,544.4
2021-03-15,Cotton,Andhra Pradesh,Guntur Mandi,10435.5,11530.7,10983.1,499.2
2021-03-22,Cotton,Andhra Pradesh,Guntur Mandi,10235.6,11387.2,10811.4,316.0
2021-03-29,Cotton,Andhra Pradesh,Guntur Mandi,10086.2,11255.0,10670.6,406.6
2021-04-05,Cotton,Andhra Pradesh,Guntur Mandi,10573.0,11634.2,11103.6,523.4
2021-04-12,Cotton,Andhra Pradesh,Guntur Mandi,9610.0,11200.8,10405.4,505.0
2021-04-19,Cotton,Andhra Pradesh,Guntur Mandi,10250.0,12104.6,11177.3,471.7
2021-04-26,Cotton,Andhra Pradesh,Guntur Mandi,9948.7,11832.9,10890.8,485.4
2021-05-03,Cotton,Andhra Pradesh,Guntur Mandi,9236.2,10808.6,10022.4,326.9
2021-05-10,Cotton,Andhra Pradesh,Guntur Mandi,9506.3,10533.9,10020.1,490.4
2021-05-17,Cotton,Andhra Pradesh,Guntur Mandi,9363.2,10258.2,9810.7,387.6
2021-05-24,Cotton,Andhra Pradesh,Guntur Mandi,10323.9,11862.5,11093.2,408.3
2021-05-31,Cotton,Andhra Pradesh,Guntur Mandi,9798.6,11351.0,10574.8,431.7
2021-06-07,Cotton,Andhra Pradesh,Guntur Mandi,10056.4,10962.2,10509.3,428.2
2021-06-14,Cotton,Andhra Pradesh,Guntur Mandi,10071.2,11370.2,10720.7,376.6
2021-06-21,Cotton,Andhra Pradesh,Guntur Mandi,10441.2,11726.0,11083.6,349.9
2021-06-28,Cotton,Andhra Pradesh,Guntur Mandi,10878.7,11820.9,11349.8,519.2
2021-07-05,Cotton,Andhra Pradesh,Guntur Mandi,9420.3,10610.3,10015.3,521.6
2021-07-12,Cotton,Andhra Pradesh,Guntur Mandi,9275.8,10825.6,10050.7,454.2
2021-07-19,Cotton,Andhra Pradesh,Guntur Mandi,9848.3,11779.7,10814.0,409.0
2021-07-26,Cotton,Andhra Pradesh,Guntur Mandi,9981.4,11789.6,10885.5,381.8
2021-08-02,Cotton,Andhra Pradesh,Guntur Mandi,9917.9,11859.3,10888.6,419.6
2021-08-09,Cotton,Andhra Pradesh,Guntur Mandi,10598.6,11969.2,11283.9,391.6
2021-08-16,Cotton,Andhra Pradesh,Guntur Mandi,10365.0,11863.8,11114.4,489.7
2021-08-23,Cotton,Andhra Pradesh,Guntur Mandi,10009.4,10975.4,10492.4,317.8
2021-08-30,Cotton,Andhra Pradesh,Guntur Mandi,9517.9,10442.9,9980.4,510.5
2021-09-06,Cotton,Andhra Pradesh,Guntur Mandi,9587.9,10910.5,10249.2,368.6
2021-09-13,Cotton,Andhra Pradesh,Guntur Mandi,10426.1,11322.9,10874.5,327.2
2021-09-20,Cotton,Andhra Pradesh,Guntur Mandi,10516.9,11863.7,11190.3,515.2
2021-09-27,Cotton,Andhra Pradesh,Guntur Mandi,10271.3,12253.9,11262.6,468.5
2021-10-04,Cotton,Andhra Pradesh,Guntur Mandi,10270.7,12220.3,11245.5,416.9
2021-10-11,Cotton,Andhra Pradesh,Guntur Mandi,9754.6,11513.0,10633.8,410.2
2021-10-18,Cotton,Andhra Pradesh,Guntur Mandi,9734.7,11463.1,10598.9,528.8
2021-10-25,Cotton,Andhra Pradesh,Guntur Mandi,9554.5,10833.3,10193.9,429.5
2021-11-01,Cotton,Andhra Pradesh,Guntur Mandi,6826.8,8028.8,7427.8,741.7
2021-11-08,Cotton,Andhra Pradesh,Guntur Mandi,7275.2,7929.2,7602.2,843.7
2021-11-15,Cotton,Andhra Pradesh,Guntur Mandi,6912.3,7963.5,7437.9,792.6
2021-11-22,Cotton,Andhra Pradesh,Guntur Mandi,7266.5,8176.9,7721.7,652.6
2021-11-29,Cotton,Andhra Pradesh,Guntur Mandi,8137.4,8888.6,8513.0,1037.9
2021-12-06,Cotton,Andhra Pradesh,Guntur Mandi,7370.5,8478.9,7924.7,814.1
2021-12-13,Cotton,Andhra Pradesh,Guntur Mandi,7373.8,8817.4,8095.6,661.9
2021-12-20,Cotton,Andhra Pradesh,Guntur Mandi,7747.2,8421.4,8084.3,745.5
2021-12-27,Cotton,Andhra Pradesh,Guntur Mandi,7378.2,8715.6,8046.9,820.9
2022-01-03,Cotton,Andhra Pradesh,Guntur Mandi,7330.8,8047.0,7688.9,763.2
2022-01-10,Cotton,Andhra Pradesh,Guntur Mandi,7495.0,8308.4,7901.7,826.8
2022-01-17,Cotton,Andhra Pradesh,Guntur Mandi,7218.3,8476.9,7847.6,907.6
2022-01-24,Cotton,Andhra Pradesh,Guntur Mandi,7649.4,9121.6,8385.5,709.0
2022-01-31,Cotton,Andhra Pradesh,Guntur Mandi,7049.9,7925.3,7487.6,665.7
2022-02-07,Cotton,Andhra Pradesh,Guntur Mandi,9974.5,11167.3,10570.9,357.2
2022-02-14,Cotton,Andhra Pradesh,Guntur Mandi,9704.0,10883.0,10293.5,510.0
2022-02-21,Cotton,Andhra Pradesh,Guntur Mandi,9754.2,11132.6,10443.4,332.3
2022-02-28,Cotton,Andhra Pradesh,Guntur Mandi,10094.6,11074.8,10584.7,381.1
2022-03-07,Cotton,Andhra Pradesh,Guntur Mandi,11142.9,12418.7,11780.8,322.5
2022-03-14,Cotton,Andhra Pradesh,Guntur Mandi,10320.2,11819.4,11069.8,426.8
2022-03-21,Cotton,Andhra Pradesh,Guntur Mandi,9832.0,11690.0,10761.0,359.6
2022-03-28,Cotton,Andhra Pradesh,Guntur Mandi,10486.1,12454.3,11470.2,495.2
2022-04-04,Cotton,Andhra Pradesh,Guntur Mandi,9527.6,11393.2,10460.4,379.1
2022-04-11,Cotton,Andhra Pradesh,Guntur Mandi,10990.8,12694.2,11842.5,316.4
2022-04-18,Cotton,Andhra Pradesh,Guntur Mandi,10693.8,11980.6,11337.2,537.0
2022-04-25,Cotton,Andhra Pradesh,Guntur Mandi,11170.8,12457.4,11814.1,484.7
2022-05-02,Cotton,Andhra Pradesh,Guntur Mandi,10924.8,12443.6,11684.2,469.8
2022-05-09,Cotton,Andhra Pradesh,Guntur Mandi,9945.9,11232.9,10589.4,352.0
2022-05-16,Cotton,Andhra Pradesh,Guntur Mandi,9557.3,11354.3,10455.8,401.8
2022-05-23,Cotton,Andhra Pradesh,Guntur Mandi,10815.7,12334.3,11575.0,529.6
2022-05-30,Cotton,Andhra Pradesh,Guntur Mandi,10704.1,11932.5,11318.3,498.0
2022-06-06,Cotton,Andhra Pradesh,Guntur Mandi,10872.6,12086.0,11479.3,426.8
2022-06-13,Cotton,Andhra Pradesh,Guntur Mandi,10229.3,11668.3,10948.8,469.7
2022-06-20,Cotton,Andhra Pradesh,Guntur Mandi,10632.6,11591.6,11112.1,435.3
2022-06-27,Cotton,Andhra Pradesh,Guntur Mandi,10602.6,11580.4,11091.5,451.7
2022-07-04,Cotton,Andhra Pradesh,Guntur Mandi,10746.1,12496.7,11621.4,426.2
2022-07-11,Cotton,Andhra Pradesh,Guntur Mandi,10164.7,12026.5,11095.6,478.2
2022-07-18,Cotton,Andhra Pradesh,Guntur Mandi,11301.4,12617.6,11959.5,338.3
2022-07-25,Cotton,Andhra Pradesh,Guntur Mandi,11154.3,12555.3,11854.8,432.1
2022-08-01,Cotton,Andhra Pradesh,Guntur Mandi,11142.5,12195.5,11669.0,412.6
2022-08-08,Cotton,Andhra Pradesh,Guntur Mandi,10523.8,11704.6,11114.2,341.1
2022-08-15,Cotton,Andhra Pradesh,Guntur Mandi,10392.9,11735.1,11064.0,380.5
2022-08-22,Cotton,Andhra Pradesh,Guntur Mandi,11055.5,12432.1,11743.8,498.6
2022-08-29,Cotton,Andhra Pradesh,Guntur Mandi,10184.6,11076.0,10630.3,355.9
2022-09-05,Cotton,Andhra Pradesh,Guntur Mandi,9903.6,11309.2,10606.4,485.1
2022-09-12,Cotton,Andhra Pradesh,Guntur Mandi,11295.1,12285.1,11790.1,399.0
2022-09-19,Cotton,Andhra Pradesh,Guntur Mandi,10161.0,12007.8,11084.4,378.9
2022-09-26,Cotton,Andhra Pradesh,Guntur Mandi,9884.6,11708.0,10796.3,410.4
2022-10-03,Cotton,Andhra Pradesh,Guntur Mandi,10745.4,12396.2,11570.8,406.7
2022-10-10,Cotton,Andhra Pradesh,Guntur Mandi,10356.6,11831.0,11093.8,320.7
2022-10-17,Cotton,Andhra Pradesh,Guntur Mandi,10685.2,11636.2,11160.7,488.0
2022-10-24,Cotton,Andhra Pradesh,Guntur Mandi,11324.9,12726.5,12025.7,362.1
2022-10-31,Cotton,Andhra Pradesh,Guntur Mandi,10763.7,12820.1,11791.9,399.5
2022-11-07,Cotton,Andhra Pradesh,Guntur Mandi,7557.0,8757.8,8157.4,1018.5
2022-11-14,Cotton,Andhra Pradesh,Guntur Mandi,7726.2,8765.6,8245.9,654.5
2022-11-21,Cotton,Andhra Pradesh,Guntur Mandi,8209.1,9525.7,8867.4,683.8
2022-11-28,Cotton,Andhra Pradesh,Guntur Mandi,7725.4,8616.8,8171.1,797.3
2022-12-05,Cotton,Andhra Pradesh,Guntur Mandi,8330.0,9556.2,8943.1,808.0
2022-12-12,Cotton,Andhra Pradesh,Guntur Mandi,8538.8,9520.6,9029.7,785.6
2022-12-19,Cotton,Andhra Pradesh,Guntur Mandi,7566.5,8790.7,8178.6,941.2
2022-12-26,Cotton,Andhra Pradesh,Guntur Mandi,7653.0,8848.6,8250.8,689.9
2023-01-02,Cotton,Andhra Pradesh,Guntur Mandi,7472.5,8899.9,8186.2,673.2
2023-01-09,Cotton,Andhra Pradesh,Guntur Mandi,7278.2,8663.6,7970.9,617.6
2023-01-16,Cotton,Andhra Pradesh,Guntur Mandi,8309.7,9693.9,9001.8,997.4
2023-01-23,Cotton,Andhra Pradesh,Guntur Mandi,8240.0,9574.4,8907.2,976.2
2023-01-30,Cotton,Andhra Pradesh,Guntur Mandi,8399.0,9805.0,9102.0,904.3
2023-02-06,Cotton,Andhra Pradesh,Guntur Mandi,10465.9,12231.7,11348.8,410.8
2023-02-13,Cotton,Andhra Pradesh,Guntur Mandi,10386.9,12269.7,11328.3,428.0
2023-02-20,Cotton,Andhra Pradesh,Guntur Mandi,10992.9,12907.5,11950.2,377.6
2023-02-27,Cotton,Andhra Pradesh,Guntur Mandi,11652.6,13134.6,12393.6,430.9
2023-03-06,Cotton,Andhra Pradesh,Guntur Mandi,11161.7,12783.7,11972.7,440.8
2023-03-13,Cotton,Andhra Pradesh,Guntur Mandi,10858.2,12141.2,11499.7,477.8
2023-03-20,Cotton,Andhra Pradesh,Guntur Mandi,11877.0,12897.4,12387.2,528.8
2023-03-27,Cotton,Andhra Pradesh,Guntur Mandi,10392.2,12098.6,11245.4,401.6
2023-04-03,Cotton,Andhra Pradesh,Guntur Mandi,10498.8,11731.2,11115.0,342.1
2023-04-10,Cotton,Andhra Pradesh,Guntur Mandi,10898.9,12808.3,11853.6,500.3
2023-04-17,Cotton,Andhra Pradesh,Guntur Mandi,11665.6,12995.2,12330.4,482.5
2023-04-24,Cotton,Andhra Pradesh,Guntur Mandi,11317.2,13344.2,12330.7,359.9
2023-05-01,Cotton,Andhra Pradesh,Guntur Mandi,11139.2,13004.2,12071.7,508.0
2023-05-08,Cotton,Andhra Pradesh,Guntur Mandi,11474.2,13422.4,12448.3,395.0
2023-05-15,Cotton,Andhra Pradesh,Guntur Mandi,11496.4,13499.6,12498.0,481.1
2023-05-22,Cotton,Andhra Pradesh,Guntur Mandi,10788.2,12854.4,11821.3,509.0
2023-05-29,Cotton,Andhra Pradesh,Guntur Mandi,11532.9,13429.1,12481.0,516.8
2023-06-05,Cotton,Andhra Pradesh,Guntur Mandi,11230.7,12899.1,12064.9,519.7
2023-06-12,Cotton,Andhra Pradesh,Guntur Mandi,11652.5,12722.1,12187.3,395.2
2023-06-19,Cotton,Andhra Pradesh,Guntur Mandi,11140.7,12292.7,11716.7,404.0
2023-06-26,Cotton,Andhra Pradesh,Guntur Mandi,10799.0,12359.0,11579.0,358.1
2023-07-03,Cotton,Andhra Pradesh,Guntur Mandi,10825.9,12922.3,11874.1,516.6
2023-07-10,Cotton,Andhra Pradesh,Guntur Mandi,10178.8,12086.0,11132.4,503.7
2023-07-17,Cotton,Andhra Pradesh,Guntur Mandi,11309.1,12768.9,12039.0,488.5
2023-07-24,Cotton,Andhra Pradesh,Guntur Mandi,11218.4,13435.2,12326.8,341.5
2023-07-31,Cotton,Andhra Pradesh,Guntur Mandi,11358.7,12811.7,12085.2,502.3
2023-08-07,Cotton,Andhra Pradesh,Guntur Mandi,11806.6,13627.8,12717.2,502.3
2023-08-14,Cotton,Andhra Pradesh,Guntur Mandi,11828.5,13139.5,12484.0,538.6
2023-08-21,Cotton,Andhra Pradesh,Guntur Mandi,11444.1,13403.7,12423.9,535.5
2023-08-28,Cotton,Andhra Pradesh,Guntur Mandi,10732.7,12738.5,11735.6,461.8
2023-09-04,Cotton,Andhra Pradesh,Guntur Mandi,11406.4,12368.2,11887.3,336.8
2023-09-11,Cotton,Andhra Pradesh,Guntur Mandi,11749.5,12920.3,12334.9,376.5
2023-09-18,Cotton,Andhra Pradesh,Guntur Mandi,10863.6,12222.0,11542.8,357.8
2023-09-25,Cotton,Andhra Pradesh,Guntur Mandi,12012.8,13846.2,12929.5,388.5
2023-10-02,Cotton,Andhra Pradesh,Guntur Mandi,11284.4,12735.4,12009.9,350.9
2023-10-09,Cotton,Andhra Pradesh,Guntur Mandi,10569.4,12408.2,11488.8,348.9
2023-10-16,Cotton,Andhra Pradesh,Guntur Mandi,10561.8,12471.0,11516.4,524.2
2023-10-23,Cotton,Andhra Pradesh,Guntur Mandi,10659.9,12117.3,11388.6,451.6
2023-10-30,Cotton,Andhra Pradesh,Guntur Mandi,10828.9,12334.3,11581.6,511.0
2023-11-06,Cotton,Andhra Pradesh,Guntur Mandi,8400.9,9624.7,9012.8,747.4
2023-11-13,Cotton,Andhra Pradesh,Guntur Mandi,8262.9,9774.3,9018.6,898.3
2023-11-20,Cotton,Andhra Pradesh,Guntur Mandi,7868.6,8908.0,8388.3,840.8
2023-11-27,Cotton,Andhra Pradesh,Guntur Mandi,8784.4,9614.6,9199.5,943.9
2023-12-04,Cotton,Andhra Pradesh,Guntur Mandi,8268.6,9229.4,8749.0,975.8
2023-12-11,Cotton,Andhra Pradesh,Guntur Mandi,8598.6,10106.0,9352.3,915.1
2023-12-18,Cotton,Andhra Pradesh,Guntur Mandi,7997.3,8823.3,8410.3,840.0
2023-12-25,Cotton,Andhra Pradesh,Guntur Mandi,9008.2,10218.2,9613.2,951.8
2015-01-05,Sugarcane,Uttar Pradesh,Meerut Mandi,260.5,308.9,284.7,10321.7
2015-01-12,Sugarcane,Uttar Pradesh,Meerut Mandi,274.4,305.0,289.7,9634.4
2015-01-19,Sugarcane,Uttar Pradesh,Meerut Mandi,251.9,285.7,268.8,9061.4
2015-01-26,Sugarcane,Uttar Pradesh,Meerut Mandi,272.4,309.2,290.8,11603.0
2015-02-02,Sugarcane,Uttar Pradesh,Meerut Mandi,284.3,313.7,299.0,13587.0
2015-02-09,Sugarcane,Uttar Pradesh,Meerut Mandi,258.1,282.7,270.4,13695.0
2015-02-16,Sugarcane,Uttar Pradesh,Meerut Mandi,267.6,312.2,289.9,11594.3
2015-02-23,Sugarcane,Uttar Pradesh,Meerut Mandi,282.8,307.6,295.2,11139.5
2015-03-02,Sugarcane,Uttar Pradesh,Meerut Mandi,259.2,286.8,273.0,10071.0
2015-03-09,Sugarcane,Uttar Pradesh,Meerut Mandi,267.2,299.8,283.5,9681.1
2015-03-16,Sugarcane,Uttar Pradesh,Meerut Mandi,249.9,292.7,271.3,9743.1
2015-03-23,Sugarcane,Uttar Pradesh,Meerut Mandi,256.8,300.8,278.8,12606.0
2015-03-30,Sugarcane,Uttar Pradesh,Meerut Mandi,266.8,312.6,289.7,13000.0
2015-04-06,Sugarcane,Uttar Pradesh,Meerut Mandi,352.2,405.2,378.7,4308.0
2015-04-13,Sugarcane,Uttar Pradesh,Meerut Mandi,348.9,385.1,367.0,5793.8
2015-04-20,Sugarcane,Uttar Pradesh,Meerut Mandi,367.7,411.9,389.8,4680.4
2015-04-27,Sugarcane,Uttar Pradesh,Meerut Mandi,370.0,409.2,389.6,6998.7
2015-05-04,Sugarcane,Uttar Pradesh,Meerut Mandi,377.5,432.5,405.0,6158.4
2015-05-11,Sugarcane,Uttar Pradesh,Meerut Mandi,345.8,397.8,371.8,5070.2
2015-05-18,Sugarcane,Uttar Pradesh,Meerut Mandi,355.4,390.8,373.1,4476.3
2015-05-25,Sugarcane,Uttar Pradesh,Meerut Mandi,358.0,405.4,381.7,4342.4
2015-06-01,Sugarcane,Uttar Pradesh,Meerut Mandi,376.0,415.8,395.9,5099.0
2015-06-08,Sugarcane,Uttar Pradesh,Meerut Mandi,348.7,403.1,375.9,6182.9
2015-06-15,Sugarcane,Uttar Pradesh,Meerut Mandi,359.1,416.3,387.7,6436.6
2015-06-22,Sugarcane,Uttar Pradesh,Meerut Mandi,382.0,451.4,416.7,6965.1
2015-06-29,Sugarcane,Uttar Pradesh,Meerut Mandi,379.8,415.0,397.4,4212.7
2015-07-06,Sugarcane,Uttar Pradesh,Meerut Mandi,381.0,435.6,408.3,4551.2
2015-07-13,Sugarcane,Uttar Pradesh,Meerut Mandi,339.6,401.6,370.6,7070.5
2015-07-20,Sugarcane,Uttar Pradesh,Meerut Mandi,388.2,439.6,413.9,6636.3
2015-07-27,Sugarcane,Uttar Pradesh,Meerut Mandi,388.5,449.1,418.8,4420.8
2015-08-03,Sugarcane,Uttar Pradesh,Meerut Mandi,372.0,438.2,405.1,6562.2
2015-08-10,Sugarcane,Uttar Pradesh,Meerut Mandi,351.4,406.2,378.8,5806.3
2015-08-17,Sugarcane,Uttar Pradesh,Meerut Mandi,390.8,448.2,419.5,6258.0
2015-08-24,Sugarcane,Uttar Pradesh,Meerut Mandi,367.0,432.0,399.5,4354.2
2015-08-31,Sugarcane,Uttar Pradesh,Meerut Mandi,362.9,412.3,387.6,5961.7
2015-09-07,Sugarcane,Uttar Pradesh,Meerut Mandi,345.6,404.2,374.9,6017.3
2015-09-14,Sugarcane,Uttar Pradesh,Meerut Mandi,392.2,444.8,418.5,5285.1
2015-09-21,Sugarcane,Uttar Pradesh,Meerut Mandi,366.3,397.1,381.7,6851.7
2015-09-28,Sugarcane,Uttar Pradesh,Meerut Mandi,377.8,415.0,396.4,5637.1
2015-10-05,Sugarcane,Uttar Pradesh,Meerut Mandi,373.1,438.5,405.8,6063.2
2015-10-12,Sugarcane,Uttar Pradesh,Meerut Mandi,357.2,422.4,389.8,5167.2
2015-10-19,Sugarcane,Uttar Pradesh,Meerut Mandi,359.9,410.7,385.3,5534.2
2015-10-26,Sugarcane,Uttar Pradesh,Meerut Mandi,367.2,411.0,389.1,6302.0
2015-11-02,Sugarcane,Uttar Pradesh,Meerut Mandi,271.2,296.0,283.6,13341.8
2015-11-09,Sugarcane,Uttar Pradesh,Meerut Mandi,261.3,293.7,277.5,11857.3
2015-11-16,Sugarcane,Uttar Pradesh,Meerut Mandi,292.0,332.6,312.3,10707.5
2015-11-23,Sugarcane,Uttar Pradesh,Meerut Mandi,272.3,313.3,292.8,11113.8
2015-11-30,Sugarcane,Uttar Pradesh,Meerut Mandi,284.6,333.8,309.2,10062.2
2015-12-07,Sugarcane,Uttar Pradesh,Meerut Mandi,286.9,312.5,299.7,8305.9
2015-12-14,Sugarcane,Uttar Pradesh,Meerut Mandi,282.4,322.8,302.6,12325.5
2015-12-21,Sugarcane,Uttar Pradesh,Meerut Mandi,274.4,322.8,298.6,13151.4
2015-12-28,Sugarcane,Uttar Pradesh,Meerut Mandi,267.4,290.2,278.8,12597.2
2016-01-04,Sugarcane,Uttar Pradesh,Meerut Mandi,291.1,331.7,311.4,10650.7
2016-01-11,Sugarcane,Uttar Pradesh,Meerut Mandi,267.8,312.8,290.3,9844.5
2016-01-18,Sugarcane,Uttar Pradesh,Meerut Mandi,266.1,314.5,290.3,11171.5
2016-01-25,Sugarcane,Uttar Pradesh,Meerut Mandi,265.7,288.5,277.1,11762.4
2016-02-01,Sugarcane,Uttar Pradesh,Meerut Mandi,278.5,319.5,299.0,9005.8
2016-02-08,Sugarcane,Uttar Pradesh,Meerut Mandi,272.7,303.5,288.1,10212.7
2016-02-15,Sugarcane,Uttar Pradesh,Meerut Mandi,268.4,299.2,283.8,10811.3
2016-02-22,Sugarcane,Uttar Pradesh,Meerut Mandi,283.6,330.2,306.9,8471.4
2016-02-29,Sugarcane,Uttar Pradesh,Meerut Mandi,295.6,342.0,318.8,9221.9
2016-03-07,Sugarcane,Uttar Pradesh,Meerut Mandi,291.9,333.1,312.5,9886.8
2016-03-14,Sugarcane,Uttar Pradesh,Meerut Mandi,274.5,305.7,290.1,12926.5
2016-03-21,Sugarcane,Uttar Pradesh,Meerut Mandi,259.9,305.9,282.9,13200.0
2016-03-28,Sugarcane,Uttar Pradesh,Meerut Mandi,289.1,334.7,311.9,10244.1
2016-04-04,Sugarcane,Uttar Pradesh,Meerut Mandi,379.8,415.0,397.4,5855.2
2016-04-11,Sugarcane,Uttar Pradesh,Meerut Mandi,362.0,432.0,397.0,5165.8
2016-04-18,Sugarcane,Uttar Pradesh,Meerut Mandi,382.9,431.9,407.4,5675.4
2016-04-25,Sugarcane,Uttar Pradesh,Meerut Mandi,372.9,432.9,402.9,5801.1
2016-05-02,Sugarcane,Uttar Pradesh,Meerut Mandi,370.3,420.1,395.2,6074.5
2016-05-09,Sugarcane,Uttar Pradesh,Meerut Mandi,367.3,437.7,402.5,5062.2
2016-05-16,Sugarcane,Uttar Pradesh,Meerut Mandi,408.1,469.5,438.8,7040.3
2016-05-23,Sugarcane,Uttar Pradesh,Meerut Mandi,389.6,454.6,422.1,5318.4
2016-05-30,Sugarcane,Uttar Pradesh,Meerut Mandi,369.2,434.0,401.6,5574.1
2016-06-06,Sugarcane,Uttar Pradesh,Meerut Mandi,364.4,410.8,387.6,6219.3
2016-06-13,Sugarcane,Uttar Pradesh,Meerut Mandi,393.7,467.9,430.8,5935.9
2016-06-20,Sugarcane,Uttar Pradesh,Meerut Mandi,414.4,461.0,437.7,5816.9
2016-06-27,Sugarcane,Uttar Pradesh,Meerut Mandi,388.6,426.0,407.3,6289.5
2016-07-04,Sugarcane,Uttar Pradesh,Meerut Mandi,390.6,463.2,426.9,4623.1
2016-07-11,Sugarcane,Uttar Pradesh,Meerut Mandi,370.2,408.6,389.4,4326.1
2016-07-18,Sugarcane,Uttar Pradesh,Meerut Mandi,399.0,451.8,425.4,5754.7
2016-07-25,Sugarcane,Uttar Pradesh,Meerut Mandi,405.8,467.8,436.8,6144.3
2016-08-01,Sugarcane,Uttar Pradesh,Meerut Mandi,402.1,436.3,419.2,4716.1
2016-08-08,Sugarcane,Uttar Pradesh,Meerut Mandi,410.9,446.7,428.8,5542.8
2016-08-15,Sugarcane,Uttar Pradesh,Meerut Mandi,411.3,468.7,440.0,4907.9
2016-08-22,Sugarcane,Uttar Pradesh,Meerut Mandi,387.6,461.6,424.6,5901.3
2016-08-29,Sugarcane,Uttar Pradesh,Meerut Mandi,403.6,437.4,420.5,5065.4
2016-09-05,Sugarcane,Uttar Pradesh,Meerut Mandi,403.0,458.4,430.7,5686.5
2016-09-12,Sugarcane,Uttar Pradesh,Meerut Mandi,371.1,415.3,393.2,4687.7
2016-09-19,Sugarcane,Uttar Pradesh,Meerut Mandi,392.2,430.6,411.4,6017.1
2016-09-26,Sugarcane,Uttar Pradesh,Meerut Mandi,402.1,458.9,430.5,4592.6
2016-10-03,Sugarcane,Uttar Pradesh,Meerut Mandi,382.5,427.9,405.2,4403.9
2016-10-10,Sugarcane,Uttar Pradesh,Meerut Mandi,409.8,455.4,432.6,5638.4
2016-10-17,Sugarcane,Uttar Pradesh,Meerut Mandi,396.0,434.4,415.2,6196.3
2016-10-24,Sugarcane,Uttar Pradesh,Meerut Mandi,394.0,433.8,413.9,6354.8
2016-10-31,Sugarcane,Uttar Pradesh,Meerut Mandi,393.6,449.0,421.3,5343.6
2016-11-07,Sugarcane,Uttar Pradesh,Meerut Mandi,289.2,341.4,315.3,9287.8
2016-11-14,Sugarcane,Uttar Pradesh,Meerut Mandi,307.6,356.6,332.1,9019.4
2016-11-21,Sugarcane,Uttar Pradesh,Meerut Mandi,268.2,320.0,294.1,12473.4
2016-11-28,Sugarcane,Uttar Pradesh,Meerut Mandi,283.8,319.2,301.5,12987.6
2016-12-05,Sugarcane,Uttar Pradesh,Meerut Mandi,283.9,336.3,310.1,9029.0
2016-12-12,Sugarcane,Uttar Pradesh,Meerut Mandi,289.6,332.0,310.8,13567.4
2016-12-19,Sugarcane,Uttar Pradesh,Meerut Mandi,317.4,350.0,333.7,13526.6
2016-12-26,Sugarcane,Uttar Pradesh,Meerut Mandi,305.4,352.2,328.8,13934.9
2017-01-02,Sugarcane,Uttar Pradesh,Meerut Mandi,310.9,354.7,332.8,8873.5
2017-01-09,Sugarcane,Uttar Pradesh,Meerut Mandi,284.1,338.5,311.3,13986.4
2017-01-16,Sugarcane,Uttar Pradesh,Meerut Mandi,292.8,333.0,312.9,9902.7
2017-01-23,Sugarcane,Uttar Pradesh,Meerut Mandi,278.5,325.9,302.2,10582.2
2017-01-30,Sugarcane,Uttar Pradesh,Meerut Mandi,278.7,325.3,302.0,8470.3
2017-02-06,Sugarcane,Uttar Pradesh,Meerut Mandi,271.8,317.8,294.8,11766.9
2017-02-13,Sugarcane,Uttar Pradesh,Meerut Mandi,293.6,350.0,321.8,12413.9
2017-02-20,Sugarcane,Uttar Pradesh,Meerut Mandi,308.9,347.3,328.1,9895.6
2017-02-27,Sugarcane,Uttar Pradesh,Meerut Mandi,276.7,328.1,302.4,13874.9
2017-03-06,Sugarcane,Uttar Pradesh,Meerut Mandi,301.5,340.3,320.9,9804.0
2017-03-13,Sugarcane,Uttar Pradesh,Meerut Mandi,284.6,332.2,308.4,11048.6
2017-03-20,Sugarcane,Uttar Pradesh,Meerut Mandi,281.2,315.2,298.2,8703.5
2017-03-27,Sugarcane,Uttar Pradesh,Meerut Mandi,296.5,351.1,323.8,11459.7
2017-04-03,Sugarcane,Uttar Pradesh,Meerut Mandi,426.8,465.6,446.2,7143.9
2017-04-10,Sugarcane,Uttar Pradesh,Meerut Mandi,416.4,493.4,454.9,6720.6
2017-04-17,Sugarcane,Uttar Pradesh,Meerut Mandi,435.7,473.1,454.4,4557.3
2017-04-24,Sugarcane,Uttar Pradesh,Meerut Mandi,421.6,475.6,448.6,4401.0
2017-05-01,Sugarcane,Uttar Pradesh,Meerut Mandi,422.3,505.7,464.0,5229.3
2017-05-08,Sugarcane,Uttar Pradesh,Meerut Mandi,409.3,476.5,442.9,5178.3
2017-05-15,Sugarcane,Uttar Pradesh,Meerut Mandi,422.4,494.0,458.2,6800.5
2017-05-22,Sugarcane,Uttar Pradesh,Meerut Mandi,415.2,462.6,438.9,5917.3
2017-05-29,Sugarcane,Uttar Pradesh,Meerut Mandi,388.1,453.1,420.6,5823.8
2017-06-05,Sugarcane,Uttar Pradesh,Meerut Mandi,381.2,442.4,411.8,6540.5
2017-06-12,Sugarcane,Uttar Pradesh,Meerut Mandi,386.4,452.8,419.6,5729.1
2017-06-19,Sugarcane,Uttar Pradesh,Meerut Mandi,389.8,459.8,424.8,5187.9
2017-06-26,Sugarcane,Uttar Pradesh,Meerut Mandi,391.4,441.0,416.2,5086.1
2017-07-03,Sugarcane,Uttar Pradesh,Meerut Mandi,442.4,490.8,466.6,6987.3
2017-07-10,Sugarcane,Uttar Pradesh,Meerut Mandi,380.9,442.9,411.9,4372.3
2017-07-17,Sugarcane,Uttar Pradesh,Meerut Mandi,424.8,502.2,463.5,6110.4
2017-07-24,Sugarcane,Uttar Pradesh,Meerut Mandi,401.9,439.3,420.6,4734.8
2017-07-31,Sugarcane,Uttar Pradesh,Meerut Mandi,412.9,466.9,439.9,4538.4
2017-08-07,Sugarcane,Uttar Pradesh,Meerut Mandi,434.3,506.3,470.3,6206.6
2017-08-14,Sugarcane,Uttar Pradesh,Meerut Mandi,414.0,459.6,436.8,4447.7
2017-08-21,Sugarcane,Uttar Pradesh,Meerut Mandi,404.4,480.8,442.6,6852.4
2017-08-28,Sugarcane,Uttar Pradesh,Meerut Mandi,419.3,470.3,444.8,5071.8
2017-09-04,Sugarcane,Uttar Pradesh,Meerut Mandi,387.6,450.4,419.0,4842.0
2017-09-11,Sugarcane,Uttar Pradesh,Meerut Mandi,427.4,470.8,449.1,5993.1
2017-09-18,Sugarcane,Uttar Pradesh,Meerut Mandi,389.6,446.6,418.1,5248.4
2017-09-25,Sugarcane,Uttar Pradesh,Meerut Mandi,427.6,511.6,469.6,4544.0
2017-10-02,Sugarcane,Uttar Pradesh,Meerut Mandi,386.8,460.4,423.6,4365.7
2017-10-09,Sugarcane,Uttar Pradesh,Meerut Mandi,386.1,457.9,422.0,7086.7
2017-10-16,Sugarcane,Uttar Pradesh,Meerut Mandi,401.4,477.6,439.5,5271.1
2017-10-23,Sugarcane,Uttar Pradesh,Meerut Mandi,390.9,463.1,427.0,5071.1
2017-10-30,Sugarcane,Uttar Pradesh,Meerut Mandi,404.6,449.0,426.8,4523.3
2017-11-06,Sugarcane,Uttar Pradesh,Meerut Mandi,327.0,361.0,344.0,9097.7
2017-11-13,Sugarcane,Uttar Pradesh,Meerut Mandi,302.2,349.8,326.0,8517.7
2017-11-20,Sugarcane,Uttar Pradesh,Meerut Mandi,321.9,367.9,344.9,10120.9
2017-11-27,Sugarcane,Uttar Pradesh,Meerut Mandi,318.1,349.9,334.0,10478.4
2017-12-04,Sugarcane,Uttar Pradesh,Meerut Mandi,319.2,366.0,342.6,12482.9
2017-12-11,Sugarcane,Uttar Pradesh,Meerut Mandi,299.7,329.7,314.7,13680.6
2017-12-18,Sugarcane,Uttar Pradesh,Meerut Mandi,331.8,362.4,347.1,8858.3
2017-12-25,Sugarcane,Uttar Pradesh,Meerut Mandi,291.1,338.9,315.0,12088.1
2018-01-01,Sugarcane,Uttar Pradesh,Meerut Mandi,318.3,361.1,339.7,13006.7
2018-01-08,Sugarcane,Uttar Pradesh,Meerut Mandi,329.4,373.6,351.5,8170.4
2018-01-15,Sugarcane,Uttar Pradesh,Meerut Mandi,303.1,352.3,327.7,13674.3
2018-01-22,Sugarcane,Uttar Pradesh,Meerut Mandi,301.0,333.8,317.4,13368.0
2018-01-29,Sugarcane,Uttar Pradesh,Meerut Mandi,320.2,382.0,351.1,8324.1
2018-02-05,Sugarcane,Uttar Pradesh,Meerut Mandi,305.8,356.8,331.3,11483.3
2018-02-12,Sugarcane,Uttar Pradesh,Meerut Mandi,314.7,345.5,330.1,10901.0
2018-02-19,Sugarcane,Uttar Pradesh,Meerut Mandi,326.9,356.1,341.5,9414.0
2018-02-26,Sugarcane,Uttar Pradesh,Meerut Mandi,329.5,364.5,347.0,9570.9
2018-03-05,Sugarcane,Uttar Pradesh,Meerut Mandi,322.2,356.2,339.2,8131.3
2018-03-12,Sugarcane,Uttar Pradesh,Meerut Mandi,298.5,330.3,314.4,11957.8
2018-03-19,Sugarcane,Uttar Pradesh,Meerut Mandi,327.4,390.2,358.8,10906.2
2018-03-26,Sugarcane,Uttar Pradesh,Meerut Mandi,338.4,368.6,353.5,12417.5
2018-04-02,Sugarcane,Uttar Pradesh,Meerut Mandi,415.1,485.3,450.2,5565.7
2018-04-09,Sugarcane,Uttar Pradesh,Meerut Mandi,402.5,460.7,431.6,5945.4
2018-04-16,Sugarcane,Uttar Pradesh,Meerut Mandi,444.7,519.1,481.9,5132.2
2018-04-23,Sugarcane,Uttar Pradesh,Meerut Mandi,427.7,473.9,450.8,5172.2
2018-04-30,Sugarcane,Uttar Pradesh,Meerut Mandi,462.1,521.9,492.0,6408.0
2018-05-07,Sugarcane,Uttar Pradesh,Meerut Mandi,455.9,532.7,494.3,6371.7
2018-05-14,Sugarcane,Uttar Pradesh,Meerut Mandi,447.9,489.3,468.6,6185.7
2018-05-21,Sugarcane,Uttar Pradesh,Meerut Mandi,433.9,481.3,457.6,6904.2
2018-05-28,Sugarcane,Uttar Pradesh,Meerut Mandi,401.6,469.6,435.6,6652.7
2018-06-04,Sugarcane,Uttar Pradesh,Meerut Mandi,431.8,472.2,452.0,4515.5
2018-06-11,Sugarcane,Uttar Pradesh,Meerut Mandi,453.5,492.7,473.1,7150.9
2018-06-18,Sugarcane,Uttar Pradesh,Meerut Mandi,441.7,479.1,460.4,6482.5
2018-06-25,Sugarcane,Uttar Pradesh,Meerut Mandi,404.1,478.3,441.2,5321.0
2018-07-02,Sugarcane,Uttar Pradesh,Meerut Mandi,423.2,497.6,460.4,4874.7
2018-07-09,Sugarcane,Uttar Pradesh,Meerut Mandi,458.4,504.8,481.6,6100.7
2018-07-16,Sugarcane,Uttar Pradesh,Meerut Mandi,446.0,495.4,470.7,5968.0
2018-07-23,Sugarcane,Uttar Pradesh,Meerut Mandi,411.7,468.1,439.9,5309.7
2018-07-30,Sugarcane,Uttar Pradesh,Meerut Mandi,456.9,517.7,487.3,5737.4
2018-08-06,Sugarcane,Uttar Pradesh,Meerut Mandi,435.2,491.0,463.1,4494.1
2018-08-13,Sugarcane,Uttar Pradesh,Meerut Mandi,439.2,491.0,465.1,6693.2
2018-08-20,Sugarcane,Uttar Pradesh,Meerut Mandi,402.5,472.9,437.7,4210.2
2018-08-27,Sugarcane,Uttar Pradesh,Meerut Mandi,435.1,476.7,455.9,5657.2
2018-09-03,Sugarcane,Uttar Pradesh,Meerut Mandi,434.6,472.0,453.3,5710.4
2018-09-10,Sugarcane,Uttar Pradesh,Meerut Mandi,431.7,468.5,450.1,6560.1
2018-09-17,Sugarcane,Uttar Pradesh,Meerut Mandi,418.5,489.1,453.8,5433.7
2018-09-24,Sugarcane,Uttar Pradesh,Meerut Mandi,456.8,542.8,499.8,6914.1
2018-10-01,Sugarcane,Uttar Pradesh,Meerut Mandi,408.6,484.2,446.4,6681.9
2018-10-08,Sugarcane,Uttar Pradesh,Meerut Mandi,423.9,496.9,460.4,6534.7
2018-10-15,Sugarcane,Uttar Pradesh,Meerut Mandi,443.2,493.4,468.3,6633.8
2018-10-22,Sugarcane,Uttar Pradesh,Meerut Mandi,427.1,507.3,467.2,7033.7
2018-10-29,Sugarcane,Uttar Pradesh,Meerut Mandi,430.4,501.0,465.7,6821.1
2018-11-05,Sugarcane,Uttar Pradesh,Meerut Mandi,314.2,357.4,335.8,13318.6
2018-11-12,Sugarcane,Uttar Pradesh,Meerut Mandi,332.2,391.2,361.7,9923.1
2018-11-19,Sugarcane,Uttar Pradesh,Meerut Mandi,301.4,349.4,325.4,10177.9
2018-11-26,Sugarcane,Uttar Pradesh,Meerut Mandi,335.2,373.6,354.4,10563.0
2018-12-03,Sugarcane,Uttar Pradesh,Meerut Mandi,341.6,385.8,363.7,11799.7
2018-12-10,Sugarcane,Uttar Pradesh,Meerut Mandi,305.2,347.6,326.4,13655.9
2018-12-17,Sugarcane,Uttar Pradesh,Meerut Mandi,342.4,392.6,367.5,11514.3
2018-12-24,Sugarcane,Uttar Pradesh,Meerut Mandi,318.8,359.6,339.2,9982.9
2018-12-31,Sugarcane,Uttar Pradesh,Meerut Mandi,337.2,391.2,364.2,12736.4
2019-01-07,Sugarcane,Uttar Pradesh,Meerut Mandi,319.4,359.6,339.5,12028.2
2019-01-14,Sugarcane,Uttar Pradesh,Meerut Mandi,351.2,396.2,373.7,9740.5
2019-01-21,Sugarcane,Uttar Pradesh,Meerut Mandi,342.6,378.0,360.3,9492.8
2019-01-28,Sugarcane,Uttar Pradesh,Meerut Mandi,317.0,377.4,347.2,13926.7
2019-02-04,Sugarcane,Uttar Pradesh,Meerut Mandi,325.0,359.2,342.1,10539.9
2019-02-11,Sugarcane,Uttar Pradesh,Meerut Mandi,316.1,369.3,342.7,9368.7
2019-02-18,Sugarcane,Uttar Pradesh,Meerut Mandi,317.9,365.1,341.5,12954.9
2019-02-25,Sugarcane,Uttar Pradesh,Meerut Mandi,318.3,367.3,342.8,11785.4
2019-03-04,Sugarcane,Uttar Pradesh,Meerut Mandi,336.3,391.5,363.9,8339.4
2019-03-11,Sugarcane,Uttar Pradesh,Meerut Mandi,325.6,388.0,356.8,9143.4
2019-03-18,Sugarcane,Uttar Pradesh,Meerut Mandi,327.2,361.2,344.2,12743.4
2019-03-25,Sugarcane,Uttar Pradesh,Meerut Mandi,306.8,366.6,336.7,10244.6
2019-04-01,Sugarcane,Uttar Pradesh,Meerut Mandi,459.4,521.2,490.3,4392.4
2019-04-08,Sugarcane,Uttar Pradesh,Meerut Mandi,440.4,495.8,468.1,5831.5
2019-04-15,Sugarcane,Uttar Pradesh,Meerut Mandi,480.2,550.4,515.3,6920.2
2019-04-22,Sugarcane,Uttar Pradesh,Meerut Mandi,496.3,543.1,519.7,7136.6
2019-04-29,Sugarcane,Uttar Pradesh,Meerut Mandi,423.9,489.5,456.7,6980.2
2019-05-06,Sugarcane,Uttar Pradesh,Meerut Mandi,434.1,490.1,462.1,4629.7
2019-05-13,Sugarcane,Uttar Pradesh,Meerut Mandi,484.0,550.0,517.0,4970.8
2019-05-20,Sugarcane,Uttar Pradesh,Meerut Mandi,474.0,541.2,507.6,4534.0
2019-05-27,Sugarcane,Uttar Pradesh,Meerut Mandi,491.5,547.9,519.7,4279.0
2019-06-03,Sugarcane,Uttar Pradesh,Meerut Mandi,475.4,535.2,505.3,4286.7
2019-06-10,Sugarcane,Uttar Pradesh,Meerut Mandi,468.6,524.6,496.6,5344.7
2019-06-17,Sugarcane,Uttar Pradesh,Meerut Mandi,468.4,531.6,500.0,5423.8
2019-06-24,Sugarcane,Uttar Pradesh,Meerut Mandi,446.1,520.9,483.5,6213.7
2019-07-01,Sugarcane,Uttar Pradesh,Meerut Mandi,473.4,523.6,498.5,4605.9
2019-07-08,Sugarcane,Uttar Pradesh,Meerut Mandi,454.1,508.5,481.3,7190.4
2019-07-15,Sugarcane,Uttar Pradesh,Meerut Mandi,433.9,500.9,467.4,7097.3
2019-07-22,Sugarcane,Uttar Pradesh,Meerut Mandi,454.1,515.5,484.8,5448.8
2019-07-29,Sugarcane,Uttar Pradesh,Meerut Mandi,477.0,553.0,515.0,5242.4
2019-08-05,Sugarcane,Uttar Pradesh,Meerut Mandi,472.5,521.5,497.0,6148.8
2019-08-12,Sugarcane,Uttar Pradesh,Meerut Mandi,461.3,536.1,498.7,6205.0
2019-08-19,Sugarcane,Uttar Pradesh,Meerut Mandi,499.2,563.8,531.5,6982.4
2019-08-26,Sugarcane,Uttar Pradesh,Meerut Mandi,491.2,568.2,529.7,6398.9
2019-09-02,Sugarcane,Uttar Pradesh,Meerut Mandi,478.3,537.5,507.9,5976.2
2019-09-09,Sugarcane,Uttar Pradesh,Meerut Mandi,464.9,519.1,492.0,6983.5
2019-09-16,Sugarcane,Uttar Pradesh,Meerut Mandi,447.9,511.3,479.6,6430.8
2019-09-23,Sugarcane,Uttar Pradesh,Meerut Mandi,486.8,552.6,519.7,4989.8
2019-09-30,Sugarcane,Uttar Pradesh,Meerut Mandi,456.8,527.4,492.1,6210.2
2019-10-07,Sugarcane,Uttar Pradesh,Meerut Mandi,499.5,565.1,532.3,4605.3
2019-10-14,Sugarcane,Uttar Pradesh,Meerut Mandi,446.6,489.6,468.1,6935.2
2019-10-21,Sugarcane,Uttar Pradesh,Meerut Mandi,479.7,527.5,503.6,7241.6
2019-10-28,Sugarcane,Uttar Pradesh,Meerut Mandi,479.8,569.0,524.4,5982.8
2019-11-04,Sugarcane,Uttar Pradesh,Meerut Mandi,366.8,399.6,383.2,12953.9
2019-11-11,Sugarcane,Uttar Pradesh,Meerut Mandi,360.3,415.1,387.7,8909.9
2019-11-18,Sugarcane,Uttar Pradesh,Meerut Mandi,372.0,406.8,389.4,12834.2
2019-11-25,Sugarcane,Uttar Pradesh,Meerut Mandi,328.6,392.8,360.7,13239.3
2019-12-02,Sugarcane,Uttar Pradesh,Meerut Mandi,341.8,389.4,365.6,8742.0
2019-12-09,Sugarcane,Uttar Pradesh,Meerut Mandi,332.7,384.7,358.7,10247.3
2019-12-16,Sugarcane,Uttar Pradesh,Meerut Mandi,344.8,389.0,366.9,12872.8
2019-12-23,Sugarcane,Uttar Pradesh,Meerut Mandi,371.9,406.5,389.2,13918.4
2019-12-30,Sugarcane,Uttar Pradesh,Meerut Mandi,326.5,376.3,351.4,10765.8
2020-01-06,Sugarcane,Uttar Pradesh,Meerut Mandi,334.3,363.7,349.0,9396.5
2020-01-13,Sugarcane,Uttar Pradesh,Meerut Mandi,376.1,416.9,396.5,8329.6
2020-01-20,Sugarcane,Uttar Pradesh,Meerut Mandi,344.0,393.8,368.9,12844.1
2020-01-27,Sugarcane,Uttar Pradesh,Meerut Mandi,365.7,433.1,399.4,10401.2
2020-02-03,Sugarcane,Uttar Pradesh,Meerut Mandi,370.9,414.3,392.6,10020.1
2020-02-10,Sugarcane,Uttar Pradesh,Meerut Mandi,345.3,379.3,362.3,9038.4
2020-02-17,Sugarcane,Uttar Pradesh,Meerut Mandi,368.6,401.8,385.2,9411.2
2020-02-24,Sugarcane,Uttar Pradesh,Meerut Mandi,359.0,394.6,376.8,10845.8
2020-03-02,Sugarcane,Uttar Pradesh,Meerut Mandi,336.0,395.6,365.8,9019.3
2020-03-09,Sugarcane,Uttar Pradesh,Meerut Mandi,335.8,368.6,352.2,11730.7
2020-03-16,Sugarcane,Uttar Pradesh,Meerut Mandi,337.6,377.6,357.6,9268.4
2020-03-23,Sugarcane,Uttar Pradesh,Meerut Mandi,339.6,369.6,354.6,11304.5
2020-03-30,Sugarcane,Uttar Pradesh,Meerut Mandi,340.1,387.3,363.7,10139.9
2020-04-06,Sugarcane,Uttar Pradesh,Meerut Mandi,512.6,577.6,545.1,5206.0
2020-04-13,Sugarcane,Uttar Pradesh,Meerut Mandi,494.6,585.0,539.8,4346.8
2020-04-20,Sugarcane,Uttar Pradesh,Meerut Mandi,502.5,551.9,527.2,7150.8
2020-04-27,Sugarcane,Uttar Pradesh,Meerut Mandi,498.3,559.3,528.8,5159.0
2020-05-04,Sugarcane,Uttar Pradesh,Meerut Mandi,464.8,510.0,487.4,6584.5
2020-05-11,Sugarcane,Uttar Pradesh,Meerut Mandi,493.7,558.1,525.9,5647.0
2020-05-18,Sugarcane,Uttar Pradesh,Meerut Mandi,503.7,600.1,551.9,7193.5
2020-05-25,Sugarcane,Uttar Pradesh,Meerut Mandi,470.4,544.0,507.2,6296.6
2020-06-01,Sugarcane,Uttar Pradesh,Meerut Mandi,517.2,577.8,547.5,4576.6
2020-06-08,Sugarcane,Uttar Pradesh,Meerut Mandi,467.3,546.9,507.1,4445.9
2020-06-15,Sugarcane,Uttar Pradesh,Meerut Mandi,455.1,528.9,492.0,6364.3
2020-06-22,Sugarcane,Uttar Pradesh,Meerut Mandi,481.8,573.0,527.4,7042.9
2020-06-29,Sugarcane,Uttar Pradesh,Meerut Mandi,496.5,577.9,537.2,5778.5
2020-07-06,Sugarcane,Uttar Pradesh,Meerut Mandi,471.5,536.9,504.2,4633.8
2020-07-13,Sugarcane,Uttar Pradesh,Meerut Mandi,513.5,597.3,555.4,5685.9
2020-07-20,Sugarcane,Uttar Pradesh,Meerut Mandi,509.5,555.3,532.4,7175.7
2020-07-27,Sugarcane,Uttar Pradesh,Meerut Mandi,472.7,517.3,495.0,5762.5
2020-08-03,Sugarcane,Uttar Pradesh,Meerut Mandi,490.7,553.3,522.0,6664.3
2020-08-10,Sugarcane,Uttar Pradesh,Meerut Mandi,503.5,548.3,525.9,5635.4
2020-08-17,Sugarcane,Uttar Pradesh,Meerut Mandi,481.6,534.4,508.0,6289.7
2020-08-24,Sugarcane,Uttar Pradesh,Meerut Mandi,468.2,555.0,511.6,6723.6
2020-08-31,Sugarcane,Uttar Pradesh,Meerut Mandi,524.3,596.5,560.4,5261.0
2020-09-07,Sugarcane,Uttar Pradesh,Meerut Mandi,471.4,543.6,507.5,5165.5
2020-09-14,Sugarcane,Uttar Pradesh,Meerut Mandi,511.6,587.8,549.7,6060.8
2020-09-21,Sugarcane,Uttar Pradesh,Meerut Mandi,501.3,547.7,524.5,4824.0
2020-09-28,Sugarcane,Uttar Pradesh,Meerut Mandi,473.2,532.6,502.9,6873.8
2020-10-05,Sugarcane,Uttar Pradesh,Meerut Mandi,464.9,525.7,495.3,4495.8
2020-10-12,Sugarcane,Uttar Pradesh,Meerut Mandi,536.5,597.3,566.9,6430.5
2020-10-19,Sugarcane,Uttar Pradesh,Meerut Mandi,509.2,557.4,533.3,4734.2
2020-10-26,Sugarcane,Uttar Pradesh,Meerut Mandi,532.4,601.8,567.1,7016.4
2020-11-02,Sugarcane,Uttar Pradesh,Meerut Mandi,391.2,429.8,410.5,13674.4
2020-11-09,Sugarcane,Uttar Pradesh,Meerut Mandi,391.9,430.7,411.3,10317.3
2020-11-16,Sugarcane,Uttar Pradesh,Meerut Mandi,376.1,431.1,403.6,8178.5
2020-11-23,Sugarcane,Uttar Pradesh,Meerut Mandi,351.1,397.7,374.4,12683.9
2020-11-30,Sugarcane,Uttar Pradesh,Meerut Mandi,361.8,404.0,382.9,12339.6
2020-12-07,Sugarcane,Uttar Pradesh,Meerut Mandi,362.5,413.5,388.0,13823.2
2020-12-14,Sugarcane,Uttar Pradesh,Meerut Mandi,376.0,449.8,412.9,10983.5
2020-12-21,Sugarcane,Uttar Pradesh,Meerut Mandi,365.1,397.9,381.5,12840.7
2020-12-28,Sugarcane,Uttar Pradesh,Meerut Mandi,391.1,439.9,415.5,13547.7
2021-01-04,Sugarcane,Uttar Pradesh,Meerut Mandi,373.9,408.7,391.3,8824.6
2021-01-11,Sugarcane,Uttar Pradesh,Meerut Mandi,367.9,432.9,400.4,11624.0
2021-01-18,Sugarcane,Uttar Pradesh,Meerut Mandi,364.0,396.2,380.1,13774.8
2021-01-25,Sugarcane,Uttar Pradesh,Meerut Mandi,367.5,436.9,402.2,11204.0
2021-02-01,Sugarcane,Uttar Pradesh,Meerut Mandi,378.1,421.9,400.0,13835.7
2021-02-08,Sugarcane,Uttar Pradesh,Meerut Mandi,385.9,443.7,414.8,13664.7
2021-02-15,Sugarcane,Uttar Pradesh,Meerut Mandi,367.6,422.8,395.2,9476.5
2021-02-22,Sugarcane,Uttar Pradesh,Meerut Mandi,392.3,436.3,414.3,8319.8
2021-03-01,Sugarcane,Uttar Pradesh,Meerut Mandi,367.0,407.8,387.4,9226.0
2021-03-08,Sugarcane,Uttar Pradesh,Meerut Mandi,360.2,398.8,379.5,8545.5
2021-03-15,Sugarcane,Uttar Pradesh,Meerut Mandi,349.5,394.9,372.2,13108.7
2021-03-22,Sugarcane,Uttar Pradesh,Meerut Mandi,369.0,415.8,392.4,10613.5
2021-03-29,Sugarcane,Uttar Pradesh,Meerut Mandi,384.7,437.3,411.0,10934.7
2021-04-05,Sugarcane,Uttar Pradesh,Meerut Mandi,545.4,602.6,574.0,4828.5
2021-04-12,Sugarcane,Uttar Pradesh,Meerut Mandi,520.7,579.3,550.0,6070.6
2021-04-19,Sugarcane,Uttar Pradesh,Meerut Mandi,559.5,607.9,583.7,5001.5
2021-04-26,Sugarcane,Uttar Pradesh,Meerut Mandi,495.0,549.6,522.3,5169.5
2021-05-03,Sugarcane,Uttar Pradesh,Meerut Mandi,482.4,553.4,517.9,7266.8
2021-05-10,Sugarcane,Uttar Pradesh,Meerut Mandi,534.6,612.2,573.4,5397.1
2021-05-17,Sugarcane,Uttar Pradesh,Meerut Mandi,550.5,625.5,588.0,4585.8
2021-05-24,Sugarcane,Uttar Pradesh,Meerut Mandi,517.9,578.1,548.0,6669.3
2021-05-31,Sugarcane,Uttar Pradesh,Meerut Mandi,530.4,587.4,558.9,5471.1
2021-06-07,Sugarcane,Uttar Pradesh,Meerut Mandi,489.7,554.9,522.3,5435.7
2021-06-14,Sugarcane,Uttar Pradesh,Meerut Mandi,502.6,552.0,527.3,5020.9
2021-06-21,Sugarcane,Uttar Pradesh,Meerut Mandi,537.6,592.2,564.9,6799.4
2021-06-28,Sugarcane,Uttar Pradesh,Meerut Mandi,527.4,586.6,557.0,4731.0
2021-07-05,Sugarcane,Uttar Pradesh,Meerut Mandi,482.8,578.0,530.4,4548.3
2021-07-12,Sugarcane,Uttar Pradesh,Meerut Mandi,551.5,620.7,586.1,5619.7
2021-07-19,Sugarcane,Uttar Pradesh,Meerut Mandi,525.4,604.4,564.9,6877.8
2021-07-26,Sugarcane,Uttar Pradesh,Meerut Mandi,540.9,611.9,576.4,4788.3
2021-08-02,Sugarcane,Uttar Pradesh,Meerut Mandi,548.4,604.2,576.3,7242.6
2021-08-09,Sugarcane,Uttar Pradesh,Meerut Mandi,531.7,613.5,572.6,4429.3
2021-08-16,Sugarcane,Uttar Pradesh,Meerut Mandi,558.3,622.5,590.4,6265.3
2021-08-23,Sugarcane,Uttar Pradesh,Meerut Mandi,478.5,571.9,525.2,6192.8
2021-08-30,Sugarcane,Uttar Pradesh,Meerut Mandi,497.2,579.0,538.1,5060.0
2021-09-06,Sugarcane,Uttar Pradesh,Meerut Mandi,501.2,575.8,538.5,7279.8
2021-09-13,Sugarcane,Uttar Pradesh,Meerut Mandi,548.3,634.3,591.3,6327.3
2021-09-20,Sugarcane,Uttar Pradesh,Meerut Mandi,500.7,579.9,540.3,6268.4
2021-09-27,Sugarcane,Uttar Pradesh,Meerut Mandi,508.5,607.9,558.2,4814.4
2021-10-04,Sugarcane,Uttar Pradesh,Meerut Mandi,524.0,578.8,551.4,4565.1
2021-10-11,Sugarcane,Uttar Pradesh,Meerut Mandi,504.2,578.6,541.4,6101.3
2021-10-18,Sugarcane,Uttar Pradesh,Meerut Mandi,564.0,633.6,598.8,6565.5
2021-10-25,Sugarcane,Uttar Pradesh,Meerut Mandi,506.4,560.4,533.4,5624.8
2021-11-01,Sugarcane,Uttar Pradesh,Meerut Mandi,396.6,450.8,423.7,13914.6
2021-11-08,Sugarcane,Uttar Pradesh,Meerut Mandi,410.1,455.1,432.6,9526.1
2021-11-15,Sugarcane,Uttar Pradesh,Meerut Mandi,362.9,426.3,394.6,11338.9
2021-11-22,Sugarcane,Uttar Pradesh,Meerut Mandi,400.4,437.6,419.0,8777.1
2021-11-29,Sugarcane,Uttar Pradesh,Meerut Mandi,408.4,454.0,431.2,9018.3
2021-12-06,Sugarcane,Uttar Pradesh,Meerut Mandi,377.5,410.1,393.8,9919.3
2021-12-13,Sugarcane,Uttar Pradesh,Meerut Mandi,382.0,435.8,408.9,8651.9
2021-12-20,Sugarcane,Uttar Pradesh,Meerut Mandi,411.4,466.4,438.9,9661.6
2021-12-27,Sugarcane,Uttar Pradesh,Meerut Mandi,388.6,447.8,418.2,8958.6
2022-01-03,Sugarcane,Uttar Pradesh,Meerut Mandi,402.6,440.2,421.4,13666.3
2022-01-10,Sugarcane,Uttar Pradesh,Meerut Mandi,375.3,408.7,392.0,12660.3
2022-01-17,Sugarcane,Uttar Pradesh,Meerut Mandi,402.1,447.7,424.9,10756.4
2022-01-24,Sugarcane,Uttar Pradesh,Meerut Mandi,405.1,474.1,439.6,12291.2
2022-01-31,Sugarcane,Uttar Pradesh,Meerut Mandi,358.4,427.4,392.9,11748.9
2022-02-07,Sugarcane,Uttar Pradesh,Meerut Mandi,397.1,467.3,432.2,8405.8
2022-02-14,Sugarcane,Uttar Pradesh,Meerut Mandi,363.4,431.0,397.2,12592.5
2022-02-21,Sugarcane,Uttar Pradesh,Meerut Mandi,392.7,438.1,415.4,12460.8
2022-02-28,Sugarcane,Uttar Pradesh,Meerut Mandi,398.3,451.3,424.8,13515.7
2022-03-07,Sugarcane,Uttar Pradesh,Meerut Mandi,406.9,454.5,430.7,10449.4
2022-03-14,Sugarcane,Uttar Pradesh,Meerut Mandi,396.3,471.3,433.8,9172.0
2022-03-21,Sugarcane,Uttar Pradesh,Meerut Mandi,378.1,414.9,396.5,12458.9
2022-03-28,Sugarcane,Uttar Pradesh,Meerut Mandi,394.7,461.3,428.0,8812.1
2022-04-04,Sugarcane,Uttar Pradesh,Meerut Mandi,562.9,649.5,606.2,6266.3
2022-04-11,Sugarcane,Uttar Pradesh,Meerut Mandi,521.5,624.3,572.9,6039.4
2022-04-18,Sugarcane,Uttar Pradesh,Meerut Mandi,570.7,649.7,610.2,4244.0
2022-04-25,Sugarcane,Uttar Pradesh,Meerut Mandi,579.9,665.7,622.8,7068.1
2022-05-02,Sugarcane,Uttar Pradesh,Meerut Mandi,524.8,577.6,551.2,6725.4
2022-05-09,Sugarcane,Uttar Pradesh,Meerut Mandi,562.0,633.4,597.7,6482.5
2022-05-16,Sugarcane,Uttar Pradesh,Meerut Mandi,568.6,639.8,604.2,4225.7
2022-05-23,Sugarcane,Uttar Pradesh,Meerut Mandi,533.6,621.6,577.6,4926.4
2022-05-30,Sugarcane,Uttar Pradesh,Meerut Mandi,564.4,675.6,620.0,6375.6
2022-06-06,Sugarcane,Uttar Pradesh,Meerut Mandi,575.1,633.5,604.3,4281.8
2022-06-13,Sugarcane,Uttar Pradesh,Meerut Mandi,513.6,597.0,555.3,4237.6
2022-06-20,Sugarcane,Uttar Pradesh,Meerut Mandi,576.4,652.0,614.2,6852.8
2022-06-27,Sugarcane,Uttar Pradesh,Meerut Mandi,535.9,606.7,571.3,4771.4
2022-07-04,Sugarcane,Uttar Pradesh,Meerut Mandi,521.8,583.2,552.5,6718.4
2022-07-11,Sugarcane,Uttar Pradesh,Meerut Mandi,543.4,646.8,595.1,6398.0
2022-07-18,Sugarcane,Uttar Pradesh,Meerut Mandi,584.6,678.2,631.4,4370.0
2022-07-25,Sugarcane,Uttar Pradesh,Meerut Mandi,554.0,606.6,580.3,6157.4
2022-08-01,Sugarcane,Uttar Pradesh,Meerut Mandi,590.0,648.6,619.3,6613.2
2022-08-08,Sugarcane,Uttar Pradesh,Meerut Mandi,516.4,617.2,566.8,5086.2
2022-08-15,Sugarcane,Uttar Pradesh,Meerut Mandi,518.8,610.2,564.5,4644.5
2022-08-22,Sugarcane,Uttar Pradesh,Meerut Mandi,534.1,597.1,565.6,6889.7
2022-08-29,Sugarcane,Uttar Pradesh,Meerut Mandi,503.6,602.6,553.1,5775.0
2022-09-05,Sugarcane,Uttar Pradesh,Meerut Mandi,551.8,634.8,593.3,6664.2
2022-09-12,Sugarcane,Uttar Pradesh,Meerut Mandi,520.4,588.4,554.4,4574.8
2022-09-19,Sugarcane,Uttar Pradesh,Meerut Mandi,586.1,662.7,624.4,5540.2
2022-09-26,Sugarcane,Uttar Pradesh,Meerut Mandi,556.8,614.4,585.6,5460.0
2022-10-03,Sugarcane,Uttar Pradesh,Meerut Mandi,539.3,627.7,583.5,6372.8
2022-10-10,Sugarcane,Uttar Pradesh,Meerut Mandi,590.5,689.9,640.2,4569.6
2022-10-17,Sugarcane,Uttar Pradesh,Meerut Mandi,530.3,609.3,569.8,4391.8
2022-10-24,Sugarcane,Uttar Pradesh,Meerut Mandi,546.2,595.8,571.0,5965.2
2022-10-31,Sugarcane,Uttar Pradesh,Meerut Mandi,562.4,669.0,615.7,5909.1
2022-11-07,Sugarcane,Uttar Pradesh,Meerut Mandi,434.1,475.1,454.6,8672.1
2022-11-14,Sugarcane,Uttar Pradesh,Meerut Mandi,422.5,497.9,460.2,8705.6
2022-11-21,Sugarcane,Uttar Pradesh,Meerut Mandi,414.1,465.3,439.7,8544.6
2022-11-28,Sugarcane,Uttar Pradesh,Meerut Mandi,402.5,472.7,437.6,8955.0
2022-12-05,Sugarcane,Uttar Pradesh,Meerut Mandi,395.7,452.3,424.0,13184.1
2022-12-12,Sugarcane,Uttar Pradesh,Meerut Mandi,442.4,498.0,470.2,13027.2
2022-12-19,Sugarcane,Uttar Pradesh,Meerut Mandi,408.0,475.8,441.9,11015.5
2022-12-26,Sugarcane,Uttar Pradesh,Meerut Mandi,387.4,461.6,424.5,8184.9
2023-01-02,Sugarcane,Uttar Pradesh,Meerut Mandi,400.8,457.0,428.9,11556.1
2023-01-09,Sugarcane,Uttar Pradesh,Meerut Mandi,433.7,515.9,474.8,10014.1
2023-01-16,Sugarcane,Uttar Pradesh,Meerut Mandi,407.2,454.0,430.6,13806.5
2023-01-23,Sugarcane,Uttar Pradesh,Meerut Mandi,396.1,437.9,417.0,9408.4
2023-01-30,Sugarcane,Uttar Pradesh,Meerut Mandi,431.9,491.9,461.9,12512.6
2023-02-06,Sugarcane,Uttar Pradesh,Meerut Mandi,408.5,459.5,434.0,13991.4
2023-02-13,Sugarcane,Uttar Pradesh,Meerut Mandi,391.2,459.0,425.1,9399.2
2023-02-20,Sugarcane,Uttar Pradesh,Meerut Mandi,420.1,482.5,451.3,12610.4
2023-02-27,Sugarcane,Uttar Pradesh,Meerut Mandi,393.9,464.5,429.2,11554.6
2023-03-06,Sugarcane,Uttar Pradesh,Meerut Mandi,438.7,510.9,474.8,10187.6
2023-03-13,Sugarcane,Uttar Pradesh,Meerut Mandi,400.2,445.6,422.9,12761.5
2023-03-20,Sugarcane,Uttar Pradesh,Meerut Mandi,441.6,481.6,461.6,9683.4
2023-03-27,Sugarcane,Uttar Pradesh,Meerut Mandi,393.9,447.9,420.9,8346.8
2023-04-03,Sugarcane,Uttar Pradesh,Meerut Mandi,565.8,675.8,620.8,4427.5
2023-04-10,Sugarcane,Uttar Pradesh,Meerut Mandi,580.9,641.7,611.3,5280.9
2023-04-17,Sugarcane,Uttar Pradesh,Meerut Mandi,609.6,663.0,636.3,6758.3
2023-04-24,Sugarcane,Uttar Pradesh,Meerut Mandi,598.0,672.4,635.2,6062.5
2023-05-01,Sugarcane,Uttar Pradesh,Meerut Mandi,556.2,652.8,604.5,6271.9
2023-05-08,Sugarcane,Uttar Pradesh,Meerut Mandi,552.6,598.8,575.7,5708.1
2023-05-15,Sugarcane,Uttar Pradesh,Meerut Mandi,575.0,632.6,603.8,4592.6
2023-05-22,Sugarcane,Uttar Pradesh,Meerut Mandi,602.3,693.5,647.9,6816.8
2023-05-29,Sugarcane,Uttar Pradesh,Meerut Mandi,547.0,652.8,599.9,7170.9
2023-06-05,Sugarcane,Uttar Pradesh,Meerut Mandi,548.0,612.4,580.2,6597.0
2023-06-12,Sugarcane,Uttar Pradesh,Meerut Mandi,603.6,663.4,633.5,4769.0
2023-06-19,Sugarcane,Uttar Pradesh,Meerut Mandi,606.7,671.5,639.1,6310.9
2023-06-26,Sugarcane,Uttar Pradesh,Meerut Mandi,552.9,614.7,583.8,6953.3
2023-07-03,Sugarcane,Uttar Pradesh,Meerut Mandi,549.2,616.8,583.0,4936.9
2023-07-10,Sugarcane,Uttar Pradesh,Meerut Mandi,537.4,641.8,589.6,4684.8
2023-07-17,Sugarcane,Uttar Pradesh,Meerut Mandi,569.6,645.8,607.7,5906.0
2023-07-24,Sugarcane,Uttar Pradesh,Meerut Mandi,552.8,644.0,598.4,6925.4
2023-07-31,Sugarcane,Uttar Pradesh,Meerut Mandi,583.2,696.4,639.8,6544.1
2023-08-07,Sugarcane,Uttar Pradesh,Meerut Mandi,586.4,652.2,619.3,5993.2
2023-08-14,Sugarcane,Uttar Pradesh,Meerut Mandi,615.7,674.9,645.3,6710.5
2023-08-21,Sugarcane,Uttar Pradesh,Meerut Mandi,572.9,656.1,614.5,6933.3
2023-08-28,Sugarcane,Uttar Pradesh,Meerut Mandi,562.5,640.9,601.7,5968.5
2023-09-04,Sugarcane,Uttar Pradesh,Meerut Mandi,563.3,670.3,616.8,4719.0
2023-09-11,Sugarcane,Uttar Pradesh,Meerut Mandi,584.2,642.6,613.4,7163.3
2023-09-18,Sugarcane,Uttar Pradesh,Meerut Mandi,572.4,641.8,607.1,5812.5
2023-09-25,Sugarcane,Uttar Pradesh,Meerut Mandi,622.8,725.2,674.0,5882.1
2023-10-02,Sugarcane,Uttar Pradesh,Meerut Mandi,575.6,659.6,617.6,6183.6
2023-10-09,Sugarcane,Uttar Pradesh,Meerut Mandi,544.6,648.0,596.3,4204.8
2023-10-16,Sugarcane,Uttar Pradesh,Meerut Mandi,564.3,618.7,591.5,4804.3
2023-10-23,Sugarcane,Uttar Pradesh,Meerut Mandi,580.4,688.2,634.3,5887.7
2023-10-30,Sugarcane,Uttar Pradesh,Meerut Mandi,596.0,663.8,629.9,4390.5
2023-11-06,Sugarcane,Uttar Pradesh,Meerut Mandi,453.8,522.8,488.3,9157.4
2023-11-13,Sugarcane,Uttar Pradesh,Meerut Mandi,430.2,469.4,449.8,9581.6
2023-11-20,Sugarcane,Uttar Pradesh,Meerut Mandi,475.1,515.9,495.5,10432.5
2023-11-27,Sugarcane,Uttar Pradesh,Meerut Mandi,434.0,476.6,455.3,13310.3
2023-12-04,Sugarcane,Uttar Pradesh,Meerut Mandi,454.7,520.5,487.6,9942.7
2023-12-11,Sugarcane,Uttar Pradesh,Meerut Mandi,455.2,539.4,497.3,10998.9
2023-12-18,Sugarcane,Uttar Pradesh,Meerut Mandi,417.9,470.7,444.3,9539.1
2023-12-25,Sugarcane,Uttar Pradesh,Meerut Mandi,414.3,462.3,438.3,8862.1
2015-01-05,Sugarcane,Maharashtra,Kolhapur Mandi,250.4,275.4,262.9,11839.2
2015-01-12,Sugarcane,Maharashtra,Kolhapur Mandi,260.8,292.4,276.6,13405.6
2015-01-19,Sugarcane,Maharashtra,Kolhapur Mandi,256.8,301.4,279.1,10329.7
2015-01-26,Sugarcane,Maharashtra,Kolhapur Mandi,267.9,301.7,284.8,10222.5
2015-02-02,Sugarcane,Maharashtra,Kolhapur Mandi,254.6,288.2,271.4,11617.9
2015-02-09,Sugarcane,Maharashtra,Kolhapur Mandi,267.8,290.6,279.2,10076.0
2015-02-16,Sugarcane,Maharashtra,Kolhapur Mandi,273.5,311.9,292.7,11682.8
2015-02-23,Sugarcane,Maharashtra,Kolhapur Mandi,244.8,292.4,268.6,9199.1
2015-03-02,Sugarcane,Maharashtra,Kolhapur Mandi,252.5,296.3,274.4,10399.3
2015-03-09,Sugarcane,Maharashtra,Kolhapur Mandi,247.6,294.6,271.1,13045.4
2015-03-16,Sugarcane,Maharashtra,Kolhapur Mandi,272.8,310.2,291.5,9780.0
2015-03-23,Sugarcane,Maharashtra,Kolhapur Mandi,263.4,312.0,287.7,12757.1
2015-03-30,Sugarcane,Maharashtra,Kolhapur Mandi,256.8,303.8,280.3,10001.6
2015-04-06,Sugarcane,Maharashtra,Kolhapur Mandi,377.8,437.4,407.6,4496.0
2015-04-13,Sugarcane,Maharashtra,Kolhapur Mandi,373.8,423.8,398.8,6264.3
2015-04-20,Sugarcane,Maharashtra,Kolhapur Mandi,357.9,392.5,375.2,6044.8
2015-04-27,Sugarcane,Maharashtra,Kolhapur Mandi,370.2,435.6,402.9,6999.6
2015-05-04,Sugarcane,Maharashtra,Kolhapur Mandi,355.0,387.0,371.0,6184.6
2015-05-11,Sugarcane,Maharashtra,Kolhapur Mandi,357.0,423.6,390.3,6594.9
2015-05-18,Sugarcane,Maharashtra,Kolhapur Mandi,365.7,424.9,395.3,6389.6
2015-05-25,Sugarcane,Maharashtra,Kolhapur Mandi,370.6,417.8,394.2,4705.4
2015-06-01,Sugarcane,Maharashtra,Kolhapur Mandi,358.3,417.5,387.9,7204.4
2015-06-08,Sugarcane,Maharashtra,Kolhapur Mandi,341.7,389.7,365.7,4317.7
2015-06-15,Sugarcane,Maharashtra,Kolhapur Mandi,344.7,384.5,364.6,4674.0
2015-06-22,Sugarcane,Maharashtra,Kolhapur Mandi,350.9,381.3,366.1,4470.2
2015-06-29,Sugarcane,Maharashtra,Kolhapur Mandi,371.4,427.0,399.2,4224.0
2015-07-06,Sugarcane,Maharashtra,Kolhapur Mandi,347.9,395.3,371.6,6465.9
2015-07-13,Sugarcane,Maharashtra,Kolhapur Mandi,376.8,430.6,403.7,5598.8
2015-07-20,Sugarcane,Maharashtra,Kolhapur Mandi,355.1,419.3,387.2,7023.2
2015-07-27,Sugarcane,Maharashtra,Kolhapur Mandi,355.8,403.2,379.5,7063.0
2015-08-03,Sugarcane,Maharashtra,Kolhapur Mandi,345.4,399.2,372.3,4315.2
2015-08-10,Sugarcane,Maharashtra,Kolhapur Mandi,349.7,412.1,380.9,5306.7
2015-08-17,Sugarcane,Maharashtra,Kolhapur Mandi,361.4,402.2,381.8,4984.7
2015-08-24,Sugarcane,Maharashtra,Kolhapur Mandi,393.9,439.9,416.9,6355.1
2015-08-31,Sugarcane,Maharashtra,Kolhapur Mandi,380.5,415.9,398.2,4903.3
2015-09-07,Sugarcane,Maharashtra,Kolhapur Mandi,350.3,399.9,375.1,4413.4
2015-09-14,Sugarcane,Maharashtra,Kolhapur Mandi,388.6,456.0,422.3,4898.4
2015-09-21,Sugarcane,Maharashtra,Kolhapur Mandi,357.4,409.0,383.2,4318.8
2015-09-28,Sugarcane,Maharashtra,Kolhapur Mandi,386.8,426.4,406.6,4359.0
2015-10-05,Sugarcane,Maharashtra,Kolhapur Mandi,367.2,421.2,394.2,7183.4
2015-10-12,Sugarcane,Maharashtra,Kolhapur Mandi,347.6,409.8,378.7,6718.5
2015-10-19,Sugarcane,Maharashtra,Kolhapur Mandi,352.5,419.1,385.8,5050.4
2015-10-26,Sugarcane,Maharashtra,Kolhapur Mandi,361.8,404.6,383.2,6962.9
2015-11-02,Sugarcane,Maharashtra,Kolhapur Mandi,251.1,299.9,275.5,10385.7
2015-11-09,Sugarcane,Maharashtra,Kolhapur Mandi,273.1,309.3,291.2,8809.7
2015-11-16,Sugarcane,Maharashtra,Kolhapur Mandi,281.8,307.4,294.6,13047.6
2015-11-23,Sugarcane,Maharashtra,Kolhapur Mandi,277.6,309.2,293.4,13835.9
2015-11-30,Sugarcane,Maharashtra,Kolhapur Mandi,276.5,331.1,303.8,12907.4
2015-12-07,Sugarcane,Maharashtra,Kolhapur Mandi,257.1,306.5,281.8,10502.3
2015-12-14,Sugarcane,Maharashtra,Kolhapur Mandi,266.0,316.2,291.1,8774.7
2015-12-21,Sugarcane,Maharashtra,Kolhapur Mandi,263.8,308.4,286.1,13903.4
2015-12-28,Sugarcane,Maharashtra,Kolhapur Mandi,282.9,333.7,308.3,10774.6
2016-01-04,Sugarcane,Maharashtra,Kolhapur Mandi,281.3,324.1,302.7,10054.6
2016-01-11,Sugarcane,Maharashtra,Kolhapur Mandi,285.7,318.5,302.1,11607.2
2016-01-18,Sugarcane,Maharashtra,Kolhapur Mandi,294.1,339.1,316.6,10873.5
2016-01-25,Sugarcane,Maharashtra,Kolhapur Mandi,275.0,320.2,297.6,12023.2
2016-02-01,Sugarcane,Maharashtra,Kolhapur Mandi,274.8,312.0,293.4,11226.2
2016-02-08,Sugarcane,Maharashtra,Kolhapur Mandi,287.4,342.0,314.7,10199.0
2016-02-15,Sugarcane,Maharashtra,Kolhapur Mandi,284.1,337.7,310.9,11185.0
2016-02-22,Sugarcane,Maharashtra,Kolhapur Mandi,276.6,325.8,301.2,13030.3
2016-02-29,Sugarcane,Maharashtra,Kolhapur Mandi,266.2,314.4,290.3,13029.9
2016-03-07,Sugarcane,Maharashtra,Kolhapur Mandi,273.5,311.3,292.4,9248.3
2016-03-14,Sugarcane,Maharashtra,Kolhapur Mandi,277.8,304.6,291.2,12572.5
2016-03-21,Sugarcane,Maharashtra,Kolhapur Mandi,262.9,301.7,282.3,12223.3
2016-03-28,Sugarcane,Maharashtra,Kolhapur Mandi,286.0,328.4,307.2,9615.1
2016-04-04,Sugarcane,Maharashtra,Kolhapur Mandi,378.5,422.1,400.3,6155.3
2016-04-11,Sugarcane,Maharashtra,Kolhapur Mandi,385.9,432.1,409.0,5009.6
2016-04-18,Sugarcane,Maharashtra,Kolhapur Mandi,398.6,449.0,423.8,6392.8
2016-04-25,Sugarcane,Maharashtra,Kolhapur Mandi,365.8,428.0,396.9,5960.4
2016-05-02,Sugarcane,Maharashtra,Kolhapur Mandi,389.0,434.8,411.9,5982.4
2016-05-09,Sugarcane,Maharashtra,Kolhapur Mandi,392.8,465.2,429.0,6044.3
2016-05-16,Sugarcane,Maharashtra,Kolhapur Mandi,385.2,440.4,412.8,6598.8
2016-05-23,Sugarcane,Maharashtra,Kolhapur Mandi,355.8,422.6,389.2,6640.0
2016-05-30,Sugarcane,Maharashtra,Kolhapur Mandi,374.5,437.3,405.9,4885.9
2016-06-06,Sugarcane,Maharashtra,Kolhapur Mandi,399.4,452.4,425.9,6275.8
2016-06-13,Sugarcane,Maharashtra,Kolhapur Mandi,396.8,437.0,416.9,4816.5
2016-06-20,Sugarcane,Maharashtra,Kolhapur Mandi,406.4,454.4,430.4,6874.6
2016-06-27,Sugarcane,Maharashtra,Kolhapur Mandi,363.5,421.3,392.4,4368.8
2016-07-04,Sugarcane,Maharashtra,Kolhapur Mandi,401.3,470.3,435.8,4754.1
2016-07-11,Sugarcane,Maharashtra,Kolhapur Mandi,365.2,416.2,390.7,5178.5
2016-07-18,Sugarcane,Maharashtra,Kolhapur Mandi,362.3,419.1,390.7,4437.2
2016-07-25,Sugarcane,Maharashtra,Kolhapur Mandi,388.8,433.4,411.1,5749.3
2016-08-01,Sugarcane,Maharashtra,Kolhapur Mandi,393.6,445.0,419.3,4387.4
2016-08-08,Sugarcane,Maharashtra,Kolhapur Mandi,379.4,425.4,402.4,6033.0
2016-08-15,Sugarcane,Maharashtra,Kolhapur Mandi,409.8,451.8,430.8,6336.2
2016-08-22,Sugarcane,Maharashtra,Kolhapur Mandi,401.9,470.9,436.4,6030.0
2016-08-29,Sugarcane,Maharashtra,Kolhapur Mandi,417.1,463.9,440.5,5512.1
2016-09-05,Sugarcane,Maharashtra,Kolhapur Mandi,415.9,471.5,443.7,5634.4
2016-09-12,Sugarcane,Maharashtra,Kolhapur Mandi,404.1,456.3,430.2,5018.0
2016-09-19,Sugarcane,Maharashtra,Kolhapur Mandi,388.2,441.0,414.6,4612.6
2016-09-26,Sugarcane,Maharashtra,Kolhapur Mandi,392.8,461.4,427.1,5814.9
2016-10-03,Sugarcane,Maharashtra,Kolhapur Mandi,411.9,469.3,440.6,6698.3
2016-10-10,Sugarcane,Maharashtra,Kolhapur Mandi,414.0,482.4,448.2,6385.4
2016-10-17,Sugarcane,Maharashtra,Kolhapur Mandi,382.6,419.4,401.0,7004.3
2016-10-24,Sugarcane,Maharashtra,Kolhapur Mandi,381.3,448.1,414.7,4587.9
2016-10-31,Sugarcane,Maharashtra,Kolhapur Mandi,382.5,421.3,401.9,6282.9
2016-11-07,Sugarcane,Maharashtra,Kolhapur Mandi,286.2,325.2,305.7,10154.5
2016-11-14,Sugarcane,Maharashtra,Kolhapur Mandi,300.8,329.2,315.0,8217.7
2016-11-21,Sugarcane,Maharashtra,Kolhapur Mandi,266.6,314.2,290.4,8261.0
2016-11-28,Sugarcane,Maharashtra,Kolhapur Mandi,303.3,330.9,317.1,13513.7
2016-12-05,Sugarcane,Maharashtra,Kolhapur Mandi,290.5,333.7,312.1,13290.0
2016-12-12,Sugarcane,Maharashtra,Kolhapur Mandi,292.9,340.7,316.8,12164.1
2016-12-19,Sugarcane,Maharashtra,Kolhapur Mandi,303.4,344.6,324.0,8558.7
2016-12-26,Sugarcane,Maharashtra,Kolhapur Mandi,287.3,342.5,314.9,12086.7
2017-01-02,Sugarcane,Maharashtra,Kolhapur Mandi,310.6,346.6,328.6,10534.5
2017-01-09,Sugarcane,Maharashtra,Kolhapur Mandi,302.8,346.6,324.7,12167.6
2017-01-16,Sugarcane,Maharashtra,Kolhapur Mandi,305.5,341.9,323.7,9770.5
2017-01-23,Sugarcane,Maharashtra,Kolhapur Mandi,289.7,332.7,311.2,12309.9
2017-01-30,Sugarcane,Maharashtra,Kolhapur Mandi,284.8,335.4,310.1,8614.3
2017-02-06,Sugarcane,Maharashtra,Kolhapur Mandi,294.7,321.1,307.9,12271.0
2017-02-13,Sugarcane,Maharashtra,Kolhapur Mandi,300.3,332.7,316.5,11199.5
2017-02-20,Sugarcane,Maharashtra,Kolhapur Mandi,294.9,326.1,310.5,12788.6
2017-02-27,Sugarcane,Maharashtra,Kolhapur Mandi,281.5,326.7,304.1,11312.1
2017-03-06,Sugarcane,Maharashtra,Kolhapur Mandi,310.7,358.7,334.7,10527.7
2017-03-13,Sugarcane,Maharashtra,Kolhapur Mandi,301.2,348.8,325.0,12244.3
2017-03-20,Sugarcane,Maharashtra,Kolhapur Mandi,277.0,326.6,301.8,11017.6
2017-03-27,Sugarcane,Maharashtra,Kolhapur Mandi,295.4,342.2,318.8,12219.1
2017-04-03,Sugarcane,Maharashtra,Kolhapur Mandi,381.6,428.6,405.1,7036.0
2017-04-10,Sugarcane,Maharashtra,Kolhapur Mandi,413.4,457.6,435.5,6023.1
2017-04-17,Sugarcane,Maharashtra,Kolhapur Mandi,397.2,436.4,416.8,6168.0
2017-04-24,Sugarcane,Maharashtra,Kolhapur Mandi,420.1,498.7,459.4,4308.4
2017-05-01,Sugarcane,Maharashtra,Kolhapur Mandi,379.2,435.0,407.1,5068.7
2017-05-08,Sugarcane,Maharashtra,Kolhapur Mandi,424.9,502.7,463.8,6028.5
2017-05-15,Sugarcane,Maharashtra,Kolhapur Mandi,427.1,466.7,446.9,5599.1
2017-05-22,Sugarcane,Maharashtra,Kolhapur Mandi,416.5,494.1,455.3,5717.8
2017-05-29,Sugarcane,Maharashtra,Kolhapur Mandi,439.9,479.3,459.6,5140.2
2017-06-05,Sugarcane,Maharashtra,Kolhapur Mandi,419.4,481.0,450.2,6697.1
2017-06-12,Sugarcane,Maharashtra,Kolhapur Mandi,417.0,479.0,448.0,5136.2
2017-06-19,Sugarcane,Maharashtra,Kolhapur Mandi,402.8,447.0,424.9,6031.8
2017-06-26,Sugarcane,Maharashtra,Kolhapur Mandi,389.3,443.5,416.4,6172.2
2017-07-03,Sugarcane,Maharashtra,Kolhapur Mandi,423.6,466.2,444.9,6777.2
2017-07-10,Sugarcane,Maharashtra,Kolhapur Mandi,392.7,466.3,429.5,6846.8
2017-07-17,Sugarcane,Maharashtra,Kolhapur Mandi,398.7,461.9,430.3,5962.0
2017-07-24,Sugarcane,Maharashtra,Kolhapur Mandi,411.5,468.5,440.0,6566.7
2017-07-31,Sugarcane,Maharashtra,Kolhapur Mandi,408.4,449.6,429.0,6311.3
2017-08-07,Sugarcane,Maharashtra,Kolhapur Mandi,430.5,481.7,456.1,6078.6
2017-08-14,Sugarcane,Maharashtra,Kolhapur Mandi,420.0,458.2,439.1,6091.6
2017-08-21,Sugarcane,Maharashtra,Kolhapur Mandi,448.0,496.4,472.2,6988.1
2017-08-28,Sugarcane,Maharashtra,Kolhapur Mandi,440.8,500.2,470.5,6461.8
2017-09-04,Sugarcane,Maharashtra,Kolhapur Mandi,438.7,507.1,472.9,6205.1
2017-09-11,Sugarcane,Maharashtra,Kolhapur Mandi,403.8,456.2,430.0,7203.4
2017-09-18,Sugarcane,Maharashtra,Kolhapur Mandi,424.5,496.9,460.7,4345.2
2017-09-25,Sugarcane,Maharashtra,Kolhapur Mandi,411.5,485.5,448.5,6304.6
2017-10-02,Sugarcane,Maharashtra,Kolhapur Mandi,403.8,459.6,431.7,6283.8
2017-10-09,Sugarcane,Maharashtra,Kolhapur Mandi,391.4,455.2,423.3,5536.2
2017-10-16,Sugarcane,Maharashtra,Kolhapur Mandi,420.3,488.5,454.4,4849.0
2017-10-23,Sugarcane,Maharashtra,Kolhapur Mandi,407.1,475.9,441.5,4518.7
2017-10-30,Sugarcane,Maharashtra,Kolhapur Mandi,442.9,505.5,474.2,6866.7
2017-11-06,Sugarcane,Maharashtra,Kolhapur Mandi,332.1,364.1,348.1,9813.3
2017-11-13,Sugarcane,Maharashtra,Kolhapur Mandi,299.8,345.2,322.5,10395.4
2017-11-20,Sugarcane,Maharashtra,Kolhapur Mandi,329.7,366.5,348.1,10869.6
2017-11-27,Sugarcane,Maharashtra,Kolhapur Mandi,321.4,365.2,343.3,13454.0
2017-12-04,Sugarcane,Maharashtra,Kolhapur Mandi,320.5,382.7,351.6,10491.0
2017-12-11,Sugarcane,Maharashtra,Kolhapur Mandi,329.0,373.4,351.2,12929.7
2017-12-18,Sugarcane,Maharashtra,Kolhapur Mandi,319.7,378.7,349.2,13424.0
2017-12-25,Sugarcane,Maharashtra,Kolhapur Mandi,309.7,348.5,329.1,10606.9
2018-01-01,Sugarcane,Maharashtra,Kolhapur Mandi,294.7,335.7,315.2,12516.5
2018-01-08,Sugarcane,Maharashtra,Kolhapur Mandi,302.1,345.7,323.9,10735.6
2018-01-15,Sugarcane,Maharashtra,Kolhapur Mandi,296.6,330.8,313.7,9314.1
2018-01-22,Sugarcane,Maharashtra,Kolhapur Mandi,313.0,345.4,329.2,12381.5
2018-01-29,Sugarcane,Maharashtra,Kolhapur Mandi,331.1,371.5,351.3,13721.8
2018-02-05,Sugarcane,Maharashtra,Kolhapur Mandi,335.0,372.2,353.6,8410.5
2018-02-12,Sugarcane,Maharashtra,Kolhapur Mandi,304.3,339.5,321.9,11873.5
2018-02-19,Sugarcane,Maharashtra,Kolhapur Mandi,339.4,374.0,356.7,12095.9
2018-02-26,Sugarcane,Maharashtra,Kolhapur Mandi,314.1,354.9,334.5,11325.5
2018-03-05,Sugarcane,Maharashtra,Kolhapur Mandi,294.4,351.8,323.1,12957.3
2018-03-12,Sugarcane,Maharashtra,Kolhapur Mandi,289.2,342.2,315.7,9567.4
2018-03-19,Sugarcane,Maharashtra,Kolhapur Mandi,302.5,339.5,321.0,10850.3
2018-03-26,Sugarcane,Maharashtra,Kolhapur Mandi,300.6,358.6,329.6,13600.3
2018-04-02,Sugarcane,Maharashtra,Kolhapur Mandi,447.5,515.3,481.4,6237.6
2018-04-09,Sugarcane,Maharashtra,Kolhapur Mandi,421.7,495.1,458.4,6048.2
2018-04-16,Sugarcane,Maharashtra,Kolhapur Mandi,455.8,504.4,480.1,4603.0
2018-04-23,Sugarcane,Maharashtra,Kolhapur Mandi,441.3,478.5,459.9,4491.8
2018-04-30,Sugarcane,Maharashtra,Kolhapur Mandi,435.0,500.6,467.8,4848.9
2018-05-07,Sugarcane,Maharashtra,Kolhapur Mandi,431.1,472.5,451.8,4654.0
2018-05-14,Sugarcane,Maharashtra,Kolhapur Mandi,463.7,514.1,488.9,4354.2
2018-05-21,Sugarcane,Maharashtra,Kolhapur Mandi,452.6,522.4,487.5,4889.0
2018-05-28,Sugarcane,Maharashtra,Kolhapur Mandi,419.1,456.7,437.9,5425.0
2018-06-04,Sugarcane,Maharashtra,Kolhapur Mandi,453.5,532.3,492.9,4724.3
2018-06-11,Sugarcane,Maharashtra,Kolhapur Mandi,451.3,526.5,488.9,6445.1
2018-06-18,Sugarcane,Maharashtra,Kolhapur Mandi,460.0,513.6,486.8,4337.5
2018-06-25,Sugarcane,Maharashtra,Kolhapur Mandi,456.1,533.5,494.8,5988.1
2018-07-02,Sugarcane,Maharashtra,Kolhapur Mandi,402.0,477.4,439.7,4883.9
2018-07-09,Sugarcane,Maharashtra,Kolhapur Mandi,414.0,471.2,442.6,6279.1
2018-07-16,Sugarcane,Maharashtra,Kolhapur Mandi,425.9,490.1,458.0,6592.6
2018-07-23,Sugarcane,Maharashtra,Kolhapur Mandi,431.4,490.8,461.1,7239.4
2018-07-30,Sugarcane,Maharashtra,Kolhapur Mandi,442.2,508.4,475.3,7221.1
2018-08-06,Sugarcane,Maharashtra,Kolhapur Mandi,447.2,504.8,476.0,5905.0
2018-08-13,Sugarcane,Maharashtra,Kolhapur Mandi,449.3,491.5,470.4,4900.6
2018-08-20,Sugarcane,Maharashtra,Kolhapur Mandi,426.2,497.8,462.0,6765.5
2018-08-27,Sugarcane,Maharashtra,Kolhapur Mandi,424.7,479.5,452.1,4261.1
2018-09-03,Sugarcane,Maharashtra,Kolhapur Mandi,424.0,480.4,452.2,7252.8
2018-09-10,Sugarcane,Maharashtra,Kolhapur Mandi,452.5,491.3,471.9,4475.7
2018-09-17,Sugarcane,Maharashtra,Kolhapur Mandi,443.2,495.8,469.5,5494.8
2018-09-24,Sugarcane,Maharashtra,Kolhapur Mandi,426.9,497.9,462.4,4989.9
2018-10-01,Sugarcane,Maharashtra,Kolhapur Mandi,403.9,481.9,442.9,4463.4
2018-10-08,Sugarcane,Maharashtra,Kolhapur Mandi,413.2,469.0,441.1,6094.9
2018-10-15,Sugarcane,Maharashtra,Kolhapur Mandi,410.8,487.6,449.2,6880.8
2018-10-22,Sugarcane,Maharashtra,Kolhapur Mandi,463.6,520.2,491.9,5798.0
2018-10-29,Sugarcane,Maharashtra,Kolhapur Mandi,417.5,473.9,445.7,4920.0
2018-11-05,Sugarcane,Maharashtra,Kolhapur Mandi,320.1,354.1,337.1,8745.6
2018-11-12,Sugarcane,Maharashtra,Kolhapur Mandi,315.5,377.3,346.4,9797.3
2018-11-19,Sugarcane,Maharashtra,Kolhapur Mandi,317.2,370.2,343.7,8139.2
2018-11-26,Sugarcane,Maharashtra,Kolhapur Mandi,334.4,400.2,367.3,12414.3
2018-12-03,Sugarcane,Maharashtra,Kolhapur Mandi,349.2,388.2,368.7,12636.8
2018-12-10,Sugarcane,Maharashtra,Kolhapur Mandi,341.2,400.8,371.0,12225.1
2018-12-17,Sugarcane,Maharashtra,Kolhapur Mandi,350.3,395.3,372.8,8364.5
2018-12-24,Sugarcane,Maharashtra,Kolhapur Mandi,345.9,387.9,366.9,13182.9
2018-12-31,Sugarcane,Maharashtra,Kolhapur Mandi,353.0,391.8,372.4,8234.6
2019-01-07,Sugarcane,Maharashtra,Kolhapur Mandi,315.7,345.9,330.8,12216.2
2019-01-14,Sugarcane,Maharashtra,Kolhapur Mandi,352.3,398.1,375.2,10255.1
2019-01-21,Sugarcane,Maharashtra,Kolhapur Mandi,334.6,386.2,360.4,8929.8
2019-01-28,Sugarcane,Maharashtra,Kolhapur Mandi,336.8,401.2,369.0,10879.5
2019-02-04,Sugarcane,Maharashtra,Kolhapur Mandi,337.4,389.8,363.6,8938.9
2019-02-11,Sugarcane,Maharashtra,Kolhapur Mandi,332.8,376.4,354.6,12975.9
2019-02-18,Sugarcane,Maharashtra,Kolhapur Mandi,340.7,394.7,367.7,13270.5
2019-02-25,Sugarcane,Maharashtra,Kolhapur Mandi,343.1,384.1,363.6,8752.1
2019-03-04,Sugarcane,Maharashtra,Kolhapur Mandi,333.7,387.7,360.7,13524.9
2019-03-11,Sugarcane,Maharashtra,Kolhapur Mandi,318.5,351.9,335.2,10908.8
2019-03-18,Sugarcane,Maharashtra,Kolhapur Mandi,340.2,401.8,371.0,8869.4
2019-03-25,Sugarcane,Maharashtra,Kolhapur Mandi,336.5,399.5,368.0,12480.1
2019-04-01,Sugarcane,Maharashtra,Kolhapur Mandi,475.8,517.0,496.4,4252.9
2019-04-08,Sugarcane,Maharashtra,Kolhapur Mandi,427.3,505.1,466.2,5402.0
2019-04-15,Sugarcane,Maharashtra,Kolhapur Mandi,451.5,515.7,483.6,5221.5
2019-04-22,Sugarcane,Maharashtra,Kolhapur Mandi,446.1,505.3,475.7,6939.3
2019-04-29,Sugarcane,Maharashtra,Kolhapur Mandi,452.6,527.4,490.0,6019.7
2019-05-06,Sugarcane,Maharashtra,Kolhapur Mandi,470.2,533.6,501.9,5166.6
2019-05-13,Sugarcane,Maharashtra,Kolhapur Mandi,496.2,539.6,517.9,6843.1
2019-05-20,Sugarcane,Maharashtra,Kolhapur Mandi,454.4,509.0,481.7,6069.0
2019-05-27,Sugarcane,Maharashtra,Kolhapur Mandi,464.2,521.0,492.6,6477.3
2019-06-03,Sugarcane,Maharashtra,Kolhapur Mandi,471.8,553.2,512.5,5218.4
2019-06-10,Sugarcane,Maharashtra,Kolhapur Mandi,471.9,540.5,506.2,6813.8
2019-06-17,Sugarcane,Maharashtra,Kolhapur Mandi,476.8,566.0,521.4,7123.9
2019-06-24,Sugarcane,Maharashtra,Kolhapur Mandi,461.2,537.2,499.2,4811.0
2019-07-01,Sugarcane,Maharashtra,Kolhapur Mandi,439.9,490.5,465.2,6142.6
2019-07-08,Sugarcane,Maharashtra,Kolhapur Mandi,474.3,540.5,507.4,4359.5
2019-07-15,Sugarcane,Maharashtra,Kolhapur Mandi,469.3,530.5,499.9,5608.9
2019-07-22,Sugarcane,Maharashtra,Kolhapur Mandi,443.2,498.8,471.0,6693.7
2019-07-29,Sugarcane,Maharashtra,Kolhapur Mandi,433.3,502.7,468.0,6243.3
2019-08-05,Sugarcane,Maharashtra,Kolhapur Mandi,495.4,560.2,527.8,6636.0
2019-08-12,Sugarcane,Maharashtra,Kolhapur Mandi,458.7,519.3,489.0,4930.9
2019-08-19,Sugarcane,Maharashtra,Kolhapur Mandi,447.3,522.9,485.1,6797.2
2019-08-26,Sugarcane,Maharashtra,Kolhapur Mandi,495.8,546.4,521.1,5874.4
2019-09-02,Sugarcane,Maharashtra,Kolhapur Mandi,464.2,528.6,496.4,7176.4
2019-09-09,Sugarcane,Maharashtra,Kolhapur Mandi,487.1,553.3,520.2,6648.8
2019-09-16,Sugarcane,Maharashtra,Kolhapur Mandi,449.3,521.7,485.5,4212.2
2019-09-23,Sugarcane,Maharashtra,Kolhapur Mandi,502.2,564.0,533.1,6220.1
2019-09-30,Sugarcane,Maharashtra,Kolhapur Mandi,452.2,522.8,487.5,4953.5
2019-10-07,Sugarcane,Maharashtra,Kolhapur Mandi,491.5,545.7,518.6,6066.6
2019-10-14,Sugarcane,Maharashtra,Kolhapur Mandi,466.6,534.2,500.4,4433.7
2019-10-21,Sugarcane,Maharashtra,Kolhapur Mandi,501.0,547.6,524.3,4373.6
2019-10-28,Sugarcane,Maharashtra,Kolhapur Mandi,482.2,567.4,524.8,6949.6
2019-11-04,Sugarcane,Maharashtra,Kolhapur Mandi,370.3,401.1,385.7,10360.3
2019-11-11,Sugarcane,Maharashtra,Kolhapur Mandi,362.5,417.1,389.8,13710.5
2019-11-18,Sugarcane,Maharashtra,Kolhapur Mandi,372.6,411.4,392.0,13571.8
2019-11-25,Sugarcane,Maharashtra,Kolhapur Mandi,374.8,409.2,392.0,9312.0
2019-12-02,Sugarcane,Maharashtra,Kolhapur Mandi,333.1,368.5,350.8,9193.0
2019-12-09,Sugarcane,Maharashtra,Kolhapur Mandi,329.6,376.2,352.9,13266.9
2019-12-16,Sugarcane,Maharashtra,Kolhapur Mandi,344.6,412.4,378.5,8408.5
2019-12-23,Sugarcane,Maharashtra,Kolhapur Mandi,341.0,407.2,374.1,8119.4
2019-12-30,Sugarcane,Maharashtra,Kolhapur Mandi,360.1,425.9,393.0,11812.4
2020-01-06,Sugarcane,Maharashtra,Kolhapur Mandi,342.9,398.5,370.7,10266.5
2020-01-13,Sugarcane,Maharashtra,Kolhapur Mandi,340.2,404.0,372.1,12108.4
2020-01-20,Sugarcane,Maharashtra,Kolhapur Mandi,339.8,405.4,372.6,13590.0
2020-01-27,Sugarcane,Maharashtra,Kolhapur Mandi,349.9,381.9,365.9,9093.0
2020-02-03,Sugarcane,Maharashtra,Kolhapur Mandi,353.6,414.6,384.1,12429.2
2020-02-10,Sugarcane,Maharashtra,Kolhapur Mandi,370.4,426.6,398.5,9226.0
2020-02-17,Sugarcane,Maharashtra,Kolhapur Mandi,377.3,411.9,394.6,10855.5
2020-02-24,Sugarcane,Maharashtra,Kolhapur Mandi,351.0,395.4,373.2,10424.9
2020-03-02,Sugarcane,Maharashtra,Kolhapur Mandi,347.2,391.8,369.5,13270.1
2020-03-09,Sugarcane,Maharashtra,Kolhapur Mandi,362.5,427.9,395.2,11065.7
2020-03-16,Sugarcane,Maharashtra,Kolhapur Mandi,359.8,416.4,388.1,9366.8
2020-03-23,Sugarcane,Maharashtra,Kolhapur Mandi,337.0,372.4,354.7,11395.5
2020-03-30,Sugarcane,Maharashtra,Kolhapur Mandi,332.2,375.2,353.7,12027.6
2020-04-06,Sugarcane,Maharashtra,Kolhapur Mandi,466.3,507.7,487.0,4917.4
2020-04-13,Sugarcane,Maharashtra,Kolhapur Mandi,508.4,565.2,536.8,7208.7
2020-04-20,Sugarcane,Maharashtra,Kolhapur Mandi,496.8,569.4,533.1,4843.7
2020-04-27,Sugarcane,Maharashtra,Kolhapur Mandi,506.1,598.5,552.3,4415.1
2020-05-04,Sugarcane,Maharashtra,Kolhapur Mandi,485.3,531.3,508.3,6178.9
2020-05-11,Sugarcane,Maharashtra,Kolhapur Mandi,455.2,519.8,487.5,5462.5
2020-05-18,Sugarcane,Maharashtra,Kolhapur Mandi,477.1,528.7,502.9,5635.4
2020-05-25,Sugarcane,Maharashtra,Kolhapur Mandi,479.6,547.4,513.5,6615.2
2020-06-01,Sugarcane,Maharashtra,Kolhapur Mandi,467.0,541.8,504.4,5471.9
2020-06-08,Sugarcane,Maharashtra,Kolhapur Mandi,505.7,569.3,537.5,6376.7
2020-06-15,Sugarcane,Maharashtra,Kolhapur Mandi,483.4,541.8,512.6,6294.6
2020-06-22,Sugarcane,Maharashtra,Kolhapur Mandi,511.9,599.3,555.6,5854.2
2020-06-29,Sugarcane,Maharashtra,Kolhapur Mandi,477.5,519.5,498.5,4267.2
2020-07-06,Sugarcane,Maharashtra,Kolhapur Mandi,498.3,568.3,533.3,4703.9
2020-07-13,Sugarcane,Maharashtra,Kolhapur Mandi,505.6,585.6,545.6,4206.4
2020-07-20,Sugarcane,Maharashtra,Kolhapur Mandi,486.2,562.6,524.4,4259.7
2020-07-27,Sugarcane,Maharashtra,Kolhapur Mandi,488.5,542.3,515.4,4463.1
2020-08-03,Sugarcane,Maharashtra,Kolhapur Mandi,488.5,568.1,528.3,6639.4
2020-08-10,Sugarcane,Maharashtra,Kolhapur Mandi,499.5,592.1,545.8,6201.6
2020-08-17,Sugarcane,Maharashtra,Kolhapur Mandi,488.1,544.5,516.3,6170.1
2020-08-24,Sugarcane,Maharashtra,Kolhapur Mandi,524.8,586.2,555.5,6775.8
2020-08-31,Sugarcane,Maharashtra,Kolhapur Mandi,519.1,566.7,542.9,5858.5
2020-09-07,Sugarcane,Maharashtra,Kolhapur Mandi,512.1,575.1,543.6,4884.9
2020-09-14,Sugarcane,Maharashtra,Kolhapur Mandi,529.3,587.5,558.4,5338.9
2020-09-21,Sugarcane,Maharashtra,Kolhapur Mandi,494.8,543.4,519.1,4437.5
2020-09-28,Sugarcane,Maharashtra,Kolhapur Mandi,499.2,562.2,530.7,6831.3
2020-10-05,Sugarcane,Maharashtra,Kolhapur Mandi,495.9,583.9,539.9,4843.1
2020-10-12,Sugarcane,Maharashtra,Kolhapur Mandi,452.5,540.9,496.7,6158.9
2020-10-19,Sugarcane,Maharashtra,Kolhapur Mandi,504.9,603.1,554.0,6694.5
2020-10-26,Sugarcane,Maharashtra,Kolhapur Mandi,527.7,601.9,564.8,7137.4
2020-11-02,Sugarcane,Maharashtra,Kolhapur Mandi,366.4,406.2,386.3,8575.2
2020-11-09,Sugarcane,Maharashtra,Kolhapur Mandi,339.6,406.0,372.8,11853.8
2020-11-16,Sugarcane,Maharashtra,Kolhapur Mandi,349.3,418.3,383.8,8517.9
2020-11-23,Sugarcane,Maharashtra,Kolhapur Mandi,402.8,437.6,420.2,13874.5
2020-11-30,Sugarcane,Maharashtra,Kolhapur Mandi,378.3,428.3,403.3,12061.5
2020-12-07,Sugarcane,Maharashtra,Kolhapur Mandi,381.3,456.7,419.0,9513.3
2020-12-14,Sugarcane,Maharashtra,Kolhapur Mandi,375.1,419.3,397.2,12003.7
2020-12-21,Sugarcane,Maharashtra,Kolhapur Mandi,342.0,399.8,370.9,11668.9
2020-12-28,Sugarcane,Maharashtra,Kolhapur Mandi,401.2,442.0,421.6,9690.4
2021-01-04,Sugarcane,Maharashtra,Kolhapur Mandi,345.5,391.7,368.6,8309.3
2021-01-11,Sugarcane,Maharashtra,Kolhapur Mandi,387.9,453.1,420.5,9907.5
2021-01-18,Sugarcane,Maharashtra,Kolhapur Mandi,377.7,425.9,401.8,11542.5
2021-01-25,Sugarcane,Maharashtra,Kolhapur Mandi,343.9,395.3,369.6,13505.9
2021-02-01,Sugarcane,Maharashtra,Kolhapur Mandi,381.9,444.7,413.3,11661.6
2021-02-08,Sugarcane,Maharashtra,Kolhapur Mandi,364.6,419.8,392.2,12061.4
2021-02-15,Sugarcane,Maharashtra,Kolhapur Mandi,372.2,417.4,394.8,9274.2
2021-02-22,Sugarcane,Maharashtra,Kolhapur Mandi,357.8,411.8,384.8,11177.5
2021-03-01,Sugarcane,Maharashtra,Kolhapur Mandi,382.8,453.2,418.0,13242.0
2021-03-08,Sugarcane,Maharashtra,Kolhapur Mandi,383.3,449.7,416.5,13086.4
2021-03-15,Sugarcane,Maharashtra,Kolhapur Mandi,380.4,450.4,415.4,10896.2
2021-03-22,Sugarcane,Maharashtra,Kolhapur Mandi,358.3,419.3,388.8,11197.9
2021-03-29,Sugarcane,Maharashtra,Kolhapur Mandi,395.3,440.5,417.9,9233.6
2021-04-05,Sugarcane,Maharashtra,Kolhapur Mandi,512.0,558.2,535.1,6296.0
2021-04-12,Sugarcane,Maharashtra,Kolhapur Mandi,489.7,558.9,524.3,5080.1
2021-04-19,Sugarcane,Maharashtra,Kolhapur Mandi,514.9,597.1,556.0,4500.8
2021-04-26,Sugarcane,Maharashtra,Kolhapur Mandi,485.1,550.5,517.8,5898.9
2021-05-03,Sugarcane,Maharashtra,Kolhapur Mandi,549.5,625.7,587.6,5823.8
2021-05-10,Sugarcane,Maharashtra,Kolhapur Mandi,544.8,628.8,586.8,6568.8
2021-05-17,Sugarcane,Maharashtra,Kolhapur Mandi,523.6,587.6,555.6,5144.4
2021-05-24,Sugarcane,Maharashtra,Kolhapur Mandi,499.6,559.2,529.4,6302.4
2021-05-31,Sugarcane,Maharashtra,Kolhapur Mandi,483.0,559.4,521.2,6398.6
2021-06-07,Sugarcane,Maharashtra,Kolhapur Mandi,509.0,594.4,551.7,5543.3
2021-06-14,Sugarcane,Maharashtra,Kolhapur Mandi,552.2,616.2,584.2,6471.6
2021-06-21,Sugarcane,Maharashtra,Kolhapur Mandi,527.8,578.2,553.0,5306.5
2021-06-28,Sugarcane,Maharashtra,Kolhapur Mandi,552.5,609.1,580.8,6046.3
2021-07-05,Sugarcane,Maharashtra,Kolhapur Mandi,532.9,606.3,569.6,5639.3
2021-07-12,Sugarcane,Maharashtra,Kolhapur Mandi,504.0,568.2,536.1,5399.2
2021-07-19,Sugarcane,Maharashtra,Kolhapur Mandi,510.5,609.5,560.0,5259.6
2021-07-26,Sugarcane,Maharashtra,Kolhapur Mandi,491.2,573.2,532.2,5057.2
2021-08-02,Sugarcane,Maharashtra,Kolhapur Mandi,531.4,615.0,573.2,4460.5
2021-08-09,Sugarcane,Maharashtra,Kolhapur Mandi,512.2,592.8,552.5,4872.2
2021-08-16,Sugarcane,Maharashtra,Kolhapur Mandi,489.8,564.0,526.9,4813.0
2021-08-23,Sugarcane,Maharashtra,Kolhapur Mandi,548.5,610.5,579.5,4308.3
2021-08-30,Sugarcane,Maharashtra,Kolhapur Mandi,545.6,599.8,572.7,4887.8
2021-09-06,Sugarcane,Maharashtra,Kolhapur Mandi,567.3,618.7,593.0,5876.6
2021-09-13,Sugarcane,Maharashtra,Kolhapur Mandi,521.3,570.1,545.7,4648.3
2021-09-20,Sugarcane,Maharashtra,Kolhapur Mandi,563.3,635.1,599.2,4281.2
2021-09-27,Sugarcane,Maharashtra,Kolhapur Mandi,548.2,617.4,582.8,7024.1
2021-10-04,Sugarcane,Maharashtra,Kolhapur Mandi,543.0,648.6,595.8,6802.9
2021-10-11,Sugarcane,Maharashtra,Kolhapur Mandi,520.9,576.7,548.8,4313.3
2021-10-18,Sugarcane,Maharashtra,Kolhapur Mandi,529.4,577.2,553.3,6218.2
2021-10-25,Sugarcane,Maharashtra,Kolhapur Mandi,547.0,605.8,576.4,6220.4
2021-11-01,Sugarcane,Maharashtra,Kolhapur Mandi,368.0,421.2,394.6,12339.4
2021-11-08,Sugarcane,Maharashtra,Kolhapur Mandi,364.5,413.7,389.1,11478.4
2021-11-15,Sugarcane,Maharashtra,Kolhapur Mandi,387.4,448.2,417.8,8198.8
2021-11-22,Sugarcane,Maharashtra,Kolhapur Mandi,415.3,464.9,440.1,9486.7
2021-11-29,Sugarcane,Maharashtra,Kolhapur Mandi,398.6,451.0,424.8,9911.3
2021-12-06,Sugarcane,Maharashtra,Kolhapur Mandi,421.2,464.6,442.9,8275.1
2021-12-13,Sugarcane,Maharashtra,Kolhapur Mandi,408.2,454.2,431.2,13122.1
2021-12-20,Sugarcane,Maharashtra,Kolhapur Mandi,392.9,453.5,423.2,9816.3
2021-12-27,Sugarcane,Maharashtra,Kolhapur Mandi,365.8,437.8,401.8,9040.9
2022-01-03,Sugarcane,Maharashtra,Kolhapur Mandi,378.3,444.3,411.3,8224.0
2022-01-10,Sugarcane,Maharashtra,Kolhapur Mandi,420.3,468.1,444.2,10660.1
2022-01-17,Sugarcane,Maharashtra,Kolhapur Mandi,375.5,420.9,398.2,11110.9
2022-01-24,Sugarcane,Maharashtra,Kolhapur Mandi,412.2,483.8,448.0,12051.7
2022-01-31,Sugarcane,Maharashtra,Kolhapur Mandi,376.3,447.7,412.0,10722.4
2022-02-07,Sugarcane,Maharashtra,Kolhapur Mandi,379.4,412.6,396.0,11250.8
2022-02-14,Sugarcane,Maharashtra,Kolhapur Mandi,368.1,434.3,401.2,13611.5
2022-02-21,Sugarcane,Maharashtra,Kolhapur Mandi,367.3,435.1,401.2,13918.5
2022-02-28,Sugarcane,Maharashtra,Kolhapur Mandi,369.8,425.0,397.4,12708.0
2022-03-07,Sugarcane,Maharashtra,Kolhapur Mandi,381.2,431.0,406.1,12397.7
2022-03-14,Sugarcane,Maharashtra,Kolhapur Mandi,426.3,473.9,450.1,9491.9
2022-03-21,Sugarcane,Maharashtra,Kolhapur Mandi,369.9,427.9,398.9,9078.0
2022-03-28,Sugarcane,Maharashtra,Kolhapur Mandi,413.4,484.8,449.1,11321.4
2022-04-04,Sugarcane,Maharashtra,Kolhapur Mandi,508.5,594.3,551.4,6542.3
2022-04-11,Sugarcane,Maharashtra,Kolhapur Mandi,518.9,564.7,541.8,4448.9
2022-04-18,Sugarcane,Maharashtra,Kolhapur Mandi,541.8,635.2,588.5,5901.4
2022-04-25,Sugarcane,Maharashtra,Kolhapur Mandi,536.2,615.0,575.6,5120.8
2022-05-02,Sugarcane,Maharashtra,Kolhapur Mandi,541.7,627.1,584.4,6381.9
2022-05-09,Sugarcane,Maharashtra,Kolhapur Mandi,574.1,644.9,609.5,4600.6
2022-05-16,Sugarcane,Maharashtra,Kolhapur Mandi,562.9,615.7,589.3,6551.0
2022-05-23,Sugarcane,Maharashtra,Kolhapur Mandi,542.5,626.3,584.4,4708.1
2022-05-30,Sugarcane,Maharashtra,Kolhapur Mandi,542.4,638.8,590.6,6062.5
2022-06-06,Sugarcane,Maharashtra,Kolhapur Mandi,549.5,601.9,575.7,5567.8
2022-06-13,Sugarcane,Maharashtra,Kolhapur Mandi,532.8,603.6,568.2,6970.0
2022-06-20,Sugarcane,Maharashtra,Kolhapur Mandi,527.9,588.5,558.2,6876.6
2022-06-27,Sugarcane,Maharashtra,Kolhapur Mandi,524.8,574.2,549.5,5439.2
2022-07-04,Sugarcane,Maharashtra,Kolhapur Mandi,542.1,631.3,586.7,4380.8
2022-07-11,Sugarcane,Maharashtra,Kolhapur Mandi,563.6,657.6,610.6,7206.5
2022-07-18,Sugarcane,Maharashtra,Kolhapur Mandi,547.2,615.2,581.2,6401.7
2022-07-25,Sugarcane,Maharashtra,Kolhapur Mandi,548.5,606.5,577.5,5268.2
2022-08-01,Sugarcane,Maharashtra,Kolhapur Mandi,535.7,583.9,559.8,5411.8
2022-08-08,Sugarcane,Maharashtra,Kolhapur Mandi,538.0,595.0,566.5,6113.5
2022-08-15,Sugarcane,Maharashtra,Kolhapur Mandi,571.0,679.4,625.2,5676.4
2022-08-22,Sugarcane,Maharashtra,Kolhapur Mandi,579.0,635.4,607.2,5492.4
2022-08-29,Sugarcane,Maharashtra,Kolhapur Mandi,550.2,629.2,589.7,6383.2
2022-09-05,Sugarcane,Maharashtra,Kolhapur Mandi,574.9,668.1,621.5,7158.7
2022-09-12,Sugarcane,Maharashtra,Kolhapur Mandi,517.5,601.1,559.3,5657.7
2022-09-19,Sugarcane,Maharashtra,Kolhapur Mandi,522.1,593.9,558.0,6438.9
2022-09-26,Sugarcane,Maharashtra,Kolhapur Mandi,549.6,630.6,590.1,5117.4
2022-10-03,Sugarcane,Maharashtra,Kolhapur Mandi,526.4,597.0,561.7,4700.0
2022-10-10,Sugarcane,Maharashtra,Kolhapur Mandi,553.0,634.0,593.5,7019.3
2022-10-17,Sugarcane,Maharashtra,Kolhapur Mandi,586.3,643.1,614.7,5555.6
2022-10-24,Sugarcane,Maharashtra,Kolhapur Mandi,531.9,597.3,564.6,4616.1
2022-10-31,Sugarcane,Maharashtra,Kolhapur Mandi,553.5,607.7,580.6,5919.8
2022-11-07,Sugarcane,Maharashtra,Kolhapur Mandi,423.0,488.6,455.8,12018.4
2022-11-14,Sugarcane,Maharashtra,Kolhapur Mandi,416.9,496.3,456.6,8700.0
2022-11-21,Sugarcane,Maharashtra,Kolhapur Mandi,422.5,478.3,450.4,12016.1
2022-11-28,Sugarcane,Maharashtra,Kolhapur Mandi,427.4,510.4,468.9,13432.5
2022-12-05,Sugarcane,Maharashtra,Kolhapur Mandi,423.6,501.6,462.6,12714.1
2022-12-12,Sugarcane,Maharashtra,Kolhapur Mandi,394.6,434.2,414.4,9598.0
2022-12-19,Sugarcane,Maharashtra,Kolhapur Mandi,394.7,454.3,424.5,13494.0
2022-12-26,Sugarcane,Maharashtra,Kolhapur Mandi,443.4,505.8,474.6,11986.6
2023-01-02,Sugarcane,Maharashtra,Kolhapur Mandi,402.7,438.3,420.5,12321.8
2023-01-09,Sugarcane,Maharashtra,Kolhapur Mandi,432.8,501.8,467.3,9642.2
2023-01-16,Sugarcane,Maharashtra,Kolhapur Mandi,452.0,489.8,470.9,11321.7
2023-01-23,Sugarcane,Maharashtra,Kolhapur Mandi,404.9,466.1,435.5,13850.7
2023-01-30,Sugarcane,Maharashtra,Kolhapur Mandi,401.7,477.1,439.4,11249.8
2023-02-06,Sugarcane,Maharashtra,Kolhapur Mandi,414.1,467.7,440.9,11158.4
2023-02-13,Sugarcane,Maharashtra,Kolhapur Mandi,419.7,484.5,452.1,8651.3
2023-02-20,Sugarcane,Maharashtra,Kolhapur Mandi,384.8,449.4,417.1,11980.2
2023-02-27,Sugarcane,Maharashtra,Kolhapur Mandi,410.5,487.1,448.8,11199.6
2023-03-06,Sugarcane,Maharashtra,Kolhapur Mandi,456.0,502.4,479.2,10314.9
2023-03-13,Sugarcane,Maharashtra,Kolhapur Mandi,444.7,490.5,467.6,13412.0
2023-03-20,Sugarcane,Maharashtra,Kolhapur Mandi,445.9,496.7,471.3,8592.4
2023-03-27,Sugarcane,Maharashtra,Kolhapur Mandi,436.5,502.1,469.3,11286.5
2023-04-03,Sugarcane,Maharashtra,Kolhapur Mandi,534.4,637.8,586.1,4689.4
2023-04-10,Sugarcane,Maharashtra,Kolhapur Mandi,549.4,651.0,600.2,4650.2
2023-04-17,Sugarcane,Maharashtra,Kolhapur Mandi,614.9,703.7,659.3,7068.0
2023-04-24,Sugarcane,Maharashtra,Kolhapur Mandi,621.5,691.1,656.3,5332.7
2023-05-01,Sugarcane,Maharashtra,Kolhapur Mandi,611.2,678.2,644.7,6896.6
2023-05-08,Sugarcane,Maharashtra,Kolhapur Mandi,563.1,645.3,604.2,6699.9
2023-05-15,Sugarcane,Maharashtra,Kolhapur Mandi,557.7,664.5,611.1,5551.7
2023-05-22,Sugarcane,Maharashtra,Kolhapur Mandi,588.8,655.6,622.2,5211.5
2023-05-29,Sugarcane,Maharashtra,Kolhapur Mandi,610.3,716.5,663.4,5237.9
2023-06-05,Sugarcane,Maharashtra,Kolhapur Mandi,595.2,646.0,620.6,4409.5
2023-06-12,Sugarcane,Maharashtra,Kolhapur Mandi,588.8,676.2,632.5,6458.2
2023-06-19,Sugarcane,Maharashtra,Kolhapur Mandi,555.5,646.9,601.2,6873.7
2023-06-26,Sugarcane,Maharashtra,Kolhapur Mandi,560.9,610.3,585.6,6168.8
2023-07-03,Sugarcane,Maharashtra,Kolhapur Mandi,579.0,662.8,620.9,6496.7
2023-07-10,Sugarcane,Maharashtra,Kolhapur Mandi,599.8,693.6,646.7,4206.6
2023-07-17,Sugarcane,Maharashtra,Kolhapur Mandi,574.9,664.3,619.6,6660.4
2023-07-24,Sugarcane,Maharashtra,Kolhapur Mandi,586.5,654.7,620.6,6320.2
2023-07-31,Sugarcane,Maharashtra,Kolhapur Mandi,611.9,703.7,657.8,6702.7
2023-08-07,Sugarcane,Maharashtra,Kolhapur Mandi,610.6,698.8,654.7,5714.0
2023-08-14,Sugarcane,Maharashtra,Kolhapur Mandi,630.4,683.8,657.1,4232.8
2023-08-21,Sugarcane,Maharashtra,Kolhapur Mandi,565.3,620.5,592.9,6371.2
2023-08-28,Sugarcane,Maharashtra,Kolhapur Mandi,569.8,679.2,624.5,5294.6
2023-09-04,Sugarcane,Maharashtra,Kolhapur Mandi,598.3,668.1,633.2,4354.9
2023-09-11,Sugarcane,Maharashtra,Kolhapur Mandi,575.9,649.7,612.8,5993.5
2023-09-18,Sugarcane,Maharashtra,Kolhapur Mandi,598.6,675.8,637.2,4239.7
2023-09-25,Sugarcane,Maharashtra,Kolhapur Mandi,589.2,642.2,615.7,5643.6
2023-10-02,Sugarcane,Maharashtra,Kolhapur Mandi,607.8,669.8,638.8,5832.0
2023-10-09,Sugarcane,Maharashtra,Kolhapur Mandi,562.3,643.5,602.9,5696.0
2023-10-16,Sugarcane,Maharashtra,Kolhapur Mandi,629.2,701.2,665.2,7161.4
2023-10-23,Sugarcane,Maharashtra,Kolhapur Mandi,569.5,637.7,603.6,5134.5
2023-10-30,Sugarcane,Maharashtra,Kolhapur Mandi,561.5,669.1,615.3,5878.2
2023-11-06,Sugarcane,Maharashtra,Kolhapur Mandi,448.1,490.7,469.4,13580.8
2023-11-13,Sugarcane,Maharashtra,Kolhapur Mandi,462.2,514.0,488.1,9807.6
2023-11-20,Sugarcane,Maharashtra,Kolhapur Mandi,447.2,527.0,487.1,10110.0
2023-11-27,Sugarcane,Maharashtra,Kolhapur Mandi,447.7,516.5,482.1,11858.0
2023-12-04,Sugarcane,Maharashtra,Kolhapur Mandi,471.3,517.9,494.6,10164.3
2023-12-11,Sugarcane,Maharashtra,Kolhapur Mandi,420.6,477.4,449.0,8594.4
2023-12-18,Sugarcane,Maharashtra,Kolhapur Mandi,420.8,498.6,459.7,8425.9
2023-12-25,Sugarcane,Maharashtra,Kolhapur Mandi,451.1,520.7,485.9,13764.0
2015-01-05,Soyabean,Madhya Pradesh,Indore Mandi,4555.6,5451.2,5003.4,561.7
2015-01-12,Soyabean,Madhya Pradesh,Indore Mandi,4474.1,5298.1,4886.1,477.7
2015-01-19,Soyabean,Madhya Pradesh,Indore Mandi,4666.3,5418.3,5042.3,417.2
2015-01-26,Soyabean,Madhya Pradesh,Indore Mandi,4373.7,4983.3,4678.5,487.6
2015-02-02,Soyabean,Madhya Pradesh,Indore Mandi,4774.6,5246.6,5010.6,511.5
2015-02-09,Soyabean,Madhya Pradesh,Indore Mandi,4483.1,5185.7,4834.4,488.1
2015-02-16,Soyabean,Madhya Pradesh,Indore Mandi,4573.0,5102.4,4837.7,590.5
2015-02-23,Soyabean,Madhya Pradesh,Indore Mandi,4427.3,5165.1,4796.2,612.3
2015-03-02,Soyabean,Madhya Pradesh,Indore Mandi,4297.4,4928.6,4613.0,379.9
2015-03-09,Soyabean,Madhya Pradesh,Indore Mandi,4458.8,5206.6,4832.7,562.5
2015-03-16,Soyabean,Madhya Pradesh,Indore Mandi,4166.5,4866.9,4516.7,594.5
2015-03-23,Soyabean,Madhya Pradesh,Indore Mandi,4146.1,4903.5,4524.8,634.8
2015-03-30,Soyabean,Madhya Pradesh,Indore Mandi,4108.1,4852.9,4480.5,566.7
2015-04-06,Soyabean,Madhya Pradesh,Indore Mandi,4123.7,4862.3,4493.0,606.9
2015-04-13,Soyabean,Madhya Pradesh,Indore Mandi,4247.5,4819.7,4533.6,584.7
2015-04-20,Soyabean,Madhya Pradesh,Indore Mandi,4466.4,4990.2,4728.3,625.1
2015-04-27,Soyabean,Madhya Pradesh,Indore Mandi,4530.2,5420.0,4975.1,402.6
2015-05-04,Soyabean,Madhya Pradesh,Indore Mandi,4398.4,5213.8,4806.1,566.2
2015-05-11,Soyabean,Madhya Pradesh,Indore Mandi,4344.5,5101.7,4723.1,491.2
2015-05-18,Soyabean,Madhya Pradesh,Indore Mandi,4285.0,5001.0,4643.0,512.5
2015-05-25,Soyabean,Madhya Pradesh,Indore Mandi,4669.7,5477.3,5073.5,521.4
2015-06-01,Soyabean,Madhya Pradesh,Indore Mandi,4282.6,4980.2,4631.4,479.7
2015-06-08,Soyabean,Madhya Pradesh,Indore Mandi,4280.7,5125.9,4703.3,600.4
2015-06-15,Soyabean,Madhya Pradesh,Indore Mandi,4619.6,5155.0,4887.3,604.8
2015-06-22,Soyabean,Madhya Pradesh,Indore Mandi,4328.2,5022.0,4675.1,426.0
2015-06-29,Soyabean,Madhya Pradesh,Indore Mandi,4381.1,5144.9,4763.0,603.0
2015-07-06,Soyabean,Madhya Pradesh,Indore Mandi,4537.1,5316.9,4927.0,590.1
2015-07-13,Soyabean,Madhya Pradesh,Indore Mandi,4721.5,5128.5,4925.0,442.9
2015-07-20,Soyabean,Madhya Pradesh,Indore Mandi,4535.3,5211.9,4873.6,464.5
2015-07-27,Soyabean,Madhya Pradesh,Indore Mandi,4787.0,5574.2,5180.6,525.7
2015-08-03,Soyabean,Madhya Pradesh,Indore Mandi,4984.6,5408.2,5196.4,441.4
2015-08-10,Soyabean,Madhya Pradesh,Indore Mandi,4687.4,5287.6,4987.5,416.5
2015-08-17,Soyabean,Madhya Pradesh,Indore Mandi,4296.0,4899.2,4597.6,528.4
2015-08-24,Soyabean,Madhya Pradesh,Indore Mandi,4464.8,4853.2,4659.0,432.1
2015-08-31,Soyabean,Madhya Pradesh,Indore Mandi,4807.6,5306.8,5057.2,627.4
2015-09-07,Soyabean,Madhya Pradesh,Indore Mandi,4512.3,5095.5,4803.9,508.8
2015-09-14,Soyabean,Madhya Pradesh,Indore Mandi,4266.2,5082.2,4674.2,488.0
2015-09-21,Soyabean,Madhya Pradesh,Indore Mandi,4498.3,5060.9,4779.6,441.7
2015-09-28,Soyabean,Madhya Pradesh,Indore Mandi,4438.7,4870.1,4654.4,524.2
2015-10-05,Soyabean,Madhya Pradesh,Indore Mandi,3368.3,3657.7,3513.0,872.0
2015-10-12,Soyabean,Madhya Pradesh,Indore Mandi,3286.6,3874.8,3580.7,883.5
2015-10-19,Soyabean,Madhya Pradesh,Indore Mandi,3537.1,3973.7,3755.4,819.1
2015-10-26,Soyabean,Madhya Pradesh,Indore Mandi,3478.5,4037.5,3758.0,1092.3
2015-11-02,Soyabean,Madhya Pradesh,Indore Mandi,3618.5,3989.9,3804.2,728.3
2015-11-09,Soyabean,Madhya Pradesh,Indore Mandi,3511.2,3848.2,3679.7,1071.6
2015-11-16,Soyabean,Madhya Pradesh,Indore Mandi,3173.0,3764.6,3468.8,968.1
2015-11-23,Soyabean,Madhya Pradesh,Indore Mandi,3602.7,3974.3,3788.5,1093.0
2015-11-30,Soyabean,Madhya Pradesh,Indore Mandi,3196.5,3681.9,3439.2,749.3
2015-12-07,Soyabean,Madhya Pradesh,Indore Mandi,4888.2,5641.8,5265.0,563.0
2015-12-14,Soyabean,Madhya Pradesh,Indore Mandi,4739.5,5653.5,5196.5,421.7
2015-12-21,Soyabean,Madhya Pradesh,Indore Mandi,4507.5,4894.1,4700.8,603.2
2015-12-28,Soyabean,Madhya Pradesh,Indore Mandi,4834.7,5782.1,5308.4,544.3
2016-01-04,Soyabean,Madhya Pradesh,Indore Mandi,4473.4,5014.2,4743.8,407.9
2016-01-11,Soyabean,Madhya Pradesh,Indore Mandi,4582.5,5078.5,4830.5,433.4
2016-01-18,Soyabean,Madhya Pradesh,Indore Mandi,4490.6,5062.8,4776.7,406.6
2016-01-25,Soyabean,Madhya Pradesh,Indore Mandi,4992.0,5530.0,5261.0,440.7
2016-02-01,Soyabean,Madhya Pradesh,Indore Mandi,4665.9,5486.9,5076.4,497.6
2016-02-08,Soyabean,Madhya Pradesh,Indore Mandi,4882.2,5427.4,5154.8,516.2
2016-02-15,Soyabean,Madhya Pradesh,Indore Mandi,4450.7,5239.3,4845.0,406.1
2016-02-22,Soyabean,Madhya Pradesh,Indore Mandi,4789.5,5455.1,5122.3,593.5
2016-02-29,Soyabean,Madhya Pradesh,Indore Mandi,4741.5,5289.7,5015.6,601.6
2016-03-07,Soyabean,Madhya Pradesh,Indore Mandi,4735.3,5303.3,5019.3,532.8
2016-03-14,Soyabean,Madhya Pradesh,Indore Mandi,4436.3,5284.9,4860.6,635.6
2016-03-21,Soyabean,Madhya Pradesh,Indore Mandi,4363.6,5115.4,4739.5,463.3
2016-03-28,Soyabean,Madhya Pradesh,Indore Mandi,4561.9,5038.7,4800.3,579.8
2016-04-04,Soyabean,Madhya Pradesh,Indore Mandi,4696.5,5569.9,5133.2,443.7
2016-04-11,Soyabean,Madhya Pradesh,Indore Mandi,4849.8,5773.6,5311.7,620.7
2016-04-18,Soyabean,Madhya Pradesh,Indore Mandi,4728.0,5461.4,5094.7,564.1
2016-04-25,Soyabean,Madhya Pradesh,Indore Mandi,4842.7,5760.7,5301.7,570.4
2016-05-02,Soyabean,Madhya Pradesh,Indore Mandi,4859.2,5736.4,5297.8,628.2
2016-05-09,Soyabean,Madhya Pradesh,Indore Mandi,5022.4,5624.2,5323.3,418.0
2016-05-16,Soyabean,Madhya Pradesh,Indore Mandi,4914.2,5771.4,5342.8,467.9
2016-05-23,Soyabean,Madhya Pradesh,Indore Mandi,5159.3,5683.7,5421.5,584.3
2016-05-30,Soyabean,Madhya Pradesh,Indore Mandi,4575.7,5431.3,5003.5,448.3
2016-06-06,Soyabean,Madhya Pradesh,Indore Mandi,4733.0,5610.0,5171.5,486.4
2016-06-13,Soyabean,Madhya Pradesh,Indore Mandi,4564.9,4959.5,4762.2,427.9
2016-06-20,Soyabean,Madhya Pradesh,Indore Mandi,4959.2,5545.2,5252.2,413.3
2016-06-27,Soyabean,Madhya Pradesh,Indore Mandi,4638.0,5257.6,4947.8,425.5
2016-07-04,Soyabean,Madhya Pradesh,Indore Mandi,4839.1,5633.1,5236.1,587.6
2016-07-11,Soyabean,Madhya Pradesh,Indore Mandi,5049.9,5807.5,5428.7,528.5
2016-07-18,Soyabean,Madhya Pradesh,Indore Mandi,4909.5,5321.9,5115.7,613.8
2016-07-25,Soyabean,Madhya Pradesh,Indore Mandi,4825.6,5663.6,5244.6,398.2
2016-08-01,Soyabean,Madhya Pradesh,Indore Mandi,4803.6,5298.0,5050.8,525.2
2016-08-08,Soyabean,Madhya Pradesh,Indore Mandi,5249.6,5776.8,5513.2,460.7
2016-08-15,Soyabean,Madhya Pradesh,Indore Mandi,4619.1,5248.7,4933.9,589.1
2016-08-22,Soyabean,Madhya Pradesh,Indore Mandi,5054.0,5757.4,5405.7,588.8
2016-08-29,Soyabean,Madhya Pradesh,Indore Mandi,4936.2,5699.2,5317.7,533.6
2016-09-05,Soyabean,Madhya Pradesh,Indore Mandi,4585.9,5320.9,4953.4,501.3
2016-09-12,Soyabean,Madhya Pradesh,Indore Mandi,4664.2,5501.2,5082.7,505.3
2016-09-19,Soyabean,Madhya Pradesh,Indore Mandi,5261.3,5728.7,5495.0,601.1
2016-09-26,Soyabean,Madhya Pradesh,Indore Mandi,4988.6,5614.6,5301.6,607.5
2016-10-03,Soyabean,Madhya Pradesh,Indore Mandi,3602.8,4211.8,3907.3,839.7
2016-10-10,Soyabean,Madhya Pradesh,Indore Mandi,3297.7,3826.3,3562.0,1079.2
2016-10-17,Soyabean,Madhya Pradesh,Indore Mandi,3673.3,4354.1,4013.7,893.3
2016-10-24,Soyabean,Madhya Pradesh,Indore Mandi,3609.9,3956.9,3783.4,948.9
2016-10-31,Soyabean,Madhya Pradesh,Indore Mandi,3355.2,3845.8,3600.5,805.6
2016-11-07,Soyabean,Madhya Pradesh,Indore Mandi,3662.0,4277.2,3969.6,849.9
2016-11-14,Soyabean,Madhya Pradesh,Indore Mandi,3615.0,4136.4,3875.7,850.5
2016-11-21,Soyabean,Madhya Pradesh,Indore Mandi,3687.5,4141.5,3914.5,1173.8
2016-11-28,Soyabean,Madhya Pradesh,Indore Mandi,3684.7,4373.3,4029.0,734.5
2016-12-05,Soyabean,Madhya Pradesh,Indore Mandi,5058.6,6026.8,5542.7,573.8
2016-12-12,Soyabean,Madhya Pradesh,Indore Mandi,4675.5,5399.3,5037.4,432.2
2016-12-19,Soyabean,Madhya Pradesh,Indore Mandi,5160.8,5703.0,5431.9,510.9
2016-12-26,Soyabean,Madhya Pradesh,Indore Mandi,5105.7,5820.1,5462.9,595.7
2017-01-02,Soyabean,Madhya Pradesh,Indore Mandi,5068.7,5501.7,5285.2,465.1
2017-01-09,Soyabean,Madhya Pradesh,Indore Mandi,5311.7,5822.9,5567.3,562.0
2017-01-16,Soyabean,Madhya Pradesh,Indore Mandi,5238.4,5852.6,5545.5,473.2
2017-01-23,Soyabean,Madhya Pradesh,Indore Mandi,5074.9,5814.7,5444.8,623.6
2017-01-30,Soyabean,Madhya Pradesh,Indore Mandi,5280.5,6036.5,5658.5,389.0
2017-02-06,Soyabean,Madhya Pradesh,Indore Mandi,5232.7,5985.3,5609.0,634.0
2017-02-13,Soyabean,Madhya Pradesh,Indore Mandi,5143.2,5710.6,5426.9,440.6
2017-02-20,Soyabean,Madhya Pradesh,Indore Mandi,4698.0,5284.4,4991.2,441.3
2017-02-27,Soyabean,Madhya Pradesh,Indore Mandi,5199.9,5839.1,5519.5,540.2
2017-03-06,Soyabean,Madhya Pradesh,Indore Mandi,5080.7,5875.5,5478.1,379.9
2017-03-13,Soyabean,Madhya Pradesh,Indore Mandi,4877.2,5442.4,5159.8,449.1
2017-03-20,Soyabean,Madhya Pradesh,Indore Mandi,4755.8,5405.2,5080.5,524.2
2017-03-27,Soyabean,Madhya Pradesh,Indore Mandi,4904.2,5452.4,5178.3,385.4
2017-04-03,Soyabean,Madhya Pradesh,Indore Mandi,5409.2,6018.2,5713.7,618.3
2017-04-10,Soyabean,Madhya Pradesh,Indore Mandi,4833.9,5537.7,5185.8,484.1
2017-04-17,Soyabean,Madhya Pradesh,Indore Mandi,5118.8,5905.0,5511.9,604.9
2017-04-24,Soyabean,Madhya Pradesh,Indore Mandi,5297.5,5928.5,5613.0,502.0
2017-05-01,Soyabean,Madhya Pradesh,Indore Mandi,5180.0,5790.2,5485.1,600.6
2017-05-08,Soyabean,Madhya Pradesh,Indore Mandi,4911.2,5718.2,5314.7,488.1
2017-05-15,Soyabean,Madhya Pradesh,Indore Mandi,5283.9,5938.7,5611.3,420.7
2017-05-22,Soyabean,Madhya Pradesh,Indore Mandi,4951.4,5805.8,5378.6,367.7
2017-05-29,Soyabean,Madhya Pradesh,Indore Mandi,4880.2,5412.8,5146.5,624.3
2017-06-05,Soyabean,Madhya Pradesh,Indore Mandi,4939.8,5487.0,5213.4,461.3
2017-06-12,Soyabean,Madhya Pradesh,Indore Mandi,5368.1,5921.3,5644.7,568.9
2017-06-19,Soyabean,Madhya Pradesh,Indore Mandi,5489.9,6097.9,5793.9,544.2
2017-06-26,Soyabean,Madhya Pradesh,Indore Mandi,5110.2,5920.6,5515.4,466.7
2017-07-03,Soyabean,Madhya Pradesh,Indore Mandi,4920.5,5499.5,5210.0,370.0
2017-07-10,Soyabean,Madhya Pradesh,Indore Mandi,5331.5,5812.3,5571.9,615.9
2017-07-17,Soyabean,Madhya Pradesh,Indore Mandi,5411.7,6021.1,5716.4,447.5
2017-07-24,Soyabean,Madhya Pradesh,Indore Mandi,5471.2,6073.8,5772.5,409.4
2017-07-31,Soyabean,Madhya Pradesh,Indore Mandi,5175.7,6181.5,5678.6,605.0
2017-08-07,Soyabean,Madhya Pradesh,Indore Mandi,5132.8,6093.8,5613.3,596.2
2017-08-14,Soyabean,Madhya Pradesh,Indore Mandi,4772.7,5580.5,5176.6,608.7
2017-08-21,Soyabean,Madhya Pradesh,Indore Mandi,5454.3,6174.7,5814.5,468.8
2017-08-28,Soyabean,Madhya Pradesh,Indore Mandi,5488.6,6028.8,5758.7,390.1
2017-09-04,Soyabean,Madhya Pradesh,Indore Mandi,5029.3,5639.1,5334.2,376.3
2017-09-11,Soyabean,Madhya Pradesh,Indore Mandi,4949.1,5456.1,5202.6,406.5
2017-09-18,Soyabean,Madhya Pradesh,Indore Mandi,5524.2,6146.8,5835.5,381.5
2017-09-25,Soyabean,Madhya Pradesh,Indore Mandi,4739.8,5556.6,5148.2,604.5
2017-10-02,Soyabean,Madhya Pradesh,Indore Mandi,3856.7,4505.7,4181.2,827.8
2017-10-09,Soyabean,Madhya Pradesh,Indore Mandi,3883.9,4626.9,4255.4,762.4
2017-10-16,Soyabean,Madhya Pradesh,Indore Mandi,3588.2,4230.2,3909.2,1122.1
2017-10-23,Soyabean,Madhya Pradesh,Indore Mandi,3676.4,4141.2,3908.8,1101.4
2017-10-30,Soyabean,Madhya Pradesh,Indore Mandi,3827.3,4233.5,4030.4,727.4
2017-11-06,Soyabean,Madhya Pradesh,Indore Mandi,3921.7,4543.5,4232.6,1196.8
2017-11-13,Soyabean,Madhya Pradesh,Indore Mandi,3615.8,4091.6,3853.7,777.8
2017-11-20,Soyabean,Madhya Pradesh,Indore Mandi,3746.0,4181.4,3963.7,935.2
2017-11-27,Soyabean,Madhya Pradesh,Indore Mandi,3983.7,4694.7,4339.2,1119.5
2017-12-04,Soyabean,Madhya Pradesh,Indore Mandi,5099.1,5829.7,5464.4,388.8
2017-12-11,Soyabean,Madhya Pradesh,Indore Mandi,5261.7,6228.5,5745.1,429.3
2017-12-18,Soyabean,Madhya Pradesh,Indore Mandi,5541.0,6274.8,5907.9,538.6
2017-12-25,Soyabean,Madhya Pradesh,Indore Mandi,5148.4,6097.2,5622.8,429.8
2018-01-01,Soyabean,Madhya Pradesh,Indore Mandi,5315.5,6017.7,5666.6,601.2
2018-01-08,Soyabean,Madhya Pradesh,Indore Mandi,5239.2,5697.8,5468.5,452.3
2018-01-15,Soyabean,Madhya Pradesh,Indore Mandi,5380.1,6406.3,5893.2,395.1
2018-01-22,Soyabean,Madhya Pradesh,Indore Mandi,4966.2,5752.0,5359.1,461.9
2018-01-29,Soyabean,Madhya Pradesh,Indore Mandi,4842.5,5741.3,5291.9,402.3
2018-02-05,Soyabean,Madhya Pradesh,Indore Mandi,5191.0,6101.4,5646.2,565.2
2018-02-12,Soyabean,Madhya Pradesh,Indore Mandi,5537.5,6165.3,5851.4,605.6
2018-02-19,Soyabean,Madhya Pradesh,Indore Mandi,5400.6,6382.8,5891.7,526.6
2018-02-26,Soyabean,Madhya Pradesh,Indore Mandi,5064.7,5541.9,5303.3,429.5
2018-03-05,Soyabean,Madhya Pradesh,Indore Mandi,5682.9,6375.1,6029.0,622.3
2018-03-12,Soyabean,Madhya Pradesh,Indore Mandi,5030.6,5589.8,5310.2,483.9
2018-03-19,Soyabean,Madhya Pradesh,Indore Mandi,5692.3,6417.9,6055.1,520.3
2018-03-26,Soyabean,Madhya Pradesh,Indore Mandi,5263.4,6135.6,5699.5,601.8
2018-04-02,Soyabean,Madhya Pradesh,Indore Mandi,5007.5,5635.1,5321.3,512.5
2018-04-09,Soyabean,Madhya Pradesh,Indore Mandi,5455.6,5921.8,5688.7,435.9
2018-04-16,Soyabean,Madhya Pradesh,Indore Mandi,5782.7,6356.7,6069.7,551.4
2018-04-23,Soyabean,Madhya Pradesh,Indore Mandi,5579.1,6252.7,5915.9,625.4
2018-04-30,Soyabean,Madhya Pradesh,Indore Mandi,5005.6,5748.0,5376.8,451.5
2018-05-07,Soyabean,Madhya Pradesh,Indore Mandi,5143.3,5613.5,5378.4,501.8
2018-05-14,Soyabean,Madhya Pradesh,Indore Mandi,5481.3,6469.9,5975.6,375.9
2018-05-21,Soyabean,Madhya Pradesh,Indore Mandi,5363.2,6168.6,5765.9,415.4
2018-05-28,Soyabean,Madhya Pradesh,Indore Mandi,5517.7,6089.7,5803.7,606.8
2018-06-04,Soyabean,Madhya Pradesh,Indore Mandi,5241.8,5777.2,5509.5,573.0
2018-06-11,Soyabean,Madhya Pradesh,Indore Mandi,5817.8,6382.0,6099.9,387.5
2018-06-18,Soyabean,Madhya Pradesh,Indore Mandi,5629.3,6362.9,5996.1,518.5
2018-06-25,Soyabean,Madhya Pradesh,Indore Mandi,5160.1,5980.1,5570.1,402.9
2018-07-02,Soyabean,Madhya Pradesh,Indore Mandi,5653.6,6651.0,6152.3,498.4
2018-07-09,Soyabean,Madhya Pradesh,Indore Mandi,5622.9,6103.1,5863.0,604.1
2018-07-16,Soyabean,Madhya Pradesh,Indore Mandi,5184.1,5773.1,5478.6,591.4
2018-07-23,Soyabean,Madhya Pradesh,Indore Mandi,5248.5,5796.9,5522.7,463.2
2018-07-30,Soyabean,Madhya Pradesh,Indore Mandi,5509.8,6493.0,6001.4,602.0
2018-08-06,Soyabean,Madhya Pradesh,Indore Mandi,5070.8,5917.2,5494.0,546.0
2018-08-13,Soyabean,Madhya Pradesh,Indore Mandi,5836.0,6443.0,6139.5,376.9
2018-08-20,Soyabean,Madhya Pradesh,Indore Mandi,5381.1,6254.7,5817.9,384.9
2018-08-27,Soyabean,Madhya Pradesh,Indore Mandi,5213.1,6161.9,5687.5,490.8
2018-09-03,Soyabean,Madhya Pradesh,Indore Mandi,5434.6,6181.8,5808.2,505.8
2018-09-10,Soyabean,Madhya Pradesh,Indore Mandi,5326.4,6337.0,5831.7,604.4
2018-09-17,Soyabean,Madhya Pradesh,Indore Mandi,5626.1,6391.7,6008.9,518.5
2018-09-24,Soyabean,Madhya Pradesh,Indore Mandi,5155.5,6113.7,5634.6,583.3
2018-10-01,Soyabean,Madhya Pradesh,Indore Mandi,3901.5,4349.1,4125.3,947.4
2018-10-08,Soyabean,Madhya Pradesh,Indore Mandi,4050.7,4469.9,4260.3,843.8
2018-10-15,Soyabean,Madhya Pradesh,Indore Mandi,3823.9,4442.9,4133.4,769.7
2018-10-22,Soyabean,Madhya Pradesh,Indore Mandi,3833.6,4251.8,4042.7,1038.6
2018-10-29,Soyabean,Madhya Pradesh,Indore Mandi,4113.7,4796.7,4455.2,1175.7
2018-11-05,Soyabean,Madhya Pradesh,Indore Mandi,3964.2,4670.0,4317.1,1085.8
2018-11-12,Soyabean,Madhya Pradesh,Indore Mandi,4123.0,4776.2,4449.6,1100.3
2018-11-19,Soyabean,Madhya Pradesh,Indore Mandi,4028.4,4391.8,4210.1,1127.0
2018-11-26,Soyabean,Madhya Pradesh,Indore Mandi,4416.7,4814.1,4615.4,949.1
2018-12-03,Soyabean,Madhya Pradesh,Indore Mandi,5281.0,6172.4,5726.7,569.4
2018-12-10,Soyabean,Madhya Pradesh,Indore Mandi,5413.7,6168.1,5790.9,502.9
2018-12-17,Soyabean,Madhya Pradesh,Indore Mandi,5785.2,6732.2,6258.7,613.0
2018-12-24,Soyabean,Madhya Pradesh,Indore Mandi,5777.6,6868.4,6323.0,541.1
2018-12-31,Soyabean,Madhya Pradesh,Indore Mandi,5784.8,6782.6,6283.7,548.7
2019-01-07,Soyabean,Madhya Pradesh,Indore Mandi,5209.0,5848.8,5528.9,386.9
2019-01-14,Soyabean,Madhya Pradesh,Indore Mandi,5556.9,6475.5,6016.2,497.3
2019-01-21,Soyabean,Madhya Pradesh,Indore Mandi,5421.7,6286.1,5853.9,607.2
2019-01-28,Soyabean,Madhya Pradesh,Indore Mandi,5892.7,6433.3,6163.0,435.5
2019-02-04,Soyabean,Madhya Pradesh,Indore Mandi,5674.0,6544.4,6109.2,549.7
2019-02-11,Soyabean,Madhya Pradesh,Indore Mandi,5534.1,6001.7,5767.9,397.5
2019-02-18,Soyabean,Madhya Pradesh,Indore Mandi,5798.9,6330.5,6064.7,550.6
2019-02-25,Soyabean,Madhya Pradesh,Indore Mandi,5419.3,5977.9,5698.6,369.8
2019-03-04,Soyabean,Madhya Pradesh,Indore Mandi,5085.8,6083.0,5584.4,465.4
2019-03-11,Soyabean,Madhya Pradesh,Indore Mandi,5973.3,6536.5,6254.9,395.8
2019-03-18,Soyabean,Madhya Pradesh,Indore Mandi,5584.8,6495.6,6040.2,445.3
2019-03-25,Soyabean,Madhya Pradesh,Indore Mandi,6034.7,6801.5,6418.1,510.6
2019-04-01,Soyabean,Madhya Pradesh,Indore Mandi,5277.9,6153.5,5715.7,522.0
2019-04-08,Soyabean,Madhya Pradesh,Indore Mandi,5491.7,6101.3,5796.5,434.3
2019-04-15,Soyabean,Madhya Pradesh,Indore Mandi,5798.4,6474.2,6136.3,484.3
2019-04-22,Soyabean,Madhya Pradesh,Indore Mandi,5717.7,6487.3,6102.5,561.0
2019-04-29,Soyabean,Madhya Pradesh,Indore Mandi,5417.2,5938.4,5677.8,403.8
2019-05-06,Soyabean,Madhya Pradesh,Indore Mandi,5276.8,6182.0,5729.4,395.7
2019-05-13,Soyabean,Madhya Pradesh,Indore Mandi,6026.0,6753.4,6389.7,622.2
2019-05-20,Soyabean,Madhya Pradesh,Indore Mandi,5430.3,6349.7,5890.0,483.9
2019-05-27,Soyabean,Madhya Pradesh,Indore Mandi,6099.6,6816.2,6457.9,596.6
2019-06-03,Soyabean,Madhya Pradesh,Indore Mandi,5919.3,6553.1,6236.2,579.6
2019-06-10,Soyabean,Madhya Pradesh,Indore Mandi,5851.9,6511.9,6181.9,552.6
2019-06-17,Soyabean,Madhya Pradesh,Indore Mandi,5386.2,6336.2,5861.2,598.7
2019-06-24,Soyabean,Madhya Pradesh,Indore Mandi,6125.9,6799.7,6462.8,564.3
2019-07-01,Soyabean,Madhya Pradesh,Indore Mandi,5603.2,6659.8,6131.5,379.8
2019-07-08,Soyabean,Madhya Pradesh,Indore Mandi,5485.4,6350.6,5918.0,455.4
2019-07-15,Soyabean,Madhya Pradesh,Indore Mandi,5522.2,6488.8,6005.5,435.6
2019-07-22,Soyabean,Madhya Pradesh,Indore Mandi,5721.1,6730.3,6225.7,535.4
2019-07-29,Soyabean,Madhya Pradesh,Indore Mandi,5880.7,6989.7,6435.2,574.9
2019-08-05,Soyabean,Madhya Pradesh,Indore Mandi,5504.2,6519.6,6011.9,611.7
2019-08-12,Soyabean,Madhya Pradesh,Indore Mandi,6064.7,6698.7,6381.7,486.3
2019-08-19,Soyabean,Madhya Pradesh,Indore Mandi,5985.3,6799.3,6392.3,537.6
2019-08-26,Soyabean,Madhya Pradesh,Indore Mandi,5718.9,6685.1,6202.0,489.9
2019-09-02,Soyabean,Madhya Pradesh,Indore Mandi,5580.2,6517.0,6048.6,468.7
2019-09-09,Soyabean,Madhya Pradesh,Indore Mandi,5548.5,6154.5,5851.5,478.4
2019-09-16,Soyabean,Madhya Pradesh,Indore Mandi,5492.0,6449.2,5970.6,596.1
2019-09-23,Soyabean,Madhya Pradesh,Indore Mandi,6100.7,6852.3,6476.5,508.4
2019-09-30,Soyabean,Madhya Pradesh,Indore Mandi,6292.4,6968.4,6630.4,524.5
2019-10-07,Soyabean,Madhya Pradesh,Indore Mandi,4427.5,5068.5,4748.0,1141.2
2019-10-14,Soyabean,Madhya Pradesh,Indore Mandi,4170.1,4574.9,4372.5,1048.3
2019-10-21,Soyabean,Madhya Pradesh,Indore Mandi,4331.4,4806.2,4568.8,858.7
2019-10-28,Soyabean,Madhya Pradesh,Indore Mandi,4300.2,4941.0,4620.6,781.6
2019-11-04,Soyabean,Madhya Pradesh,Indore Mandi,4302.9,5083.9,4693.4,1119.0
2019-11-11,Soyabean,Madhya Pradesh,Indore Mandi,4478.9,5255.1,4867.0,803.8
2019-11-18,Soyabean,Madhya Pradesh,Indore Mandi,4363.1,5193.7,4778.4,1019.7
2019-11-25,Soyabean,Madhya Pradesh,Indore Mandi,4505.4,5156.4,4830.9,826.3
2019-12-02,Soyabean,Madhya Pradesh,Indore Mandi,5901.1,6628.5,6264.8,569.6
2019-12-09,Soyabean,Madhya Pradesh,Indore Mandi,5906.8,6507.6,6207.2,491.1
2019-12-16,Soyabean,Madhya Pradesh,Indore Mandi,5593.6,6372.0,5982.8,538.8
2019-12-23,Soyabean,Madhya Pradesh,Indore Mandi,5703.1,6485.3,6094.2,468.8
2019-12-30,Soyabean,Madhya Pradesh,Indore Mandi,6083.2,6961.0,6522.1,438.0
2020-01-06,Soyabean,Madhya Pradesh,Indore Mandi,5748.5,6747.3,6247.9,617.4
2020-01-13,Soyabean,Madhya Pradesh,Indore Mandi,6226.7,6930.7,6578.7,537.5
2020-01-20,Soyabean,Madhya Pradesh,Indore Mandi,5621.2,6699.0,6160.1,521.6
2020-01-27,Soyabean,Madhya Pradesh,Indore Mandi,5778.9,6577.9,6178.4,621.9
2020-02-03,Soyabean,Madhya Pradesh,Indore Mandi,6306.6,7056.0,6681.3,489.7
2020-02-10,Soyabean,Madhya Pradesh,Indore Mandi,5621.4,6241.8,5931.6,515.6
2020-02-17,Soyabean,Madhya Pradesh,Indore Mandi,5882.0,6820.6,6351.3,423.3
2020-02-24,Soyabean,Madhya Pradesh,Indore Mandi,5810.2,6340.6,6075.4,559.9
2020-03-02,Soyabean,Madhya Pradesh,Indore Mandi,5859.0,6660.8,6259.9,373.0
2020-03-09,Soyabean,Madhya Pradesh,Indore Mandi,5875.8,6958.0,6416.9,577.5
2020-03-16,Soyabean,Madhya Pradesh,Indore Mandi,6094.0,6944.0,6519.0,544.9
2020-03-23,Soyabean,Madhya Pradesh,Indore Mandi,5934.0,6815.8,6374.9,597.3
2020-03-30,Soyabean,Madhya Pradesh,Indore Mandi,5959.4,6984.6,6472.0,570.8
2020-04-06,Soyabean,Madhya Pradesh,Indore Mandi,5745.3,6526.5,6135.9,536.9
2020-04-13,Soyabean,Madhya Pradesh,Indore Mandi,6458.5,7153.1,6805.8,375.7
2020-04-20,Soyabean,Madhya Pradesh,Indore Mandi,5875.0,6811.8,6343.4,456.2
2020-04-27,Soyabean,Madhya Pradesh,Indore Mandi,6009.9,6747.9,6378.9,397.4
2020-05-04,Soyabean,Madhya Pradesh,Indore Mandi,5931.4,6613.0,6272.2,417.6
2020-05-11,Soyabean,Madhya Pradesh,Indore Mandi,5514.3,6518.3,6016.3,574.8
2020-05-18,Soyabean,Madhya Pradesh,Indore Mandi,5874.3,6927.3,6400.8,371.6
2020-05-25,Soyabean,Madhya Pradesh,Indore Mandi,5575.5,6399.3,5987.4,554.4
2020-06-01,Soyabean,Madhya Pradesh,Indore Mandi,6221.2,6932.6,6576.9,435.8
2020-06-08,Soyabean,Madhya Pradesh,Indore Mandi,5948.9,7075.1,6512.0,604.6
2020-06-15,Soyabean,Madhya Pradesh,Indore Mandi,5853.8,6688.8,6271.3,547.6
2020-06-22,Soyabean,Madhya Pradesh,Indore Mandi,5927.7,7061.5,6494.6,552.8
2020-06-29,Soyabean,Madhya Pradesh,Indore Mandi,5934.5,6775.7,6355.1,492.3
2020-07-06,Soyabean,Madhya Pradesh,Indore Mandi,6344.0,7280.6,6812.3,446.0
2020-07-13,Soyabean,Madhya Pradesh,Indore Mandi,6245.4,7259.6,6752.5,590.3
2020-07-20,Soyabean,Madhya Pradesh,Indore Mandi,6274.6,7498.6,6886.6,620.8
2020-07-27,Soyabean,Madhya Pradesh,Indore Mandi,5837.7,6895.9,6366.8,381.9
2020-08-03,Soyabean,Madhya Pradesh,Indore Mandi,5628.5,6650.7,6139.6,398.3
2020-08-10,Soyabean,Madhya Pradesh,Indore Mandi,6403.8,7186.0,6794.9,478.6
2020-08-17,Soyabean,Madhya Pradesh,Indore Mandi,6612.3,7296.3,6954.3,406.5
2020-08-24,Soyabean,Madhya Pradesh,Indore Mandi,6384.8,7469.6,6927.2,634.2
2020-08-31,Soyabean,Madhya Pradesh,Indore Mandi,5904.8,6593.6,6249.2,570.5
2020-09-07,Soyabean,Madhya Pradesh,Indore Mandi,6356.2,7604.8,6980.5,569.1
2020-09-14,Soyabean,Madhya Pradesh,Indore Mandi,6325.7,7572.7,6949.2,588.1
2020-09-21,Soyabean,Madhya Pradesh,Indore Mandi,6225.7,6923.5,6574.6,580.6
2020-09-28,Soyabean,Madhya Pradesh,Indore Mandi,6284.9,6918.1,6601.5,629.5
2020-10-05,Soyabean,Madhya Pradesh,Indore Mandi,4373.4,5028.2,4700.8,782.7
2020-10-12,Soyabean,Madhya Pradesh,Indore Mandi,4244.2,4977.6,4610.9,798.1
2020-10-19,Soyabean,Madhya Pradesh,Indore Mandi,4890.1,5365.9,5128.0,789.6
2020-10-26,Soyabean,Madhya Pradesh,Indore Mandi,4716.3,5532.7,5124.5,1074.7
2020-11-02,Soyabean,Madhya Pradesh,Indore Mandi,4567.3,5291.5,4929.4,753.9
2020-11-09,Soyabean,Madhya Pradesh,Indore Mandi,4787.0,5291.4,5039.2,975.1
2020-11-16,Soyabean,Madhya Pradesh,Indore Mandi,4292.1,5081.3,4686.7,836.1
2020-11-23,Soyabean,Madhya Pradesh,Indore Mandi,4453.0,5255.6,4854.3,1085.7
2020-11-30,Soyabean,Madhya Pradesh,Indore Mandi,4660.1,5102.5,4881.3,1160.8
2020-12-07,Soyabean,Madhya Pradesh,Indore Mandi,6757.1,7326.9,7042.0,478.6
2020-12-14,Soyabean,Madhya Pradesh,Indore Mandi,6232.4,7419.8,6826.1,622.7
2020-12-21,Soyabean,Madhya Pradesh,Indore Mandi,6535.7,7378.1,6956.9,573.3
2020-12-28,Soyabean,Madhya Pradesh,Indore Mandi,6546.0,7596.0,7071.0,597.4
2021-01-04,Soyabean,Madhya Pradesh,Indore Mandi,6553.7,7275.7,6914.7,516.0
2021-01-11,Soyabean,Madhya Pradesh,Indore Mandi,6029.4,6899.0,6464.2,490.2
2021-01-18,Soyabean,Madhya Pradesh,Indore Mandi,6342.6,7329.8,6836.2,624.5
2021-01-25,Soyabean,Madhya Pradesh,Indore Mandi,6152.4,7251.6,6702.0,522.4
2021-02-01,Soyabean,Madhya Pradesh,Indore Mandi,6657.2,7463.0,7060.1,442.8
2021-02-08,Soyabean,Madhya Pradesh,Indore Mandi,6786.4,7501.4,7143.9,379.0
2021-02-15,Soyabean,Madhya Pradesh,Indore Mandi,6567.6,7258.4,6913.0,444.9
2021-02-22,Soyabean,Madhya Pradesh,Indore Mandi,6801.2,7576.8,7189.0,574.7
2021-03-01,Soyabean,Madhya Pradesh,Indore Mandi,6578.1,7174.9,6876.5,426.2
2021-03-08,Soyabean,Madhya Pradesh,Indore Mandi,6281.3,7079.3,6680.3,395.1
2021-03-15,Soyabean,Madhya Pradesh,Indore Mandi,6104.7,6932.7,6518.7,522.2
2021-03-22,Soyabean,Madhya Pradesh,Indore Mandi,6789.6,7399.4,7094.5,460.4
2021-03-29,Soyabean,Madhya Pradesh,Indore Mandi,6192.3,6726.3,6459.3,583.4
2021-04-05,Soyabean,Madhya Pradesh,Indore Mandi,6535.6,7656.4,7096.0,545.8
2021-04-12,Soyabean,Madhya Pradesh,Indore Mandi,6375.7,7608.7,6992.2,468.9
2021-04-19,Soyabean,Madhya Pradesh,Indore Mandi,5874.8,6969.4,6422.1,387.0
2021-04-26,Soyabean,Madhya Pradesh,Indore Mandi,6704.8,7666.0,7185.4,476.8
2021-05-03,Soyabean,Madhya Pradesh,Indore Mandi,6021.1,6923.7,6472.4,549.3
2021-05-10,Soyabean,Madhya Pradesh,Indore Mandi,6135.1,6799.9,6467.5,419.8
2021-05-17,Soyabean,Madhya Pradesh,Indore Mandi,6309.5,7328.3,6818.9,456.0
2021-05-24,Soyabean,Madhya Pradesh,Indore Mandi,6157.4,7219.8,6688.6,395.6
2021-05-31,Soyabean,Madhya Pradesh,Indore Mandi,6904.9,7704.3,7304.6,415.5
2021-06-07,Soyabean,Madhya Pradesh,Indore Mandi,5993.8,6765.4,6379.6,447.5
2021-06-14,Soyabean,Madhya Pradesh,Indore Mandi,6562.0,7467.4,7014.7,634.2
2021-06-21,Soyabean,Madhya Pradesh,Indore Mandi,6086.1,7220.3,6653.2,385.6
2021-06-28,Soyabean,Madhya Pradesh,Indore Mandi,6254.6,6931.4,6593.0,635.3
2021-07-05,Soyabean,Madhya Pradesh,Indore Mandi,6496.7,7515.5,7006.1,440.1
2021-07-12,Soyabean,Madhya Pradesh,Indore Mandi,6878.5,7626.9,7252.7,465.0
2021-07-19,Soyabean,Madhya Pradesh,Indore Mandi,5964.6,7081.8,6523.2,370.4
2021-07-26,Soyabean,Madhya Pradesh,Indore Mandi,6277.2,7057.4,6667.3,631.2
2021-08-02,Soyabean,Madhya Pradesh,Indore Mandi,6345.0,7542.4,6943.7,505.1
2021-08-09,Soyabean,Madhya Pradesh,Indore Mandi,6207.9,6742.9,6475.4,377.7
2021-08-16,Soyabean,Madhya Pradesh,Indore Mandi,6929.3,7599.5,7264.4,533.2
2021-08-23,Soyabean,Madhya Pradesh,Indore Mandi,6874.9,7625.7,7250.3,371.8
2021-08-30,Soyabean,Madhya Pradesh,Indore Mandi,6223.3,7156.5,6689.9,408.8
2021-09-06,Soyabean,Madhya Pradesh,Indore Mandi,6286.7,7473.7,6880.2,400.9
2021-09-13,Soyabean,Madhya Pradesh,Indore Mandi,6292.1,7034.7,6663.4,613.4
2021-09-20,Soyabean,Madhya Pradesh,Indore Mandi,6157.0,6915.8,6536.4,415.3
2021-09-27,Soyabean,Madhya Pradesh,Indore Mandi,6336.3,7557.5,6946.9,526.1
2021-10-04,Soyabean,Madhya Pradesh,Indore Mandi,4391.1,5174.3,4782.7,857.8
2021-10-11,Soyabean,Madhya Pradesh,Indore Mandi,4854.4,5756.8,5305.6,885.0
2021-10-18,Soyabean,Madhya Pradesh,Indore Mandi,4668.8,5420.6,5044.7,873.5
2021-10-25,Soyabean,Madhya Pradesh,Indore Mandi,4729.0,5153.4,4941.2,908.7
2021-11-01,Soyabean,Madhya Pradesh,Indore Mandi,5074.4,5780.2,5427.3,1116.0
2021-11-08,Soyabean,Madhya Pradesh,Indore Mandi,5118.3,5667.5,5392.9,781.6
2021-11-15,Soyabean,Madhya Pradesh,Indore Mandi,4859.0,5691.2,5275.1,1204.5
2021-11-22,Soyabean,Madhya Pradesh,Indore Mandi,4686.9,5606.3,5146.6,1134.9
2021-11-29,Soyabean,Madhya Pradesh,Indore Mandi,5025.1,5521.1,5273.1,1051.6
2021-12-06,Soyabean,Madhya Pradesh,Indore Mandi,6564.5,7367.5,6966.0,368.4
2021-12-13,Soyabean,Madhya Pradesh,Indore Mandi,6263.6,7143.0,6703.3,557.4
2021-12-20,Soyabean,Madhya Pradesh,Indore Mandi,6250.7,7196.5,6723.6,452.7
2021-12-27,Soyabean,Madhya Pradesh,Indore Mandi,6997.2,7671.2,7334.2,401.1
2022-01-03,Soyabean,Madhya Pradesh,Indore Mandi,6359.2,6926.6,6642.9,479.1
2022-01-10,Soyabean,Madhya Pradesh,Indore Mandi,6829.5,8030.3,7429.9,481.0
2022-01-17,Soyabean,Madhya Pradesh,Indore Mandi,6515.7,7595.9,7055.8,533.6
2022-01-24,Soyabean,Madhya Pradesh,Indore Mandi,6797.9,8137.3,7467.6,453.9
2022-01-31,Soyabean,Madhya Pradesh,Indore Mandi,6774.2,7698.6,7236.4,623.1
2022-02-07,Soyabean,Madhya Pradesh,Indore Mandi,6057.0,7178.0,6617.5,553.7
2022-02-14,Soyabean,Madhya Pradesh,Indore Mandi,6325.8,7138.0,6731.9,543.8
2022-02-21,Soyabean,Madhya Pradesh,Indore Mandi,6539.8,7140.4,6840.1,536.4
2022-02-28,Soyabean,Madhya Pradesh,Indore Mandi,6282.6,7399.0,6840.8,382.7
2022-03-07,Soyabean,Madhya Pradesh,Indore Mandi,6294.7,7051.3,6673.0,518.1
2022-03-14,Soyabean,Madhya Pradesh,Indore Mandi,7014.8,7951.8,7483.3,612.6
2022-03-21,Soyabean,Madhya Pradesh,Indore Mandi,6412.5,7103.9,6758.2,527.8
2022-03-28,Soyabean,Madhya Pradesh,Indore Mandi,6242.6,7339.8,6791.2,483.4
2022-04-04,Soyabean,Madhya Pradesh,Indore Mandi,6521.5,7179.3,6850.4,477.2
2022-04-11,Soyabean,Madhya Pradesh,Indore Mandi,7133.8,7816.6,7475.2,551.8
2022-04-18,Soyabean,Madhya Pradesh,Indore Mandi,6466.7,7691.5,7079.1,433.7
2022-04-25,Soyabean,Madhya Pradesh,Indore Mandi,6587.5,7723.5,7155.5,542.7
2022-05-02,Soyabean,Madhya Pradesh,Indore Mandi,6745.8,7726.8,7236.3,369.9
2022-05-09,Soyabean,Madhya Pradesh,Indore Mandi,6548.4,7243.4,6895.9,403.7
2022-05-16,Soyabean,Madhya Pradesh,Indore Mandi,6906.6,8090.2,7498.4,557.6
2022-05-23,Soyabean,Madhya Pradesh,Indore Mandi,7073.1,8319.9,7696.5,550.9
2022-05-30,Soyabean,Madhya Pradesh,Indore Mandi,7151.6,8152.8,7652.2,425.2
2022-06-06,Soyabean,Madhya Pradesh,Indore Mandi,6574.7,7153.1,6863.9,561.9
2022-06-13,Soyabean,Madhya Pradesh,Indore Mandi,6594.2,7592.4,7093.3,429.9
2022-06-20,Soyabean,Madhya Pradesh,Indore Mandi,6190.2,7368.4,6779.3,374.7
2022-06-27,Soyabean,Madhya Pradesh,Indore Mandi,6423.5,7206.1,6814.8,400.3
2022-07-04,Soyabean,Madhya Pradesh,Indore Mandi,6708.4,7590.8,7149.6,393.1
2022-07-11,Soyabean,Madhya Pradesh,Indore Mandi,6972.3,7736.9,7354.6,457.6
2022-07-18,Soyabean,Madhya Pradesh,Indore Mandi,6708.6,7344.8,7026.7,611.4
2022-07-25,Soyabean,Madhya Pradesh,Indore Mandi,6936.8,8056.8,7496.8,505.4
2022-08-01,Soyabean,Madhya Pradesh,Indore Mandi,7270.9,8129.5,7700.2,470.0
2022-08-08,Soyabean,Madhya Pradesh,Indore Mandi,6522.6,7241.4,6882.0,395.8
2022-08-15,Soyabean,Madhya Pradesh,Indore Mandi,6858.5,8162.7,7510.6,611.1
2022-08-22,Soyabean,Madhya Pradesh,Indore Mandi,6865.9,7456.5,7161.2,479.8
2022-08-29,Soyabean,Madhya Pradesh,Indore Mandi,7060.4,7794.4,7427.4,504.9
2022-09-05,Soyabean,Madhya Pradesh,Indore Mandi,6502.8,7320.6,6911.7,453.3
2022-09-12,Soyabean,Madhya Pradesh,Indore Mandi,7106.1,8242.3,7674.2,413.6
2022-09-19,Soyabean,Madhya Pradesh,Indore Mandi,7239.6,8109.6,7674.6,460.1
2022-09-26,Soyabean,Madhya Pradesh,Indore Mandi,6798.1,7575.3,7186.7,469.3
2022-10-03,Soyabean,Madhya Pradesh,Indore Mandi,4819.0,5498.2,5158.6,756.8
2022-10-10,Soyabean,Madhya Pradesh,Indore Mandi,4846.8,5288.4,5067.6,1094.9
2022-10-17,Soyabean,Madhya Pradesh,Indore Mandi,5259.6,6140.0,5699.8,821.6
2022-10-24,Soyabean,Madhya Pradesh,Indore Mandi,4860.7,5786.9,5323.8,954.9
2022-10-31,Soyabean,Madhya Pradesh,Indore Mandi,5116.1,5777.9,5447.0,827.0
2022-11-07,Soyabean,Madhya Pradesh,Indore Mandi,5165.2,6084.6,5624.9,859.0
2022-11-14,Soyabean,Madhya Pradesh,Indore Mandi,5214.5,5747.5,5481.0,739.1
2022-11-21,Soyabean,Madhya Pradesh,Indore Mandi,4866.8,5812.2,5339.5,780.2
2022-11-28,Soyabean,Madhya Pradesh,Indore Mandi,5504.9,6143.3,5824.1,843.3
2022-12-05,Soyabean,Madhya Pradesh,Indore Mandi,6949.4,7934.2,7441.8,513.0
2022-12-12,Soyabean,Madhya Pradesh,Indore Mandi,7276.9,8121.1,7699.0,429.7
2022-12-19,Soyabean,Madhya Pradesh,Indore Mandi,6963.2,7644.8,7304.0,565.5
2022-12-26,Soyabean,Madhya Pradesh,Indore Mandi,7544.8,8195.4,7870.1,381.1
2023-01-02,Soyabean,Madhya Pradesh,Indore Mandi,6653.1,7672.1,7162.6,450.6
2023-01-09,Soyabean,Madhya Pradesh,Indore Mandi,6897.3,7978.5,7437.9,398.3
2023-01-16,Soyabean,Madhya Pradesh,Indore Mandi,6994.8,8008.6,7501.7,606.7
2023-01-23,Soyabean,Madhya Pradesh,Indore Mandi,7324.2,8641.8,7983.0,583.0
2023-01-30,Soyabean,Madhya Pradesh,Indore Mandi,6788.1,7792.7,7290.4,468.4
2023-02-06,Soyabean,Madhya Pradesh,Indore Mandi,7072.3,7965.7,7519.0,633.8
2023-02-13,Soyabean,Madhya Pradesh,Indore Mandi,6762.4,7761.2,7261.8,610.2
2023-02-20,Soyabean,Madhya Pradesh,Indore Mandi,6833.4,7989.4,7411.4,626.4
2023-02-27,Soyabean,Madhya Pradesh,Indore Mandi,7120.7,8382.5,7751.6,413.0
2023-03-06,Soyabean,Madhya Pradesh,Indore Mandi,7626.1,8513.9,8070.0,485.3
2023-03-13,Soyabean,Madhya Pradesh,Indore Mandi,7435.9,8497.9,7966.9,609.3
2023-03-20,Soyabean,Madhya Pradesh,Indore Mandi,6829.3,8084.1,7456.7,579.9
2023-03-27,Soyabean,Madhya Pradesh,Indore Mandi,7601.7,8354.5,7978.1,562.6
2023-04-03,Soyabean,Madhya Pradesh,Indore Mandi,7270.4,8085.8,7678.1,446.5
2023-04-10,Soyabean,Madhya Pradesh,Indore Mandi,7355.2,8132.8,7744.0,511.8
2023-04-17,Soyabean,Madhya Pradesh,Indore Mandi,7431.9,8689.5,8060.7,573.0
2023-04-24,Soyabean,Madhya Pradesh,Indore Mandi,7312.7,8031.1,7671.9,415.0
2023-05-01,Soyabean,Madhya Pradesh,Indore Mandi,6575.3,7852.1,7213.7,414.9
2023-05-08,Soyabean,Madhya Pradesh,Indore Mandi,7137.4,8422.4,7779.9,555.5
2023-05-15,Soyabean,Madhya Pradesh,Indore Mandi,7443.3,8489.3,7966.3,419.1
2023-05-22,Soyabean,Madhya Pradesh,Indore Mandi,7079.8,7781.8,7430.8,570.0
2023-05-29,Soyabean,Madhya Pradesh,Indore Mandi,7161.9,8490.7,7826.3,479.4
2023-06-05,Soyabean,Madhya Pradesh,Indore Mandi,7472.0,8932.2,8202.1,608.0
2023-06-12,Soyabean,Madhya Pradesh,Indore Mandi,7526.9,8237.7,7882.3,444.1
2023-06-19,Soyabean,Madhya Pradesh,Indore Mandi,7662.0,8689.6,8175.8,476.7
2023-06-26,Soyabean,Madhya Pradesh,Indore Mandi,7270.0,8346.2,7808.1,461.1
2023-07-03,Soyabean,Madhya Pradesh,Indore Mandi,7253.3,8358.1,7805.7,512.6
2023-07-10,Soyabean,Madhya Pradesh,Indore Mandi,7191.1,8490.5,7840.8,542.1
2023-07-17,Soyabean,Madhya Pradesh,Indore Mandi,7363.4,8392.6,7878.0,556.0
2023-07-24,Soyabean,Madhya Pradesh,Indore Mandi,7074.3,8452.7,7763.5,547.6
2023-07-31,Soyabean,Madhya Pradesh,Indore Mandi,7081.2,8473.0,7777.1,430.3
2023-08-07,Soyabean,Madhya Pradesh,Indore Mandi,7825.9,8494.5,8160.2,555.3
2023-08-14,Soyabean,Madhya Pradesh,Indore Mandi,7419.5,8747.1,8083.3,630.8
2023-08-21,Soyabean,Madhya Pradesh,Indore Mandi,6847.7,7984.1,7415.9,494.9
2023-08-28,Soyabean,Madhya Pradesh,Indore Mandi,6839.0,8012.8,7425.9,540.3
2023-09-04,Soyabean,Madhya Pradesh,Indore Mandi,7860.8,8683.8,8272.3,450.4
2023-09-11,Soyabean,Madhya Pradesh,Indore Mandi,7371.8,8206.2,7789.0,531.0
2023-09-18,Soyabean,Madhya Pradesh,Indore Mandi,7132.1,8048.3,7590.2,503.5
2023-09-25,Soyabean,Madhya Pradesh,Indore Mandi,7645.4,8320.0,7982.7,564.2
2023-10-02,Soyabean,Madhya Pradesh,Indore Mandi,5254.7,5785.3,5520.0,993.7
2023-10-09,Soyabean,Madhya Pradesh,Indore Mandi,5160.3,6106.3,5633.3,733.5
2023-10-16,Soyabean,Madhya Pradesh,Indore Mandi,5506.0,6195.0,5850.5,1135.7
2023-10-23,Soyabean,Madhya Pradesh,Indore Mandi,5252.3,5833.7,5543.0,944.8
2023-10-30,Soyabean,Madhya Pradesh,Indore Mandi,5717.9,6402.9,6060.4,860.1
2023-11-06,Soyabean,Madhya Pradesh,Indore Mandi,5157.9,5871.7,5514.8,821.7
2023-11-13,Soyabean,Madhya Pradesh,Indore Mandi,5204.2,5746.8,5475.5,1227.5
2023-11-20,Soyabean,Madhya Pradesh,Indore Mandi,5133.8,5989.4,5561.6,1217.9
2023-11-27,Soyabean,Madhya Pradesh,Indore Mandi,5192.0,5631.6,5411.8,778.0
2023-12-04,Soyabean,Madhya Pradesh,Indore Mandi,7678.9,8852.7,8265.8,423.8
2023-12-11,Soyabean,Madhya Pradesh,Indore Mandi,7134.8,8397.0,7765.9,584.1
2023-12-18,Soyabean,Madhya Pradesh,Indore Mandi,7132.1,7740.1,7436.1,593.3
2023-12-25,Soyabean,Madhya Pradesh,Indore Mandi,7206.7,8288.5,7747.6,567.4
2015-01-05,Groundnut,Karnataka,Raichur Mandi,5771.0,6442.0,6106.5,420.5
2015-01-12,Groundnut,Karnataka,Raichur Mandi,6330.0,6926.6,6628.3,424.7
2015-01-19,Groundnut,Karnataka,Raichur Mandi,5816.4,6799.8,6308.1,293.4
2015-01-26,Groundnut,Karnataka,Raichur Mandi,5608.5,6565.9,6087.2,413.3
2015-02-02,Groundnut,Karnataka,Raichur Mandi,5742.0,6416.8,6079.4,321.4
2015-02-09,Groundnut,Karnataka,Raichur Mandi,5420.8,6473.4,5947.1,361.5
2015-02-16,Groundnut,Karnataka,Raichur Mandi,5964.4,6996.2,6480.3,358.0
2015-02-23,Groundnut,Karnataka,Raichur Mandi,6143.1,7001.1,6572.1,313.8
2015-03-02,Groundnut,Karnataka,Raichur Mandi,6108.4,6739.0,6423.7,348.7
2015-03-09,Groundnut,Karnataka,Raichur Mandi,5902.8,6403.6,6153.2,433.1
2015-03-16,Groundnut,Karnataka,Raichur Mandi,6212.6,7192.0,6702.3,294.0
2015-03-23,Groundnut,Karnataka,Raichur Mandi,5911.1,6512.7,6211.9,440.1
2015-03-30,Groundnut,Karnataka,Raichur Mandi,6140.1,7284.9,6712.5,329.9
2015-04-06,Groundnut,Karnataka,Raichur Mandi,5698.2,6736.4,6217.3,360.3
2015-04-13,Groundnut,Karnataka,Raichur Mandi,5704.4,6374.2,6039.3,274.4
2015-04-20,Groundnut,Karnataka,Raichur Mandi,5988.0,6771.0,6379.5,408.7
2015-04-27,Groundnut,Karnataka,Raichur Mandi,5952.4,6585.8,6269.1,448.8
2015-05-04,Groundnut,Karnataka,Raichur Mandi,5867.4,6962.6,6415.0,329.6
2015-05-11,Groundnut,Karnataka,Raichur Mandi,5749.1,6349.7,6049.4,414.4
2015-05-18,Groundnut,Karnataka,Raichur Mandi,6291.6,7416.4,6854.0,293.6
2015-05-25,Groundnut,Karnataka,Raichur Mandi,6145.5,6763.7,6454.6,332.9
2015-06-01,Groundnut,Karnataka,Raichur Mandi,5476.0,6526.0,6001.0,299.5
2015-06-08,Groundnut,Karnataka,Raichur Mandi,5874.8,6592.2,6233.5,385.2
2015-06-15,Groundnut,Karnataka,Raichur Mandi,6174.9,6774.1,6474.5,346.1
2015-06-22,Groundnut,Karnataka,Raichur Mandi,5957.7,6752.1,6354.9,369.8
2015-06-29,Groundnut,Karnataka,Raichur Mandi,6063.7,6965.5,6514.6,382.0
2015-07-06,Groundnut,Karnataka,Raichur Mandi,6355.1,7446.9,6901.0,271.7
2015-07-13,Groundnut,Karnataka,Raichur Mandi,5542.5,6549.9,6046.2,344.3
2015-07-20,Groundnut,Karnataka,Raichur Mandi,6253.9,6978.1,6616.0,411.9
2015-07-27,Groundnut,Karnataka,Raichur Mandi,6088.2,7274.2,6681.2,415.4
2015-08-03,Groundnut,Karnataka,Raichur Mandi,5682.2,6769.0,6225.6,443.0
2015-08-10,Groundnut,Karnataka,Raichur Mandi,6446.8,7157.4,6802.1,439.1
2015-08-17,Groundnut,Karnataka,Raichur Mandi,6293.1,7404.9,6849.0,390.1
2015-08-24,Groundnut,Karnataka,Raichur Mandi,6018.9,6991.7,6505.3,427.2
2015-08-31,Groundnut,Karnataka,Raichur Mandi,5732.4,6663.2,6197.8,284.3
2015-09-07,Groundnut,Karnataka,Raichur Mandi,5747.4,6842.2,6294.8,302.2
2015-09-14,Groundnut,Karnataka,Raichur Mandi,6603.4,7206.2,6904.8,301.9
2015-09-21,Groundnut,Karnataka,Raichur Mandi,5614.4,6721.4,6167.9,268.4
2015-09-28,Groundnut,Karnataka,Raichur Mandi,5683.7,6745.7,6214.7,445.3
2015-10-05,Groundnut,Karnataka,Raichur Mandi,4815.8,5230.8,5023.3,825.0
2015-10-12,Groundnut,Karnataka,Raichur Mandi,4729.5,5343.1,5036.3,661.0
2015-10-19,Groundnut,Karnataka,Raichur Mandi,4122.1,4917.1,4519.6,760.6
2015-10-26,Groundnut,Karnataka,Raichur Mandi,4327.8,5139.0,4733.4,708.7
2015-11-02,Groundnut,Karnataka,Raichur Mandi,4217.8,5025.6,4621.7,811.7
2015-11-09,Groundnut,Karnataka,Raichur Mandi,4600.0,5490.0,5045.0,578.1
2015-11-16,Groundnut,Karnataka,Raichur Mandi,4710.9,5351.1,5031.0,644.0
2015-11-23,Groundnut,Karnataka,Raichur Mandi,4635.8,5296.8,4966.3,526.4
2015-11-30,Groundnut,Karnataka,Raichur Mandi,4296.0,4772.4,4534.2,587.4
2015-12-07,Groundnut,Karnataka,Raichur Mandi,6702.5,7354.1,7028.3,423.3
2015-12-14,Groundnut,Karnataka,Raichur Mandi,6160.1,6680.3,6420.2,366.8
2015-12-21,Groundnut,Karnataka,Raichur Mandi,6074.3,6866.9,6470.6,272.8
2015-12-28,Groundnut,Karnataka,Raichur Mandi,6122.7,7144.3,6633.5,373.9
2016-01-04,Groundnut,Karnataka,Raichur Mandi,6484.4,7269.4,6876.9,345.0
2016-01-11,Groundnut,Karnataka,Raichur Mandi,6331.5,7204.5,6768.0,408.8
2016-01-18,Groundnut,Karnataka,Raichur Mandi,6042.8,6927.4,6485.1,426.3
2016-01-25,Groundnut,Karnataka,Raichur Mandi,6515.6,7665.0,7090.3,291.0
2016-02-01,Groundnut,Karnataka,Raichur Mandi,6722.7,7355.7,7039.2,377.2
2016-02-08,Groundnut,Karnataka,Raichur Mandi,6441.9,7174.1,6808.0,346.1
2016-02-15,Groundnut,Karnataka,Raichur Mandi,5767.6,6906.4,6337.0,285.2
2016-02-22,Groundnut,Karnataka,Raichur Mandi,6021.3,7166.7,6594.0,437.1
2016-02-29,Groundnut,Karnataka,Raichur Mandi,6679.8,7552.0,7115.9,287.3
2016-03-07,Groundnut,Karnataka,Raichur Mandi,6499.6,7412.0,6955.8,431.0
2016-03-14,Groundnut,Karnataka,Raichur Mandi,6337.8,7031.4,6684.6,321.8
2016-03-21,Groundnut,Karnataka,Raichur Mandi,6043.8,7059.2,6551.5,282.9
2016-03-28,Groundnut,Karnataka,Raichur Mandi,6206.1,7129.9,6668.0,408.4
2016-04-04,Groundnut,Karnataka,Raichur Mandi,5790.4,6802.6,6296.5,274.3
2016-04-11,Groundnut,Karnataka,Raichur Mandi,5968.1,7065.7,6516.9,429.1
2016-04-18,Groundnut,Karnataka,Raichur Mandi,6685.6,7461.2,7073.4,346.2
2016-04-25,Groundnut,Karnataka,Raichur Mandi,6566.4,7796.2,7181.3,388.6
2016-05-02,Groundnut,Karnataka,Raichur Mandi,6341.6,7227.0,6784.3,280.8
2016-05-09,Groundnut,Karnataka,Raichur Mandi,6529.8,7613.4,7071.6,356.7
2016-05-16,Groundnut,Karnataka,Raichur Mandi,6329.4,7184.6,6757.0,393.4
2016-05-23,Groundnut,Karnataka,Raichur Mandi,5947.1,7020.1,6483.6,307.5
2016-05-30,Groundnut,Karnataka,Raichur Mandi,5827.6,6891.4,6359.5,330.7
2016-06-06,Groundnut,Karnataka,Raichur Mandi,6311.6,7075.2,6693.4,362.2
2016-06-13,Groundnut,Karnataka,Raichur Mandi,6734.6,7699.4,7217.0,318.8
2016-06-20,Groundnut,Karnataka,Raichur Mandi,6777.7,7576.3,7177.0,298.8
2016-06-27,Groundnut,Karnataka,Raichur Mandi,6797.0,7460.0,7128.5,374.8
2016-07-04,Groundnut,Karnataka,Raichur Mandi,6806.2,7534.6,7170.4,452.0
2016-07-11,Groundnut,Karnataka,Raichur Mandi,6562.5,7528.5,7045.5,295.7
2016-07-18,Groundnut,Karnataka,Raichur Mandi,6394.8,7276.4,6835.6,308.0
2016-07-25,Groundnut,Karnataka,Raichur Mandi,6577.4,7476.0,7026.7,271.5
2016-08-01,Groundnut,Karnataka,Raichur Mandi,6502.1,7270.9,6886.5,426.4
2016-08-08,Groundnut,Karnataka,Raichur Mandi,6066.9,6861.9,6464.4,416.2
2016-08-15,Groundnut,Karnataka,Raichur Mandi,6207.6,6738.6,6473.1,355.6
2016-08-22,Groundnut,Karnataka,Raichur Mandi,6093.4,6963.8,6528.6,326.2
2016-08-29,Groundnut,Karnataka,Raichur Mandi,6726.6,7725.6,7226.1,372.6
2016-09-05,Groundnut,Karnataka,Raichur Mandi,6792.5,7924.1,7358.3,403.3
2016-09-12,Groundnut,Karnataka,Raichur Mandi,6177.1,6729.3,6453.2,435.6
2016-09-19,Groundnut,Karnataka,Raichur Mandi,6316.9,7319.9,6818.4,442.2
2016-09-26,Groundnut,Karnataka,Raichur Mandi,6622.9,7785.5,7204.2,332.6
2016-10-03,Groundnut,Karnataka,Raichur Mandi,4473.6,5334.0,4903.8,699.9
2016-10-10,Groundnut,Karnataka,Raichur Mandi,4726.6,5526.0,5126.3,735.6
2016-10-17,Groundnut,Karnataka,Raichur Mandi,4607.9,5385.3,4996.6,877.1
2016-10-24,Groundnut,Karnataka,Raichur Mandi,4510.9,5395.3,4953.1,699.9
2016-10-31,Groundnut,Karnataka,Raichur Mandi,4812.9,5409.3,5111.1,832.0
2016-11-07,Groundnut,Karnataka,Raichur Mandi,4512.9,5113.9,4813.4,849.8
2016-11-14,Groundnut,Karnataka,Raichur Mandi,4963.3,5502.3,5232.8,540.7
2016-11-21,Groundnut,Karnataka,Raichur Mandi,4620.8,5053.6,4837.2,574.8
2016-11-28,Groundnut,Karnataka,Raichur Mandi,4480.1,5067.5,4773.8,703.0
2016-12-05,Groundnut,Karnataka,Raichur Mandi,6802.6,7459.2,7130.9,395.3
2016-12-12,Groundnut,Karnataka,Raichur Mandi,6185.3,6949.7,6567.5,358.6
2016-12-19,Groundnut,Karnataka,Raichur Mandi,6437.4,7272.8,6855.1,408.1
2016-12-26,Groundnut,Karnataka,Raichur Mandi,6638.7,7751.1,7194.9,345.4
2017-01-02,Groundnut,Karnataka,Raichur Mandi,6743.2,7438.8,7091.0,319.1
2017-01-09,Groundnut,Karnataka,Raichur Mandi,6913.2,7520.0,7216.6,453.8
2017-01-16,Groundnut,Karnataka,Raichur Mandi,6853.2,7859.0,7356.1,309.7
2017-01-23,Groundnut,Karnataka,Raichur Mandi,6756.6,7961.4,7359.0,359.1
2017-01-30,Groundnut,Karnataka,Raichur Mandi,6827.6,8149.6,7488.6,295.5
2017-02-06,Groundnut,Karnataka,Raichur Mandi,6303.9,7235.1,6769.5,275.4
2017-02-13,Groundnut,Karnataka,Raichur Mandi,6737.3,7757.7,7247.5,370.1
2017-02-20,Groundnut,Karnataka,Raichur Mandi,6289.5,7068.7,6679.1,427.1
2017-02-27,Groundnut,Karnataka,Raichur Mandi,6787.6,7490.8,7139.2,264.2
2017-03-06,Groundnut,Karnataka,Raichur Mandi,6953.0,8269.2,7611.1,453.8
2017-03-13,Groundnut,Karnataka,Raichur Mandi,6901.0,7729.8,7315.4,345.9
2017-03-20,Groundnut,Karnataka,Raichur Mandi,6873.7,7651.7,7262.7,344.7
2017-03-27,Groundnut,Karnataka,Raichur Mandi,6601.4,7393.8,6997.6,408.5
2017-04-03,Groundnut,Karnataka,Raichur Mandi,6895.7,7759.7,7327.7,301.7
2017-04-10,Groundnut,Karnataka,Raichur Mandi,6337.1,7564.5,6950.8,436.6
2017-04-17,Groundnut,Karnataka,Raichur Mandi,6772.7,7852.1,7312.4,272.9
2017-04-24,Groundnut,Karnataka,Raichur Mandi,6731.7,7732.3,7232.0,320.4
2017-05-01,Groundnut,Karnataka,Raichur Mandi,6896.8,7479.8,7188.3,383.3
2017-05-08,Groundnut,Karnataka,Raichur Mandi,7038.9,7877.3,7458.1,385.0
2017-05-15,Groundnut,Karnataka,Raichur Mandi,6491.6,7610.2,7050.9,295.6
2017-05-22,Groundnut,Karnataka,Raichur Mandi,6443.9,7122.3,6783.1,383.7
2017-05-29,Groundnut,Karnataka,Raichur Mandi,6673.8,7823.8,7248.8,436.3
2017-06-05,Groundnut,Karnataka,Raichur Mandi,6348.0,7384.8,6866.4,427.0
2017-06-12,Groundnut,Karnataka,Raichur Mandi,6819.5,7957.1,7388.3,284.6
2017-06-19,Groundnut,Karnataka,Raichur Mandi,7143.1,8143.1,7643.1,304.7
2017-06-26,Groundnut,Karnataka,Raichur Mandi,6903.8,8210.6,7557.2,306.4
2017-07-03,Groundnut,Karnataka,Raichur Mandi,6763.0,8015.0,7389.0,390.3
2017-07-10,Groundnut,Karnataka,Raichur Mandi,6840.3,7770.1,7305.2,282.2
2017-07-17,Groundnut,Karnataka,Raichur Mandi,6525.3,7597.3,7061.3,390.3
2017-07-24,Groundnut,Karnataka,Raichur Mandi,6642.0,7221.0,6931.5,307.5
2017-07-31,Groundnut,Karnataka,Raichur Mandi,6448.9,7275.3,6862.1,343.0
2017-08-07,Groundnut,Karnataka,Raichur Mandi,6998.1,8107.7,7552.9,446.0
2017-08-14,Groundnut,Karnataka,Raichur Mandi,6481.6,7431.4,6956.5,284.3
2017-08-21,Groundnut,Karnataka,Raichur Mandi,7076.2,8315.4,7695.8,362.0
2017-08-28,Groundnut,Karnataka,Raichur Mandi,6926.0,8088.0,7507.0,268.5
2017-09-04,Groundnut,Karnataka,Raichur Mandi,6515.2,7627.8,7071.5,401.4
2017-09-11,Groundnut,Karnataka,Raichur Mandi,6985.4,8156.8,7571.1,392.7
2017-09-18,Groundnut,Karnataka,Raichur Mandi,6400.0,7436.2,6918.1,316.8
2017-09-25,Groundnut,Karnataka,Raichur Mandi,6986.7,7640.1,7313.4,437.7
2017-10-02,Groundnut,Karnataka,Raichur Mandi,5459.1,5925.3,5692.2,573.1
2017-10-09,Groundnut,Karnataka,Raichur Mandi,4969.0,5513.8,5241.4,713.5
2017-10-16,Groundnut,Karnataka,Raichur Mandi,4701.8,5516.2,5109.0,684.7
2017-10-23,Groundnut,Karnataka,Raichur Mandi,4963.3,5395.5,5179.4,702.8
2017-10-30,Groundnut,Karnataka,Raichur Mandi,5365.2,5914.4,5639.8,871.4
2017-11-06,Groundnut,Karnataka,Raichur Mandi,4834.5,5292.7,5063.6,565.7
2017-11-13,Groundnut,Karnataka,Raichur Mandi,4995.2,5774.6,5384.9,651.2
2017-11-20,Groundnut,Karnataka,Raichur Mandi,4967.1,5521.3,5244.2,668.7
2017-11-27,Groundnut,Karnataka,Raichur Mandi,4918.2,5698.8,5308.5,678.3
2017-12-04,Groundnut,Karnataka,Raichur Mandi,6990.0,7576.4,7283.2,455.0
2017-12-11,Groundnut,Karnataka,Raichur Mandi,7169.3,7860.1,7514.7,338.4
2017-12-18,Groundnut,Karnataka,Raichur Mandi,6595.7,7682.1,7138.9,447.5
2017-12-25,Groundnut,Karnataka,Raichur Mandi,6783.7,7592.9,7188.3,382.6
2018-01-01,Groundnut,Karnataka,Raichur Mandi,7072.3,8271.5,7671.9,276.9
2018-01-08,Groundnut,Karnataka,Raichur Mandi,6861.4,7825.6,7343.5,441.5
2018-01-15,Groundnut,Karnataka,Raichur Mandi,6702.4,7450.6,7076.5,422.1
2018-01-22,Groundnut,Karnataka,Raichur Mandi,7117.2,8482.8,7800.0,369.0
2018-01-29,Groundnut,Karnataka,Raichur Mandi,6634.2,7546.8,7090.5,374.5
2018-02-05,Groundnut,Karnataka,Raichur Mandi,6834.4,7694.2,7264.3,308.3
2018-02-12,Groundnut,Karnataka,Raichur Mandi,6586.3,7537.7,7062.0,297.1
2018-02-19,Groundnut,Karnataka,Raichur Mandi,7073.4,8320.2,7696.8,407.5
2018-02-26,Groundnut,Karnataka,Raichur Mandi,6934.0,7932.2,7433.1,378.4
2018-03-05,Groundnut,Karnataka,Raichur Mandi,7154.1,8145.9,7650.0,341.5
2018-03-12,Groundnut,Karnataka,Raichur Mandi,7490.9,8564.9,8027.9,435.4
2018-03-19,Groundnut,Karnataka,Raichur Mandi,7114.0,8206.0,7660.0,380.9
2018-03-26,Groundnut,Karnataka,Raichur Mandi,6786.8,7747.4,7267.1,453.6
2018-04-02,Groundnut,Karnataka,Raichur Mandi,6899.6,8245.2,7572.4,381.4
2018-04-09,Groundnut,Karnataka,Raichur Mandi,6732.1,7579.1,7155.6,380.7
2018-04-16,Groundnut,Karnataka,Raichur Mandi,6764.0,7401.2,7082.6,311.2
2018-04-23,Groundnut,Karnataka,Raichur Mandi,7527.2,8632.8,8080.0,358.0
2018-04-30,Groundnut,Karnataka,Raichur Mandi,7070.6,8121.8,7596.2,325.9
2018-05-07,Groundnut,Karnataka,Raichur Mandi,6743.2,7808.2,7275.7,304.4
2018-05-14,Groundnut,Karnataka,Raichur Mandi,7055.8,7718.4,7387.1,433.1
2018-05-21,Groundnut,Karnataka,Raichur Mandi,7286.4,8492.4,7889.4,290.0
2018-05-28,Groundnut,Karnataka,Raichur Mandi,7313.0,8060.6,7686.8,403.7
2018-06-04,Groundnut,Karnataka,Raichur Mandi,7739.0,8630.8,8184.9,321.2
2018-06-11,Groundnut,Karnataka,Raichur Mandi,6836.4,7696.0,7266.2,392.2
2018-06-18,Groundnut,Karnataka,Raichur Mandi,7850.7,8540.7,8195.7,270.8
2018-06-25,Groundnut,Karnataka,Raichur Mandi,7068.0,8393.6,7730.8,340.6
2018-07-02,Groundnut,Karnataka,Raichur Mandi,7519.7,8387.3,7953.5,349.6
2018-07-09,Groundnut,Karnataka,Raichur Mandi,6656.4,7759.2,7207.8,345.6
2018-07-16,Groundnut,Karnataka,Raichur Mandi,6892.8,7503.0,7197.9,351.9
2018-07-23,Groundnut,Karnataka,Raichur Mandi,7023.1,7627.7,7325.4,279.7
2018-07-30,Groundnut,Karnataka,Raichur Mandi,7571.4,8934.2,8252.8,279.2
2018-08-06,Groundnut,Karnataka,Raichur Mandi,7285.4,8282.6,7784.0,341.4
2018-08-13,Groundnut,Karnataka,Raichur Mandi,7703.4,8478.8,8091.1,318.5
2018-08-20,Groundnut,Karnataka,Raichur Mandi,7553.9,8400.9,7977.4,403.9
2018-08-27,Groundnut,Karnataka,Raichur Mandi,7317.3,8213.1,7765.2,290.4
2018-09-03,Groundnut,Karnataka,Raichur Mandi,7168.6,8207.8,7688.2,314.2
2018-09-10,Groundnut,Karnataka,Raichur Mandi,7285.5,8715.9,8000.7,304.3
2018-09-17,Groundnut,Karnataka,Raichur Mandi,7518.6,8295.0,7906.8,288.2
2018-09-24,Groundnut,Karnataka,Raichur Mandi,7496.6,8437.2,7966.9,446.2
2018-10-01,Groundnut,Karnataka,Raichur Mandi,5589.4,6600.0,6094.7,763.9
2018-10-08,Groundnut,Karnataka,Raichur Mandi,5385.3,6177.1,5781.2,855.0
2018-10-15,Groundnut,Karnataka,Raichur Mandi,5530.1,6269.3,5899.7,812.5
2018-10-22,Groundnut,Karnataka,Raichur Mandi,5462.7,6444.3,5953.5,795.7
2018-10-29,Groundnut,Karnataka,Raichur Mandi,5259.4,5743.8,5501.6,622.9
2018-11-05,Groundnut,Karnataka,Raichur Mandi,5036.0,5817.2,5426.6,750.3
2018-11-12,Groundnut,Karnataka,Raichur Mandi,5325.4,6022.0,5673.7,564.0
2018-11-19,Groundnut,Karnataka,Raichur Mandi,5255.4,5915.6,5585.5,682.3
2018-11-26,Groundnut,Karnataka,Raichur Mandi,5449.6,6372.0,5910.8,712.9
2018-12-03,Groundnut,Karnataka,Raichur Mandi,6840.2,8017.4,7428.8,279.6
2018-12-10,Groundnut,Karnataka,Raichur Mandi,6800.8,8059.8,7430.3,321.8
2018-12-17,Groundnut,Karnataka,Raichur Mandi,7879.9,8677.5,8278.7,355.1
2018-12-24,Groundnut,Karnataka,Raichur Mandi,7607.1,8410.5,8008.8,383.2
2018-12-31,Groundnut,Karnataka,Raichur Mandi,7338.7,8085.5,7712.1,403.7
2019-01-07,Groundnut,Karnataka,Raichur Mandi,7069.1,8193.7,7631.4,436.2
2019-01-14,Groundnut,Karnataka,Raichur Mandi,7606.7,8566.1,8086.4,325.2
2019-01-21,Groundnut,Karnataka,Raichur Mandi,7775.3,8478.9,8127.1,391.1
2019-01-28,Groundnut,Karnataka,Raichur Mandi,7562.9,8929.1,8246.0,326.4
2019-02-04,Groundnut,Karnataka,Raichur Mandi,7525.6,8612.6,8069.1,445.8
2019-02-11,Groundnut,Karnataka,Raichur Mandi,7421.5,8326.1,7873.8,345.7
2019-02-18,Groundnut,Karnataka,Raichur Mandi,7398.0,8122.2,7760.1,433.6
2019-02-25,Groundnut,Karnataka,Raichur Mandi,7247.6,7975.8,7611.7,351.4
2019-03-04,Groundnut,Karnataka,Raichur Mandi,7554.9,8915.5,8235.2,280.6
2019-03-11,Groundnut,Karnataka,Raichur Mandi,7552.6,8518.8,8035.7,317.8
2019-03-18,Groundnut,Karnataka,Raichur Mandi,6998.0,8104.0,7551.0,405.2
2019-03-25,Groundnut,Karnataka,Raichur Mandi,7708.2,8403.4,8055.8,291.5
2019-04-01,Groundnut,Karnataka,Raichur Mandi,7750.8,9036.8,8393.8,347.8
2019-04-08,Groundnut,Karnataka,Raichur Mandi,7512.8,8655.2,8084.0,264.3
2019-04-15,Groundnut,Karnataka,Raichur Mandi,7071.1,8186.5,7628.8,410.2
2019-04-22,Groundnut,Karnataka,Raichur Mandi,7069.1,8242.5,7655.8,268.4
2019-04-29,Groundnut,Karnataka,Raichur Mandi,7824.3,8597.5,8210.9,442.1
2019-05-06,Groundnut,Karnataka,Raichur Mandi,7798.8,8886.6,8342.7,435.4
2019-05-13,Groundnut,Karnataka,Raichur Mandi,6930.2,8122.6,7526.4,271.7
2019-05-20,Groundnut,Karnataka,Raichur Mandi,7296.6,8620.8,7958.7,303.3
2019-05-27,Groundnut,Karnataka,Raichur Mandi,7667.9,8918.7,8293.3,428.6
2019-06-03,Groundnut,Karnataka,Raichur Mandi,7397.6,8196.0,7796.8,454.2
2019-06-10,Groundnut,Karnataka,Raichur Mandi,7710.7,8490.5,8100.6,371.7
2019-06-17,Groundnut,Karnataka,Raichur Mandi,7084.7,8397.5,7741.1,268.2
2019-06-24,Groundnut,Karnataka,Raichur Mandi,7217.9,8479.3,7848.6,322.4
2019-07-01,Groundnut,Karnataka,Raichur Mandi,7800.5,9247.9,8524.2,449.0
2019-07-08,Groundnut,Karnataka,Raichur Mandi,7555.6,8605.0,8080.3,354.1
2019-07-15,Groundnut,Karnataka,Raichur Mandi,8115.4,9055.2,8585.3,314.4
2019-07-22,Groundnut,Karnataka,Raichur Mandi,8215.8,9258.0,8736.9,378.4
2019-07-29,Groundnut,Karnataka,Raichur Mandi,7748.8,8533.0,8140.9,277.5
2019-08-05,Groundnut,Karnataka,Raichur Mandi,8153.8,9057.0,8605.4,338.9
2019-08-12,Groundnut,Karnataka,Raichur Mandi,7727.7,8822.9,8275.3,436.0
2019-08-19,Groundnut,Karnataka,Raichur Mandi,7782.4,8446.2,8114.3,454.0
2019-08-26,Groundnut,Karnataka,Raichur Mandi,8031.7,9521.1,8776.4,429.0
2019-09-02,Groundnut,Karnataka,Raichur Mandi,8367.3,9094.3,8730.8,414.5
2019-09-09,Groundnut,Karnataka,Raichur Mandi,7805.0,8820.0,8312.5,362.5
2019-09-16,Groundnut,Karnataka,Raichur Mandi,7548.8,8640.8,8094.8,413.0
2019-09-23,Groundnut,Karnataka,Raichur Mandi,7717.3,8418.1,8067.7,442.5
2019-09-30,Groundnut,Karnataka,Raichur Mandi,7545.7,8577.3,8061.5,388.8
2019-10-07,Groundnut,Karnataka,Raichur Mandi,5869.2,6485.4,6177.3,716.3
2019-10-14,Groundnut,Karnataka,Raichur Mandi,5569.6,6264.4,5917.0,772.1
2019-10-21,Groundnut,Karnataka,Raichur Mandi,5199.2,6207.8,5703.5,746.0
2019-10-28,Groundnut,Karnataka,Raichur Mandi,5252.3,6178.9,5715.6,607.8
2019-11-04,Groundnut,Karnataka,Raichur Mandi,5664.2,6368.6,6016.4,702.0
2019-11-11,Groundnut,Karnataka,Raichur Mandi,5634.4,6185.6,5910.0,536.9
2019-11-18,Groundnut,Karnataka,Raichur Mandi,5718.2,6242.8,5980.5,841.7
2019-11-25,Groundnut,Karnataka,Raichur Mandi,5561.5,6357.7,5959.6,774.1
2019-12-02,Groundnut,Karnataka,Raichur Mandi,7725.2,8383.8,8054.5,283.7
2019-12-09,Groundnut,Karnataka,Raichur Mandi,7423.2,8824.8,8124.0,324.9
2019-12-16,Groundnut,Karnataka,Raichur Mandi,7714.4,9023.6,8369.0,320.4
2019-12-23,Groundnut,Karnataka,Raichur Mandi,8210.3,9537.7,8874.0,439.1
2019-12-30,Groundnut,Karnataka,Raichur Mandi,7999.1,9478.1,8738.6,264.5
2020-01-06,Groundnut,Karnataka,Raichur Mandi,7275.9,8383.9,7829.9,328.2
2020-01-13,Groundnut,Karnataka,Raichur Mandi,7320.4,8629.0,7974.7,445.5
2020-01-20,Groundnut,Karnataka,Raichur Mandi,7928.2,8642.2,8285.2,432.2
2020-01-27,Groundnut,Karnataka,Raichur Mandi,7881.5,8766.1,8323.8,451.9
2020-02-03,Groundnut,Karnataka,Raichur Mandi,7805.9,8855.9,8330.9,343.4
2020-02-10,Groundnut,Karnataka,Raichur Mandi,7787.8,9182.4,8485.1,427.9
2020-02-17,Groundnut,Karnataka,Raichur Mandi,8077.8,9358.0,8717.9,379.0
2020-02-24,Groundnut,Karnataka,Raichur Mandi,7511.7,8394.1,7952.9,427.0
2020-03-02,Groundnut,Karnataka,Raichur Mandi,8059.0,8881.8,8470.4,342.2
2020-03-09,Groundnut,Karnataka,Raichur Mandi,8327.6,9661.6,8994.6,431.5
2020-03-16,Groundnut,Karnataka,Raichur Mandi,8042.7,8898.5,8470.6,428.5
2020-03-23,Groundnut,Karnataka,Raichur Mandi,8084.8,8834.4,8459.6,383.9
2020-03-30,Groundnut,Karnataka,Raichur Mandi,7817.8,8967.4,8392.6,427.4
2020-04-06,Groundnut,Karnataka,Raichur Mandi,7383.2,8827.4,8105.3,276.0
2020-04-13,Groundnut,Karnataka,Raichur Mandi,8084.8,9514.6,8799.7,421.5
2020-04-20,Groundnut,Karnataka,Raichur Mandi,7248.7,8672.1,7960.4,415.8
2020-04-27,Groundnut,Karnataka,Raichur Mandi,7933.7,9315.5,8624.6,385.6
2020-05-04,Groundnut,Karnataka,Raichur Mandi,7525.0,8487.4,8006.2,394.6
2020-05-11,Groundnut,Karnataka,Raichur Mandi,7855.1,8719.7,8287.4,376.0
2020-05-18,Groundnut,Karnataka,Raichur Mandi,8011.5,9224.9,8618.2,272.4
2020-05-25,Groundnut,Karnataka,Raichur Mandi,8067.4,9303.2,8685.3,325.2
2020-06-01,Groundnut,Karnataka,Raichur Mandi,7613.1,8376.7,7994.9,286.8
2020-06-08,Groundnut,Karnataka,Raichur Mandi,7691.7,8349.1,8020.4,393.6
2020-06-15,Groundnut,Karnataka,Raichur Mandi,8181.7,9300.5,8741.1,401.6
2020-06-22,Groundnut,Karnataka,Raichur Mandi,7917.9,8977.1,8447.5,330.1
2020-06-29,Groundnut,Karnataka,Raichur Mandi,7941.4,9290.8,8616.1,399.5
2020-07-06,Groundnut,Karnataka,Raichur Mandi,8376.3,9787.3,9081.8,376.4
2020-07-13,Groundnut,Karnataka,Raichur Mandi,8432.3,9757.9,9095.1,284.7
2020-07-20,Groundnut,Karnataka,Raichur Mandi,8367.2,9810.6,9088.9,380.1
2020-07-27,Groundnut,Karnataka,Raichur Mandi,7556.6,8906.4,8231.5,354.4
2020-08-03,Groundnut,Karnataka,Raichur Mandi,7722.8,8840.2,8281.5,382.9
2020-08-10,Groundnut,Karnataka,Raichur Mandi,7589.0,8904.2,8246.6,403.6
2020-08-17,Groundnut,Karnataka,Raichur Mandi,8290.6,9499.4,8895.0,301.6
2020-08-24,Groundnut,Karnataka,Raichur Mandi,8189.3,9123.9,8656.6,405.2
2020-08-31,Groundnut,Karnataka,Raichur Mandi,8577.3,9839.9,9208.6,366.2
2020-09-07,Groundnut,Karnataka,Raichur Mandi,8221.1,8948.7,8584.9,350.1
2020-09-14,Groundnut,Karnataka,Raichur Mandi,8387.2,9681.2,9034.2,449.8
2020-09-21,Groundnut,Karnataka,Raichur Mandi,8469.1,9804.5,9136.8,269.3
2020-09-28,Groundnut,Karnataka,Raichur Mandi,7547.5,8758.9,8153.2,397.1
2020-10-05,Groundnut,Karnataka,Raichur Mandi,5986.0,7000.4,6493.2,585.7
2020-10-12,Groundnut,Karnataka,Raichur Mandi,5656.0,6359.6,6007.8,788.0
2020-10-19,Groundnut,Karnataka,Raichur Mandi,5834.3,6847.3,6340.8,743.9
2020-10-26,Groundnut,Karnataka,Raichur Mandi,6263.2,6845.8,6554.5,685.1
2020-11-02,Groundnut,Karnataka,Raichur Mandi,6305.5,6952.9,6629.2,795.8
2020-11-09,Groundnut,Karnataka,Raichur Mandi,6017.1,6518.9,6268.0,565.0
2020-11-16,Groundnut,Karnataka,Raichur Mandi,6523.4,7242.2,6882.8,593.6
2020-11-23,Groundnut,Karnataka,Raichur Mandi,6016.1,6745.1,6380.6,519.1
2020-11-30,Groundnut,Karnataka,Raichur Mandi,6326.3,6946.7,6636.5,748.6
2020-12-07,Groundnut,Karnataka,Raichur Mandi,8175.0,9542.8,8858.9,348.8
2020-12-14,Groundnut,Karnataka,Raichur Mandi,7844.7,8685.3,8265.0,438.4
2020-12-21,Groundnut,Karnataka,Raichur Mandi,8599.7,9578.5,9089.1,301.8
2020-12-28,Groundnut,Karnataka,Raichur Mandi,8663.8,9672.2,9168.0,425.3
2021-01-04,Groundnut,Karnataka,Raichur Mandi,8411.0,9970.6,9190.8,360.1
2021-01-11,Groundnut,Karnataka,Raichur Mandi,8400.0,9893.6,9146.8,310.7
2021-01-18,Groundnut,Karnataka,Raichur Mandi,8682.8,10287.0,9484.9,312.2
2021-01-25,Groundnut,Karnataka,Raichur Mandi,8427.1,9383.7,8905.4,394.8
2021-02-01,Groundnut,Karnataka,Raichur Mandi,8540.6,9568.6,9054.6,395.1
2021-02-08,Groundnut,Karnataka,Raichur Mandi,8774.4,10184.6,9479.5,417.8
2021-02-15,Groundnut,Karnataka,Raichur Mandi,8171.5,9781.5,8976.5,364.3
2021-02-22,Groundnut,Karnataka,Raichur Mandi,7941.0,9416.6,8678.8,396.9
2021-03-01,Groundnut,Karnataka,Raichur Mandi,7739.8,9005.0,8372.4,375.7
2021-03-08,Groundnut,Karnataka,Raichur Mandi,8523.1,9259.7,8891.4,372.9
2021-03-15,Groundnut,Karnataka,Raichur Mandi,7750.6,9079.8,8415.2,336.2
2021-03-22,Groundnut,Karnataka,Raichur Mandi,8515.1,9788.3,9151.7,384.0
2021-03-29,Groundnut,Karnataka,Raichur Mandi,8500.6,9775.8,9138.2,443.8
2021-04-05,Groundnut,Karnataka,Raichur Mandi,8568.7,9851.1,9209.9,313.6
2021-04-12,Groundnut,Karnataka,Raichur Mandi,8351.0,9262.2,8806.6,335.3
2021-04-19,Groundnut,Karnataka,Raichur Mandi,8854.6,9948.2,9401.4,370.3
2021-04-26,Groundnut,Karnataka,Raichur Mandi,9201.9,10004.1,9603.0,350.8
2021-05-03,Groundnut,Karnataka,Raichur Mandi,8320.4,9825.2,9072.8,273.4
2021-05-10,Groundnut,Karnataka,Raichur Mandi,7974.9,9074.7,8524.8,308.9
2021-05-17,Groundnut,Karnataka,Raichur Mandi,7896.2,9445.6,8670.9,322.4
2021-05-24,Groundnut,Karnataka,Raichur Mandi,8751.7,10240.7,9496.2,389.9
2021-05-31,Groundnut,Karnataka,Raichur Mandi,8130.5,8866.5,8498.5,382.3
2021-06-07,Groundnut,Karnataka,Raichur Mandi,8337.5,9174.5,8756.0,369.0
2021-06-14,Groundnut,Karnataka,Raichur Mandi,7791.6,9195.0,8493.3,333.7
2021-06-21,Groundnut,Karnataka,Raichur Mandi,8127.1,9110.7,8618.9,432.5
2021-06-28,Groundnut,Karnataka,Raichur Mandi,8679.3,9716.1,9197.7,329.7
2021-07-05,Groundnut,Karnataka,Raichur Mandi,8595.4,9356.0,8975.7,352.8
2021-07-12,Groundnut,Karnataka,Raichur Mandi,8881.1,10366.1,9623.6,450.0
2021-07-19,Groundnut,Karnataka,Raichur Mandi,8231.2,9101.2,8666.2,334.8
2021-07-26,Groundnut,Karnataka,Raichur Mandi,8686.5,10142.5,9414.5,408.6
2021-08-02,Groundnut,Karnataka,Raichur Mandi,8440.1,9942.7,9191.4,320.4
2021-08-09,Groundnut,Karnataka,Raichur Mandi,8510.2,9887.4,9198.8,302.6
2021-08-16,Groundnut,Karnataka,Raichur Mandi,8129.1,9323.9,8726.5,384.8
2021-08-23,Groundnut,Karnataka,Raichur Mandi,8269.2,9866.4,9067.8,270.3
2021-08-30,Groundnut,Karnataka,Raichur Mandi,8463.3,10018.5,9240.9,366.2
2021-09-06,Groundnut,Karnataka,Raichur Mandi,9019.0,10297.4,9658.2,377.3
2021-09-13,Groundnut,Karnataka,Raichur Mandi,8368.7,9366.9,8867.8,450.7
2021-09-20,Groundnut,Karnataka,Raichur Mandi,8700.2,10030.8,9365.5,268.6
2021-09-27,Groundnut,Karnataka,Raichur Mandi,9192.4,10037.8,9615.1,365.9
2021-10-04,Groundnut,Karnataka,Raichur Mandi,6585.6,7404.6,6995.1,722.4
2021-10-11,Groundnut,Karnataka,Raichur Mandi,6640.1,7524.7,7082.4,797.3
2021-10-18,Groundnut,Karnataka,Raichur Mandi,6125.8,6715.2,6420.5,874.9
2021-10-25,Groundnut,Karnataka,Raichur Mandi,6350.6,7162.2,6756.4,838.6
2021-11-01,Groundnut,Karnataka,Raichur Mandi,6478.2,7271.4,6874.8,687.1
2021-11-08,Groundnut,Karnataka,Raichur Mandi,6123.2,7325.4,6724.3,597.1
2021-11-15,Groundnut,Karnataka,Raichur Mandi,6240.9,7382.9,6811.9,754.9
2021-11-22,Groundnut,Karnataka,Raichur Mandi,6650.3,7359.9,7005.1,628.7
2021-11-29,Groundnut,Karnataka,Raichur Mandi,6290.8,6926.2,6608.5,598.4
2021-12-06,Groundnut,Karnataka,Raichur Mandi,9195.2,10179.2,9687.2,298.1
2021-12-13,Groundnut,Karnataka,Raichur Mandi,8221.1,9434.1,8827.6,351.7
2021-12-20,Groundnut,Karnataka,Raichur Mandi,8596.9,9371.7,8984.3,446.7
2021-12-27,Groundnut,Karnataka,Raichur Mandi,8967.2,10439.4,9703.3,308.0
2022-01-03,Groundnut,Karnataka,Raichur Mandi,8838.8,10193.8,9516.3,374.9
2022-01-10,Groundnut,Karnataka,Raichur Mandi,9131.4,10542.2,9836.8,435.4
2022-01-17,Groundnut,Karnataka,Raichur Mandi,9338.4,10207.2,9772.8,406.2
2022-01-24,Groundnut,Karnataka,Raichur Mandi,8285.9,9406.1,8846.0,408.6
2022-01-31,Groundnut,Karnataka,Raichur Mandi,9476.7,10373.9,9925.3,344.4
2022-02-07,Groundnut,Karnataka,Raichur Mandi,8362.0,9864.2,9113.1,341.6
2022-02-14,Groundnut,Karnataka,Raichur Mandi,8911.6,10044.8,9478.2,387.0
2022-02-21,Groundnut,Karnataka,Raichur Mandi,8361.6,9971.2,9166.4,366.3
2022-02-28,Groundnut,Karnataka,Raichur Mandi,9049.6,10497.6,9773.6,349.3
2022-03-07,Groundnut,Karnataka,Raichur Mandi,9173.2,10364.4,9768.8,374.6
2022-03-14,Groundnut,Karnataka,Raichur Mandi,9368.7,10390.3,9879.5,332.8
2022-03-21,Groundnut,Karnataka,Raichur Mandi,8927.2,10651.4,9789.3,398.2
2022-03-28,Groundnut,Karnataka,Raichur Mandi,8326.4,9750.8,9038.6,313.0
2022-04-04,Groundnut,Karnataka,Raichur Mandi,8273.0,9619.0,8946.0,270.1
2022-04-11,Groundnut,Karnataka,Raichur Mandi,8992.5,9750.5,9371.5,393.7
2022-04-18,Groundnut,Karnataka,Raichur Mandi,9359.3,10985.7,10172.5,297.7
2022-04-25,Groundnut,Karnataka,Raichur Mandi,9615.6,10867.2,10241.4,361.9
2022-05-02,Groundnut,Karnataka,Raichur Mandi,9079.0,10403.2,9741.1,300.5
2022-05-09,Groundnut,Karnataka,Raichur Mandi,8969.7,10741.9,9855.8,423.6
2022-05-16,Groundnut,Karnataka,Raichur Mandi,8846.9,10406.3,9626.6,401.8
2022-05-23,Groundnut,Karnataka,Raichur Mandi,8577.9,9506.1,9042.0,367.2
2022-05-30,Groundnut,Karnataka,Raichur Mandi,8997.7,10374.3,9686.0,331.8
2022-06-06,Groundnut,Karnataka,Raichur Mandi,9111.3,10418.9,9765.1,391.9
2022-06-13,Groundnut,Karnataka,Raichur Mandi,9169.1,10057.1,9613.1,299.3
2022-06-20,Groundnut,Karnataka,Raichur Mandi,8305.6,9926.2,9115.9,418.3
2022-06-27,Groundnut,Karnataka,Raichur Mandi,9302.9,10822.3,10062.6,399.2
2022-07-04,Groundnut,Karnataka,Raichur Mandi,9094.0,10778.6,9936.3,314.7
2022-07-11,Groundnut,Karnataka,Raichur Mandi,9201.9,10497.1,9849.5,423.8
2022-07-18,Groundnut,Karnataka,Raichur Mandi,8348.4,9969.2,9158.8,301.5
2022-07-25,Groundnut,Karnataka,Raichur Mandi,9224.8,11034.4,10129.6,329.5
2022-08-01,Groundnut,Karnataka,Raichur Mandi,9431.5,10668.7,10050.1,361.8
2022-08-08,Groundnut,Karnataka,Raichur Mandi,8883.6,9948.2,9415.9,324.9
2022-08-15,Groundnut,Karnataka,Raichur Mandi,9291.9,10405.9,9848.9,347.6
2022-08-22,Groundnut,Karnataka,Raichur Mandi,9473.7,10465.5,9969.6,384.4
2022-08-29,Groundnut,Karnataka,Raichur Mandi,9392.8,10744.0,10068.4,346.2
2022-09-05,Groundnut,Karnataka,Raichur Mandi,8724.4,10201.8,9463.1,371.9
2022-09-12,Groundnut,Karnataka,Raichur Mandi,8775.5,9597.7,9186.6,407.5
2022-09-19,Groundnut,Karnataka,Raichur Mandi,9683.1,10542.1,10112.6,382.9
2022-09-26,Groundnut,Karnataka,Raichur Mandi,9585.7,11441.7,10513.7,420.9
2022-10-03,Groundnut,Karnataka,Raichur Mandi,6601.7,7903.5,7252.6,645.4
2022-10-10,Groundnut,Karnataka,Raichur Mandi,6469.8,7047.4,6758.6,704.1
2022-10-17,Groundnut,Karnataka,Raichur Mandi,6576.1,7146.7,6861.4,759.6
2022-10-24,Groundnut,Karnataka,Raichur Mandi,6470.2,7506.8,6988.5,589.3
2022-10-31,Groundnut,Karnataka,Raichur Mandi,6249.0,7439.2,6844.1,868.6
2022-11-07,Groundnut,Karnataka,Raichur Mandi,6992.3,7775.9,7384.1,749.4
2022-11-14,Groundnut,Karnataka,Raichur Mandi,6517.1,7593.1,7055.1,712.9
2022-11-21,Groundnut,Karnataka,Raichur Mandi,6897.4,7483.4,7190.4,646.8
2022-11-28,Groundnut,Karnataka,Raichur Mandi,6716.5,7826.5,7271.5,603.4
2022-12-05,Groundnut,Karnataka,Raichur Mandi,9591.0,11378.4,10484.7,397.6
2022-12-12,Groundnut,Karnataka,Raichur Mandi,9058.9,10256.5,9657.7,285.8
2022-12-19,Groundnut,Karnataka,Raichur Mandi,9644.9,10567.7,10106.3,396.7
2022-12-26,Groundnut,Karnataka,Raichur Mandi,9625.0,10553.2,10089.1,333.8
2023-01-02,Groundnut,Karnataka,Raichur Mandi,9277.9,11012.5,10145.2,371.8
2023-01-09,Groundnut,Karnataka,Raichur Mandi,9569.0,11320.0,10444.5,324.4
2023-01-16,Groundnut,Karnataka,Raichur Mandi,9110.3,10782.5,9946.4,425.2
2023-01-23,Groundnut,Karnataka,Raichur Mandi,9042.4,10645.4,9843.9,386.3
2023-01-30,Groundnut,Karnataka,Raichur Mandi,9184.8,10459.4,9822.1,428.5
2023-02-06,Groundnut,Karnataka,Raichur Mandi,9630.8,10840.2,10235.5,287.2
2023-02-13,Groundnut,Karnataka,Raichur Mandi,9353.3,10459.1,9906.2,282.6
2023-02-20,Groundnut,Karnataka,Raichur Mandi,9690.5,10592.3,10141.4,443.0
2023-02-27,Groundnut,Karnataka,Raichur Mandi,9806.5,11324.1,10565.3,274.4
2023-03-06,Groundnut,Karnataka,Raichur Mandi,9184.8,10779.8,9982.3,419.8
2023-03-13,Groundnut,Karnataka,Raichur Mandi,9639.0,10443.2,10041.1,288.4
2023-03-20,Groundnut,Karnataka,Raichur Mandi,10209.5,11361.3,10785.4,423.4
2023-03-27,Groundnut,Karnataka,Raichur Mandi,9454.2,10711.6,10082.9,275.1
2023-04-03,Groundnut,Karnataka,Raichur Mandi,9125.3,10905.9,10015.6,393.3
2023-04-10,Groundnut,Karnataka,Raichur Mandi,9774.8,11529.4,10652.1,270.4
2023-04-17,Groundnut,Karnataka,Raichur Mandi,9785.4,11531.8,10658.6,295.8
2023-04-24,Groundnut,Karnataka,Raichur Mandi,9805.5,11008.1,10406.8,408.5
2023-05-01,Groundnut,Karnataka,Raichur Mandi,9332.5,10472.5,9902.5,390.1
2023-05-08,Groundnut,Karnataka,Raichur Mandi,9071.5,10105.7,9588.6,447.9
2023-05-15,Groundnut,Karnataka,Raichur Mandi,8750.0,10400.6,9575.3,391.9
2023-05-22,Groundnut,Karnataka,Raichur Mandi,9051.6,10248.6,9650.1,411.5
2023-05-29,Groundnut,Karnataka,Raichur Mandi,9687.7,10655.7,10171.7,388.2
2023-06-05,Groundnut,Karnataka,Raichur Mandi,9951.6,11694.0,10822.8,331.1
2023-06-12,Groundnut,Karnataka,Raichur Mandi,9599.6,10654.0,10126.8,303.6
2023-06-19,Groundnut,Karnataka,Raichur Mandi,9123.3,10678.5,9900.9,401.3
2023-06-26,Groundnut,Karnataka,Raichur Mandi,9286.0,10196.4,9741.2,361.6
2023-07-03,Groundnut,Karnataka,Raichur Mandi,9668.8,11171.8,10420.3,345.8
2023-07-10,Groundnut,Karnataka,Raichur Mandi,9761.4,11561.0,10661.2,358.2
2023-07-17,Groundnut,Karnataka,Raichur Mandi,8913.6,10455.8,9684.7,388.6
2023-07-24,Groundnut,Karnataka,Raichur Mandi,9258.4,10991.0,10124.7,294.3
2023-07-31,Groundnut,Karnataka,Raichur Mandi,9182.7,10490.1,9836.4,309.4
2023-08-07,Groundnut,Karnataka,Raichur Mandi,9908.6,11317.8,10613.2,417.6
2023-08-14,Groundnut,Karnataka,Raichur Mandi,10182.7,11919.5,11051.1,386.0
2023-08-21,Groundnut,Karnataka,Raichur Mandi,9012.1,10721.9,9867.0,330.1
2023-08-28,Groundnut,Karnataka,Raichur Mandi,10144.5,11751.3,10947.9,269.6
2023-09-04,Groundnut,Karnataka,Raichur Mandi,9408.4,10307.8,9858.1,434.5
2023-09-11,Groundnut,Karnataka,Raichur Mandi,9612.3,11351.3,10481.8,358.1
2023-09-18,Groundnut,Karnataka,Raichur Mandi,10589.8,11658.4,11124.1,382.6
2023-09-25,Groundnut,Karnataka,Raichur Mandi,9797.9,11295.3,10546.6,365.3
2023-10-02,Groundnut,Karnataka,Raichur Mandi,6679.9,7858.1,7269.0,514.3
2023-10-09,Groundnut,Karnataka,Raichur Mandi,6772.6,8044.2,7408.4,669.7
2023-10-16,Groundnut,Karnataka,Raichur Mandi,7607.2,8498.0,8052.6,846.6
2023-10-23,Groundnut,Karnataka,Raichur Mandi,7318.2,8412.6,7865.4,593.9
2023-10-30,Groundnut,Karnataka,Raichur Mandi,7597.3,8650.3,8123.8,824.6
2023-11-06,Groundnut,Karnataka,Raichur Mandi,7282.6,8165.4,7724.0,796.6
2023-11-13,Groundnut,Karnataka,Raichur Mandi,7820.2,8495.6,8157.9,632.6
2023-11-20,Groundnut,Karnataka,Raichur Mandi,7117.3,7749.1,7433.2,552.9
2023-11-27,Groundnut,Karnataka,Raichur Mandi,6871.3,7823.3,7347.3,589.8
2023-12-04,Groundnut,Karnataka,Raichur Mandi,9130.6,10554.6,9842.6,293.6
2023-12-11,Groundnut,Karnataka,Raichur Mandi,9806.6,11024.6,10415.6,312.3
2023-12-18,Groundnut,Karnataka,Raichur Mandi,10518.1,11824.7,11171.4,340.8
2023-12-25,Groundnut,Karnataka,Raichur Mandi,9501.5,10394.3,9947.9,446.1
2015-01-05,Groundnut,Andhra Pradesh,Kurnool Mandi,6069.2,6764.6,6416.9,353.2
2015-01-12,Groundnut,Andhra Pradesh,Kurnool Mandi,6056.4,6662.0,6359.2,316.6
2015-01-19,Groundnut,Andhra Pradesh,Kurnool Mandi,5846.3,6456.1,6151.2,374.3
2015-01-26,Groundnut,Andhra Pradesh,Kurnool Mandi,5784.4,6733.0,6258.7,451.8
2015-02-02,Groundnut,Andhra Pradesh,Kurnool Mandi,6041.4,7169.6,6605.5,311.6
2015-02-09,Groundnut,Andhra Pradesh,Kurnool Mandi,6144.3,6779.3,6461.8,277.1
2015-02-16,Groundnut,Andhra Pradesh,Kurnool Mandi,5894.5,6963.7,6429.1,398.9
2015-02-23,Groundnut,Andhra Pradesh,Kurnool Mandi,5447.2,6510.4,5978.8,299.5
2015-03-02,Groundnut,Andhra Pradesh,Kurnool Mandi,6322.0,7062.4,6692.2,292.1
2015-03-09,Groundnut,Andhra Pradesh,Kurnool Mandi,5633.2,6605.4,6119.3,445.7
2015-03-16,Groundnut,Andhra Pradesh,Kurnool Mandi,6203.7,7096.1,6649.9,398.4
2015-03-23,Groundnut,Andhra Pradesh,Kurnool Mandi,5805.0,6629.2,6217.1,421.0
2015-03-30,Groundnut,Andhra Pradesh,Kurnool Mandi,6037.6,7142.2,6589.9,316.4
2015-04-06,Groundnut,Andhra Pradesh,Kurnool Mandi,5757.3,6320.1,6038.7,375.8
2015-04-13,Groundnut,Andhra Pradesh,Kurnool Mandi,5553.5,6400.3,5976.9,422.1
2015-04-20,Groundnut,Andhra Pradesh,Kurnool Mandi,5665.3,6636.9,6151.1,389.9
2015-04-27,Groundnut,Andhra Pradesh,Kurnool Mandi,5750.7,6866.7,6308.7,388.8
2015-05-04,Groundnut,Andhra Pradesh,Kurnool Mandi,5786.2,6915.6,6350.9,333.3
2015-05-11,Groundnut,Andhra Pradesh,Kurnool Mandi,5862.2,6996.4,6429.3,393.3
2015-05-18,Groundnut,Andhra Pradesh,Kurnool Mandi,5586.0,6416.0,6001.0,271.7
2015-05-25,Groundnut,Andhra Pradesh,Kurnool Mandi,6126.1,6744.1,6435.1,363.2
2015-06-01,Groundnut,Andhra Pradesh,Kurnool Mandi,6306.3,7092.7,6699.5,424.4
2015-06-08,Groundnut,Andhra Pradesh,Kurnool Mandi,5843.8,6996.4,6420.1,434.5
2015-06-15,Groundnut,Andhra Pradesh,Kurnool Mandi,6000.5,6971.1,6485.8,280.1
2015-06-22,Groundnut,Andhra Pradesh,Kurnool Mandi,5801.6,6462.6,6132.1,275.6
2015-06-29,Groundnut,Andhra Pradesh,Kurnool Mandi,6221.0,7293.2,6757.1,279.7
2015-07-06,Groundnut,Andhra Pradesh,Kurnool Mandi,6105.3,7016.5,6560.9,325.3
2015-07-13,Groundnut,Andhra Pradesh,Kurnool Mandi,5697.2,6662.6,6179.9,430.6
2015-07-20,Groundnut,Andhra Pradesh,Kurnool Mandi,5706.5,6450.1,6078.3,371.7
2015-07-27,Groundnut,Andhra Pradesh,Kurnool Mandi,6316.3,7221.9,6769.1,367.0
2015-08-03,Groundnut,Andhra Pradesh,Kurnool Mandi,6052.6,7052.2,6552.4,337.2
2015-08-10,Groundnut,Andhra Pradesh,Kurnool Mandi,5909.9,6755.9,6332.9,309.6
2015-08-17,Groundnut,Andhra Pradesh,Kurnool Mandi,5800.9,6456.5,6128.7,288.3
2015-08-24,Groundnut,Andhra Pradesh,Kurnool Mandi,5809.8,6386.8,6098.3,353.1
2015-08-31,Groundnut,Andhra Pradesh,Kurnool Mandi,6290.6,7096.8,6693.7,438.9
2015-09-07,Groundnut,Andhra Pradesh,Kurnool Mandi,6087.4,6614.0,6350.7,366.5
2015-09-14,Groundnut,Andhra Pradesh,Kurnool Mandi,6373.8,7382.4,6878.1,263.4
2015-09-21,Groundnut,Andhra Pradesh,Kurnool Mandi,6068.4,7165.6,6617.0,342.2
2015-09-28,Groundnut,Andhra Pradesh,Kurnool Mandi,6284.1,6825.9,6555.0,441.4
2015-10-05,Groundnut,Andhra Pradesh,Kurnool Mandi,4362.6,4983.6,4673.1,519.2
2015-10-12,Groundnut,Andhra Pradesh,Kurnool Mandi,4217.2,4876.8,4547.0,755.5
2015-10-19,Groundnut,Andhra Pradesh,Kurnool Mandi,4389.9,4906.5,4648.2,648.2
2015-10-26,Groundnut,Andhra Pradesh,Kurnool Mandi,4894.8,5320.4,5107.6,685.2
2015-11-02,Groundnut,Andhra Pradesh,Kurnool Mandi,4448.8,5205.6,4827.2,548.8
2015-11-09,Groundnut,Andhra Pradesh,Kurnool Mandi,4792.7,5522.9,5157.8,540.2
2015-11-16,Groundnut,Andhra Pradesh,Kurnool Mandi,4312.6,4848.0,4580.3,625.2
2015-11-23,Groundnut,Andhra Pradesh,Kurnool Mandi,4820.8,5400.4,5110.6,766.6
2015-11-30,Groundnut,Andhra Pradesh,Kurnool Mandi,4759.4,5165.6,4962.5,582.7
2015-12-07,Groundnut,Andhra Pradesh,Kurnool Mandi,5928.6,6836.8,6382.7,427.2
2015-12-14,Groundnut,Andhra Pradesh,Kurnool Mandi,6179.9,7140.1,6660.0,340.6
2015-12-21,Groundnut,Andhra Pradesh,Kurnool Mandi,5891.3,6524.7,6208.0,350.9
2015-12-28,Groundnut,Andhra Pradesh,Kurnool Mandi,5998.1,6707.5,6352.8,314.7
2016-01-04,Groundnut,Andhra Pradesh,Kurnool Mandi,5957.8,6531.2,6244.5,399.5
2016-01-11,Groundnut,Andhra Pradesh,Kurnool Mandi,5997.4,6513.2,6255.3,312.9
2016-01-18,Groundnut,Andhra Pradesh,Kurnool Mandi,6206.4,7026.8,6616.6,285.2
2016-01-25,Groundnut,Andhra Pradesh,Kurnool Mandi,5955.8,6520.2,6238.0,271.8
2016-02-01,Groundnut,Andhra Pradesh,Kurnool Mandi,6095.1,6838.7,6466.9,294.9
2016-02-08,Groundnut,Andhra Pradesh,Kurnool Mandi,6539.8,7587.6,7063.7,451.2
2016-02-15,Groundnut,Andhra Pradesh,Kurnool Mandi,6747.2,7367.4,7057.3,382.5
2016-02-22,Groundnut,Andhra Pradesh,Kurnool Mandi,6518.5,7240.5,6879.5,377.7
2016-02-29,Groundnut,Andhra Pradesh,Kurnool Mandi,5946.3,6733.3,6339.8,405.9
2016-03-07,Groundnut,Andhra Pradesh,Kurnool Mandi,6682.3,7554.5,7118.4,407.9
2016-03-14,Groundnut,Andhra Pradesh,Kurnool Mandi,6344.3,6967.3,6655.8,375.8
2016-03-21,Groundnut,Andhra Pradesh,Kurnool Mandi,6481.5,7567.3,7024.4,420.0
2016-03-28,Groundnut,Andhra Pradesh,Kurnool Mandi,6060.0,6930.6,6495.3,369.2
2016-04-04,Groundnut,Andhra Pradesh,Kurnool Mandi,6515.5,7222.3,6868.9,354.8
2016-04-11,Groundnut,Andhra Pradesh,Kurnool Mandi,6332.1,7207.1,6769.6,381.1
2016-04-18,Groundnut,Andhra Pradesh,Kurnool Mandi,6417.4,7008.6,6713.0,383.2
2016-04-25,Groundnut,Andhra Pradesh,Kurnool Mandi,6127.5,6848.5,6488.0,310.7
2016-05-02,Groundnut,Andhra Pradesh,Kurnool Mandi,6528.5,7663.3,7095.9,329.1
2016-05-09,Groundnut,Andhra Pradesh,Kurnool Mandi,6817.9,7405.7,7111.8,292.2
2016-05-16,Groundnut,Andhra Pradesh,Kurnool Mandi,6421.6,7030.2,6725.9,302.9
2016-05-23,Groundnut,Andhra Pradesh,Kurnool Mandi,6404.4,6959.6,6682.0,301.1
2016-05-30,Groundnut,Andhra Pradesh,Kurnool Mandi,6063.1,6929.1,6496.1,423.1
2016-06-06,Groundnut,Andhra Pradesh,Kurnool Mandi,6517.9,7157.1,6837.5,314.0
2016-06-13,Groundnut,Andhra Pradesh,Kurnool Mandi,6216.4,6777.6,6497.0,401.0
2016-06-20,Groundnut,Andhra Pradesh,Kurnool Mandi,6449.8,7217.6,6833.7,286.2
2016-06-27,Groundnut,Andhra Pradesh,Kurnool Mandi,6212.8,7356.0,6784.4,403.8
2016-07-04,Groundnut,Andhra Pradesh,Kurnool Mandi,6188.3,6911.1,6549.7,335.3
2016-07-11,Groundnut,Andhra Pradesh,Kurnool Mandi,6137.8,7310.6,6724.2,401.4
2016-07-18,Groundnut,Andhra Pradesh,Kurnool Mandi,6210.1,7319.3,6764.7,265.5
2016-07-25,Groundnut,Andhra Pradesh,Kurnool Mandi,6502.0,7599.2,7050.6,281.2
2016-08-01,Groundnut,Andhra Pradesh,Kurnool Mandi,6127.2,6818.2,6472.7,390.7
2016-08-08,Groundnut,Andhra Pradesh,Kurnool Mandi,6768.3,7651.1,7209.7,325.9
2016-08-15,Groundnut,Andhra Pradesh,Kurnool Mandi,6403.5,7567.3,6985.4,382.6
2016-08-22,Groundnut,Andhra Pradesh,Kurnool Mandi,6850.9,7804.7,7327.8,452.4
2016-08-29,Groundnut,Andhra Pradesh,Kurnool Mandi,6252.6,6979.4,6616.0,332.3
2016-09-05,Groundnut,Andhra Pradesh,Kurnool Mandi,6165.6,6840.0,6502.8,398.0
2016-09-12,Groundnut,Andhra Pradesh,Kurnool Mandi,6723.7,7390.5,7057.1,307.9
2016-09-19,Groundnut,Andhra Pradesh,Kurnool Mandi,6363.7,6983.7,6673.7,416.9
2016-09-26,Groundnut,Andhra Pradesh,Kurnool Mandi,6107.7,6942.5,6525.1,449.6
2016-10-03,Groundnut,Andhra Pradesh,Kurnool Mandi,4695.4,5123.4,4909.4,798.9
2016-10-10,Groundnut,Andhra Pradesh,Kurnool Mandi,5098.3,5528.5,5313.4,518.2
2016-10-17,Groundnut,Andhra Pradesh,Kurnool Mandi,4683.0,5546.2,5114.6,578.9
2016-10-24,Groundnut,Andhra Pradesh,Kurnool Mandi,4388.7,5185.7,4787.2,595.3
2016-10-31,Groundnut,Andhra Pradesh,Kurnool Mandi,4649.2,5325.8,4987.5,527.8
2016-11-07,Groundnut,Andhra Pradesh,Kurnool Mandi,4744.5,5366.1,5055.3,561.5
2016-11-14,Groundnut,Andhra Pradesh,Kurnool Mandi,4672.2,5211.0,4941.6,770.8
2016-11-21,Groundnut,Andhra Pradesh,Kurnool Mandi,4801.6,5612.8,5207.2,667.9
2016-11-28,Groundnut,Andhra Pradesh,Kurnool Mandi,4650.8,5408.0,5029.4,637.4
2016-12-05,Groundnut,Andhra Pradesh,Kurnool Mandi,6341.0,7372.2,6856.6,354.0
2016-12-12,Groundnut,Andhra Pradesh,Kurnool Mandi,6348.7,7202.5,6775.6,331.3
2016-12-19,Groundnut,Andhra Pradesh,Kurnool Mandi,6653.7,7491.9,7072.8,298.6
2016-12-26,Groundnut,Andhra Pradesh,Kurnool Mandi,6062.3,7080.7,6571.5,385.8
2017-01-02,Groundnut,Andhra Pradesh,Kurnool Mandi,6368.2,7366.2,6867.2,271.7
2017-01-09,Groundnut,Andhra Pradesh,Kurnool Mandi,7175.6,7898.2,7536.9,391.8
2017-01-16,Groundnut,Andhra Pradesh,Kurnool Mandi,6454.1,7489.1,6971.6,390.7
2017-01-23,Groundnut,Andhra Pradesh,Kurnool Mandi,6818.2,7408.8,7113.5,426.6
2017-01-30,Groundnut,Andhra Pradesh,Kurnool Mandi,7133.4,7765.6,7449.5,423.6
2017-02-06,Groundnut,Andhra Pradesh,Kurnool Mandi,6560.4,7143.2,6851.8,454.4
2017-02-13,Groundnut,Andhra Pradesh,Kurnool Mandi,6298.9,7250.7,6774.8,302.5
2017-02-20,Groundnut,Andhra Pradesh,Kurnool Mandi,6805.4,7970.6,7388.0,338.5
2017-02-27,Groundnut,Andhra Pradesh,Kurnool Mandi,6792.1,7720.7,7256.4,302.4
2017-03-06,Groundnut,Andhra Pradesh,Kurnool Mandi,6425.8,7508.6,6967.2,280.4
2017-03-13,Groundnut,Andhra Pradesh,Kurnool Mandi,6791.6,7942.8,7367.2,322.9
2017-03-20,Groundnut,Andhra Pradesh,Kurnool Mandi,6874.3,8171.5,7522.9,437.5
2017-03-27,Groundnut,Andhra Pradesh,Kurnool Mandi,6858.7,7575.1,7216.9,404.0
2017-04-03,Groundnut,Andhra Pradesh,Kurnool Mandi,6713.2,7915.8,7314.5,280.5
2017-04-10,Groundnut,Andhra Pradesh,Kurnool Mandi,6364.8,7362.4,6863.6,271.8
2017-04-17,Groundnut,Andhra Pradesh,Kurnool Mandi,6994.5,8160.3,7577.4,425.0
2017-04-24,Groundnut,Andhra Pradesh,Kurnool Mandi,6410.7,7224.9,6817.8,326.5
2017-05-01,Groundnut,Andhra Pradesh,Kurnool Mandi,6480.5,7737.1,7108.8,442.2
2017-05-08,Groundnut,Andhra Pradesh,Kurnool Mandi,7305.0,7980.4,7642.7,344.8
2017-05-15,Groundnut,Andhra Pradesh,Kurnool Mandi,6660.2,7318.6,6989.4,414.3
2017-05-22,Groundnut,Andhra Pradesh,Kurnool Mandi,6496.3,7577.3,7036.8,384.7
2017-05-29,Groundnut,Andhra Pradesh,Kurnool Mandi,6433.3,7414.3,6923.8,374.7
2017-06-05,Groundnut,Andhra Pradesh,Kurnool Mandi,7064.9,8114.3,7589.6,432.9
2017-06-12,Groundnut,Andhra Pradesh,Kurnool Mandi,6900.7,7676.3,7288.5,438.3
2017-06-19,Groundnut,Andhra Pradesh,Kurnool Mandi,6467.1,7023.5,6745.3,331.4
2017-06-26,Groundnut,Andhra Pradesh,Kurnool Mandi,6738.6,7919.0,7328.8,298.7
2017-07-03,Groundnut,Andhra Pradesh,Kurnool Mandi,6507.5,7534.5,7021.0,298.0
2017-07-10,Groundnut,Andhra Pradesh,Kurnool Mandi,6917.8,7604.6,7261.2,345.5
2017-07-17,Groundnut,Andhra Pradesh,Kurnool Mandi,7228.9,7950.9,7589.9,363.6
2017-07-24,Groundnut,Andhra Pradesh,Kurnool Mandi,6845.5,7606.3,7225.9,300.7
2017-07-31,Groundnut,Andhra Pradesh,Kurnool Mandi,6625.9,7452.1,7039.0,450.1
2017-08-07,Groundnut,Andhra Pradesh,Kurnool Mandi,6629.8,7829.8,7229.8,414.5
2017-08-14,Groundnut,Andhra Pradesh,Kurnool Mandi,6522.7,7744.5,7133.6,300.2
2017-08-21,Groundnut,Andhra Pradesh,Kurnool Mandi,7259.7,8324.1,7791.9,310.0
2017-08-28,Groundnut,Andhra Pradesh,Kurnool Mandi,7342.9,8250.7,7796.8,450.5
2017-09-04,Groundnut,Andhra Pradesh,Kurnool Mandi,7280.4,8373.0,7826.7,437.0
2017-09-11,Groundnut,Andhra Pradesh,Kurnool Mandi,7187.5,8382.1,7784.8,338.5
2017-09-18,Groundnut,Andhra Pradesh,Kurnool Mandi,6453.7,7227.9,6840.8,404.5
2017-09-25,Groundnut,Andhra Pradesh,Kurnool Mandi,7261.3,8086.5,7673.9,408.9
2017-10-02,Groundnut,Andhra Pradesh,Kurnool Mandi,5145.4,5855.0,5500.2,615.4
2017-10-09,Groundnut,Andhra Pradesh,Kurnool Mandi,4843.4,5690.4,5266.9,698.6
2017-10-16,Groundnut,Andhra Pradesh,Kurnool Mandi,4883.9,5553.3,5218.6,794.0
2017-10-23,Groundnut,Andhra Pradesh,Kurnool Mandi,5112.2,5749.4,5430.8,593.3
2017-10-30,Groundnut,Andhra Pradesh,Kurnool Mandi,4964.4,5449.2,5206.8,520.1
2017-11-06,Groundnut,Andhra Pradesh,Kurnool Mandi,4946.3,5425.5,5185.9,612.6
2017-11-13,Groundnut,Andhra Pradesh,Kurnool Mandi,4799.4,5319.6,5059.5,750.9
2017-11-20,Groundnut,Andhra Pradesh,Kurnool Mandi,5343.8,6108.8,5726.3,732.8
2017-11-27,Groundnut,Andhra Pradesh,Kurnool Mandi,4829.1,5463.7,5146.4,797.3
2017-12-04,Groundnut,Andhra Pradesh,Kurnool Mandi,6559.1,7731.9,7145.5,323.8
2017-12-11,Groundnut,Andhra Pradesh,Kurnool Mandi,6961.6,7810.2,7385.9,442.2
2017-12-18,Groundnut,Andhra Pradesh,Kurnool Mandi,6762.3,7720.1,7241.2,342.2
2017-12-25,Groundnut,Andhra Pradesh,Kurnool Mandi,7088.0,8321.4,7704.7,412.2
2018-01-01,Groundnut,Andhra Pradesh,Kurnool Mandi,7496.9,8442.7,7969.8,414.4
2018-01-08,Groundnut,Andhra Pradesh,Kurnool Mandi,6980.0,7584.2,7282.1,337.0
2018-01-15,Groundnut,Andhra Pradesh,Kurnool Mandi,6552.8,7364.8,6958.8,372.8
2018-01-22,Groundnut,Andhra Pradesh,Kurnool Mandi,6712.0,7456.8,7084.4,380.4
2018-01-29,Groundnut,Andhra Pradesh,Kurnool Mandi,7315.6,8323.0,7819.3,365.3
2018-02-05,Groundnut,Andhra Pradesh,Kurnool Mandi,6574.1,7586.5,7080.3,288.9
2018-02-12,Groundnut,Andhra Pradesh,Kurnool Mandi,6956.9,7981.9,7469.4,348.2
2018-02-19,Groundnut,Andhra Pradesh,Kurnool Mandi,6763.8,7911.8,7337.8,432.3
2018-02-26,Groundnut,Andhra Pradesh,Kurnool Mandi,7274.2,8089.2,7681.7,396.1
2018-03-05,Groundnut,Andhra Pradesh,Kurnool Mandi,7392.2,8512.4,7952.3,275.8
2018-03-12,Groundnut,Andhra Pradesh,Kurnool Mandi,6876.2,7972.8,7424.5,404.2
2018-03-19,Groundnut,Andhra Pradesh,Kurnool Mandi,7380.8,8464.6,7922.7,369.8
2018-03-26,Groundnut,Andhra Pradesh,Kurnool Mandi,7297.2,8054.0,7675.6,283.1
2018-04-02,Groundnut,Andhra Pradesh,Kurnool Mandi,6917.9,7899.3,7408.6,359.5
2018-04-09,Groundnut,Andhra Pradesh,Kurnool Mandi,7273.6,8678.4,7976.0,413.6
2018-04-16,Groundnut,Andhra Pradesh,Kurnool Mandi,7127.2,8346.4,7736.8,438.9
2018-04-23,Groundnut,Andhra Pradesh,Kurnool Mandi,6695.9,7717.3,7206.6,272.5
2018-04-30,Groundnut,Andhra Pradesh,Kurnool Mandi,6847.0,7530.6,7188.8,264.9
2018-05-07,Groundnut,Andhra Pradesh,Kurnool Mandi,6720.5,7681.1,7200.8,271.2
2018-05-14,Groundnut,Andhra Pradesh,Kurnool Mandi,6937.5,8100.3,7518.9,332.8
2018-05-21,Groundnut,Andhra Pradesh,Kurnool Mandi,7481.6,8295.2,7888.4,412.0
2018-05-28,Groundnut,Andhra Pradesh,Kurnool Mandi,6941.3,7868.5,7404.9,399.9
2018-06-04,Groundnut,Andhra Pradesh,Kurnool Mandi,6655.1,7791.9,7223.5,298.1
2018-06-11,Groundnut,Andhra Pradesh,Kurnool Mandi,7209.4,8615.8,7912.6,446.9
2018-06-18,Groundnut,Andhra Pradesh,Kurnool Mandi,7187.8,8314.4,7751.1,305.7
2018-06-25,Groundnut,Andhra Pradesh,Kurnool Mandi,7000.9,8334.7,7667.8,267.3
2018-07-02,Groundnut,Andhra Pradesh,Kurnool Mandi,7527.9,8164.9,7846.4,407.8
2018-07-09,Groundnut,Andhra Pradesh,Kurnool Mandi,7359.8,8050.4,7705.1,325.3
2018-07-16,Groundnut,Andhra Pradesh,Kurnool Mandi,7456.8,8254.4,7855.6,380.5
2018-07-23,Groundnut,Andhra Pradesh,Kurnool Mandi,7286.3,8244.3,7765.3,272.5
2018-07-30,Groundnut,Andhra Pradesh,Kurnool Mandi,7433.3,8391.9,7912.6,405.7
2018-08-06,Groundnut,Andhra Pradesh,Kurnool Mandi,6835.0,8183.8,7509.4,327.7
2018-08-13,Groundnut,Andhra Pradesh,Kurnool Mandi,7150.7,8509.3,7830.0,398.9
2018-08-20,Groundnut,Andhra Pradesh,Kurnool Mandi,7022.1,8227.9,7625.0,380.9
2018-08-27,Groundnut,Andhra Pradesh,Kurnool Mandi,6921.3,7695.7,7308.5,387.5
2018-09-03,Groundnut,Andhra Pradesh,Kurnool Mandi,6780.9,7983.9,7382.4,289.9
2018-09-10,Groundnut,Andhra Pradesh,Kurnool Mandi,6862.1,7658.5,7260.3,275.2
2018-09-17,Groundnut,Andhra Pradesh,Kurnool Mandi,7029.0,7671.0,7350.0,283.7
2018-09-24,Groundnut,Andhra Pradesh,Kurnool Mandi,7174.7,7984.9,7579.8,378.1
2018-10-01,Groundnut,Andhra Pradesh,Kurnool Mandi,5169.8,5954.0,5561.9,874.8
2018-10-08,Groundnut,Andhra Pradesh,Kurnool Mandi,5583.0,6156.4,5869.7,714.8
2018-10-15,Groundnut,Andhra Pradesh,Kurnool Mandi,5248.7,6248.1,5748.4,720.9
2018-10-22,Groundnut,Andhra Pradesh,Kurnool Mandi,5172.8,5881.8,5527.3,551.9
2018-10-29,Groundnut,Andhra Pradesh,Kurnool Mandi,5400.2,6136.8,5768.5,824.3
2018-11-05,Groundnut,Andhra Pradesh,Kurnool Mandi,5705.9,6319.1,6012.5,691.1
2018-11-12,Groundnut,Andhra Pradesh,Kurnool Mandi,5062.1,5714.1,5388.1,807.8
2018-11-19,Groundnut,Andhra Pradesh,Kurnool Mandi,5183.1,5982.3,5582.7,813.2
2018-11-26,Groundnut,Andhra Pradesh,Kurnool Mandi,4988.3,5802.1,5395.2,520.3
2018-12-03,Groundnut,Andhra Pradesh,Kurnool Mandi,7966.4,8688.2,8327.3,351.6
2018-12-10,Groundnut,Andhra Pradesh,Kurnool Mandi,7463.5,8688.1,8075.8,286.9
2018-12-17,Groundnut,Andhra Pradesh,Kurnool Mandi,7920.2,8772.8,8346.5,399.4
2018-12-24,Groundnut,Andhra Pradesh,Kurnool Mandi,7485.1,8831.7,8158.4,431.3
2018-12-31,Groundnut,Andhra Pradesh,Kurnool Mandi,7543.9,8691.3,8117.6,321.0
2019-01-07,Groundnut,Andhra Pradesh,Kurnool Mandi,7115.6,8306.4,7711.0,443.3
2019-01-14,Groundnut,Andhra Pradesh,Kurnool Mandi,7681.6,9094.6,8388.1,289.0
2019-01-21,Groundnut,Andhra Pradesh,Kurnool Mandi,7152.9,8448.3,7800.6,279.5
2019-01-28,Groundnut,Andhra Pradesh,Kurnool Mandi,7629.6,8845.8,8237.7,330.3
2019-02-04,Groundnut,Andhra Pradesh,Kurnool Mandi,7085.2,8357.6,7721.4,315.5
2019-02-11,Groundnut,Andhra Pradesh,Kurnool Mandi,6861.1,8017.5,7439.3,341.7
2019-02-18,Groundnut,Andhra Pradesh,Kurnool Mandi,7044.3,8292.3,7668.3,445.6
2019-02-25,Groundnut,Andhra Pradesh,Kurnool Mandi,7605.7,8748.3,8177.0,377.6
2019-03-04,Groundnut,Andhra Pradesh,Kurnool Mandi,7843.6,8959.4,8401.5,448.0
2019-03-11,Groundnut,Andhra Pradesh,Kurnool Mandi,7768.9,9107.3,8438.1,364.2
2019-03-18,Groundnut,Andhra Pradesh,Kurnool Mandi,7208.3,8484.5,7846.4,409.9
2019-03-25,Groundnut,Andhra Pradesh,Kurnool Mandi,7886.6,8763.8,8325.2,271.4
2019-04-01,Groundnut,Andhra Pradesh,Kurnool Mandi,7915.1,8693.1,8304.1,342.4
2019-04-08,Groundnut,Andhra Pradesh,Kurnool Mandi,7448.5,8478.1,7963.3,285.1
2019-04-15,Groundnut,Andhra Pradesh,Kurnool Mandi,7168.2,8286.6,7727.4,383.7
2019-04-22,Groundnut,Andhra Pradesh,Kurnool Mandi,7993.0,9215.6,8604.3,363.7
2019-04-29,Groundnut,Andhra Pradesh,Kurnool Mandi,8060.7,8740.1,8400.4,409.5
2019-05-06,Groundnut,Andhra Pradesh,Kurnool Mandi,7096.1,7955.7,7525.9,454.4
2019-05-13,Groundnut,Andhra Pradesh,Kurnool Mandi,7524.8,8771.2,8148.0,341.3
2019-05-20,Groundnut,Andhra Pradesh,Kurnool Mandi,7182.0,8244.8,7713.4,391.6
2019-05-27,Groundnut,Andhra Pradesh,Kurnool Mandi,8204.4,8949.8,8577.1,430.3
2019-06-03,Groundnut,Andhra Pradesh,Kurnool Mandi,7436.6,8178.6,7807.6,309.0
2019-06-10,Groundnut,Andhra Pradesh,Kurnool Mandi,7148.7,8408.5,7778.6,449.0
2019-06-17,Groundnut,Andhra Pradesh,Kurnool Mandi,7741.8,8885.6,8313.7,407.2
2019-06-24,Groundnut,Andhra Pradesh,Kurnool Mandi,7299.2,8717.8,8008.5,451.6
2019-07-01,Groundnut,Andhra Pradesh,Kurnool Mandi,7237.5,8664.9,7951.2,347.3
2019-07-08,Groundnut,Andhra Pradesh,Kurnool Mandi,7793.2,8590.8,8192.0,318.6
2019-07-15,Groundnut,Andhra Pradesh,Kurnool Mandi,7932.2,9040.0,8486.1,287.0
2019-07-22,Groundnut,Andhra Pradesh,Kurnool Mandi,7274.3,8044.1,7659.2,413.0
2019-07-29,Groundnut,Andhra Pradesh,Kurnool Mandi,7439.5,8793.7,8116.6,360.5
2019-08-05,Groundnut,Andhra Pradesh,Kurnool Mandi,8064.4,9252.4,8658.4,362.3
2019-08-12,Groundnut,Andhra Pradesh,Kurnool Mandi,7309.5,8732.3,8020.9,350.1
2019-08-19,Groundnut,Andhra Pradesh,Kurnool Mandi,8049.4,9512.6,8781.0,422.0
2019-08-26,Groundnut,Andhra Pradesh,Kurnool Mandi,7569.5,8733.3,8151.4,447.6
2019-09-02,Groundnut,Andhra Pradesh,Kurnool Mandi,7722.2,8678.8,8200.5,406.1
2019-09-09,Groundnut,Andhra Pradesh,Kurnool Mandi,7746.3,8769.5,8257.9,328.4
2019-09-16,Groundnut,Andhra Pradesh,Kurnool Mandi,7910.8,8725.6,8318.2,325.4
2019-09-23,Groundnut,Andhra Pradesh,Kurnool Mandi,7624.9,8386.5,8005.7,335.5
2019-09-30,Groundnut,Andhra Pradesh,Kurnool Mandi,7898.5,9045.7,8472.1,337.4
2019-10-07,Groundnut,Andhra Pradesh,Kurnool Mandi,6105.2,6696.2,6400.7,742.5
2019-10-14,Groundnut,Andhra Pradesh,Kurnool Mandi,5287.1,6092.3,5689.7,810.3
2019-10-21,Groundnut,Andhra Pradesh,Kurnool Mandi,6146.6,6797.6,6472.1,797.5
2019-10-28,Groundnut,Andhra Pradesh,Kurnool Mandi,5807.2,6365.0,6086.1,809.2
2019-11-04,Groundnut,Andhra Pradesh,Kurnool Mandi,5501.5,6330.1,5915.8,705.4
2019-11-11,Groundnut,Andhra Pradesh,Kurnool Mandi,5431.1,6348.3,5889.7,778.3
2019-11-18,Groundnut,Andhra Pradesh,Kurnool Mandi,5676.1,6173.1,5924.6,657.1
2019-11-25,Groundnut,Andhra Pradesh,Kurnool Mandi,5611.5,6368.3,5989.9,668.4
2019-12-02,Groundnut,Andhra Pradesh,Kurnool Mandi,7949.5,8780.5,8365.0,303.1
2019-12-09,Groundnut,Andhra Pradesh,Kurnool Mandi,7972.3,9264.9,8618.6,412.1
2019-12-16,Groundnut,Andhra Pradesh,Kurnool Mandi,7238.3,8324.1,7781.2,431.8
2019-12-23,Groundnut,Andhra Pradesh,Kurnool Mandi,7720.8,8841.8,8281.3,356.0
2019-12-30,Groundnut,Andhra Pradesh,Kurnool Mandi,7882.5,8957.1,8419.8,325.6
2020-01-06,Groundnut,Andhra Pradesh,Kurnool Mandi,7878.7,9146.9,8512.8,368.1
2020-01-13,Groundnut,Andhra Pradesh,Kurnool Mandi,7689.4,8862.8,8276.1,406.1
2020-01-20,Groundnut,Andhra Pradesh,Kurnool Mandi,8537.5,9351.3,8944.4,340.7
2020-01-27,Groundnut,Andhra Pradesh,Kurnool Mandi,7292.2,8528.8,7910.5,451.3
2020-02-03,Groundnut,Andhra Pradesh,Kurnool Mandi,7406.2,8713.6,8059.9,331.5
2020-02-10,Groundnut,Andhra Pradesh,Kurnool Mandi,8505.5,9558.5,9032.0,383.6
2020-02-17,Groundnut,Andhra Pradesh,Kurnool Mandi,7876.7,9269.9,8573.3,350.0
2020-02-24,Groundnut,Andhra Pradesh,Kurnool Mandi,7458.8,8736.0,8097.4,277.6
2020-03-02,Groundnut,Andhra Pradesh,Kurnool Mandi,8258.8,9727.4,8993.1,304.8
2020-03-09,Groundnut,Andhra Pradesh,Kurnool Mandi,7565.3,8887.5,8226.4,454.7
2020-03-16,Groundnut,Andhra Pradesh,Kurnool Mandi,8275.8,9291.0,8783.4,405.5
2020-03-23,Groundnut,Andhra Pradesh,Kurnool Mandi,7264.2,8602.6,7933.4,285.7
2020-03-30,Groundnut,Andhra Pradesh,Kurnool Mandi,7624.3,8869.3,8246.8,290.4
2020-04-06,Groundnut,Andhra Pradesh,Kurnool Mandi,8364.9,9422.5,8893.7,438.0
2020-04-13,Groundnut,Andhra Pradesh,Kurnool Mandi,8378.2,9344.2,8861.2,318.8
2020-04-20,Groundnut,Andhra Pradesh,Kurnool Mandi,8277.4,9687.8,8982.6,365.2
2020-04-27,Groundnut,Andhra Pradesh,Kurnool Mandi,7957.5,9083.1,8520.3,339.8
2020-05-04,Groundnut,Andhra Pradesh,Kurnool Mandi,7430.3,8506.9,7968.6,384.0
2020-05-11,Groundnut,Andhra Pradesh,Kurnool Mandi,8060.5,9561.9,8811.2,426.9
2020-05-18,Groundnut,Andhra Pradesh,Kurnool Mandi,7833.2,9176.0,8504.6,382.7
2020-05-25,Groundnut,Andhra Pradesh,Kurnool Mandi,8626.6,9583.6,9105.1,331.9
2020-06-01,Groundnut,Andhra Pradesh,Kurnool Mandi,8257.3,9722.7,8990.0,383.0
2020-06-08,Groundnut,Andhra Pradesh,Kurnool Mandi,7753.9,8527.9,8140.9,291.7
2020-06-15,Groundnut,Andhra Pradesh,Kurnool Mandi,7658.8,8391.0,8024.9,408.7
2020-06-22,Groundnut,Andhra Pradesh,Kurnool Mandi,8172.3,9408.7,8790.5,368.5
2020-06-29,Groundnut,Andhra Pradesh,Kurnool Mandi,8474.4,9185.2,8829.8,391.7
2020-07-06,Groundnut,Andhra Pradesh,Kurnool Mandi,7730.1,8991.3,8360.7,430.9
2020-07-13,Groundnut,Andhra Pradesh,Kurnool Mandi,8318.1,9524.1,8921.1,360.4
2020-07-20,Groundnut,Andhra Pradesh,Kurnool Mandi,7823.1,8946.1,8384.6,350.1
2020-07-27,Groundnut,Andhra Pradesh,Kurnool Mandi,8116.4,9472.2,8794.3,268.5
2020-08-03,Groundnut,Andhra Pradesh,Kurnool Mandi,7918.4,9229.8,8574.1,400.7
2020-08-10,Groundnut,Andhra Pradesh,Kurnool Mandi,8654.2,9884.2,9269.2,298.3
2020-08-17,Groundnut,Andhra Pradesh,Kurnool Mandi,8243.3,9243.3,8743.3,354.4
2020-08-24,Groundnut,Andhra Pradesh,Kurnool Mandi,8630.2,9824.8,9227.5,441.1
2020-08-31,Groundnut,Andhra Pradesh,Kurnool Mandi,7651.3,8990.9,8321.1,376.0
2020-09-07,Groundnut,Andhra Pradesh,Kurnool Mandi,7998.3,8668.7,8333.5,340.0
2020-09-14,Groundnut,Andhra Pradesh,Kurnool Mandi,8198.5,9302.7,8750.6,449.2
2020-09-21,Groundnut,Andhra Pradesh,Kurnool Mandi,8550.7,9483.9,9017.3,355.0
2020-09-28,Groundnut,Andhra Pradesh,Kurnool Mandi,7529.0,8991.2,8260.1,378.6
2020-10-05,Groundnut,Andhra Pradesh,Kurnool Mandi,5603.8,6409.6,6006.7,785.2
2020-10-12,Groundnut,Andhra Pradesh,Kurnool Mandi,6355.6,7307.6,6831.6,865.7
2020-10-19,Groundnut,Andhra Pradesh,Kurnool Mandi,5590.9,6552.1,6071.5,776.6
2020-10-26,Groundnut,Andhra Pradesh,Kurnool Mandi,6522.3,7204.9,6863.6,558.6
2020-11-02,Groundnut,Andhra Pradesh,Kurnool Mandi,6507.7,7240.9,6874.3,854.7
2020-11-09,Groundnut,Andhra Pradesh,Kurnool Mandi,6057.9,7230.1,6644.0,653.6
2020-11-16,Groundnut,Andhra Pradesh,Kurnool Mandi,6349.4,7081.6,6715.5,620.0
2020-11-23,Groundnut,Andhra Pradesh,Kurnool Mandi,5969.5,6834.9,6402.2,603.0
2020-11-30,Groundnut,Andhra Pradesh,Kurnool Mandi,5558.7,6647.9,6103.3,517.1
2020-12-07,Groundnut,Andhra Pradesh,Kurnool Mandi,8781.0,10098.2,9439.6,432.7
2020-12-14,Groundnut,Andhra Pradesh,Kurnool Mandi,8875.7,9749.1,9312.4,338.2
2020-12-21,Groundnut,Andhra Pradesh,Kurnool Mandi,8171.2,9745.4,8958.3,402.9
2020-12-28,Groundnut,Andhra Pradesh,Kurnool Mandi,7776.6,9198.0,8487.3,385.9
2021-01-04,Groundnut,Andhra Pradesh,Kurnool Mandi,8424.2,10071.4,9247.8,336.7
2021-01-11,Groundnut,Andhra Pradesh,Kurnool Mandi,8577.2,10245.6,9411.4,334.1
2021-01-18,Groundnut,Andhra Pradesh,Kurnool Mandi,8222.1,9844.1,9033.1,284.5
2021-01-25,Groundnut,Andhra Pradesh,Kurnool Mandi,8496.5,9618.7,9057.6,430.3
2021-02-01,Groundnut,Andhra Pradesh,Kurnool Mandi,8855.5,9879.5,9367.5,341.4
2021-02-08,Groundnut,Andhra Pradesh,Kurnool Mandi,8614.0,9713.0,9163.5,438.1
2021-02-15,Groundnut,Andhra Pradesh,Kurnool Mandi,7961.6,9269.6,8615.6,271.7
2021-02-22,Groundnut,Andhra Pradesh,Kurnool Mandi,7939.0,9219.2,8579.1,412.9
2021-03-01,Groundnut,Andhra Pradesh,Kurnool Mandi,8051.2,8869.0,8460.1,293.2
2021-03-08,Groundnut,Andhra Pradesh,Kurnool Mandi,8939.7,10259.9,9599.8,378.6
2021-03-15,Groundnut,Andhra Pradesh,Kurnool Mandi,8152.1,9083.5,8617.8,392.3
2021-03-22,Groundnut,Andhra Pradesh,Kurnool Mandi,7846.5,9115.1,8480.8,379.0
2021-03-29,Groundnut,Andhra Pradesh,Kurnool Mandi,8731.8,10267.4,9499.6,296.0
2021-04-05,Groundnut,Andhra Pradesh,Kurnool Mandi,8842.8,10251.2,9547.0,325.0
2021-04-12,Groundnut,Andhra Pradesh,Kurnool Mandi,7997.0,9230.0,8613.5,279.0
2021-04-19,Groundnut,Andhra Pradesh,Kurnool Mandi,8918.2,9956.0,9437.1,333.8
2021-04-26,Groundnut,Andhra Pradesh,Kurnool Mandi,8731.7,10013.7,9372.7,437.7
2021-05-03,Groundnut,Andhra Pradesh,Kurnool Mandi,8718.2,10232.6,9475.4,309.1
2021-05-10,Groundnut,Andhra Pradesh,Kurnool Mandi,9134.4,10250.4,9692.4,302.8
2021-05-17,Groundnut,Andhra Pradesh,Kurnool Mandi,8514.2,9904.6,9209.4,412.7
2021-05-24,Groundnut,Andhra Pradesh,Kurnool Mandi,7985.6,9337.0,8661.3,440.7
2021-05-31,Groundnut,Andhra Pradesh,Kurnool Mandi,8911.5,9971.5,9441.5,298.3
2021-06-07,Groundnut,Andhra Pradesh,Kurnool Mandi,8331.9,9802.7,9067.3,333.7
2021-06-14,Groundnut,Andhra Pradesh,Kurnool Mandi,8826.3,9688.7,9257.5,403.0
2021-06-21,Groundnut,Andhra Pradesh,Kurnool Mandi,8461.0,9675.8,9068.4,344.7
2021-06-28,Groundnut,Andhra Pradesh,Kurnool Mandi,8326.3,9753.5,9039.9,281.0
2021-07-05,Groundnut,Andhra Pradesh,Kurnool Mandi,9049.2,9849.0,9449.1,346.5
2021-07-12,Groundnut,Andhra Pradesh,Kurnool Mandi,8977.4,9980.4,9478.9,421.4
2021-07-19,Groundnut,Andhra Pradesh,Kurnool Mandi,8032.1,9114.3,8573.2,302.1
2021-07-26,Groundnut,Andhra Pradesh,Kurnool Mandi,8248.4,9016.2,8632.3,367.9
2021-08-02,Groundnut,Andhra Pradesh,Kurnool Mandi,8345.1,9081.5,8713.3,436.8
2021-08-09,Groundnut,Andhra Pradesh,Kurnool Mandi,8180.9,9010.9,8595.9,406.1
2021-08-16,Groundnut,Andhra Pradesh,Kurnool Mandi,7920.4,9354.2,8637.3,453.7
2021-08-23,Groundnut,Andhra Pradesh,Kurnool Mandi,8417.6,9468.2,8942.9,318.4
2021-08-30,Groundnut,Andhra Pradesh,Kurnool Mandi,7978.4,9546.6,8762.5,299.0
2021-09-06,Groundnut,Andhra Pradesh,Kurnool Mandi,8372.2,9196.6,8784.4,426.2
2021-09-13,Groundnut,Andhra Pradesh,Kurnool Mandi,8599.1,10124.7,9361.9,365.6
2021-09-20,Groundnut,Andhra Pradesh,Kurnool Mandi,8127.3,9497.1,8812.2,366.8
2021-09-27,Groundnut,Andhra Pradesh,Kurnool Mandi,8269.8,9068.8,8669.3,314.3
2021-10-04,Groundnut,Andhra Pradesh,Kurnool Mandi,6364.8,7350.6,6857.7,522.4
2021-10-11,Groundnut,Andhra Pradesh,Kurnool Mandi,6358.0,7570.4,6964.2,670.1
2021-10-18,Groundnut,Andhra Pradesh,Kurnool Mandi,6392.4,7168.8,6780.6,551.7
2021-10-25,Groundnut,Andhra Pradesh,Kurnool Mandi,6290.7,7431.7,6861.2,618.8
2021-11-01,Groundnut,Andhra Pradesh,Kurnool Mandi,6158.2,6768.2,6463.2,515.6
2021-11-08,Groundnut,Andhra Pradesh,Kurnool Mandi,6455.7,7056.9,6756.3,564.5
2021-11-15,Groundnut,Andhra Pradesh,Kurnool Mandi,6276.9,6967.3,6622.1,707.2
2021-11-22,Groundnut,Andhra Pradesh,Kurnool Mandi,6549.0,7650.8,7099.9,712.9
2021-11-29,Groundnut,Andhra Pradesh,Kurnool Mandi,6780.2,7444.6,7112.4,807.8
2021-12-06,Groundnut,Andhra Pradesh,Kurnool Mandi,8730.6,10113.2,9421.9,449.3
2021-12-13,Groundnut,Andhra Pradesh,Kurnool Mandi,9067.9,9953.1,9510.5,429.8
2021-12-20,Groundnut,Andhra Pradesh,Kurnool Mandi,8619.3,9823.3,9221.3,423.1
2021-12-27,Groundnut,Andhra Pradesh,Kurnool Mandi,8441.6,9985.0,9213.3,294.6
2022-01-03,Groundnut,Andhra Pradesh,Kurnool Mandi,9180.4,10365.4,9772.9,270.4
2022-01-10,Groundnut,Andhra Pradesh,Kurnool Mandi,8485.6,9412.6,8949.1,366.5
2022-01-17,Groundnut,Andhra Pradesh,Kurnool Mandi,9086.3,9919.9,9503.1,403.8
2022-01-24,Groundnut,Andhra Pradesh,Kurnool Mandi,8536.7,10010.9,9273.8,447.1
2022-01-31,Groundnut,Andhra Pradesh,Kurnool Mandi,9317.6,10545.8,9931.7,420.2
2022-02-07,Groundnut,Andhra Pradesh,Kurnool Mandi,8885.4,9995.6,9440.5,266.6
2022-02-14,Groundnut,Andhra Pradesh,Kurnool Mandi,8805.2,9904.4,9354.8,443.7
2022-02-21,Groundnut,Andhra Pradesh,Kurnool Mandi,8345.3,9816.3,9080.8,335.3
2022-02-28,Groundnut,Andhra Pradesh,Kurnool Mandi,8720.3,10370.9,9545.6,396.1
2022-03-07,Groundnut,Andhra Pradesh,Kurnool Mandi,8776.1,10411.1,9593.6,446.9
2022-03-14,Groundnut,Andhra Pradesh,Kurnool Mandi,8404.0,9668.0,9036.0,454.1
2022-03-21,Groundnut,Andhra Pradesh,Kurnool Mandi,8664.4,9769.8,9217.1,387.3
2022-03-28,Groundnut,Andhra Pradesh,Kurnool Mandi,8767.0,10494.8,9630.9,448.0
2022-04-04,Groundnut,Andhra Pradesh,Kurnool Mandi,8258.9,9630.7,8944.8,304.8
2022-04-11,Groundnut,Andhra Pradesh,Kurnool Mandi,9033.1,9976.5,9504.8,358.3
2022-04-18,Groundnut,Andhra Pradesh,Kurnool Mandi,8685.0,10269.8,9477.4,440.0
2022-04-25,Groundnut,Andhra Pradesh,Kurnool Mandi,9233.1,10803.1,10018.1,349.2
2022-05-02,Groundnut,Andhra Pradesh,Kurnool Mandi,8886.1,9633.5,9259.8,269.9
2022-05-09,Groundnut,Andhra Pradesh,Kurnool Mandi,8415.8,9746.8,9081.3,373.5
2022-05-16,Groundnut,Andhra Pradesh,Kurnool Mandi,9489.8,10591.8,10040.8,353.3
2022-05-23,Groundnut,Andhra Pradesh,Kurnool Mandi,9254.7,10875.5,10065.1,330.3
2022-05-30,Groundnut,Andhra Pradesh,Kurnool Mandi,9489.0,10543.2,10016.1,308.9
2022-06-06,Groundnut,Andhra Pradesh,Kurnool Mandi,8360.2,9683.0,9021.6,449.1
2022-06-13,Groundnut,Andhra Pradesh,Kurnool Mandi,8664.9,9784.9,9224.9,417.7
2022-06-20,Groundnut,Andhra Pradesh,Kurnool Mandi,8710.8,9623.8,9167.3,452.9
2022-06-27,Groundnut,Andhra Pradesh,Kurnool Mandi,9548.7,10613.9,10081.3,398.3
2022-07-04,Groundnut,Andhra Pradesh,Kurnool Mandi,9744.2,10632.4,10188.3,338.2
2022-07-11,Groundnut,Andhra Pradesh,Kurnool Mandi,8821.1,10019.3,9420.2,383.8
2022-07-18,Groundnut,Andhra Pradesh,Kurnool Mandi,9295.2,10250.4,9772.8,392.2
2022-07-25,Groundnut,Andhra Pradesh,Kurnool Mandi,8726.8,9869.2,9298.0,274.2
2022-08-01,Groundnut,Andhra Pradesh,Kurnool Mandi,8767.9,10461.5,9614.7,449.5
2022-08-08,Groundnut,Andhra Pradesh,Kurnool Mandi,9453.5,10942.9,10198.2,422.6
2022-08-15,Groundnut,Andhra Pradesh,Kurnool Mandi,8976.3,10274.9,9625.6,363.3
2022-08-22,Groundnut,Andhra Pradesh,Kurnool Mandi,9301.1,10134.7,9717.9,429.3
2022-08-29,Groundnut,Andhra Pradesh,Kurnool Mandi,9490.1,10780.5,10135.3,399.5
2022-09-05,Groundnut,Andhra Pradesh,Kurnool Mandi,9344.6,10475.0,9909.8,304.2
2022-09-12,Groundnut,Andhra Pradesh,Kurnool Mandi,9160.1,10844.1,10002.1,323.6
2022-09-19,Groundnut,Andhra Pradesh,Kurnool Mandi,8954.3,10189.9,9572.1,285.8
2022-09-26,Groundnut,Andhra Pradesh,Kurnool Mandi,9366.7,10683.9,10025.3,328.5
2022-10-03,Groundnut,Andhra Pradesh,Kurnool Mandi,7088.3,7995.9,7542.1,746.6
2022-10-10,Groundnut,Andhra Pradesh,Kurnool Mandi,6596.9,7557.9,7077.4,864.9
2022-10-17,Groundnut,Andhra Pradesh,Kurnool Mandi,6834.7,8154.9,7494.8,872.1
2022-10-24,Groundnut,Andhra Pradesh,Kurnool Mandi,6517.8,7559.2,7038.5,609.0
2022-10-31,Groundnut,Andhra Pradesh,Kurnool Mandi,6849.5,7879.7,7364.6,808.4
2022-11-07,Groundnut,Andhra Pradesh,Kurnool Mandi,6923.0,7717.4,7320.2,534.7
2022-11-14,Groundnut,Andhra Pradesh,Kurnool Mandi,6940.1,8065.7,7502.9,517.0
2022-11-21,Groundnut,Andhra Pradesh,Kurnool Mandi,7122.5,7766.3,7444.4,867.3
2022-11-28,Groundnut,Andhra Pradesh,Kurnool Mandi,6334.9,7563.3,6949.1,552.9
2022-12-05,Groundnut,Andhra Pradesh,Kurnool Mandi,9120.3,10653.9,9887.1,271.1
2022-12-12,Groundnut,Andhra Pradesh,Kurnool Mandi,9564.9,10410.1,9987.5,359.4
2022-12-19,Groundnut,Andhra Pradesh,Kurnool Mandi,9692.1,10673.7,10182.9,274.7
2022-12-26,Groundnut,Andhra Pradesh,Kurnool Mandi,8908.9,10314.9,9611.9,352.3
2023-01-02,Groundnut,Andhra Pradesh,Kurnool Mandi,9229.0,10318.4,9773.7,328.9
2023-01-09,Groundnut,Andhra Pradesh,Kurnool Mandi,9267.1,10146.7,9706.9,316.7
2023-01-16,Groundnut,Andhra Pradesh,Kurnool Mandi,9613.6,10812.2,10212.9,313.4
2023-01-23,Groundnut,Andhra Pradesh,Kurnool Mandi,9226.7,10557.5,9892.1,377.9
2023-01-30,Groundnut,Andhra Pradesh,Kurnool Mandi,9324.0,10791.8,10057.9,289.3
2023-02-06,Groundnut,Andhra Pradesh,Kurnool Mandi,9243.5,10936.1,10089.8,365.9
2023-02-13,Groundnut,Andhra Pradesh,Kurnool Mandi,9936.7,11012.1,10474.4,383.7
2023-02-20,Groundnut,Andhra Pradesh,Kurnool Mandi,9709.7,11528.3,10619.0,370.2
2023-02-27,Groundnut,Andhra Pradesh,Kurnool Mandi,8857.2,10349.6,9603.4,404.7
2023-03-06,Groundnut,Andhra Pradesh,Kurnool Mandi,9304.4,11049.4,10176.9,448.3
2023-03-13,Groundnut,Andhra Pradesh,Kurnool Mandi,8985.9,9914.3,9450.1,270.4
2023-03-20,Groundnut,Andhra Pradesh,Kurnool Mandi,9350.6,11039.4,10195.0,349.9
2023-03-27,Groundnut,Andhra Pradesh,Kurnool Mandi,9154.7,10660.7,9907.7,451.1
2023-04-03,Groundnut,Andhra Pradesh,Kurnool Mandi,8941.1,10486.5,9713.8,420.0
2023-04-10,Groundnut,Andhra Pradesh,Kurnool Mandi,9136.4,10192.2,9664.3,415.5
2023-04-17,Groundnut,Andhra Pradesh,Kurnool Mandi,9522.2,10409.4,9965.8,283.3
2023-04-24,Groundnut,Andhra Pradesh,Kurnool Mandi,9110.9,10559.3,9835.1,333.9
2023-05-01,Groundnut,Andhra Pradesh,Kurnool Mandi,9098.1,10568.7,9833.4,262.5
2023-05-08,Groundnut,Andhra Pradesh,Kurnool Mandi,9076.5,10539.1,9807.8,280.9
2023-05-15,Groundnut,Andhra Pradesh,Kurnool Mandi,9895.0,11469.8,10682.4,325.3
2023-05-22,Groundnut,Andhra Pradesh,Kurnool Mandi,9470.2,10402.8,9936.5,419.2
2023-05-29,Groundnut,Andhra Pradesh,Kurnool Mandi,9839.3,11474.9,10657.1,382.2
2023-06-05,Groundnut,Andhra Pradesh,Kurnool Mandi,10117.5,11700.1,10908.8,264.1
2023-06-12,Groundnut,Andhra Pradesh,Kurnool Mandi,9251.5,10351.7,9801.6,301.6
2023-06-19,Groundnut,Andhra Pradesh,Kurnool Mandi,8985.2,10502.0,9743.6,324.5
2023-06-26,Groundnut,Andhra Pradesh,Kurnool Mandi,9808.7,11522.3,10665.5,351.2
2023-07-03,Groundnut,Andhra Pradesh,Kurnool Mandi,9567.2,11059.6,10313.4,397.0
2023-07-10,Groundnut,Andhra Pradesh,Kurnool Mandi,8880.0,10547.2,9713.6,307.9
2023-07-17,Groundnut,Andhra Pradesh,Kurnool Mandi,10040.2,11005.8,10523.0,311.8
2023-07-24,Groundnut,Andhra Pradesh,Kurnool Mandi,9232.4,10887.8,10060.1,291.0
2023-07-31,Groundnut,Andhra Pradesh,Kurnool Mandi,9131.3,10432.7,9782.0,333.9
2023-08-07,Groundnut,Andhra Pradesh,Kurnool Mandi,9654.5,10993.7,10324.1,441.9
2023-08-14,Groundnut,Andhra Pradesh,Kurnool Mandi,9447.2,11063.2,10255.2,357.0
2023-08-21,Groundnut,Andhra Pradesh,Kurnool Mandi,9545.7,10983.9,10264.8,272.2
2023-08-28,Groundnut,Andhra Pradesh,Kurnool Mandi,9266.4,10531.6,9899.0,271.3
2023-09-04,Groundnut,Andhra Pradesh,Kurnool Mandi,10004.5,11680.5,10842.5,292.2
2023-09-11,Groundnut,Andhra Pradesh,Kurnool Mandi,10055.5,11687.9,10871.7,316.1
2023-09-18,Groundnut,Andhra Pradesh,Kurnool Mandi,9385.3,10975.1,10180.2,386.9
2023-09-25,Groundnut,Andhra Pradesh,Kurnool Mandi,8976.2,10679.4,9827.8,445.6
2023-10-02,Groundnut,Andhra Pradesh,Kurnool Mandi,6851.1,7586.5,7218.8,709.8
2023-10-09,Groundnut,Andhra Pradesh,Kurnool Mandi,7429.9,8495.7,7962.8,610.6
2023-10-16,Groundnut,Andhra Pradesh,Kurnool Mandi,7142.3,8091.7,7617.0,720.2
2023-10-23,Groundnut,Andhra Pradesh,Kurnool Mandi,6665.5,7624.9,7145.2,854.2
2023-10-30,Groundnut,Andhra Pradesh,Kurnool Mandi,6985.1,7798.1,7391.6,662.2
2023-11-06,Groundnut,Andhra Pradesh,Kurnool Mandi,7718.6,8465.6,8092.1,674.9
2023-11-13,Groundnut,Andhra Pradesh,Kurnool Mandi,6939.7,7720.3,7330.0,509.8
2023-11-20,Groundnut,Andhra Pradesh,Kurnool Mandi,7217.1,8197.5,7707.3,745.2
2023-11-27,Groundnut,Andhra Pradesh,Kurnool Mandi,7234.8,8206.8,7720.8,688.9
2023-12-04,Groundnut,Andhra Pradesh,Kurnool Mandi,10194.0,11190.4,10692.2,446.6
2023-12-11,Groundnut,Andhra Pradesh,Kurnool Mandi,9919.7,11638.9,10779.3,381.4
2023-12-18,Groundnut,Andhra Pradesh,Kurnool Mandi,9860.0,11174.4,10517.2,445.3
2023-12-25,Groundnut,Andhra Pradesh,Kurnool Mandi,9909.5,10780.3,10344.9,388.1
2015-01-05,Bajra,Haryana,Hisar Mandi,2178.0,2569.6,2373.8,222.4
2015-01-12,Bajra,Haryana,Hisar Mandi,2020.3,2368.3,2194.3,301.9
2015-01-19,Bajra,Haryana,Hisar Mandi,2303.1,2666.1,2484.6,255.5
2015-01-26,Bajra,Haryana,Hisar Mandi,2327.7,2685.7,2506.7,227.4
2015-02-02,Bajra,Haryana,Hisar Mandi,2183.2,2487.2,2335.2,308.0
2015-02-09,Bajra,Haryana,Hisar Mandi,2115.6,2318.6,2217.1,277.4
2015-02-16,Bajra,Haryana,Hisar Mandi,2286.0,2624.8,2455.4,235.9
2015-02-23,Bajra,Haryana,Hisar Mandi,2373.1,2574.5,2473.8,301.2
2015-03-02,Bajra,Haryana,Hisar Mandi,2320.0,2571.4,2445.7,274.5
2015-03-09,Bajra,Haryana,Hisar Mandi,2265.7,2609.3,2437.5,313.6
2015-03-16,Bajra,Haryana,Hisar Mandi,2086.7,2342.5,2214.6,336.8
2015-03-23,Bajra,Haryana,Hisar Mandi,2403.0,2691.6,2547.3,287.3
2015-03-30,Bajra,Haryana,Hisar Mandi,2326.2,2629.2,2477.7,245.2
2015-04-06,Bajra,Haryana,Hisar Mandi,2245.5,2447.5,2346.5,328.2
2015-04-13,Bajra,Haryana,Hisar Mandi,2180.8,2503.6,2342.2,250.6
2015-04-20,Bajra,Haryana,Hisar Mandi,2174.5,2427.3,2300.9,269.4
2015-04-27,Bajra,Haryana,Hisar Mandi,2374.3,2607.5,2490.9,211.2
2015-05-04,Bajra,Haryana,Hisar Mandi,2106.1,2423.7,2264.9,328.6
2015-05-11,Bajra,Haryana,Hisar Mandi,2331.1,2744.1,2537.6,250.0
2015-05-18,Bajra,Haryana,Hisar Mandi,2263.6,2495.8,2379.7,302.8
2015-05-25,Bajra,Haryana,Hisar Mandi,2230.4,2475.4,2352.9,360.6
2015-06-01,Bajra,Haryana,Hisar Mandi,2316.2,2726.0,2521.1,305.7
2015-06-08,Bajra,Haryana,Hisar Mandi,2158.3,2347.7,2253.0,316.4
2015-06-15,Bajra,Haryana,Hisar Mandi,2104.4,2392.6,2248.5,218.5
2015-06-22,Bajra,Haryana,Hisar Mandi,2145.8,2390.0,2267.9,307.7
2015-06-29,Bajra,Haryana,Hisar Mandi,2376.3,2633.5,2504.9,338.3
2015-07-06,Bajra,Haryana,Hisar Mandi,2159.9,2450.1,2305.0,238.5
2015-07-13,Bajra,Haryana,Hisar Mandi,2295.9,2517.3,2406.6,293.1
2015-07-20,Bajra,Haryana,Hisar Mandi,2414.3,2624.7,2519.5,289.9
2015-07-27,Bajra,Haryana,Hisar Mandi,2372.1,2764.5,2568.3,338.3
2015-08-03,Bajra,Haryana,Hisar Mandi,2369.3,2785.9,2577.6,238.6
2015-08-10,Bajra,Haryana,Hisar Mandi,2176.0,2575.4,2375.7,267.0
2015-08-17,Bajra,Haryana,Hisar Mandi,2191.2,2593.6,2392.4,314.4
2015-08-24,Bajra,Haryana,Hisar Mandi,2333.7,2594.5,2464.1,294.1
2015-08-31,Bajra,Haryana,Hisar Mandi,2208.3,2425.9,2317.1,253.3
2015-09-07,Bajra,Haryana,Hisar Mandi,1730.4,1944.6,1837.5,700.6
2015-09-14,Bajra,Haryana,Hisar Mandi,1762.4,1966.2,1864.3,612.5
2015-09-21,Bajra,Haryana,Hisar Mandi,1610.7,1745.1,1677.9,560.1
2015-09-28,Bajra,Haryana,Hisar Mandi,1593.1,1866.7,1729.9,653.2
2015-10-05,Bajra,Haryana,Hisar Mandi,1669.2,1929.6,1799.4,581.9
2015-10-12,Bajra,Haryana,Hisar Mandi,1558.5,1845.5,1702.0,533.6
2015-10-19,Bajra,Haryana,Hisar Mandi,1635.0,1940.2,1787.6,469.5
2015-10-26,Bajra,Haryana,Hisar Mandi,1722.6,1902.6,1812.6,686.7
2015-11-02,Bajra,Haryana,Hisar Mandi,2259.7,2540.5,2400.1,348.8
2015-11-09,Bajra,Haryana,Hisar Mandi,2206.4,2604.8,2405.6,356.2
2015-11-16,Bajra,Haryana,Hisar Mandi,2281.6,2514.8,2398.2,316.9
2015-11-23,Bajra,Haryana,Hisar Mandi,2127.8,2515.8,2321.8,234.7
2015-11-30,Bajra,Haryana,Hisar Mandi,2435.2,2738.4,2586.8,291.1
2015-12-07,Bajra,Haryana,Hisar Mandi,2349.7,2759.1,2554.4,234.3
2015-12-14,Bajra,Haryana,Hisar Mandi,2223.9,2496.9,2360.4,337.6
2015-12-21,Bajra,Haryana,Hisar Mandi,2350.6,2556.0,2453.3,353.2
2015-12-28,Bajra,Haryana,Hisar Mandi,2334.3,2590.5,2462.4,317.8
2016-01-04,Bajra,Haryana,Hisar Mandi,2446.5,2751.7,2599.1,333.1
2016-01-11,Bajra,Haryana,Hisar Mandi,2410.7,2865.7,2638.2,230.0
2016-01-18,Bajra,Haryana,Hisar Mandi,2257.5,2607.1,2432.3,310.9
2016-01-25,Bajra,Haryana,Hisar Mandi,2295.5,2560.7,2428.1,290.2
2016-02-01,Bajra,Haryana,Hisar Mandi,2462.6,2789.6,2626.1,336.1
2016-02-08,Bajra,Haryana,Hisar Mandi,2351.7,2586.5,2469.1,313.4
2016-02-15,Bajra,Haryana,Hisar Mandi,2421.3,2704.3,2562.8,238.9
2016-02-22,Bajra,Haryana,Hisar Mandi,2296.2,2648.0,2472.1,248.8
2016-02-29,Bajra,Haryana,Hisar Mandi,2508.5,2785.5,2647.0,283.0
2016-03-07,Bajra,Haryana,Hisar Mandi,2344.5,2741.1,2542.8,334.0
2016-03-14,Bajra,Haryana,Hisar Mandi,2194.8,2498.2,2346.5,295.0
2016-03-21,Bajra,Haryana,Hisar Mandi,2335.9,2531.9,2433.9,298.5
2016-03-28,Bajra,Haryana,Hisar Mandi,2540.0,2857.4,2698.7,223.5
2016-04-04,Bajra,Haryana,Hisar Mandi,2303.1,2555.1,2429.1,239.8
2016-04-11,Bajra,Haryana,Hisar Mandi,2203.7,2614.9,2409.3,293.7
2016-04-18,Bajra,Haryana,Hisar Mandi,2370.9,2660.9,2515.9,302.4
2016-04-25,Bajra,Haryana,Hisar Mandi,2300.8,2665.4,2483.1,276.3
2016-05-02,Bajra,Haryana,Hisar Mandi,2516.3,2897.9,2707.1,261.8
2016-05-09,Bajra,Haryana,Hisar Mandi,2245.6,2583.2,2414.4,210.9
2016-05-16,Bajra,Haryana,Hisar Mandi,2411.5,2660.1,2535.8,266.7
2016-05-23,Bajra,Haryana,Hisar Mandi,2256.3,2611.3,2433.8,218.3
2016-05-30,Bajra,Haryana,Hisar Mandi,2311.1,2701.1,2506.1,335.4
2016-06-06,Bajra,Haryana,Hisar Mandi,2516.1,2841.3,2678.7,279.6
2016-06-13,Bajra,Haryana,Hisar Mandi,2352.9,2738.1,2545.5,284.2
2016-06-20,Bajra,Haryana,Hisar Mandi,2508.9,2846.9,2677.9,256.2
2016-06-27,Bajra,Haryana,Hisar Mandi,2205.6,2629.2,2417.4,219.2
2016-07-04,Bajra,Haryana,Hisar Mandi,2491.5,2782.3,2636.9,341.5
2016-07-11,Bajra,Haryana,Hisar Mandi,2556.6,2803.8,2680.2,215.1
2016-07-18,Bajra,Haryana,Hisar Mandi,2558.5,2927.9,2743.2,257.7
2016-07-25,Bajra,Haryana,Hisar Mandi,2366.6,2666.8,2516.7,232.6
2016-08-01,Bajra,Haryana,Hisar Mandi,2553.7,2941.3,2747.5,296.4
2016-08-08,Bajra,Haryana,Hisar Mandi,2489.8,2742.0,2615.9,237.3
2016-08-15,Bajra,Haryana,Hisar Mandi,2529.9,2993.9,2761.9,317.8
2016-08-22,Bajra,Haryana,Hisar Mandi,2346.8,2745.6,2546.2,324.3
2016-08-29,Bajra,Haryana,Hisar Mandi,2517.7,2817.3,2667.5,347.0
2016-09-05,Bajra,Haryana,Hisar Mandi,1821.6,2069.2,1945.4,504.1
2016-09-12,Bajra,Haryana,Hisar Mandi,1778.0,2067.8,1922.9,528.5
2016-09-19,Bajra,Haryana,Hisar Mandi,1839.2,2136.0,1987.6,435.4
2016-09-26,Bajra,Haryana,Hisar Mandi,1796.2,1977.2,1886.7,621.2
2016-10-03,Bajra,Haryana,Hisar Mandi,1817.0,2119.4,1968.2,503.7
2016-10-10,Bajra,Haryana,Hisar Mandi,1822.4,2125.8,1974.1,472.4
2016-10-17,Bajra,Haryana,Hisar Mandi,1747.9,2073.5,1910.7,541.7
2016-10-24,Bajra,Haryana,Hisar Mandi,1778.6,1954.2,1866.4,420.1
2016-10-31,Bajra,Haryana,Hisar Mandi,1742.0,1930.2,1836.1,509.2
2016-11-07,Bajra,Haryana,Hisar Mandi,2442.8,2823.8,2633.3,306.1
2016-11-14,Bajra,Haryana,Hisar Mandi,2620.8,2880.8,2750.8,360.9
2016-11-21,Bajra,Haryana,Hisar Mandi,2489.7,2950.7,2720.2,239.2
2016-11-28,Bajra,Haryana,Hisar Mandi,2473.7,2892.1,2682.9,320.2
2016-12-05,Bajra,Haryana,Hisar Mandi,2279.4,2658.6,2469.0,234.7
2016-12-12,Bajra,Haryana,Hisar Mandi,2629.2,2854.2,2741.7,218.7
2016-12-19,Bajra,Haryana,Hisar Mandi,2384.3,2784.5,2584.4,217.2
2016-12-26,Bajra,Haryana,Hisar Mandi,2553.0,3024.6,2788.8,258.6
2017-01-02,Bajra,Haryana,Hisar Mandi,2595.7,2975.1,2785.4,360.8
2017-01-09,Bajra,Haryana,Hisar Mandi,2566.0,2939.4,2752.7,282.1
2017-01-16,Bajra,Haryana,Hisar Mandi,2553.2,2977.0,2765.1,248.1
2017-01-23,Bajra,Haryana,Hisar Mandi,2558.3,3046.3,2802.3,335.9
2017-01-30,Bajra,Haryana,Hisar Mandi,2452.5,2786.1,2619.3,278.1
2017-02-06,Bajra,Haryana,Hisar Mandi,2655.0,2938.8,2796.9,261.8
2017-02-13,Bajra,Haryana,Hisar Mandi,2582.5,2949.5,2766.0,349.3
2017-02-20,Bajra,Haryana,Hisar Mandi,2478.1,2788.9,2633.5,219.9
2017-02-27,Bajra,Haryana,Hisar Mandi,2417.0,2874.4,2645.7,287.5
2017-03-06,Bajra,Haryana,Hisar Mandi,2712.1,2950.7,2831.4,285.7
2017-03-13,Bajra,Haryana,Hisar Mandi,2457.1,2890.3,2673.7,271.9
2017-03-20,Bajra,Haryana,Hisar Mandi,2387.0,2740.0,2563.5,319.7
2017-03-27,Bajra,Haryana,Hisar Mandi,2564.2,2889.6,2726.9,285.2
2017-04-03,Bajra,Haryana,Hisar Mandi,2572.3,2788.3,2680.3,293.8
2017-04-10,Bajra,Haryana,Hisar Mandi,2448.7,2858.5,2653.6,335.6
2017-04-17,Bajra,Haryana,Hisar Mandi,2499.5,2830.9,2665.2,271.4
2017-04-24,Bajra,Haryana,Hisar Mandi,2555.5,2964.7,2760.1,324.0
2017-05-01,Bajra,Haryana,Hisar Mandi,2507.1,2741.3,2624.2,336.0
2017-05-08,Bajra,Haryana,Hisar Mandi,2714.1,3043.7,2878.9,341.3
2017-05-15,Bajra,Haryana,Hisar Mandi,2454.2,2660.6,2557.4,285.0
2017-05-22,Bajra,Haryana,Hisar Mandi,2607.7,2966.9,2787.3,290.9
2017-05-29,Bajra,Haryana,Hisar Mandi,2664.8,3088.6,2876.7,298.0
2017-06-05,Bajra,Haryana,Hisar Mandi,2668.2,3066.8,2867.5,245.9
2017-06-12,Bajra,Haryana,Hisar Mandi,2544.7,2854.1,2699.4,210.4
2017-06-19,Bajra,Haryana,Hisar Mandi,2513.5,2769.5,2641.5,280.5
2017-06-26,Bajra,Haryana,Hisar Mandi,2399.0,2761.6,2580.3,318.2
2017-07-03,Bajra,Haryana,Hisar Mandi,2527.6,2746.8,2637.2,236.8
2017-07-10,Bajra,Haryana,Hisar Mandi,2407.9,2797.1,2602.5,212.6
2017-07-17,Bajra,Haryana,Hisar Mandi,2568.4,3074.0,2821.2,270.2
2017-07-24,Bajra,Haryana,Hisar Mandi,2406.7,2840.9,2623.8,307.8
2017-07-31,Bajra,Haryana,Hisar Mandi,2714.7,3010.9,2862.8,233.5
2017-08-07,Bajra,Haryana,Hisar Mandi,2672.4,2960.4,2816.4,274.2
2017-08-14,Bajra,Haryana,Hisar Mandi,2600.0,3074.2,2837.1,337.1
2017-08-21,Bajra,Haryana,Hisar Mandi,2586.3,3025.9,2806.1,251.6
2017-08-28,Bajra,Haryana,Hisar Mandi,2680.5,3067.3,2873.9,233.2
2017-09-04,Bajra,Haryana,Hisar Mandi,1813.8,2160.2,1987.0,500.5
2017-09-11,Bajra,Haryana,Hisar Mandi,1845.9,2112.5,1979.2,507.5
2017-09-18,Bajra,Haryana,Hisar Mandi,1757.4,2100.8,1929.1,466.5
2017-09-25,Bajra,Haryana,Hisar Mandi,1938.7,2307.1,2122.9,671.8
2017-10-02,Bajra,Haryana,Hisar Mandi,1951.7,2252.5,2102.1,531.0
2017-10-09,Bajra,Haryana,Hisar Mandi,1904.8,2077.8,1991.3,628.5
2017-10-16,Bajra,Haryana,Hisar Mandi,1844.0,2096.6,1970.3,600.0
2017-10-23,Bajra,Haryana,Hisar Mandi,1920.7,2081.5,2001.1,447.8
2017-10-30,Bajra,Haryana,Hisar Mandi,1765.9,2085.1,1925.5,509.2
2017-11-06,Bajra,Haryana,Hisar Mandi,2786.9,3125.1,2956.0,294.7
2017-11-13,Bajra,Haryana,Hisar Mandi,2546.1,2859.5,2702.8,216.7
2017-11-20,Bajra,Haryana,Hisar Mandi,2533.0,2971.2,2752.1,303.3
2017-11-27,Bajra,Haryana,Hisar Mandi,2767.8,3020.6,2894.2,233.7
2017-12-04,Bajra,Haryana,Hisar Mandi,2495.7,2885.7,2690.7,311.9
2017-12-11,Bajra,Haryana,Hisar Mandi,2701.7,3090.3,2896.0,326.3
2017-12-18,Bajra,Haryana,Hisar Mandi,2441.8,2919.4,2680.6,298.8
2017-12-25,Bajra,Haryana,Hisar Mandi,2561.4,2865.8,2713.6,293.9
2018-01-01,Bajra,Haryana,Hisar Mandi,2490.8,2842.8,2666.8,240.4
2018-01-08,Bajra,Haryana,Hisar Mandi,2551.2,2771.8,2661.5,363.8
2018-01-15,Bajra,Haryana,Hisar Mandi,2681.0,3162.6,2921.8,339.8
2018-01-22,Bajra,Haryana,Hisar Mandi,2426.8,2847.2,2637.0,298.8
2018-01-29,Bajra,Haryana,Hisar Mandi,2712.3,3097.9,2905.1,344.8
2018-02-05,Bajra,Haryana,Hisar Mandi,2737.0,3010.8,2873.9,249.9
2018-02-12,Bajra,Haryana,Hisar Mandi,2685.9,3042.1,2864.0,342.6
2018-02-19,Bajra,Haryana,Hisar Mandi,2648.6,3028.2,2838.4,235.8
2018-02-26,Bajra,Haryana,Hisar Mandi,2537.3,2938.3,2737.8,309.1
2018-03-05,Bajra,Haryana,Hisar Mandi,2547.7,2806.7,2677.2,280.2
2018-03-12,Bajra,Haryana,Hisar Mandi,2627.0,2960.2,2793.6,271.4
2018-03-19,Bajra,Haryana,Hisar Mandi,2516.2,2850.8,2683.5,231.3
2018-03-26,Bajra,Haryana,Hisar Mandi,2685.6,2953.8,2819.7,266.8
2018-04-02,Bajra,Haryana,Hisar Mandi,2734.4,3095.2,2914.8,285.8
2018-04-09,Bajra,Haryana,Hisar Mandi,2533.1,2853.7,2693.4,296.8
2018-04-16,Bajra,Haryana,Hisar Mandi,2785.8,3125.6,2955.7,358.1
2018-04-23,Bajra,Haryana,Hisar Mandi,2503.4,2832.6,2668.0,346.5
2018-04-30,Bajra,Haryana,Hisar Mandi,2662.6,3083.0,2872.8,246.5
2018-05-07,Bajra,Haryana,Hisar Mandi,2460.8,2877.2,2669.0,340.0
2018-05-14,Bajra,Haryana,Hisar Mandi,2801.6,3216.6,3009.1,354.1
2018-05-21,Bajra,Haryana,Hisar Mandi,2762.2,3182.2,2972.2,231.6
2018-05-28,Bajra,Haryana,Hisar Mandi,2797.3,3290.9,3044.1,343.6
2018-06-04,Bajra,Haryana,Hisar Mandi,2612.7,2923.1,2767.9,225.3
2018-06-11,Bajra,Haryana,Hisar Mandi,2730.2,3269.6,2999.9,259.4
2018-06-18,Bajra,Haryana,Hisar Mandi,2789.9,3161.9,2975.9,274.1
2018-06-25,Bajra,Haryana,Hisar Mandi,2765.1,3035.3,2900.2,221.8
2018-07-02,Bajra,Haryana,Hisar Mandi,2599.7,3005.5,2802.6,364.0
2018-07-09,Bajra,Haryana,Hisar Mandi,2743.2,3134.2,2938.7,254.3
2018-07-16,Bajra,Haryana,Hisar Mandi,2639.9,3040.7,2840.3,341.1
2018-07-23,Bajra,Haryana,Hisar Mandi,2918.6,3267.8,3093.2,262.1
2018-07-30,Bajra,Haryana,Hisar Mandi,2713.4,3049.2,2881.3,268.9
2018-08-06,Bajra,Haryana,Hisar Mandi,2921.1,3200.7,3060.9,333.0
2018-08-13,Bajra,Haryana,Hisar Mandi,2714.7,3155.3,2935.0,219.1
2018-08-20,Bajra,Haryana,Hisar Mandi,2822.4,3260.4,3041.4,355.9
2018-08-27,Bajra,Haryana,Hisar Mandi,2818.1,3177.7,2997.9,225.7
2018-09-03,Bajra,Haryana,Hisar Mandi,2006.9,2393.7,2200.3,418.0
2018-09-10,Bajra,Haryana,Hisar Mandi,1994.7,2321.1,2157.9,426.3
2018-09-17,Bajra,Haryana,Hisar Mandi,2068.2,2414.0,2241.1,688.1
2018-09-24,Bajra,Haryana,Hisar Mandi,1889.1,2256.7,2072.9,539.2
2018-10-01,Bajra,Haryana,Hisar Mandi,1996.2,2185.0,2090.6,675.7
2018-10-08,Bajra,Haryana,Hisar Mandi,1983.8,2366.0,2174.9,556.4
2018-10-15,Bajra,Haryana,Hisar Mandi,2020.4,2246.2,2133.3,424.2
2018-10-22,Bajra,Haryana,Hisar Mandi,2035.8,2346.6,2191.2,611.9
2018-10-29,Bajra,Haryana,Hisar Mandi,1898.7,2118.3,2008.5,448.7
2018-11-05,Bajra,Haryana,Hisar Mandi,2893.8,3143.6,3018.7,354.1
2018-11-12,Bajra,Haryana,Hisar Mandi,2705.5,2955.7,2830.6,340.1
2018-11-19,Bajra,Haryana,Hisar Mandi,2674.1,3055.3,2864.7,301.8
2018-11-26,Bajra,Haryana,Hisar Mandi,2904.8,3194.8,3049.8,342.6
2018-12-03,Bajra,Haryana,Hisar Mandi,2807.8,3058.0,2932.9,244.0
2018-12-10,Bajra,Haryana,Hisar Mandi,2836.2,3208.6,3022.4,260.7
2018-12-17,Bajra,Haryana,Hisar Mandi,2994.8,3267.2,3131.0,230.3
2018-12-24,Bajra,Haryana,Hisar Mandi,3001.8,3304.8,3153.3,338.4
2018-12-31,Bajra,Haryana,Hisar Mandi,2859.9,3226.3,3043.1,281.1
2019-01-07,Bajra,Haryana,Hisar Mandi,2677.6,3083.2,2880.4,272.5
2019-01-14,Bajra,Haryana,Hisar Mandi,2762.4,3151.0,2956.7,317.3
2019-01-21,Bajra,Haryana,Hisar Mandi,2688.4,3020.8,2854.6,287.9
2019-01-28,Bajra,Haryana,Hisar Mandi,2949.7,3395.7,3172.7,254.5
2019-02-04,Bajra,Haryana,Hisar Mandi,3014.9,3343.7,3179.3,236.5
2019-02-11,Bajra,Haryana,Hisar Mandi,2909.8,3228.8,3069.3,216.5
2019-02-18,Bajra,Haryana,Hisar Mandi,2726.7,3265.1,2995.9,263.3
2019-02-25,Bajra,Haryana,Hisar Mandi,2914.0,3182.2,3048.1,343.4
2019-03-04,Bajra,Haryana,Hisar Mandi,2714.8,3218.8,2966.8,244.1
2019-03-11,Bajra,Haryana,Hisar Mandi,2741.0,3168.8,2954.9,244.8
2019-03-18,Bajra,Haryana,Hisar Mandi,2705.0,3047.6,2876.3,267.4
2019-03-25,Bajra,Haryana,Hisar Mandi,2826.3,3375.5,3100.9,234.8
2019-04-01,Bajra,Haryana,Hisar Mandi,2839.1,3360.9,3100.0,300.6
2019-04-08,Bajra,Haryana,Hisar Mandi,2849.3,3145.3,2997.3,252.8
2019-04-15,Bajra,Haryana,Hisar Mandi,2946.1,3391.5,3168.8,242.6
2019-04-22,Bajra,Haryana,Hisar Mandi,2896.7,3156.1,3026.4,355.4
2019-04-29,Bajra,Haryana,Hisar Mandi,2701.5,3223.5,2962.5,285.8
2019-05-06,Bajra,Haryana,Hisar Mandi,2755.3,3171.3,2963.3,216.1
2019-05-13,Bajra,Haryana,Hisar Mandi,2645.2,2999.4,2822.3,274.6
2019-05-20,Bajra,Haryana,Hisar Mandi,2951.3,3324.5,3137.9,296.0
2019-05-27,Bajra,Haryana,Hisar Mandi,2924.0,3410.4,3167.2,217.6
2019-06-03,Bajra,Haryana,Hisar Mandi,2692.3,3173.1,2932.7,230.9
2019-06-10,Bajra,Haryana,Hisar Mandi,2624.0,3073.8,2848.9,307.0
2019-06-17,Bajra,Haryana,Hisar Mandi,2941.4,3406.8,3174.1,304.1
2019-06-24,Bajra,Haryana,Hisar Mandi,2716.5,3203.5,2960.0,247.0
2019-07-01,Bajra,Haryana,Hisar Mandi,2928.0,3303.0,3115.5,241.4
2019-07-08,Bajra,Haryana,Hisar Mandi,2769.1,3106.3,2937.7,303.6
2019-07-15,Bajra,Haryana,Hisar Mandi,2917.3,3418.9,3168.1,319.1
2019-07-22,Bajra,Haryana,Hisar Mandi,3041.3,3341.7,3191.5,253.3
2019-07-29,Bajra,Haryana,Hisar Mandi,2816.9,3215.1,3016.0,223.4
2019-08-05,Bajra,Haryana,Hisar Mandi,2760.1,3294.9,3027.5,352.2
2019-08-12,Bajra,Haryana,Hisar Mandi,3013.3,3416.3,3214.8,323.6
2019-08-19,Bajra,Haryana,Hisar Mandi,2780.3,3162.7,2971.5,216.4
2019-08-26,Bajra,Haryana,Hisar Mandi,3134.6,3402.0,3268.3,351.4
2019-09-02,Bajra,Haryana,Hisar Mandi,2079.5,2399.5,2239.5,551.5
2019-09-09,Bajra,Haryana,Hisar Mandi,1940.9,2282.9,2111.9,469.4
2019-09-16,Bajra,Haryana,Hisar Mandi,2138.4,2365.8,2252.1,652.3
2019-09-23,Bajra,Haryana,Hisar Mandi,1980.5,2274.5,2127.5,670.8
2019-09-30,Bajra,Haryana,Hisar Mandi,2220.1,2566.3,2393.2,514.9
2019-10-07,Bajra,Haryana,Hisar Mandi,2169.3,2447.3,2308.3,596.0
2019-10-14,Bajra,Haryana,Hisar Mandi,2268.2,2512.2,2390.2,600.4
2019-10-21,Bajra,Haryana,Hisar Mandi,2080.1,2275.1,2177.6,428.5
2019-10-28,Bajra,Haryana,Hisar Mandi,2164.1,2558.9,2361.5,448.8
2019-11-04,Bajra,Haryana,Hisar Mandi,2984.8,3258.4,3121.6,314.0
2019-11-11,Bajra,Haryana,Hisar Mandi,3095.5,3508.7,3302.1,335.4
2019-11-18,Bajra,Haryana,Hisar Mandi,2747.7,3074.3,2911.0,305.9
2019-11-25,Bajra,Haryana,Hisar Mandi,3078.2,3606.2,3342.2,253.8
2019-12-02,Bajra,Haryana,Hisar Mandi,2865.8,3414.8,3140.3,273.0
2019-12-09,Bajra,Haryana,Hisar Mandi,2822.8,3231.8,3027.3,355.6
2019-12-16,Bajra,Haryana,Hisar Mandi,2744.3,3100.9,2922.6,255.8
2019-12-23,Bajra,Haryana,Hisar Mandi,2750.2,3262.6,3006.4,297.2
2019-12-30,Bajra,Haryana,Hisar Mandi,2923.9,3265.5,3094.7,308.3
2020-01-06,Bajra,Haryana,Hisar Mandi,2953.3,3468.9,3211.1,288.3
2020-01-13,Bajra,Haryana,Hisar Mandi,2888.1,3411.3,3149.7,232.9
2020-01-20,Bajra,Haryana,Hisar Mandi,3040.7,3383.3,3212.0,218.9
2020-01-27,Bajra,Haryana,Hisar Mandi,2701.1,3194.1,2947.6,279.6
2020-02-03,Bajra,Haryana,Hisar Mandi,3157.7,3569.1,3363.4,315.3
2020-02-10,Bajra,Haryana,Hisar Mandi,2883.0,3141.0,3012.0,225.5
2020-02-17,Bajra,Haryana,Hisar Mandi,2921.4,3466.0,3193.7,315.9
2020-02-24,Bajra,Haryana,Hisar Mandi,3091.9,3576.5,3334.2,252.7
2020-03-02,Bajra,Haryana,Hisar Mandi,3050.1,3635.7,3342.9,349.7
2020-03-09,Bajra,Haryana,Hisar Mandi,3134.3,3583.7,3359.0,260.0
2020-03-16,Bajra,Haryana,Hisar Mandi,3091.6,3422.2,3256.9,292.0
2020-03-23,Bajra,Haryana,Hisar Mandi,2935.6,3488.4,3212.0,276.8
2020-03-30,Bajra,Haryana,Hisar Mandi,3251.2,3571.0,3411.1,221.6
2020-04-06,Bajra,Haryana,Hisar Mandi,2899.6,3293.8,3096.7,345.2
2020-04-13,Bajra,Haryana,Hisar Mandi,2808.1,3149.1,2978.6,332.0
2020-04-20,Bajra,Haryana,Hisar Mandi,2874.5,3390.7,3132.6,362.9
2020-04-27,Bajra,Haryana,Hisar Mandi,2929.7,3248.3,3089.0,292.7
2020-05-04,Bajra,Haryana,Hisar Mandi,2906.0,3250.4,3078.2,360.9
2020-05-11,Bajra,Haryana,Hisar Mandi,2854.6,3367.6,3111.1,313.4
2020-05-18,Bajra,Haryana,Hisar Mandi,3071.1,3587.9,3329.5,238.0
2020-05-25,Bajra,Haryana,Hisar Mandi,3042.8,3540.6,3291.7,354.2
2020-06-01,Bajra,Haryana,Hisar Mandi,2934.0,3208.8,3071.4,253.6
2020-06-08,Bajra,Haryana,Hisar Mandi,3054.0,3503.2,3278.6,266.7
2020-06-15,Bajra,Haryana,Hisar Mandi,3163.6,3476.6,3320.1,297.7
2020-06-22,Bajra,Haryana,Hisar Mandi,2958.6,3304.6,3131.6,244.0
2020-06-29,Bajra,Haryana,Hisar Mandi,2785.4,3317.6,3051.5,339.1
2020-07-06,Bajra,Haryana,Hisar Mandi,2898.7,3429.5,3164.1,239.8
2020-07-13,Bajra,Haryana,Hisar Mandi,2965.0,3380.8,3172.9,338.4
2020-07-20,Bajra,Haryana,Hisar Mandi,3099.3,3657.5,3378.4,251.6
2020-07-27,Bajra,Haryana,Hisar Mandi,3049.4,3379.4,3214.4,279.2
2020-08-03,Bajra,Haryana,Hisar Mandi,3126.1,3631.3,3378.7,266.3
2020-08-10,Bajra,Haryana,Hisar Mandi,2942.1,3308.3,3125.2,296.8
2020-08-17,Bajra,Haryana,Hisar Mandi,3095.0,3420.8,3257.9,330.9
2020-08-24,Bajra,Haryana,Hisar Mandi,3112.9,3514.9,3313.9,343.0
2020-08-31,Bajra,Haryana,Hisar Mandi,3217.7,3768.7,3493.2,294.3
2020-09-07,Bajra,Haryana,Hisar Mandi,2233.7,2673.5,2453.6,689.4
2020-09-14,Bajra,Haryana,Hisar Mandi,2207.1,2641.5,2424.3,666.0
2020-09-21,Bajra,Haryana,Hisar Mandi,2149.6,2546.4,2348.0,680.4
2020-09-28,Bajra,Haryana,Hisar Mandi,2151.6,2574.4,2363.0,547.1
2020-10-05,Bajra,Haryana,Hisar Mandi,2216.9,2583.9,2400.4,640.0
2020-10-12,Bajra,Haryana,Hisar Mandi,2286.2,2634.6,2460.4,485.8
2020-10-19,Bajra,Haryana,Hisar Mandi,2083.3,2407.9,2245.6,679.2
2020-10-26,Bajra,Haryana,Hisar Mandi,2352.6,2551.0,2451.8,448.5
2020-11-02,Bajra,Haryana,Hisar Mandi,2955.2,3232.8,3094.0,266.4
2020-11-09,Bajra,Haryana,Hisar Mandi,3260.8,3732.6,3496.7,320.3
2020-11-16,Bajra,Haryana,Hisar Mandi,3113.5,3446.3,3279.9,352.4
2020-11-23,Bajra,Haryana,Hisar Mandi,3238.6,3518.4,3378.5,234.1
2020-11-30,Bajra,Haryana,Hisar Mandi,2976.5,3513.3,3244.9,229.1
2020-12-07,Bajra,Haryana,Hisar Mandi,3060.3,3518.1,3289.2,302.5
2020-12-14,Bajra,Haryana,Hisar Mandi,3175.6,3481.8,3328.7,257.0
2020-12-21,Bajra,Haryana,Hisar Mandi,3075.1,3557.7,3316.4,352.6
2020-12-28,Bajra,Haryana,Hisar Mandi,3376.4,3689.6,3533.0,303.5
2021-01-04,Bajra,Haryana,Hisar Mandi,2917.7,3355.3,3136.5,337.1
2021-01-11,Bajra,Haryana,Hisar Mandi,3225.6,3505.4,3365.5,265.2
2021-01-18,Bajra,Haryana,Hisar Mandi,3054.5,3412.5,3233.5,266.7
2021-01-25,Bajra,Haryana,Hisar Mandi,2939.3,3339.3,3139.3,299.8
2021-02-01,Bajra,Haryana,Hisar Mandi,3257.6,3566.6,3412.1,311.4
2021-02-08,Bajra,Haryana,Hisar Mandi,3221.1,3737.7,3479.4,341.1
2021-02-15,Bajra,Haryana,Hisar Mandi,2950.3,3297.1,3123.7,297.5
2021-02-22,Bajra,Haryana,Hisar Mandi,3099.6,3360.2,3229.9,326.1
2021-03-01,Bajra,Haryana,Hisar Mandi,3217.9,3652.3,3435.1,255.4
2021-03-08,Bajra,Haryana,Hisar Mandi,3245.9,3527.1,3386.5,321.6
2021-03-15,Bajra,Haryana,Hisar Mandi,3224.4,3791.2,3507.8,360.6
2021-03-22,Bajra,Haryana,Hisar Mandi,3075.4,3356.6,3216.0,319.1
2021-03-29,Bajra,Haryana,Hisar Mandi,2977.7,3485.9,3231.8,350.9
2021-04-05,Bajra,Haryana,Hisar Mandi,3284.1,3669.9,3477.0,258.6
2021-04-12,Bajra,Haryana,Hisar Mandi,3025.6,3392.2,3208.9,360.7
2021-04-19,Bajra,Haryana,Hisar Mandi,2891.7,3432.5,3162.1,210.9
2021-04-26,Bajra,Haryana,Hisar Mandi,3008.8,3585.8,3297.3,321.2
2021-05-03,Bajra,Haryana,Hisar Mandi,3291.1,3886.5,3588.8,296.2
2021-05-10,Bajra,Haryana,Hisar Mandi,3402.6,3781.2,3591.9,273.0
2021-05-17,Bajra,Haryana,Hisar Mandi,3175.9,3604.7,3390.3,353.6
2021-05-24,Bajra,Haryana,Hisar Mandi,3290.8,3623.8,3457.3,283.7
2021-05-31,Bajra,Haryana,Hisar Mandi,3445.7,3839.5,3642.6,213.2
2021-06-07,Bajra,Haryana,Hisar Mandi,3018.2,3605.4,3311.8,352.3
2021-06-14,Bajra,Haryana,Hisar Mandi,3149.0,3753.0,3451.0,324.6
2021-06-21,Bajra,Haryana,Hisar Mandi,3126.9,3723.1,3425.0,254.4
2021-06-28,Bajra,Haryana,Hisar Mandi,3047.1,3516.5,3281.8,251.2
2021-07-05,Bajra,Haryana,Hisar Mandi,2999.7,3525.5,3262.6,339.1
2021-07-12,Bajra,Haryana,Hisar Mandi,3073.2,3417.2,3245.2,309.1
2021-07-19,Bajra,Haryana,Hisar Mandi,3215.2,3797.6,3506.4,314.2
2021-07-26,Bajra,Haryana,Hisar Mandi,3469.3,3863.1,3666.2,226.3
2021-08-02,Bajra,Haryana,Hisar Mandi,3345.3,3672.7,3509.0,269.1
2021-08-09,Bajra,Haryana,Hisar Mandi,2928.3,3498.1,3213.2,267.2
2021-08-16,Bajra,Haryana,Hisar Mandi,3313.9,3904.1,3609.0,327.1
2021-08-23,Bajra,Haryana,Hisar Mandi,3315.8,3606.0,3460.9,330.3
2021-08-30,Bajra,Haryana,Hisar Mandi,3000.4,3552.0,3276.2,326.2
2021-09-06,Bajra,Haryana,Hisar Mandi,2336.6,2786.2,2561.4,472.4
2021-09-13,Bajra,Haryana,Hisar Mandi,2288.1,2500.1,2394.1,625.8
2021-09-20,Bajra,Haryana,Hisar Mandi,2573.9,2788.9,2681.4,464.5
2021-09-27,Bajra,Haryana,Hisar Mandi,2428.4,2727.8,2578.1,551.1
2021-10-04,Bajra,Haryana,Hisar Mandi,2533.7,2911.7,2722.7,573.7
2021-10-11,Bajra,Haryana,Hisar Mandi,2449.1,2871.1,2660.1,679.4
2021-10-18,Bajra,Haryana,Hisar Mandi,2382.5,2678.9,2530.7,532.1
2021-10-25,Bajra,Haryana,Hisar Mandi,2523.4,2853.0,2688.2,413.0
2021-11-01,Bajra,Haryana,Hisar Mandi,3152.4,3422.0,3287.2,338.4
2021-11-08,Bajra,Haryana,Hisar Mandi,3093.8,3433.4,3263.6,302.0
2021-11-15,Bajra,Haryana,Hisar Mandi,3419.2,3837.4,3628.3,335.8
2021-11-22,Bajra,Haryana,Hisar Mandi,3404.8,3921.2,3663.0,226.0
2021-11-29,Bajra,Haryana,Hisar Mandi,2997.0,3553.4,3275.2,319.2
2021-12-06,Bajra,Haryana,Hisar Mandi,3380.3,3873.3,3626.8,335.4
2021-12-13,Bajra,Haryana,Hisar Mandi,3077.3,3609.3,3343.3,309.9
2021-12-20,Bajra,Haryana,Hisar Mandi,3293.8,3890.4,3592.1,321.5
2021-12-27,Bajra,Haryana,Hisar Mandi,3348.6,3796.2,3572.4,332.0
2022-01-03,Bajra,Haryana,Hisar Mandi,3430.8,3868.0,3649.4,287.0
2022-01-10,Bajra,Haryana,Hisar Mandi,3237.2,3613.0,3425.1,239.0
2022-01-17,Bajra,Haryana,Hisar Mandi,3364.4,3793.2,3578.8,255.3
2022-01-24,Bajra,Haryana,Hisar Mandi,3196.3,3598.3,3397.3,211.9
2022-01-31,Bajra,Haryana,Hisar Mandi,3499.6,4028.6,3764.1,356.2
2022-02-07,Bajra,Haryana,Hisar Mandi,3244.3,3529.7,3387.0,337.8
2022-02-14,Bajra,Haryana,Hisar Mandi,3179.5,3613.1,3396.3,214.4
2022-02-21,Bajra,Haryana,Hisar Mandi,3448.6,4004.0,3726.3,303.1
2022-02-28,Bajra,Haryana,Hisar Mandi,3272.4,3731.4,3501.9,360.5
2022-03-07,Bajra,Haryana,Hisar Mandi,3502.5,3965.7,3734.1,308.9
2022-03-14,Bajra,Haryana,Hisar Mandi,3098.2,3655.8,3377.0,305.3
2022-03-21,Bajra,Haryana,Hisar Mandi,3332.3,3966.3,3649.3,248.7
2022-03-28,Bajra,Haryana,Hisar Mandi,3079.9,3642.5,3361.2,253.1
2022-04-04,Bajra,Haryana,Hisar Mandi,3165.5,3706.9,3436.2,230.0
2022-04-11,Bajra,Haryana,Hisar Mandi,3199.3,3555.1,3377.2,337.1
2022-04-18,Bajra,Haryana,Hisar Mandi,3357.9,3790.7,3574.3,310.5
2022-04-25,Bajra,Haryana,Hisar Mandi,3304.6,3687.6,3496.1,319.1
2022-05-02,Bajra,Haryana,Hisar Mandi,3136.3,3629.9,3383.1,321.0
2022-05-09,Bajra,Haryana,Hisar Mandi,3425.2,4032.0,3728.6,250.7
2022-05-16,Bajra,Haryana,Hisar Mandi,3441.8,3813.0,3627.4,247.9
2022-05-23,Bajra,Haryana,Hisar Mandi,3238.5,3518.7,3378.6,353.9
2022-05-30,Bajra,Haryana,Hisar Mandi,3371.8,3966.8,3669.3,230.8
2022-06-06,Bajra,Haryana,Hisar Mandi,3548.3,3976.1,3762.2,320.1
2022-06-13,Bajra,Haryana,Hisar Mandi,3108.7,3689.9,3399.3,286.6
2022-06-20,Bajra,Haryana,Hisar Mandi,3652.6,3981.0,3816.8,341.4
2022-06-27,Bajra,Haryana,Hisar Mandi,3336.9,3977.7,3657.3,320.9
2022-07-04,Bajra,Haryana,Hisar Mandi,3526.1,4174.9,3850.5,256.6
2022-07-11,Bajra,Haryana,Hisar Mandi,3193.7,3759.5,3476.6,256.1
2022-07-18,Bajra,Haryana,Hisar Mandi,3527.1,4160.3,3843.7,258.9
2022-07-25,Bajra,Haryana,Hisar Mandi,3259.7,3599.1,3429.4,232.6
2022-08-01,Bajra,Haryana,Hisar Mandi,3472.7,3803.9,3638.3,332.5
2022-08-08,Bajra,Haryana,Hisar Mandi,3430.7,4038.3,3734.5,313.3
2022-08-15,Bajra,Haryana,Hisar Mandi,3299.0,3922.0,3610.5,320.0
2022-08-22,Bajra,Haryana,Hisar Mandi,3522.5,4035.1,3778.8,332.1
2022-08-29,Bajra,Haryana,Hisar Mandi,3281.5,3637.1,3459.3,316.5
2022-09-05,Bajra,Haryana,Hisar Mandi,2684.3,2920.9,2802.6,430.1
2022-09-12,Bajra,Haryana,Hisar Mandi,2421.2,2786.4,2603.8,658.3
2022-09-19,Bajra,Haryana,Hisar Mandi,2733.1,2978.3,2855.7,651.9
2022-09-26,Bajra,Haryana,Hisar Mandi,2418.7,2752.5,2585.6,559.6
2022-10-03,Bajra,Haryana,Hisar Mandi,2637.2,2908.0,2772.6,557.5
2022-10-10,Bajra,Haryana,Hisar Mandi,2647.5,3091.7,2869.6,602.4
2022-10-17,Bajra,Haryana,Hisar Mandi,2437.5,2726.3,2581.9,464.2
2022-10-24,Bajra,Haryana,Hisar Mandi,2387.6,2856.4,2622.0,446.0
2022-10-31,Bajra,Haryana,Hisar Mandi,2732.9,3036.5,2884.7,670.2
2022-11-07,Bajra,Haryana,Hisar Mandi,3192.8,3720.8,3456.8,324.8
2022-11-14,Bajra,Haryana,Hisar Mandi,3618.1,4078.1,3848.1,317.4
2022-11-21,Bajra,Haryana,Hisar Mandi,3541.2,3970.0,3755.6,287.5
2022-11-28,Bajra,Haryana,Hisar Mandi,3525.8,4145.8,3835.8,229.7
2022-12-05,Bajra,Haryana,Hisar Mandi,3585.3,4270.1,3927.7,278.6
2022-12-12,Bajra,Haryana,Hisar Mandi,3411.2,3997.2,3704.2,244.2
2022-12-19,Bajra,Haryana,Hisar Mandi,3756.3,4227.5,3991.9,356.4
2022-12-26,Bajra,Haryana,Hisar Mandi,3834.0,4157.4,3995.7,280.6
2023-01-02,Bajra,Haryana,Hisar Mandi,3346.6,3989.0,3667.8,218.8
2023-01-09,Bajra,Haryana,Hisar Mandi,3595.8,4262.8,3929.3,211.3
2023-01-16,Bajra,Haryana,Hisar Mandi,3301.6,3738.8,3520.2,283.7
2023-01-23,Bajra,Haryana,Hisar Mandi,3685.5,4065.1,3875.3,338.1
2023-01-30,Bajra,Haryana,Hisar Mandi,3629.6,4262.2,3945.9,223.8
2023-02-06,Bajra,Haryana,Hisar Mandi,3325.6,3820.6,3573.1,302.0
2023-02-13,Bajra,Haryana,Hisar Mandi,3694.3,4279.7,3987.0,334.0
2023-02-20,Bajra,Haryana,Hisar Mandi,3264.4,3857.4,3560.9,265.2
2023-02-27,Bajra,Haryana,Hisar Mandi,3658.2,4001.2,3829.7,222.0
2023-03-06,Bajra,Haryana,Hisar Mandi,3678.3,4149.7,3914.0,259.0
2023-03-13,Bajra,Haryana,Hisar Mandi,3652.1,3988.3,3820.2,356.0
2023-03-20,Bajra,Haryana,Hisar Mandi,3394.0,3875.4,3634.7,316.5
2023-03-27,Bajra,Haryana,Hisar Mandi,3496.2,3873.0,3684.6,314.9
2023-04-03,Bajra,Haryana,Hisar Mandi,3443.6,3776.2,3609.9,244.8
2023-04-10,Bajra,Haryana,Hisar Mandi,3671.1,4035.7,3853.4,269.8
2023-04-17,Bajra,Haryana,Hisar Mandi,3776.2,4186.8,3981.5,252.8
2023-04-24,Bajra,Haryana,Hisar Mandi,3367.8,3739.2,3553.5,288.2
2023-05-01,Bajra,Haryana,Hisar Mandi,3526.7,4221.5,3874.1,271.5
2023-05-08,Bajra,Haryana,Hisar Mandi,3391.9,3916.3,3654.1,216.8
2023-05-15,Bajra,Haryana,Hisar Mandi,3436.3,3783.1,3609.7,249.1
2023-05-22,Bajra,Haryana,Hisar Mandi,3886.3,4212.1,4049.2,212.7
2023-05-29,Bajra,Haryana,Hisar Mandi,3577.6,4145.4,3861.5,331.3
2023-06-05,Bajra,Haryana,Hisar Mandi,3539.2,4017.6,3778.4,306.5
2023-06-12,Bajra,Haryana,Hisar Mandi,3622.3,3976.9,3799.6,236.8
2023-06-19,Bajra,Haryana,Hisar Mandi,3343.5,3992.3,3667.9,218.7
2023-06-26,Bajra,Haryana,Hisar Mandi,3760.8,4296.8,4028.8,254.9
2023-07-03,Bajra,Haryana,Hisar Mandi,3461.8,3938.8,3700.3,287.0
2023-07-10,Bajra,Haryana,Hisar Mandi,3352.3,3839.1,3595.7,331.4
2023-07-17,Bajra,Haryana,Hisar Mandi,3758.3,4295.3,4026.8,280.2
2023-07-24,Bajra,Haryana,Hisar Mandi,3673.6,4180.6,3927.1,352.1
2023-07-31,Bajra,Haryana,Hisar Mandi,3433.2,3946.8,3690.0,248.9
2023-08-07,Bajra,Haryana,Hisar Mandi,3914.2,4321.6,4117.9,320.6
2023-08-14,Bajra,Haryana,Hisar Mandi,3407.5,3933.5,3670.5,236.3
2023-08-21,Bajra,Haryana,Hisar Mandi,3452.9,3930.3,3691.6,234.9
2023-08-28,Bajra,Haryana,Hisar Mandi,3849.4,4401.4,4125.4,312.9
2023-09-04,Bajra,Haryana,Hisar Mandi,2646.3,2977.5,2811.9,539.1
2023-09-11,Bajra,Haryana,Hisar Mandi,2728.6,3028.6,2878.6,675.1
2023-09-18,Bajra,Haryana,Hisar Mandi,2654.2,2906.6,2780.4,456.0
2023-09-25,Bajra,Haryana,Hisar Mandi,2585.2,3090.8,2838.0,511.9
2023-10-02,Bajra,Haryana,Hisar Mandi,2827.1,3138.9,2983.0,438.0
2023-10-09,Bajra,Haryana,Hisar Mandi,2631.9,3043.7,2837.8,485.6
2023-10-16,Bajra,Haryana,Hisar Mandi,2791.0,3110.0,2950.5,550.6
2023-10-23,Bajra,Haryana,Hisar Mandi,2563.1,2970.7,2766.9,678.2
2023-10-30,Bajra,Haryana,Hisar Mandi,2869.7,3282.3,3076.0,513.2
2023-11-06,Bajra,Haryana,Hisar Mandi,3827.4,4251.0,4039.2,313.1
2023-11-13,Bajra,Haryana,Hisar Mandi,3549.8,4014.6,3782.2,323.5
2023-11-20,Bajra,Haryana,Hisar Mandi,3884.8,4325.6,4105.2,275.8
2023-11-27,Bajra,Haryana,Hisar Mandi,3752.6,4306.0,4029.3,243.1
2023-12-04,Bajra,Haryana,Hisar Mandi,3631.8,4058.2,3845.0,300.0
2023-12-11,Bajra,Haryana,Hisar Mandi,3966.6,4483.6,4225.1,350.4
2023-12-18,Bajra,Haryana,Hisar Mandi,3765.7,4091.1,3928.4,316.0
2023-12-25,Bajra,Haryana,Hisar Mandi,3629.7,3934.9,3782.3,251.4
2015-01-05,Bajra,Punjab,Bathinda Mandi,2173.6,2359.4,2266.5,317.0
2015-01-12,Bajra,Punjab,Bathinda Mandi,2176.1,2445.9,2311.0,363.2
2015-01-19,Bajra,Punjab,Bathinda Mandi,2093.7,2450.7,2272.2,219.5
2015-01-26,Bajra,Punjab,Bathinda Mandi,2174.5,2411.5,2293.0,280.8
2015-02-02,Bajra,Punjab,Bathinda Mandi,2051.9,2425.7,2238.8,210.6
2015-02-09,Bajra,Punjab,Bathinda Mandi,2252.9,2494.3,2373.6,353.9
2015-02-16,Bajra,Punjab,Bathinda Mandi,2404.6,2654.0,2529.3,363.8
2015-02-23,Bajra,Punjab,Bathinda Mandi,2167.4,2453.6,2310.5,291.5
2015-03-02,Bajra,Punjab,Bathinda Mandi,2165.4,2371.6,2268.5,266.8
2015-03-09,Bajra,Punjab,Bathinda Mandi,2105.9,2342.5,2224.2,310.0
2015-03-16,Bajra,Punjab,Bathinda Mandi,2313.3,2564.3,2438.8,249.3
2015-03-23,Bajra,Punjab,Bathinda Mandi,2258.6,2684.6,2471.6,233.5
2015-03-30,Bajra,Punjab,Bathinda Mandi,2378.0,2720.4,2549.2,216.9
2015-04-06,Bajra,Punjab,Bathinda Mandi,2267.5,2638.9,2453.2,242.0
2015-04-13,Bajra,Punjab,Bathinda Mandi,2102.1,2419.3,2260.7,243.0
2015-04-20,Bajra,Punjab,Bathinda Mandi,2141.5,2409.3,2275.4,214.6
2015-04-27,Bajra,Punjab,Bathinda Mandi,2274.9,2633.3,2454.1,296.3
2015-05-04,Bajra,Punjab,Bathinda Mandi,2108.4,2451.0,2279.7,343.8
2015-05-11,Bajra,Punjab,Bathinda Mandi,2271.6,2514.6,2393.1,266.3
2015-05-18,Bajra,Punjab,Bathinda Mandi,2308.4,2624.4,2466.4,360.2
2015-05-25,Bajra,Punjab,Bathinda Mandi,2157.6,2369.8,2263.7,227.6
2015-06-01,Bajra,Punjab,Bathinda Mandi,2196.8,2518.6,2357.7,279.8
2015-06-08,Bajra,Punjab,Bathinda Mandi,2290.4,2615.6,2453.0,284.2
2015-06-15,Bajra,Punjab,Bathinda Mandi,2285.9,2735.5,2510.7,322.4
2015-06-22,Bajra,Punjab,Bathinda Mandi,2184.9,2507.3,2346.1,238.0
2015-06-29,Bajra,Punjab,Bathinda Mandi,2360.6,2719.8,2540.2,282.4
2015-07-06,Bajra,Punjab,Bathinda Mandi,2230.0,2597.8,2413.9,263.3
2015-07-13,Bajra,Punjab,Bathinda Mandi,2454.5,2718.7,2586.6,271.0
2015-07-20,Bajra,Punjab,Bathinda Mandi,2325.8,2581.4,2453.6,362.6
2015-07-27,Bajra,Punjab,Bathinda Mandi,2215.9,2495.1,2355.5,327.9
2015-08-03,Bajra,Punjab,Bathinda Mandi,2427.6,2732.2,2579.9,338.8
2015-08-10,Bajra,Punjab,Bathinda Mandi,2327.0,2545.4,2436.2,315.8
2015-08-17,Bajra,Punjab,Bathinda Mandi,2119.2,2512.4,2315.8,296.9
2015-08-24,Bajra,Punjab,Bathinda Mandi,2161.6,2437.6,2299.6,217.3
2015-08-31,Bajra,Punjab,Bathinda Mandi,2138.2,2474.6,2306.4,215.9
2015-09-07,Bajra,Punjab,Bathinda Mandi,1623.6,1835.8,1729.7,523.6
2015-09-14,Bajra,Punjab,Bathinda Mandi,1744.5,1991.5,1868.0,656.4
2015-09-21,Bajra,Punjab,Bathinda Mandi,1741.1,2078.3,1909.7,482.2
2015-09-28,Bajra,Punjab,Bathinda Mandi,1668.9,1810.9,1739.9,595.0
2015-10-05,Bajra,Punjab,Bathinda Mandi,1687.9,1871.1,1779.5,431.9
2015-10-12,Bajra,Punjab,Bathinda Mandi,1721.0,1867.8,1794.4,677.9
2015-10-19,Bajra,Punjab,Bathinda Mandi,1587.2,1828.6,1707.9,527.7
2015-10-26,Bajra,Punjab,Bathinda Mandi,1798.1,1964.1,1881.1,481.1
2015-11-02,Bajra,Punjab,Bathinda Mandi,2251.2,2490.2,2370.7,339.0
2015-11-09,Bajra,Punjab,Bathinda Mandi,2447.7,2759.1,2603.4,260.1
2015-11-16,Bajra,Punjab,Bathinda Mandi,2234.6,2465.6,2350.1,246.3
2015-11-23,Bajra,Punjab,Bathinda Mandi,2366.9,2680.1,2523.5,350.5
2015-11-30,Bajra,Punjab,Bathinda Mandi,2223.9,2549.3,2386.6,331.8
2015-12-07,Bajra,Punjab,Bathinda Mandi,2433.1,2842.3,2637.7,345.3
2015-12-14,Bajra,Punjab,Bathinda Mandi,2295.5,2677.9,2486.7,263.8
2015-12-21,Bajra,Punjab,Bathinda Mandi,2449.7,2817.7,2633.7,291.9
2015-12-28,Bajra,Punjab,Bathinda Mandi,2312.9,2529.7,2421.3,337.5
2016-01-04,Bajra,Punjab,Bathinda Mandi,2458.6,2760.6,2609.6,324.0
2016-01-11,Bajra,Punjab,Bathinda Mandi,2136.3,2535.5,2335.9,257.4
2016-01-18,Bajra,Punjab,Bathinda Mandi,2389.2,2648.8,2519.0,296.5
2016-01-25,Bajra,Punjab,Bathinda Mandi,2301.2,2510.2,2405.7,230.9
2016-02-01,Bajra,Punjab,Bathinda Mandi,2425.6,2791.8,2608.7,260.4
2016-02-08,Bajra,Punjab,Bathinda Mandi,2249.3,2506.1,2377.7,363.9
2016-02-15,Bajra,Punjab,Bathinda Mandi,2431.4,2651.0,2541.2,275.2
2016-02-22,Bajra,Punjab,Bathinda Mandi,2543.7,2808.7,2676.2,353.6
2016-02-29,Bajra,Punjab,Bathinda Mandi,2221.5,2596.5,2409.0,231.1
2016-03-07,Bajra,Punjab,Bathinda Mandi,2219.7,2509.3,2364.5,253.8
2016-03-14,Bajra,Punjab,Bathinda Mandi,2258.7,2585.7,2422.2,352.7
2016-03-21,Bajra,Punjab,Bathinda Mandi,2425.5,2696.5,2561.0,304.2
2016-03-28,Bajra,Punjab,Bathinda Mandi,2335.4,2706.0,2520.7,237.2
2016-04-04,Bajra,Punjab,Bathinda Mandi,2497.9,2720.3,2609.1,264.7
2016-04-11,Bajra,Punjab,Bathinda Mandi,2288.9,2636.9,2462.9,321.2
2016-04-18,Bajra,Punjab,Bathinda Mandi,2310.6,2621.8,2466.2,343.8
2016-04-25,Bajra,Punjab,Bathinda Mandi,2504.6,2834.6,2669.6,216.9
2016-05-02,Bajra,Punjab,Bathinda Mandi,2465.9,2882.5,2674.2,334.6
2016-05-09,Bajra,Punjab,Bathinda Mandi,2418.6,2789.0,2603.8,289.5
2016-05-16,Bajra,Punjab,Bathinda Mandi,2282.5,2494.3,2388.4,306.1
2016-05-23,Bajra,Punjab,Bathinda Mandi,2441.6,2652.6,2547.1,279.7
2016-05-30,Bajra,Punjab,Bathinda Mandi,2517.5,2895.9,2706.7,320.0
2016-06-06,Bajra,Punjab,Bathinda Mandi,2515.5,2903.5,2709.5,245.0
2016-06-13,Bajra,Punjab,Bathinda Mandi,2531.6,2800.4,2666.0,283.8
2016-06-20,Bajra,Punjab,Bathinda Mandi,2570.2,2873.4,2721.8,260.2
2016-06-27,Bajra,Punjab,Bathinda Mandi,2354.5,2598.9,2476.7,263.0
2016-07-04,Bajra,Punjab,Bathinda Mandi,2413.5,2786.9,2600.2,349.0
2016-07-11,Bajra,Punjab,Bathinda Mandi,2410.2,2837.2,2623.7,349.4
2016-07-18,Bajra,Punjab,Bathinda Mandi,2542.0,2950.8,2746.4,295.8
2016-07-25,Bajra,Punjab,Bathinda Mandi,2410.8,2783.2,2597.0,237.0
2016-08-01,Bajra,Punjab,Bathinda Mandi,2273.6,2648.4,2461.0,336.1
2016-08-08,Bajra,Punjab,Bathinda Mandi,2435.6,2702.8,2569.2,307.0
2016-08-15,Bajra,Punjab,Bathinda Mandi,2328.2,2654.6,2491.4,236.6
2016-08-22,Bajra,Punjab,Bathinda Mandi,2613.1,2836.7,2724.9,221.1
2016-08-29,Bajra,Punjab,Bathinda Mandi,2559.7,2961.7,2760.7,306.5
2016-09-05,Bajra,Punjab,Bathinda Mandi,1759.9,2068.5,1914.2,456.0
2016-09-12,Bajra,Punjab,Bathinda Mandi,1887.2,2139.4,2013.3,546.7
2016-09-19,Bajra,Punjab,Bathinda Mandi,1693.4,1935.4,1814.4,477.4
2016-09-26,Bajra,Punjab,Bathinda Mandi,1847.9,2034.5,1941.2,675.1
2016-10-03,Bajra,Punjab,Bathinda Mandi,1880.4,2043.6,1962.0,698.1
2016-10-10,Bajra,Punjab,Bathinda Mandi,1720.6,1945.8,1833.2,671.7
2016-10-17,Bajra,Punjab,Bathinda Mandi,1945.2,2117.8,2031.5,448.0
2016-10-24,Bajra,Punjab,Bathinda Mandi,1913.2,2145.8,2029.5,599.7
2016-10-31,Bajra,Punjab,Bathinda Mandi,1931.0,2140.4,2035.7,700.7
2016-11-07,Bajra,Punjab,Bathinda Mandi,2596.0,2839.0,2717.5,317.3
2016-11-14,Bajra,Punjab,Bathinda Mandi,2334.7,2689.1,2511.9,220.9
2016-11-21,Bajra,Punjab,Bathinda Mandi,2333.3,2654.1,2493.7,304.5
2016-11-28,Bajra,Punjab,Bathinda Mandi,2470.5,2862.7,2666.6,266.1
2016-12-05,Bajra,Punjab,Bathinda Mandi,2416.9,2692.3,2554.6,278.0
2016-12-12,Bajra,Punjab,Bathinda Mandi,2446.3,2680.5,2563.4,317.5
2016-12-19,Bajra,Punjab,Bathinda Mandi,2599.5,2818.1,2708.8,289.7
2016-12-26,Bajra,Punjab,Bathinda Mandi,2434.6,2824.8,2629.7,339.2
2017-01-02,Bajra,Punjab,Bathinda Mandi,2577.3,2947.9,2762.6,327.5
2017-01-09,Bajra,Punjab,Bathinda Mandi,2550.1,2989.9,2770.0,216.8
2017-01-16,Bajra,Punjab,Bathinda Mandi,2616.6,3001.6,2809.1,313.8
2017-01-23,Bajra,Punjab,Bathinda Mandi,2517.0,2906.8,2711.9,239.5
2017-01-30,Bajra,Punjab,Bathinda Mandi,2388.6,2619.0,2503.8,249.1
2017-02-06,Bajra,Punjab,Bathinda Mandi,2642.9,2978.5,2810.7,297.0
2017-02-13,Bajra,Punjab,Bathinda Mandi,2537.4,2991.8,2764.6,249.4
2017-02-20,Bajra,Punjab,Bathinda Mandi,2350.6,2667.2,2508.9,231.9
2017-02-27,Bajra,Punjab,Bathinda Mandi,2428.2,2693.4,2560.8,312.0
2017-03-06,Bajra,Punjab,Bathinda Mandi,2506.3,2845.5,2675.9,353.1
2017-03-13,Bajra,Punjab,Bathinda Mandi,2590.8,2888.6,2739.7,258.1
2017-03-20,Bajra,Punjab,Bathinda Mandi,2384.5,2645.5,2515.0,264.7
2017-03-27,Bajra,Punjab,Bathinda Mandi,2709.2,2975.4,2842.3,261.2
2017-04-03,Bajra,Punjab,Bathinda Mandi,2514.4,2942.2,2728.3,279.1
2017-04-10,Bajra,Punjab,Bathinda Mandi,2341.8,2783.0,2562.4,321.0
2017-04-17,Bajra,Punjab,Bathinda Mandi,2489.3,2848.7,2669.0,313.9
2017-04-24,Bajra,Punjab,Bathinda Mandi,2334.1,2680.7,2507.4,326.9
2017-05-01,Bajra,Punjab,Bathinda Mandi,2630.2,2894.0,2762.1,350.7
2017-05-08,Bajra,Punjab,Bathinda Mandi,2632.3,3028.1,2830.2,314.8
2017-05-15,Bajra,Punjab,Bathinda Mandi,2621.5,3075.1,2848.3,322.1
2017-05-22,Bajra,Punjab,Bathinda Mandi,2448.3,2778.9,2613.6,292.3
2017-05-29,Bajra,Punjab,Bathinda Mandi,2705.4,3011.0,2858.2,315.2
2017-06-05,Bajra,Punjab,Bathinda Mandi,2498.8,2720.4,2609.6,300.4
2017-06-12,Bajra,Punjab,Bathinda Mandi,2487.6,2839.6,2663.6,221.6
2017-06-19,Bajra,Punjab,Bathinda Mandi,2647.3,3071.5,2859.4,222.4
2017-06-26,Bajra,Punjab,Bathinda Mandi,2433.0,2787.2,2610.1,227.7
2017-07-03,Bajra,Punjab,Bathinda Mandi,2599.7,3095.9,2847.8,211.8
2017-07-10,Bajra,Punjab,Bathinda Mandi,2778.3,3035.9,2907.1,295.4
2017-07-17,Bajra,Punjab,Bathinda Mandi,2407.6,2759.0,2583.3,212.5
2017-07-24,Bajra,Punjab,Bathinda Mandi,2546.1,2779.5,2662.8,294.7
2017-07-31,Bajra,Punjab,Bathinda Mandi,2585.7,2958.9,2772.3,277.2
2017-08-07,Bajra,Punjab,Bathinda Mandi,2608.8,3041.0,2824.9,360.9
2017-08-14,Bajra,Punjab,Bathinda Mandi,2377.8,2789.4,2583.6,265.7
2017-08-21,Bajra,Punjab,Bathinda Mandi,2437.6,2762.2,2599.9,322.8
2017-08-28,Bajra,Punjab,Bathinda Mandi,2634.0,2991.2,2812.6,279.0
2017-09-04,Bajra,Punjab,Bathinda Mandi,1845.5,2068.7,1957.1,542.7
2017-09-11,Bajra,Punjab,Bathinda Mandi,1863.3,2205.9,2034.6,485.0
2017-09-18,Bajra,Punjab,Bathinda Mandi,1748.8,2018.8,1883.8,428.1
2017-09-25,Bajra,Punjab,Bathinda Mandi,1801.4,2091.0,1946.2,412.6
2017-10-02,Bajra,Punjab,Bathinda Mandi,1790.8,2112.2,1951.5,413.6
2017-10-09,Bajra,Punjab,Bathinda Mandi,1817.5,2066.9,1942.2,482.5
2017-10-16,Bajra,Punjab,Bathinda Mandi,1964.5,2187.9,2076.2,626.4
2017-10-23,Bajra,Punjab,Bathinda Mandi,1964.1,2221.1,2092.6,484.4
2017-10-30,Bajra,Punjab,Bathinda Mandi,1848.2,2103.6,1975.9,665.1
2017-11-06,Bajra,Punjab,Bathinda Mandi,2539.7,2798.5,2669.1,216.7
2017-11-13,Bajra,Punjab,Bathinda Mandi,2483.7,2830.3,2657.0,236.2
2017-11-20,Bajra,Punjab,Bathinda Mandi,2623.9,2853.9,2738.9,294.6
2017-11-27,Bajra,Punjab,Bathinda Mandi,2631.7,3009.9,2820.8,240.1
2017-12-04,Bajra,Punjab,Bathinda Mandi,2721.1,3227.3,2974.2,357.5
2017-12-11,Bajra,Punjab,Bathinda Mandi,2523.3,2773.3,2648.3,225.5
2017-12-18,Bajra,Punjab,Bathinda Mandi,2453.8,2872.6,2663.2,346.9
2017-12-25,Bajra,Punjab,Bathinda Mandi,2648.6,2880.2,2764.4,356.0
2018-01-01,Bajra,Punjab,Bathinda Mandi,2691.1,3123.5,2907.3,359.0
2018-01-08,Bajra,Punjab,Bathinda Mandi,2608.0,2922.0,2765.0,253.4
2018-01-15,Bajra,Punjab,Bathinda Mandi,2704.6,3176.8,2940.7,250.1
2018-01-22,Bajra,Punjab,Bathinda Mandi,2777.7,3151.9,2964.8,340.8
2018-01-29,Bajra,Punjab,Bathinda Mandi,2452.7,2913.1,2682.9,363.9
2018-02-05,Bajra,Punjab,Bathinda Mandi,2804.5,3112.5,2958.5,236.2
2018-02-12,Bajra,Punjab,Bathinda Mandi,2557.4,2885.8,2721.6,316.6
2018-02-19,Bajra,Punjab,Bathinda Mandi,2505.9,2746.5,2626.2,361.2
2018-02-26,Bajra,Punjab,Bathinda Mandi,2606.7,3083.5,2845.1,301.8
2018-03-05,Bajra,Punjab,Bathinda Mandi,2696.1,3114.7,2905.4,234.0
2018-03-12,Bajra,Punjab,Bathinda Mandi,2473.7,2805.3,2639.5,316.5
2018-03-19,Bajra,Punjab,Bathinda Mandi,2593.0,2833.2,2713.1,333.2
2018-03-26,Bajra,Punjab,Bathinda Mandi,2742.3,3252.1,2997.2,311.0
2018-04-02,Bajra,Punjab,Bathinda Mandi,2779.2,3080.2,2929.7,299.4
2018-04-09,Bajra,Punjab,Bathinda Mandi,2799.5,3126.9,2963.2,210.0
2018-04-16,Bajra,Punjab,Bathinda Mandi,2621.4,3067.2,2844.3,309.8
2018-04-23,Bajra,Punjab,Bathinda Mandi,2583.5,2896.9,2740.2,312.1
2018-04-30,Bajra,Punjab,Bathinda Mandi,2608.1,3039.3,2823.7,319.7
2018-05-07,Bajra,Punjab,Bathinda Mandi,2842.1,3099.9,2971.0,270.8
2018-05-14,Bajra,Punjab,Bathinda Mandi,2840.9,3234.9,3037.9,280.9
2018-05-21,Bajra,Punjab,Bathinda Mandi,2668.6,3051.8,2860.2,323.9
2018-05-28,Bajra,Punjab,Bathinda Mandi,2690.0,3191.8,2940.9,215.6
2018-06-04,Bajra,Punjab,Bathinda Mandi,2499.0,2842.4,2670.7,279.0
2018-06-11,Bajra,Punjab,Bathinda Mandi,2641.7,3027.9,2834.8,307.0
2018-06-18,Bajra,Punjab,Bathinda Mandi,2624.7,3129.5,2877.1,249.3
2018-06-25,Bajra,Punjab,Bathinda Mandi,2792.9,3306.5,3049.7,343.9
2018-07-02,Bajra,Punjab,Bathinda Mandi,2495.4,2985.6,2740.5,261.8
2018-07-09,Bajra,Punjab,Bathinda Mandi,2628.2,2965.4,2796.8,241.1
2018-07-16,Bajra,Punjab,Bathinda Mandi,2822.0,3271.8,3046.9,326.4
2018-07-23,Bajra,Punjab,Bathinda Mandi,2756.9,3228.7,2992.8,329.6
2018-07-30,Bajra,Punjab,Bathinda Mandi,2617.6,2921.8,2769.7,224.6
2018-08-06,Bajra,Punjab,Bathinda Mandi,2576.0,3077.8,2826.9,337.5
2018-08-13,Bajra,Punjab,Bathinda Mandi,2557.4,2871.4,2714.4,342.9
2018-08-20,Bajra,Punjab,Bathinda Mandi,2673.1,2906.3,2789.7,285.6
2018-08-27,Bajra,Punjab,Bathinda Mandi,2768.0,3231.4,2999.7,301.9
2018-09-03,Bajra,Punjab,Bathinda Mandi,2060.2,2322.0,2191.1,421.9
2018-09-10,Bajra,Punjab,Bathinda Mandi,2048.0,2417.2,2232.6,559.1
2018-09-17,Bajra,Punjab,Bathinda Mandi,2062.3,2277.7,2170.0,491.4
2018-09-24,Bajra,Punjab,Bathinda Mandi,2091.3,2363.3,2227.3,619.9
2018-10-01,Bajra,Punjab,Bathinda Mandi,2042.2,2430.0,2236.1,629.7
2018-10-08,Bajra,Punjab,Bathinda Mandi,1862.0,2126.0,1994.0,462.6
2018-10-15,Bajra,Punjab,Bathinda Mandi,2029.3,2363.9,2196.6,579.8
2018-10-22,Bajra,Punjab,Bathinda Mandi,1986.2,2261.2,2123.7,585.5
2018-10-29,Bajra,Punjab,Bathinda Mandi,2045.9,2257.3,2151.6,541.4
2018-11-05,Bajra,Punjab,Bathinda Mandi,2655.1,3124.1,2889.6,336.5
2018-11-12,Bajra,Punjab,Bathinda Mandi,2577.1,3038.3,2807.7,349.4
2018-11-19,Bajra,Punjab,Bathinda Mandi,2708.5,3206.3,2957.4,261.6
2018-11-26,Bajra,Punjab,Bathinda Mandi,2647.3,3042.1,2844.7,260.9
2018-12-03,Bajra,Punjab,Bathinda Mandi,2590.8,2949.4,2770.1,283.2
2018-12-10,Bajra,Punjab,Bathinda Mandi,2981.9,3283.9,3132.9,303.3
2018-12-17,Bajra,Punjab,Bathinda Mandi,2748.3,3256.3,3002.3,236.2
2018-12-24,Bajra,Punjab,Bathinda Mandi,2884.2,3429.0,3156.6,251.1
2018-12-31,Bajra,Punjab,Bathinda Mandi,2966.3,3304.1,3135.2,214.5
2019-01-07,Bajra,Punjab,Bathinda Mandi,2639.1,2930.1,2784.6,318.9
2019-01-14,Bajra,Punjab,Bathinda Mandi,2715.3,3249.5,2982.4,333.0
2019-01-21,Bajra,Punjab,Bathinda Mandi,2758.4,3102.0,2930.2,303.4
2019-01-28,Bajra,Punjab,Bathinda Mandi,2898.7,3195.1,3046.9,341.5
2019-02-04,Bajra,Punjab,Bathinda Mandi,2795.5,3342.7,3069.1,297.6
2019-02-11,Bajra,Punjab,Bathinda Mandi,2612.8,2992.8,2802.8,215.6
2019-02-18,Bajra,Punjab,Bathinda Mandi,2692.8,2985.8,2839.3,325.5
2019-02-25,Bajra,Punjab,Bathinda Mandi,2791.5,3050.5,2921.0,296.9
2019-03-04,Bajra,Punjab,Bathinda Mandi,2797.4,3033.4,2915.4,363.9
2019-03-11,Bajra,Punjab,Bathinda Mandi,2966.9,3291.9,3129.4,356.3
2019-03-18,Bajra,Punjab,Bathinda Mandi,3043.1,3343.9,3193.5,279.7
2019-03-25,Bajra,Punjab,Bathinda Mandi,2749.4,3204.0,2976.7,264.0
2019-04-01,Bajra,Punjab,Bathinda Mandi,2936.9,3340.9,3138.9,292.2
2019-04-08,Bajra,Punjab,Bathinda Mandi,2997.3,3261.1,3129.2,349.2
2019-04-15,Bajra,Punjab,Bathinda Mandi,2873.3,3160.9,3017.1,279.5
2019-04-22,Bajra,Punjab,Bathinda Mandi,2878.3,3383.7,3131.0,259.6
2019-04-29,Bajra,Punjab,Bathinda Mandi,3059.3,3359.9,3209.6,307.9
2019-05-06,Bajra,Punjab,Bathinda Mandi,2677.4,3187.8,2932.6,308.8
2019-05-13,Bajra,Punjab,Bathinda Mandi,2806.0,3206.0,3006.0,270.5
2019-05-20,Bajra,Punjab,Bathinda Mandi,2843.2,3186.8,3015.0,238.0
2019-05-27,Bajra,Punjab,Bathinda Mandi,2825.6,3135.6,2980.6,283.4
2019-06-03,Bajra,Punjab,Bathinda Mandi,2915.1,3353.3,3134.2,223.8
2019-06-10,Bajra,Punjab,Bathinda Mandi,2934.5,3477.3,3205.9,353.0
2019-06-17,Bajra,Punjab,Bathinda Mandi,3052.2,3411.6,3231.9,282.8
2019-06-24,Bajra,Punjab,Bathinda Mandi,2955.7,3356.7,3156.2,248.3
2019-07-01,Bajra,Punjab,Bathinda Mandi,2911.0,3318.8,3114.9,352.3
2019-07-08,Bajra,Punjab,Bathinda Mandi,2752.2,3151.2,2951.7,268.5
2019-07-15,Bajra,Punjab,Bathinda Mandi,2864.5,3299.3,3081.9,240.0
2019-07-22,Bajra,Punjab,Bathinda Mandi,2886.1,3407.9,3147.0,328.1
2019-07-29,Bajra,Punjab,Bathinda Mandi,2701.9,3048.5,2875.2,332.3
2019-08-05,Bajra,Punjab,Bathinda Mandi,2675.1,3061.3,2868.2,350.3
2019-08-12,Bajra,Punjab,Bathinda Mandi,2783.5,3019.9,2901.7,314.2
2019-08-19,Bajra,Punjab,Bathinda Mandi,2976.5,3358.5,3167.5,298.7
2019-08-26,Bajra,Punjab,Bathinda Mandi,2974.1,3443.5,3208.8,233.2
2019-09-02,Bajra,Punjab,Bathinda Mandi,2112.0,2489.8,2300.9,518.2
2019-09-09,Bajra,Punjab,Bathinda Mandi,2129.4,2491.6,2310.5,592.8
2019-09-16,Bajra,Punjab,Bathinda Mandi,2058.5,2310.9,2184.7,422.7
2019-09-23,Bajra,Punjab,Bathinda Mandi,2068.3,2285.3,2176.8,457.5
2019-09-30,Bajra,Punjab,Bathinda Mandi,2005.9,2256.5,2131.2,650.2
2019-10-07,Bajra,Punjab,Bathinda Mandi,2142.8,2521.8,2332.3,599.2
2019-10-14,Bajra,Punjab,Bathinda Mandi,2243.7,2609.9,2426.8,560.9
2019-10-21,Bajra,Punjab,Bathinda Mandi,2293.5,2554.5,2424.0,502.8
2019-10-28,Bajra,Punjab,Bathinda Mandi,2173.3,2503.3,2338.3,422.9
2019-11-04,Bajra,Punjab,Bathinda Mandi,2964.0,3350.6,3157.3,250.3
2019-11-11,Bajra,Punjab,Bathinda Mandi,2977.6,3428.8,3203.2,362.7
2019-11-18,Bajra,Punjab,Bathinda Mandi,3031.1,3364.5,3197.8,351.7
2019-11-25,Bajra,Punjab,Bathinda Mandi,2833.1,3371.9,3102.5,363.7
2019-12-02,Bajra,Punjab,Bathinda Mandi,3064.6,3466.4,3265.5,249.3
2019-12-09,Bajra,Punjab,Bathinda Mandi,2922.2,3218.4,3070.3,344.4
2019-12-16,Bajra,Punjab,Bathinda Mandi,2746.3,3137.9,2942.1,210.1
2019-12-23,Bajra,Punjab,Bathinda Mandi,2911.5,3444.7,3178.1,295.7
2019-12-30,Bajra,Punjab,Bathinda Mandi,3039.7,3389.9,3214.8,342.0
2020-01-06,Bajra,Punjab,Bathinda Mandi,2863.5,3219.3,3041.4,312.7
2020-01-13,Bajra,Punjab,Bathinda Mandi,2963.3,3515.9,3239.6,262.3
2020-01-20,Bajra,Punjab,Bathinda Mandi,3019.4,3545.0,3282.2,352.3
2020-01-27,Bajra,Punjab,Bathinda Mandi,2975.8,3368.2,3172.0,211.0
2020-02-03,Bajra,Punjab,Bathinda Mandi,3053.1,3484.9,3269.0,240.2
2020-02-10,Bajra,Punjab,Bathinda Mandi,3050.3,3327.1,3188.7,312.8
2020-02-17,Bajra,Punjab,Bathinda Mandi,2808.8,3091.6,2950.2,245.4
2020-02-24,Bajra,Punjab,Bathinda Mandi,2954.3,3231.7,3093.0,212.8
2020-03-02,Bajra,Punjab,Bathinda Mandi,2959.5,3413.5,3186.5,243.6
2020-03-09,Bajra,Punjab,Bathinda Mandi,3220.0,3561.4,3390.7,348.2
2020-03-16,Bajra,Punjab,Bathinda Mandi,3080.9,3644.3,3362.6,283.9
2020-03-23,Bajra,Punjab,Bathinda Mandi,3210.9,3568.5,3389.7,246.4
2020-03-30,Bajra,Punjab,Bathinda Mandi,2878.5,3348.5,3113.5,356.0
2020-04-06,Bajra,Punjab,Bathinda Mandi,2808.0,3346.6,3077.3,328.0
2020-04-13,Bajra,Punjab,Bathinda Mandi,2894.0,3459.2,3176.6,258.4
2020-04-20,Bajra,Punjab,Bathinda Mandi,2943.7,3213.7,3078.7,314.0
2020-04-27,Bajra,Punjab,Bathinda Mandi,3091.2,3552.6,3321.9,311.9
2020-05-04,Bajra,Punjab,Bathinda Mandi,2844.8,3357.0,3100.9,286.6
2020-05-11,Bajra,Punjab,Bathinda Mandi,2963.5,3406.5,3185.0,271.3
2020-05-18,Bajra,Punjab,Bathinda Mandi,2763.4,3230.6,2997.0,216.0
2020-05-25,Bajra,Punjab,Bathinda Mandi,2824.1,3204.9,3014.5,282.3
2020-06-01,Bajra,Punjab,Bathinda Mandi,2970.3,3226.1,3098.2,318.2
2020-06-08,Bajra,Punjab,Bathinda Mandi,2974.8,3421.4,3198.1,248.9
2020-06-15,Bajra,Punjab,Bathinda Mandi,3077.7,3482.3,3280.0,273.1
2020-06-22,Bajra,Punjab,Bathinda Mandi,3150.7,3690.7,3420.7,224.0
2020-06-29,Bajra,Punjab,Bathinda Mandi,2976.9,3284.5,3130.7,341.5
2020-07-06,Bajra,Punjab,Bathinda Mandi,2993.4,3321.4,3157.4,281.4
2020-07-13,Bajra,Punjab,Bathinda Mandi,3247.6,3639.8,3443.7,283.0
2020-07-20,Bajra,Punjab,Bathinda Mandi,3245.2,3538.6,3391.9,228.6
2020-07-27,Bajra,Punjab,Bathinda Mandi,3299.4,3595.4,3447.4,350.9
2020-08-03,Bajra,Punjab,Bathinda Mandi,3034.5,3472.7,3253.6,243.2
2020-08-10,Bajra,Punjab,Bathinda Mandi,3119.6,3602.2,3360.9,259.6
2020-08-17,Bajra,Punjab,Bathinda Mandi,3226.7,3505.9,3366.3,270.1
2020-08-24,Bajra,Punjab,Bathinda Mandi,2956.7,3433.1,3194.9,329.6
2020-08-31,Bajra,Punjab,Bathinda Mandi,2991.9,3403.1,3197.5,240.9
2020-09-07,Bajra,Punjab,Bathinda Mandi,2316.3,2687.7,2502.0,559.6
2020-09-14,Bajra,Punjab,Bathinda Mandi,2244.7,2523.3,2384.0,658.4
2020-09-21,Bajra,Punjab,Bathinda Mandi,2293.9,2683.9,2488.9,617.7
2020-09-28,Bajra,Punjab,Bathinda Mandi,2182.1,2449.7,2315.9,479.4
2020-10-05,Bajra,Punjab,Bathinda Mandi,2215.8,2503.8,2359.8,688.0
2020-10-12,Bajra,Punjab,Bathinda Mandi,2270.2,2551.4,2410.8,551.5
2020-10-19,Bajra,Punjab,Bathinda Mandi,2220.9,2464.5,2342.7,448.0
2020-10-26,Bajra,Punjab,Bathinda Mandi,2284.5,2532.1,2408.3,458.1
2020-11-02,Bajra,Punjab,Bathinda Mandi,2943.3,3459.5,3201.4,321.4
2020-11-09,Bajra,Punjab,Bathinda Mandi,2897.8,3336.4,3117.1,270.1
2020-11-16,Bajra,Punjab,Bathinda Mandi,3202.4,3580.0,3391.2,274.0
2020-11-23,Bajra,Punjab,Bathinda Mandi,3237.8,3688.6,3463.2,234.1
2020-11-30,Bajra,Punjab,Bathinda Mandi,3293.3,3674.1,3483.7,224.4
2020-12-07,Bajra,Punjab,Bathinda Mandi,2860.0,3423.4,3141.7,211.2
2020-12-14,Bajra,Punjab,Bathinda Mandi,3254.9,3562.9,3408.9,218.7
2020-12-21,Bajra,Punjab,Bathinda Mandi,3121.4,3709.2,3415.3,230.5
2020-12-28,Bajra,Punjab,Bathinda Mandi,3250.6,3574.4,3412.5,249.0
2021-01-04,Bajra,Punjab,Bathinda Mandi,3261.0,3639.0,3450.0,278.2
2021-01-11,Bajra,Punjab,Bathinda Mandi,2940.7,3361.5,3151.1,284.7
2021-01-18,Bajra,Punjab,Bathinda Mandi,2999.0,3491.2,3245.1,246.0
2021-01-25,Bajra,Punjab,Bathinda Mandi,3133.3,3428.7,3281.0,236.6
2021-02-01,Bajra,Punjab,Bathinda Mandi,3200.9,3557.3,3379.1,287.2
2021-02-08,Bajra,Punjab,Bathinda Mandi,2996.3,3398.1,3197.2,283.6
2021-02-15,Bajra,Punjab,Bathinda Mandi,3018.9,3298.7,3158.8,302.3
2021-02-22,Bajra,Punjab,Bathinda Mandi,3363.1,3757.1,3560.1,210.6
2021-03-01,Bajra,Punjab,Bathinda Mandi,2916.4,3391.0,3153.7,286.7
2021-03-08,Bajra,Punjab,Bathinda Mandi,3279.1,3772.3,3525.7,246.6
2021-03-15,Bajra,Punjab,Bathinda Mandi,3023.4,3442.0,3232.7,348.1
2021-03-22,Bajra,Punjab,Bathinda Mandi,3078.3,3500.1,3289.2,218.5
2021-03-29,Bajra,Punjab,Bathinda Mandi,3223.3,3639.7,3431.5,360.7
2021-04-05,Bajra,Punjab,Bathinda Mandi,3197.7,3807.1,3502.4,333.8
2021-04-12,Bajra,Punjab,Bathinda Mandi,3049.7,3487.1,3268.4,297.0
2021-04-19,Bajra,Punjab,Bathinda Mandi,3314.0,3630.0,3472.0,353.1
2021-04-26,Bajra,Punjab,Bathinda Mandi,3123.3,3488.9,3306.1,270.6
2021-05-03,Bajra,Punjab,Bathinda Mandi,3248.8,3525.0,3386.9,329.8
2021-05-10,Bajra,Punjab,Bathinda Mandi,3227.8,3729.6,3478.7,354.5
2021-05-17,Bajra,Punjab,Bathinda Mandi,3204.6,3561.8,3383.2,340.7
2021-05-24,Bajra,Punjab,Bathinda Mandi,3242.9,3727.5,3485.2,363.3
2021-05-31,Bajra,Punjab,Bathinda Mandi,3056.2,3657.2,3356.7,320.9
2021-06-07,Bajra,Punjab,Bathinda Mandi,3151.3,3571.5,3361.4,253.3
2021-06-14,Bajra,Punjab,Bathinda Mandi,3045.5,3558.1,3301.8,236.2
2021-06-21,Bajra,Punjab,Bathinda Mandi,3101.4,3399.8,3250.6,296.8
2021-06-28,Bajra,Punjab,Bathinda Mandi,3048.9,3537.7,3293.3,266.1
2021-07-05,Bajra,Punjab,Bathinda Mandi,3236.2,3696.2,3466.2,289.7
2021-07-12,Bajra,Punjab,Bathinda Mandi,3331.4,3828.2,3579.8,251.8
2021-07-19,Bajra,Punjab,Bathinda Mandi,3135.3,3446.7,3291.0,363.0
2021-07-26,Bajra,Punjab,Bathinda Mandi,3343.6,3969.6,3656.6,268.4
2021-08-02,Bajra,Punjab,Bathinda Mandi,3170.1,3622.5,3396.3,221.2
2021-08-09,Bajra,Punjab,Bathinda Mandi,3319.4,3752.0,3535.7,303.5
2021-08-16,Bajra,Punjab,Bathinda Mandi,3375.1,3854.1,3614.6,292.4
2021-08-23,Bajra,Punjab,Bathinda Mandi,3376.5,3707.3,3541.9,295.2
2021-08-30,Bajra,Punjab,Bathinda Mandi,3372.0,3687.6,3529.8,358.8
2021-09-06,Bajra,Punjab,Bathinda Mandi,2504.7,2717.9,2611.3,545.7
2021-09-13,Bajra,Punjab,Bathinda Mandi,2353.8,2728.2,2541.0,672.7
2021-09-20,Bajra,Punjab,Bathinda Mandi,2262.9,2662.3,2462.6,685.0
2021-09-27,Bajra,Punjab,Bathinda Mandi,2502.2,2946.4,2724.3,436.3
2021-10-04,Bajra,Punjab,Bathinda Mandi,2297.9,2682.7,2490.3,446.6
2021-10-11,Bajra,Punjab,Bathinda Mandi,2537.7,2859.7,2698.7,433.1
2021-10-18,Bajra,Punjab,Bathinda Mandi,2348.6,2640.0,2494.3,645.2
2021-10-25,Bajra,Punjab,Bathinda Mandi,2499.5,2842.1,2670.8,590.1
2021-11-01,Bajra,Punjab,Bathinda Mandi,3483.8,3834.8,3659.3,221.3
2021-11-08,Bajra,Punjab,Bathinda Mandi,3280.3,3624.7,3452.5,210.1
2021-11-15,Bajra,Punjab,Bathinda Mandi,3245.8,3845.6,3545.7,339.8
2021-11-22,Bajra,Punjab,Bathinda Mandi,3204.4,3837.4,3520.9,350.1
2021-11-29,Bajra,Punjab,Bathinda Mandi,3316.4,3621.6,3469.0,338.0
2021-12-06,Bajra,Punjab,Bathinda Mandi,3180.7,3676.1,3428.4,227.5
2021-12-13,Bajra,Punjab,Bathinda Mandi,3382.5,3844.5,3613.5,319.8
2021-12-20,Bajra,Punjab,Bathinda Mandi,3421.8,3962.8,3692.3,313.7
2021-12-27,Bajra,Punjab,Bathinda Mandi,3255.3,3730.9,3493.1,277.0
2022-01-03,Bajra,Punjab,Bathinda Mandi,3427.7,3838.1,3632.9,219.5
2022-01-10,Bajra,Punjab,Bathinda Mandi,3529.0,3835.6,3682.3,242.4
2022-01-17,Bajra,Punjab,Bathinda Mandi,3147.8,3498.8,3323.3,272.2
2022-01-24,Bajra,Punjab,Bathinda Mandi,3228.0,3669.2,3448.6,303.6
2022-01-31,Bajra,Punjab,Bathinda Mandi,3213.7,3792.3,3503.0,322.3
2022-02-07,Bajra,Punjab,Bathinda Mandi,3393.6,3797.4,3595.5,235.5
2022-02-14,Bajra,Punjab,Bathinda Mandi,3233.9,3809.7,3521.8,328.3
2022-02-21,Bajra,Punjab,Bathinda Mandi,3411.6,3793.2,3602.4,321.6
2022-02-28,Bajra,Punjab,Bathinda Mandi,3545.7,3936.1,3740.9,214.8
2022-03-07,Bajra,Punjab,Bathinda Mandi,3244.0,3526.4,3385.2,292.3
2022-03-14,Bajra,Punjab,Bathinda Mandi,3268.7,3832.3,3550.5,243.2
2022-03-21,Bajra,Punjab,Bathinda Mandi,3636.8,4007.4,3822.1,246.6
2022-03-28,Bajra,Punjab,Bathinda Mandi,3547.4,3912.4,3729.9,312.4
2022-04-04,Bajra,Punjab,Bathinda Mandi,3489.1,3875.5,3682.3,237.7
2022-04-11,Bajra,Punjab,Bathinda Mandi,3302.2,3599.8,3451.0,232.3
2022-04-18,Bajra,Punjab,Bathinda Mandi,3320.7,3675.5,3498.1,265.7
2022-04-25,Bajra,Punjab,Bathinda Mandi,3327.0,3888.2,3607.6,328.7
2022-05-02,Bajra,Punjab,Bathinda Mandi,3341.4,3644.4,3492.9,292.1
2022-05-09,Bajra,Punjab,Bathinda Mandi,3275.1,3820.5,3547.8,277.5
2022-05-16,Bajra,Punjab,Bathinda Mandi,3651.5,4066.9,3859.2,354.3
2022-05-23,Bajra,Punjab,Bathinda Mandi,3201.3,3658.3,3429.8,228.9
2022-05-30,Bajra,Punjab,Bathinda Mandi,3377.8,4012.6,3695.2,250.4
2022-06-06,Bajra,Punjab,Bathinda Mandi,3305.4,3913.0,3609.2,329.6
2022-06-13,Bajra,Punjab,Bathinda Mandi,3402.2,3803.4,3602.8,271.7
2022-06-20,Bajra,Punjab,Bathinda Mandi,3681.7,4066.5,3874.1,239.1
2022-06-27,Bajra,Punjab,Bathinda Mandi,3390.6,3931.8,3661.2,304.6
2022-07-04,Bajra,Punjab,Bathinda Mandi,3268.1,3853.3,3560.7,218.0
2022-07-11,Bajra,Punjab,Bathinda Mandi,3565.2,3993.6,3779.4,227.3
2022-07-18,Bajra,Punjab,Bathinda Mandi,3451.2,3812.2,3631.7,223.7
2022-07-25,Bajra,Punjab,Bathinda Mandi,3347.6,3880.4,3614.0,309.4
2022-08-01,Bajra,Punjab,Bathinda Mandi,3603.7,3910.3,3757.0,228.3
2022-08-08,Bajra,Punjab,Bathinda Mandi,3279.4,3861.4,3570.4,319.7
2022-08-15,Bajra,Punjab,Bathinda Mandi,3519.4,3989.0,3754.2,256.2
2022-08-22,Bajra,Punjab,Bathinda Mandi,3564.1,3878.5,3721.3,327.3
2022-08-29,Bajra,Punjab,Bathinda Mandi,3702.2,4027.6,3864.9,286.6
2022-09-05,Bajra,Punjab,Bathinda Mandi,2495.7,2807.1,2651.4,556.0
2022-09-12,Bajra,Punjab,Bathinda Mandi,2700.8,3007.6,2854.2,526.6
2022-09-19,Bajra,Punjab,Bathinda Mandi,2665.0,2941.4,2803.2,675.6
2022-09-26,Bajra,Punjab,Bathinda Mandi,2644.5,3007.9,2826.2,568.9
2022-10-03,Bajra,Punjab,Bathinda Mandi,2564.7,2941.7,2753.2,433.6
2022-10-10,Bajra,Punjab,Bathinda Mandi,2383.4,2678.0,2530.7,476.7
2022-10-17,Bajra,Punjab,Bathinda Mandi,2574.8,2987.2,2781.0,433.8
2022-10-24,Bajra,Punjab,Bathinda Mandi,2494.8,2731.8,2613.3,601.7
2022-10-31,Bajra,Punjab,Bathinda Mandi,2703.5,3030.1,2866.8,668.7
2022-11-07,Bajra,Punjab,Bathinda Mandi,3631.8,3970.6,3801.2,362.6
2022-11-14,Bajra,Punjab,Bathinda Mandi,3662.6,4006.2,3834.4,300.4
2022-11-21,Bajra,Punjab,Bathinda Mandi,3680.9,4019.3,3850.1,252.5
2022-11-28,Bajra,Punjab,Bathinda Mandi,3267.7,3877.7,3572.7,330.3
2022-12-05,Bajra,Punjab,Bathinda Mandi,3498.6,3860.6,3679.6,353.9
2022-12-12,Bajra,Punjab,Bathinda Mandi,3681.9,4192.3,3937.1,313.2
2022-12-19,Bajra,Punjab,Bathinda Mandi,3258.6,3700.4,3479.5,289.0
2022-12-26,Bajra,Punjab,Bathinda Mandi,3322.8,3851.8,3587.3,279.6
2023-01-02,Bajra,Punjab,Bathinda Mandi,3429.1,4017.5,3723.3,210.6
2023-01-09,Bajra,Punjab,Bathinda Mandi,3479.4,3880.8,3680.1,320.9
2023-01-16,Bajra,Punjab,Bathinda Mandi,3498.9,4012.3,3755.6,216.6
2023-01-23,Bajra,Punjab,Bathinda Mandi,3267.5,3778.5,3523.0,218.7
2023-01-30,Bajra,Punjab,Bathinda Mandi,3543.3,3853.3,3698.3,315.1
2023-02-06,Bajra,Punjab,Bathinda Mandi,3331.0,3753.4,3542.2,215.9
2023-02-13,Bajra,Punjab,Bathinda Mandi,3352.9,3922.3,3637.6,235.9
2023-02-20,Bajra,Punjab,Bathinda Mandi,3645.7,4303.9,3974.8,302.3
2023-02-27,Bajra,Punjab,Bathinda Mandi,3468.4,3954.2,3711.3,359.1
2023-03-06,Bajra,Punjab,Bathinda Mandi,3523.2,4075.4,3799.3,233.2
2023-03-13,Bajra,Punjab,Bathinda Mandi,3770.1,4178.9,3974.5,268.5
2023-03-20,Bajra,Punjab,Bathinda Mandi,3642.6,4116.6,3879.6,304.9
2023-03-27,Bajra,Punjab,Bathinda Mandi,3794.3,4256.5,4025.4,285.5
2023-04-03,Bajra,Punjab,Bathinda Mandi,3492.5,4150.3,3821.4,278.8
2023-04-10,Bajra,Punjab,Bathinda Mandi,3410.9,3982.5,3696.7,339.7
2023-04-17,Bajra,Punjab,Bathinda Mandi,3700.2,4388.8,4044.5,276.9
2023-04-24,Bajra,Punjab,Bathinda Mandi,3559.6,3933.6,3746.6,225.1
2023-05-01,Bajra,Punjab,Bathinda Mandi,3586.3,4177.3,3881.8,357.5
2023-05-08,Bajra,Punjab,Bathinda Mandi,3702.7,4388.7,4045.7,250.3
2023-05-15,Bajra,Punjab,Bathinda Mandi,3321.7,3906.1,3613.9,352.4
2023-05-22,Bajra,Punjab,Bathinda Mandi,3649.1,4195.5,3922.3,245.2
2023-05-29,Bajra,Punjab,Bathinda Mandi,3335.8,3808.6,3572.2,283.3
2023-06-05,Bajra,Punjab,Bathinda Mandi,3399.5,3784.1,3591.8,304.6
2023-06-12,Bajra,Punjab,Bathinda Mandi,3446.8,4010.8,3728.8,255.0
2023-06-19,Bajra,Punjab,Bathinda Mandi,3581.0,3901.8,3741.4,338.0
2023-06-26,Bajra,Punjab,Bathinda Mandi,3444.7,3814.9,3629.8,318.1
2023-07-03,Bajra,Punjab,Bathinda Mandi,3446.7,3875.3,3661.0,278.7
2023-07-10,Bajra,Punjab,Bathinda Mandi,3529.7,4099.3,3814.5,235.5
2023-07-17,Bajra,Punjab,Bathinda Mandi,3753.8,4221.6,3987.7,323.8
2023-07-24,Bajra,Punjab,Bathinda Mandi,3563.5,4177.1,3870.3,345.5
2023-07-31,Bajra,Punjab,Bathinda Mandi,3606.8,4235.6,3921.2,227.4
2023-08-07,Bajra,Punjab,Bathinda Mandi,3702.4,4332.6,4017.5,327.0
2023-08-14,Bajra,Punjab,Bathinda Mandi,3697.4,4291.8,3994.6,248.5
2023-08-21,Bajra,Punjab,Bathinda Mandi,3334.9,3962.1,3648.5,229.8
2023-08-28,Bajra,Punjab,Bathinda Mandi,3872.3,4328.1,4100.2,258.4
2023-09-04,Bajra,Punjab,Bathinda Mandi,2585.3,2927.3,2756.3,554.9
2023-09-11,Bajra,Punjab,Bathinda Mandi,2842.2,3131.8,2987.0,473.1
2023-09-18,Bajra,Punjab,Bathinda Mandi,2663.3,3015.7,2839.5,554.8
2023-09-25,Bajra,Punjab,Bathinda Mandi,2574.9,2866.9,2720.9,575.9
2023-10-02,Bajra,Punjab,Bathinda Mandi,2760.2,3046.6,2903.4,560.4
2023-10-09,Bajra,Punjab,Bathinda Mandi,2778.7,3157.9,2968.3,432.9
2023-10-16,Bajra,Punjab,Bathinda Mandi,2482.8,2949.2,2716.0,494.8
2023-10-23,Bajra,Punjab,Bathinda Mandi,2893.4,3163.2,3028.3,657.7
2023-10-30,Bajra,Punjab,Bathinda Mandi,2929.5,3207.3,3068.4,472.6
2023-11-06,Bajra,Punjab,Bathinda Mandi,3494.8,3845.6,3670.2,334.5
2023-11-13,Bajra,Punjab,Bathinda Mandi,3566.9,4189.9,3878.4,258.9
2023-11-20,Bajra,Punjab,Bathinda Mandi,3818.2,4301.8,4060.0,300.0
2023-11-27,Bajra,Punjab,Bathinda Mandi,3965.6,4372.6,4169.1,234.1
2023-12-04,Bajra,Punjab,Bathinda Mandi,3564.5,4071.9,3818.2,359.3
2023-12-11,Bajra,Punjab,Bathinda Mandi,3593.0,4076.2,3834.6,315.3
2023-12-18,Bajra,Punjab,Bathinda Mandi,3823.1,4395.1,4109.1,351.6
2023-12-25,Bajra,Punjab,Bathinda Mandi,3871.0,4365.0,4118.0,254.0
2015-01-05,Jowar,Maharashtra,Pune Mandi,3011.7,3290.7,3151.2,366.2
2015-01-12,Jowar,Maharashtra,Pune Mandi,3162.9,3522.3,3342.6,250.6
2015-01-19,Jowar,Maharashtra,Pune Mandi,2949.0,3399.8,3174.4,287.4
2015-01-26,Jowar,Maharashtra,Pune Mandi,3087.3,3634.9,3361.1,259.2
2015-02-02,Jowar,Maharashtra,Pune Mandi,2911.9,3226.9,3069.4,375.8
2015-02-09,Jowar,Maharashtra,Pune Mandi,2861.5,3373.1,3117.3,252.1
2015-02-16,Jowar,Maharashtra,Pune Mandi,3089.1,3574.3,3331.7,350.1
2015-02-23,Jowar,Maharashtra,Pune Mandi,3100.1,3440.9,3270.5,405.4
2015-03-02,Jowar,Maharashtra,Pune Mandi,2234.9,2658.9,2446.9,575.9
2015-03-09,Jowar,Maharashtra,Pune Mandi,2141.0,2442.8,2291.9,714.1
2015-03-16,Jowar,Maharashtra,Pune Mandi,2309.8,2658.8,2484.3,572.7
2015-03-23,Jowar,Maharashtra,Pune Mandi,2049.9,2395.5,2222.7,783.9
2015-03-30,Jowar,Maharashtra,Pune Mandi,2088.0,2414.8,2251.4,627.8
2015-04-06,Jowar,Maharashtra,Pune Mandi,2203.8,2449.8,2326.8,468.3
2015-04-13,Jowar,Maharashtra,Pune Mandi,2201.6,2573.6,2387.6,614.0
2015-04-20,Jowar,Maharashtra,Pune Mandi,2148.3,2509.3,2328.8,560.6
2015-04-27,Jowar,Maharashtra,Pune Mandi,2196.4,2531.0,2363.7,768.2
2015-05-04,Jowar,Maharashtra,Pune Mandi,3064.2,3468.6,3266.4,331.6
2015-05-11,Jowar,Maharashtra,Pune Mandi,2948.0,3200.6,3074.3,364.2
2015-05-18,Jowar,Maharashtra,Pune Mandi,2929.3,3503.5,3216.4,292.4
2015-05-25,Jowar,Maharashtra,Pune Mandi,2789.3,3286.1,3037.7,320.5
2015-06-01,Jowar,Maharashtra,Pune Mandi,3114.4,3643.6,3379.0,336.8
2015-06-08,Jowar,Maharashtra,Pune Mandi,2870.7,3314.7,3092.7,299.2
2015-06-15,Jowar,Maharashtra,Pune Mandi,3102.4,3665.6,3384.0,270.7
2015-06-22,Jowar,Maharashtra,Pune Mandi,3150.0,3628.0,3389.0,349.4
2015-06-29,Jowar,Maharashtra,Pune Mandi,3066.8,3517.0,3291.9,254.4
2015-07-06,Jowar,Maharashtra,Pune Mandi,3175.0,3444.2,3309.6,361.5
2015-07-13,Jowar,Maharashtra,Pune Mandi,3194.1,3563.7,3378.9,345.9
2015-07-20,Jowar,Maharashtra,Pune Mandi,2840.6,3193.4,3017.0,361.3
2015-07-27,Jowar,Maharashtra,Pune Mandi,2906.4,3357.4,3131.9,336.7
2015-08-03,Jowar,Maharashtra,Pune Mandi,3242.5,3571.3,3406.9,284.4
2015-08-10,Jowar,Maharashtra,Pune Mandi,3189.8,3731.6,3460.7,285.3
2015-08-17,Jowar,Maharashtra,Pune Mandi,3170.2,3510.2,3340.2,279.7
2015-08-24,Jowar,Maharashtra,Pune Mandi,3188.7,3652.1,3420.4,386.1
2015-08-31,Jowar,Maharashtra,Pune Mandi,3096.7,3366.7,3231.7,332.2
2015-09-07,Jowar,Maharashtra,Pune Mandi,3055.9,3390.7,3223.3,268.5
2015-09-14,Jowar,Maharashtra,Pune Mandi,2820.8,3266.6,3043.7,349.0
2015-09-21,Jowar,Maharashtra,Pune Mandi,3162.5,3477.5,3320.0,388.4
2015-09-28,Jowar,Maharashtra,Pune Mandi,3195.6,3783.0,3489.3,369.0
2015-10-05,Jowar,Maharashtra,Pune Mandi,2298.3,2652.7,2475.5,634.8
2015-10-12,Jowar,Maharashtra,Pune Mandi,2398.6,2671.2,2534.9,561.5
2015-10-19,Jowar,Maharashtra,Pune Mandi,2059.5,2462.1,2260.8,463.7
2015-10-26,Jowar,Maharashtra,Pune Mandi,2252.5,2587.3,2419.9,719.3
2015-11-02,Jowar,Maharashtra,Pune Mandi,2427.9,2635.3,2531.6,690.3
2015-11-09,Jowar,Maharashtra,Pune Mandi,2168.9,2436.3,2302.6,483.3
2015-11-16,Jowar,Maharashtra,Pune Mandi,2174.1,2523.9,2349.0,759.9
2015-11-23,Jowar,Maharashtra,Pune Mandi,2235.6,2651.2,2443.4,695.8
2015-11-30,Jowar,Maharashtra,Pune Mandi,2193.7,2414.7,2304.2,606.6
2015-12-07,Jowar,Maharashtra,Pune Mandi,3184.4,3726.0,3455.2,308.3
2015-12-14,Jowar,Maharashtra,Pune Mandi,3120.4,3402.0,3261.2,339.6
2015-12-21,Jowar,Maharashtra,Pune Mandi,2985.7,3264.7,3125.2,269.4
2015-12-28,Jowar,Maharashtra,Pune Mandi,2981.0,3426.0,3203.5,272.7
2016-01-04,Jowar,Maharashtra,Pune Mandi,2873.7,3316.7,3095.2,318.4
2016-01-11,Jowar,Maharashtra,Pune Mandi,2900.0,3434.8,3167.4,328.4
2016-01-18,Jowar,Maharashtra,Pune Mandi,2875.8,3353.6,3114.7,353.3
2016-01-25,Jowar,Maharashtra,Pune Mandi,3059.8,3463.0,3261.4,279.2
2016-02-01,Jowar,Maharashtra,Pune Mandi,3345.1,3709.1,3527.1,359.3
2016-02-08,Jowar,Maharashtra,Pune Mandi,2839.8,3388.8,3114.3,263.9
2016-02-15,Jowar,Maharashtra,Pune Mandi,3102.8,3551.0,3326.9,351.8
2016-02-22,Jowar,Maharashtra,Pune Mandi,3159.7,3440.5,3300.1,249.6
2016-02-29,Jowar,Maharashtra,Pune Mandi,3075.0,3625.0,3350.0,405.9
2016-03-07,Jowar,Maharashtra,Pune Mandi,2349.1,2739.3,2544.2,529.1
2016-03-14,Jowar,Maharashtra,Pune Mandi,2207.5,2627.1,2417.3,513.3
2016-03-21,Jowar,Maharashtra,Pune Mandi,2456.7,2679.5,2568.1,516.6
2016-03-28,Jowar,Maharashtra,Pune Mandi,2297.0,2492.4,2394.7,739.4
2016-04-04,Jowar,Maharashtra,Pune Mandi,2376.2,2608.8,2492.5,664.6
2016-04-11,Jowar,Maharashtra,Pune Mandi,2211.2,2479.2,2345.2,467.2
2016-04-18,Jowar,Maharashtra,Pune Mandi,2116.5,2523.7,2320.1,576.1
2016-04-25,Jowar,Maharashtra,Pune Mandi,2410.6,2823.2,2616.9,646.5
2016-05-02,Jowar,Maharashtra,Pune Mandi,3120.9,3509.7,3315.3,294.0
2016-05-09,Jowar,Maharashtra,Pune Mandi,2999.1,3552.3,3275.7,306.3
2016-05-16,Jowar,Maharashtra,Pune Mandi,3204.3,3751.9,3478.1,393.5
2016-05-23,Jowar,Maharashtra,Pune Mandi,3453.5,3797.3,3625.4,250.7
2016-05-30,Jowar,Maharashtra,Pune Mandi,3011.5,3496.7,3254.1,376.1
2016-06-06,Jowar,Maharashtra,Pune Mandi,3004.1,3523.3,3263.7,349.9
2016-06-13,Jowar,Maharashtra,Pune Mandi,3089.6,3352.8,3221.2,407.9
2016-06-20,Jowar,Maharashtra,Pune Mandi,3348.6,3919.4,3634.0,321.2
2016-06-27,Jowar,Maharashtra,Pune Mandi,3267.5,3662.1,3464.8,289.0
2016-07-04,Jowar,Maharashtra,Pune Mandi,3198.3,3712.3,3455.3,336.1
2016-07-11,Jowar,Maharashtra,Pune Mandi,3240.9,3836.1,3538.5,301.1
2016-07-18,Jowar,Maharashtra,Pune Mandi,3281.2,3828.0,3554.6,339.3
2016-07-25,Jowar,Maharashtra,Pune Mandi,3219.5,3571.9,3395.7,260.3
2016-08-01,Jowar,Maharashtra,Pune Mandi,3263.5,3680.7,3472.1,386.5
2016-08-08,Jowar,Maharashtra,Pune Mandi,2981.3,3508.7,3245.0,347.2
2016-08-15,Jowar,Maharashtra,Pune Mandi,3269.1,3615.5,3442.3,348.3
2016-08-22,Jowar,Maharashtra,Pune Mandi,3004.9,3563.9,3284.4,273.2
2016-08-29,Jowar,Maharashtra,Pune Mandi,3255.7,3678.5,3467.1,340.2
2016-09-05,Jowar,Maharashtra,Pune Mandi,3087.3,3441.9,3264.6,294.0
2016-09-12,Jowar,Maharashtra,Pune Mandi,3179.1,3615.5,3397.3,282.4
2016-09-19,Jowar,Maharashtra,Pune Mandi,3181.1,3690.3,3435.7,328.1
2016-09-26,Jowar,Maharashtra,Pune Mandi,3128.5,3597.7,3363.1,346.5
2016-10-03,Jowar,Maharashtra,Pune Mandi,2415.5,2619.3,2517.4,737.8
2016-10-10,Jowar,Maharashtra,Pune Mandi,2385.8,2635.4,2510.6,736.1
2016-10-17,Jowar,Maharashtra,Pune Mandi,2339.1,2551.3,2445.2,729.0
2016-10-24,Jowar,Maharashtra,Pune Mandi,2308.5,2690.5,2499.5,536.0
2016-10-31,Jowar,Maharashtra,Pune Mandi,2263.7,2614.7,2439.2,548.9
2016-11-07,Jowar,Maharashtra,Pune Mandi,2380.4,2692.6,2536.5,741.0
2016-11-14,Jowar,Maharashtra,Pune Mandi,2421.4,2815.2,2618.3,626.3
2016-11-21,Jowar,Maharashtra,Pune Mandi,2424.1,2706.9,2565.5,722.5
2016-11-28,Jowar,Maharashtra,Pune Mandi,2472.6,2896.8,2684.7,524.6
2016-12-05,Jowar,Maharashtra,Pune Mandi,3308.4,3703.6,3506.0,247.5
2016-12-12,Jowar,Maharashtra,Pune Mandi,3206.0,3609.6,3407.8,372.4
2016-12-19,Jowar,Maharashtra,Pune Mandi,3068.2,3570.6,3319.4,238.4
2016-12-26,Jowar,Maharashtra,Pune Mandi,3050.7,3632.9,3341.8,333.8
2017-01-02,Jowar,Maharashtra,Pune Mandi,3077.1,3616.9,3347.0,398.8
2017-01-09,Jowar,Maharashtra,Pune Mandi,3348.4,3841.0,3594.7,240.2
2017-01-16,Jowar,Maharashtra,Pune Mandi,3386.2,3927.8,3657.0,262.8
2017-01-23,Jowar,Maharashtra,Pune Mandi,3219.4,3550.4,3384.9,384.3
2017-01-30,Jowar,Maharashtra,Pune Mandi,3301.9,3844.9,3573.4,348.1
2017-02-06,Jowar,Maharashtra,Pune Mandi,3156.5,3571.5,3364.0,389.7
2017-02-13,Jowar,Maharashtra,Pune Mandi,3451.7,3910.1,3680.9,248.1
2017-02-20,Jowar,Maharashtra,Pune Mandi,3258.1,3586.7,3422.4,258.5
2017-02-27,Jowar,Maharashtra,Pune Mandi,3439.3,3728.1,3583.7,317.3
2017-03-06,Jowar,Maharashtra,Pune Mandi,2587.9,2918.9,2753.4,679.9
2017-03-13,Jowar,Maharashtra,Pune Mandi,2418.4,2675.0,2546.7,548.0
2017-03-20,Jowar,Maharashtra,Pune Mandi,2443.2,2835.4,2639.3,740.4
2017-03-27,Jowar,Maharashtra,Pune Mandi,2270.0,2649.4,2459.7,538.6
2017-04-03,Jowar,Maharashtra,Pune Mandi,2479.1,2897.5,2688.3,552.1
2017-04-10,Jowar,Maharashtra,Pune Mandi,2450.0,2688.4,2569.2,459.3
2017-04-17,Jowar,Maharashtra,Pune Mandi,2629.3,2901.5,2765.4,683.0
2017-04-24,Jowar,Maharashtra,Pune Mandi,2228.9,2658.9,2443.9,613.5
2017-05-01,Jowar,Maharashtra,Pune Mandi,3480.5,4120.1,3800.3,392.3
2017-05-08,Jowar,Maharashtra,Pune Mandi,3369.3,3651.7,3510.5,340.3
2017-05-15,Jowar,Maharashtra,Pune Mandi,3403.4,3816.4,3609.9,322.7
2017-05-22,Jowar,Maharashtra,Pune Mandi,3645.7,3975.1,3810.4,296.9
2017-05-29,Jowar,Maharashtra,Pune Mandi,3482.6,3942.0,3712.3,246.9
2017-06-05,Jowar,Maharashtra,Pune Mandi,3229.4,3655.6,3442.5,361.8
2017-06-12,Jowar,Maharashtra,Pune Mandi,3299.1,3620.3,3459.7,309.5
2017-06-19,Jowar,Maharashtra,Pune Mandi,3661.2,4033.0,3847.1,294.7
2017-06-26,Jowar,Maharashtra,Pune Mandi,3583.5,3890.9,3737.2,318.2
2017-07-03,Jowar,Maharashtra,Pune Mandi,3275.1,3604.9,3440.0,392.8
2017-07-10,Jowar,Maharashtra,Pune Mandi,3204.6,3809.0,3506.8,267.9
2017-07-17,Jowar,Maharashtra,Pune Mandi,3305.8,3922.2,3614.0,267.2
2017-07-24,Jowar,Maharashtra,Pune Mandi,3285.4,3894.6,3590.0,262.8
2017-07-31,Jowar,Maharashtra,Pune Mandi,3273.0,3777.6,3525.3,348.3
2017-08-07,Jowar,Maharashtra,Pune Mandi,3282.5,3698.3,3490.4,401.7
2017-08-14,Jowar,Maharashtra,Pune Mandi,3475.7,4044.7,3760.2,365.8
2017-08-21,Jowar,Maharashtra,Pune Mandi,3338.2,3641.2,3489.7,299.4
2017-08-28,Jowar,Maharashtra,Pune Mandi,3537.9,3917.7,3727.8,358.2
2017-09-04,Jowar,Maharashtra,Pune Mandi,3243.5,3576.5,3410.0,387.0
2017-09-11,Jowar,Maharashtra,Pune Mandi,3270.6,3640.0,3455.3,341.3
2017-09-18,Jowar,Maharashtra,Pune Mandi,3347.3,3715.9,3531.6,363.4
2017-09-25,Jowar,Maharashtra,Pune Mandi,3398.6,3767.0,3582.8,399.4
2017-10-02,Jowar,Maharashtra,Pune Mandi,2434.7,2817.3,2626.0,761.0
2017-10-09,Jowar,Maharashtra,Pune Mandi,2640.1,3127.7,2883.9,596.2
2017-10-16,Jowar,Maharashtra,Pune Mandi,2424.6,2825.6,2625.1,473.6
2017-10-23,Jowar,Maharashtra,Pune Mandi,2440.3,2799.9,2620.1,779.5
2017-10-30,Jowar,Maharashtra,Pune Mandi,2744.8,3005.0,2874.9,499.5
2017-11-06,Jowar,Maharashtra,Pune Mandi,2573.3,3057.7,2815.5,652.1
2017-11-13,Jowar,Maharashtra,Pune Mandi,2464.1,2719.5,2591.8,736.9
2017-11-20,Jowar,Maharashtra,Pune Mandi,2386.7,2747.3,2567.0,519.3
2017-11-27,Jowar,Maharashtra,Pune Mandi,2448.2,2875.6,2661.9,708.8
2017-12-04,Jowar,Maharashtra,Pune Mandi,3694.0,4122.8,3908.4,289.1
2017-12-11,Jowar,Maharashtra,Pune Mandi,3483.9,4052.7,3768.3,342.0
2017-12-18,Jowar,Maharashtra,Pune Mandi,3635.1,4312.7,3973.9,390.5
2017-12-25,Jowar,Maharashtra,Pune Mandi,3394.3,3914.5,3654.4,295.3
2018-01-01,Jowar,Maharashtra,Pune Mandi,3640.2,4121.6,3880.9,325.0
2018-01-08,Jowar,Maharashtra,Pune Mandi,3578.3,4073.5,3825.9,301.8
2018-01-15,Jowar,Maharashtra,Pune Mandi,3461.3,4126.3,3793.8,367.0
2018-01-22,Jowar,Maharashtra,Pune Mandi,3658.9,4009.5,3834.2,388.1
2018-01-29,Jowar,Maharashtra,Pune Mandi,3410.5,3751.9,3581.2,406.5
2018-02-05,Jowar,Maharashtra,Pune Mandi,3565.6,3949.2,3757.4,287.6
2018-02-12,Jowar,Maharashtra,Pune Mandi,3434.2,3874.6,3654.4,239.2
2018-02-19,Jowar,Maharashtra,Pune Mandi,3435.5,3815.3,3625.4,283.3
2018-02-26,Jowar,Maharashtra,Pune Mandi,3775.2,4139.2,3957.2,378.0
2018-03-05,Jowar,Maharashtra,Pune Mandi,2682.3,2953.1,2817.7,618.1
2018-03-12,Jowar,Maharashtra,Pune Mandi,2632.0,3055.4,2843.7,501.0
2018-03-19,Jowar,Maharashtra,Pune Mandi,2637.8,3048.6,2843.2,728.6
2018-03-26,Jowar,Maharashtra,Pune Mandi,2694.4,3005.2,2849.8,509.6
2018-04-02,Jowar,Maharashtra,Pune Mandi,2461.1,2739.9,2600.5,603.4
2018-04-09,Jowar,Maharashtra,Pune Mandi,2498.6,2752.6,2625.6,485.6
2018-04-16,Jowar,Maharashtra,Pune Mandi,2538.8,2806.0,2672.4,730.3
2018-04-23,Jowar,Maharashtra,Pune Mandi,2483.7,2773.5,2628.6,499.5
2018-04-30,Jowar,Maharashtra,Pune Mandi,2615.6,3076.0,2845.8,734.5
2018-05-07,Jowar,Maharashtra,Pune Mandi,3569.5,3944.9,3757.2,401.2
2018-05-14,Jowar,Maharashtra,Pune Mandi,3295.9,3912.7,3604.3,301.2
2018-05-21,Jowar,Maharashtra,Pune Mandi,3435.8,3932.6,3684.2,241.1
2018-05-28,Jowar,Maharashtra,Pune Mandi,3685.5,4208.3,3946.9,267.6
2018-06-04,Jowar,Maharashtra,Pune Mandi,3651.8,4197.8,3924.8,371.3
2018-06-11,Jowar,Maharashtra,Pune Mandi,3553.8,4114.6,3834.2,339.2
2018-06-18,Jowar,Maharashtra,Pune Mandi,3409.2,4033.0,3721.1,397.7
2018-06-25,Jowar,Maharashtra,Pune Mandi,3438.4,3812.6,3625.5,392.4
2018-07-02,Jowar,Maharashtra,Pune Mandi,3676.6,4261.8,3969.2,342.1
2018-07-09,Jowar,Maharashtra,Pune Mandi,3420.6,3861.8,3641.2,346.3
2018-07-16,Jowar,Maharashtra,Pune Mandi,3454.9,3951.7,3703.3,236.8
2018-07-23,Jowar,Maharashtra,Pune Mandi,3368.8,3970.8,3669.8,260.9
2018-07-30,Jowar,Maharashtra,Pune Mandi,3739.0,4073.4,3906.2,377.0
2018-08-06,Jowar,Maharashtra,Pune Mandi,3691.1,4085.9,3888.5,331.3
2018-08-13,Jowar,Maharashtra,Pune Mandi,3472.4,4087.8,3780.1,391.0
2018-08-20,Jowar,Maharashtra,Pune Mandi,3446.6,4100.8,3773.7,330.4
2018-08-27,Jowar,Maharashtra,Pune Mandi,3800.7,4249.9,4025.3,387.2
2018-09-03,Jowar,Maharashtra,Pune Mandi,3451.2,3898.6,3674.9,307.0
2018-09-10,Jowar,Maharashtra,Pune Mandi,3712.5,4127.7,3920.1,343.2
2018-09-17,Jowar,Maharashtra,Pune Mandi,3502.1,3809.7,3655.9,350.2
2018-09-24,Jowar,Maharashtra,Pune Mandi,3716.1,4278.3,3997.2,292.7
2018-10-01,Jowar,Maharashtra,Pune Mandi,2650.9,3072.5,2861.7,715.2
2018-10-08,Jowar,Maharashtra,Pune Mandi,2573.5,2985.3,2779.4,609.8
2018-10-15,Jowar,Maharashtra,Pune Mandi,2767.3,3061.1,2914.2,529.5
2018-10-22,Jowar,Maharashtra,Pune Mandi,2839.2,3138.8,2989.0,697.5
2018-10-29,Jowar,Maharashtra,Pune Mandi,2834.0,3200.6,3017.3,529.2
2018-11-05,Jowar,Maharashtra,Pune Mandi,2780.6,3191.2,2985.9,721.2
2018-11-12,Jowar,Maharashtra,Pune Mandi,2644.2,2866.2,2755.2,789.2
2018-11-19,Jowar,Maharashtra,Pune Mandi,2540.9,2819.5,2680.2,697.5
2018-11-26,Jowar,Maharashtra,Pune Mandi,2762.0,3242.8,3002.4,604.7
2018-12-03,Jowar,Maharashtra,Pune Mandi,3688.1,4163.7,3925.9,373.3
2018-12-10,Jowar,Maharashtra,Pune Mandi,3585.5,3928.5,3757.0,357.6
2018-12-17,Jowar,Maharashtra,Pune Mandi,3824.2,4451.4,4137.8,249.1
2018-12-24,Jowar,Maharashtra,Pune Mandi,3592.6,3907.6,3750.1,387.8
2018-12-31,Jowar,Maharashtra,Pune Mandi,3778.4,4246.2,4012.3,404.2
2019-01-07,Jowar,Maharashtra,Pune Mandi,3716.2,4198.4,3957.3,282.8
2019-01-14,Jowar,Maharashtra,Pune Mandi,3698.0,4126.8,3912.4,278.6
2019-01-21,Jowar,Maharashtra,Pune Mandi,3576.3,4187.7,3882.0,287.1
2019-01-28,Jowar,Maharashtra,Pune Mandi,3892.4,4397.2,4144.8,339.4
2019-02-04,Jowar,Maharashtra,Pune Mandi,3882.9,4301.9,4092.4,273.1
2019-02-11,Jowar,Maharashtra,Pune Mandi,3683.5,4216.5,3950.0,293.0
2019-02-18,Jowar,Maharashtra,Pune Mandi,3590.7,4040.1,3815.4,317.1
2019-02-25,Jowar,Maharashtra,Pune Mandi,3588.1,4256.1,3922.1,243.3
2019-03-04,Jowar,Maharashtra,Pune Mandi,2703.8,3000.0,2851.9,498.6
2019-03-11,Jowar,Maharashtra,Pune Mandi,2853.4,3310.6,3082.0,627.5
2019-03-18,Jowar,Maharashtra,Pune Mandi,2896.0,3224.8,3060.4,609.8
2019-03-25,Jowar,Maharashtra,Pune Mandi,2803.4,3172.8,2988.1,705.4
2019-04-01,Jowar,Maharashtra,Pune Mandi,2927.7,3215.1,3071.4,596.9
2019-04-08,Jowar,Maharashtra,Pune Mandi,2607.8,3033.2,2820.5,754.5
2019-04-15,Jowar,Maharashtra,Pune Mandi,2873.3,3346.3,3109.8,464.1
2019-04-22,Jowar,Maharashtra,Pune Mandi,2758.9,3109.1,2934.0,522.5
2019-04-29,Jowar,Maharashtra,Pune Mandi,2686.4,3015.2,2850.8,705.6
2019-05-06,Jowar,Maharashtra,Pune Mandi,3809.8,4359.0,4084.4,337.9
2019-05-13,Jowar,Maharashtra,Pune Mandi,3666.9,4373.3,4020.1,403.0
2019-05-20,Jowar,Maharashtra,Pune Mandi,3722.8,4288.0,4005.4,389.9
2019-05-27,Jowar,Maharashtra,Pune Mandi,3880.9,4592.9,4236.9,284.6
2019-06-03,Jowar,Maharashtra,Pune Mandi,4036.4,4556.2,4296.3,396.7
2019-06-10,Jowar,Maharashtra,Pune Mandi,4022.8,4572.8,4297.8,360.1
2019-06-17,Jowar,Maharashtra,Pune Mandi,3995.7,4332.3,4164.0,369.8
2019-06-24,Jowar,Maharashtra,Pune Mandi,3935.4,4534.4,4234.9,295.6
2019-07-01,Jowar,Maharashtra,Pune Mandi,3487.1,4174.7,3830.9,323.4
2019-07-08,Jowar,Maharashtra,Pune Mandi,3651.1,4226.5,3938.8,392.7
2019-07-15,Jowar,Maharashtra,Pune Mandi,3618.9,4293.7,3956.3,258.2
2019-07-22,Jowar,Maharashtra,Pune Mandi,3743.4,4277.4,4010.4,271.8
2019-07-29,Jowar,Maharashtra,Pune Mandi,3846.1,4348.9,4097.5,379.8
2019-08-05,Jowar,Maharashtra,Pune Mandi,3953.2,4355.0,4154.1,401.5
2019-08-12,Jowar,Maharashtra,Pune Mandi,3719.9,4433.7,4076.8,252.0
2019-08-19,Jowar,Maharashtra,Pune Mandi,3968.2,4592.6,4280.4,396.0
2019-08-26,Jowar,Maharashtra,Pune Mandi,3875.2,4354.2,4114.7,262.3
2019-09-02,Jowar,Maharashtra,Pune Mandi,3601.0,4163.4,3882.2,244.5
2019-09-09,Jowar,Maharashtra,Pune Mandi,3785.6,4326.2,4055.9,299.9
2019-09-16,Jowar,Maharashtra,Pune Mandi,4121.1,4657.9,4389.5,238.1
2019-09-23,Jowar,Maharashtra,Pune Mandi,3732.0,4087.8,3909.9,398.9
2019-09-30,Jowar,Maharashtra,Pune Mandi,3859.5,4253.3,4056.4,298.2
2019-10-07,Jowar,Maharashtra,Pune Mandi,2737.1,3268.3,3002.7,555.0
2019-10-14,Jowar,Maharashtra,Pune Mandi,3042.8,3317.2,3180.0,615.4
2019-10-21,Jowar,Maharashtra,Pune Mandi,2700.0,2970.0,2835.0,733.4
2019-10-28,Jowar,Maharashtra,Pune Mandi,2688.7,3153.3,2921.0,706.7
2019-11-04,Jowar,Maharashtra,Pune Mandi,2707.0,3015.2,2861.1,630.7
2019-11-11,Jowar,Maharashtra,Pune Mandi,2889.2,3266.8,3078.0,570.0
2019-11-18,Jowar,Maharashtra,Pune Mandi,2866.9,3410.9,3138.9,625.8
2019-11-25,Jowar,Maharashtra,Pune Mandi,2832.6,3242.8,3037.7,721.7
2019-12-02,Jowar,Maharashtra,Pune Mandi,3612.9,4170.7,3891.8,276.1
2019-12-09,Jowar,Maharashtra,Pune Mandi,3791.8,4358.4,4075.1,319.6
2019-12-16,Jowar,Maharashtra,Pune Mandi,3952.1,4481.3,4216.7,342.7
2019-12-23,Jowar,Maharashtra,Pune Mandi,3971.6,4461.2,4216.4,386.5
2019-12-30,Jowar,Maharashtra,Pune Mandi,4064.2,4677.0,4370.6,260.0
2020-01-06,Jowar,Maharashtra,Pune Mandi,3837.1,4546.3,4191.7,355.6
2020-01-13,Jowar,Maharashtra,Pune Mandi,4073.2,4451.2,4262.2,306.2
2020-01-20,Jowar,Maharashtra,Pune Mandi,4196.9,4762.3,4479.6,367.3
2020-01-27,Jowar,Maharashtra,Pune Mandi,4131.8,4485.4,4308.6,269.9
2020-02-03,Jowar,Maharashtra,Pune Mandi,3874.3,4260.1,4067.2,357.0
2020-02-10,Jowar,Maharashtra,Pune Mandi,3774.9,4111.5,3943.2,244.4
2020-02-17,Jowar,Maharashtra,Pune Mandi,4132.0,4662.2,4397.1,406.4
2020-02-24,Jowar,Maharashtra,Pune Mandi,4237.1,4723.3,4480.2,297.1
2020-03-02,Jowar,Maharashtra,Pune Mandi,2696.6,3142.0,2919.3,685.3
2020-03-09,Jowar,Maharashtra,Pune Mandi,2913.2,3181.2,3047.2,738.8
2020-03-16,Jowar,Maharashtra,Pune Mandi,3022.6,3393.6,3208.1,569.6
2020-03-23,Jowar,Maharashtra,Pune Mandi,2897.6,3254.4,3076.0,472.9
2020-03-30,Jowar,Maharashtra,Pune Mandi,3014.4,3607.4,3310.9,767.1
2020-04-06,Jowar,Maharashtra,Pune Mandi,2951.6,3470.8,3211.2,517.3
2020-04-13,Jowar,Maharashtra,Pune Mandi,2895.9,3464.3,3180.1,735.2
2020-04-20,Jowar,Maharashtra,Pune Mandi,2929.8,3268.0,3098.9,680.7
2020-04-27,Jowar,Maharashtra,Pune Mandi,2806.0,3188.4,2997.2,755.1
2020-05-04,Jowar,Maharashtra,Pune Mandi,4020.1,4571.1,4295.6,237.4
2020-05-11,Jowar,Maharashtra,Pune Mandi,3860.9,4297.9,4079.4,384.7
2020-05-18,Jowar,Maharashtra,Pune Mandi,4065.9,4674.3,4370.1,336.3
2020-05-25,Jowar,Maharashtra,Pune Mandi,4030.5,4461.3,4245.9,355.3
2020-06-01,Jowar,Maharashtra,Pune Mandi,3895.0,4361.8,4128.4,293.6
2020-06-08,Jowar,Maharashtra,Pune Mandi,3732.3,4390.5,4061.4,262.7
2020-06-15,Jowar,Maharashtra,Pune Mandi,3952.9,4586.7,4269.8,340.6
2020-06-22,Jowar,Maharashtra,Pune Mandi,3839.6,4490.2,4164.9,243.7
2020-06-29,Jowar,Maharashtra,Pune Mandi,4126.4,4602.0,4364.2,400.9
2020-07-06,Jowar,Maharashtra,Pune Mandi,3885.0,4572.8,4228.9,404.2
2020-07-13,Jowar,Maharashtra,Pune Mandi,4016.0,4703.2,4359.6,346.8
2020-07-20,Jowar,Maharashtra,Pune Mandi,3868.8,4439.2,4154.0,381.3
2020-07-27,Jowar,Maharashtra,Pune Mandi,3894.7,4327.9,4111.3,265.6
2020-08-03,Jowar,Maharashtra,Pune Mandi,3878.7,4385.1,4131.9,317.4
2020-08-10,Jowar,Maharashtra,Pune Mandi,4240.0,5053.4,4646.7,329.3
2020-08-17,Jowar,Maharashtra,Pune Mandi,4018.9,4633.3,4326.1,346.3
2020-08-24,Jowar,Maharashtra,Pune Mandi,4318.1,4979.7,4648.9,405.5
2020-08-31,Jowar,Maharashtra,Pune Mandi,4128.1,4740.3,4434.2,402.0
2020-09-07,Jowar,Maharashtra,Pune Mandi,4101.7,4872.3,4487.0,329.7
2020-09-14,Jowar,Maharashtra,Pune Mandi,4117.3,4557.7,4337.5,255.6
2020-09-21,Jowar,Maharashtra,Pune Mandi,4417.1,4865.9,4641.5,254.0
2020-09-28,Jowar,Maharashtra,Pune Mandi,3867.3,4519.5,4193.4,237.0
2020-10-05,Jowar,Maharashtra,Pune Mandi,2923.0,3417.4,3170.2,633.1
2020-10-12,Jowar,Maharashtra,Pune Mandi,3100.6,3458.8,3279.7,605.1
2020-10-19,Jowar,Maharashtra,Pune Mandi,2956.1,3273.7,3114.9,632.1
2020-10-26,Jowar,Maharashtra,Pune Mandi,2804.7,3278.3,3041.5,721.7
2020-11-02,Jowar,Maharashtra,Pune Mandi,2954.3,3302.1,3128.2,472.4
2020-11-09,Jowar,Maharashtra,Pune Mandi,3068.8,3378.8,3223.8,609.7
2020-11-16,Jowar,Maharashtra,Pune Mandi,2970.1,3340.9,3155.5,699.2
2020-11-23,Jowar,Maharashtra,Pune Mandi,3124.1,3573.7,3348.9,577.1
2020-11-30,Jowar,Maharashtra,Pune Mandi,2914.4,3295.8,3105.1,484.5
2020-12-07,Jowar,Maharashtra,Pune Mandi,3928.4,4585.4,4256.9,386.6
2020-12-14,Jowar,Maharashtra,Pune Mandi,4071.3,4468.7,4270.0,377.9
2020-12-21,Jowar,Maharashtra,Pune Mandi,3962.7,4571.9,4267.3,381.4
2020-12-28,Jowar,Maharashtra,Pune Mandi,4223.9,5013.5,4618.7,328.2
2021-01-04,Jowar,Maharashtra,Pune Mandi,3867.8,4498.2,4183.0,252.7
2021-01-11,Jowar,Maharashtra,Pune Mandi,4095.0,4556.8,4325.9,309.3
2021-01-18,Jowar,Maharashtra,Pune Mandi,4028.8,4812.2,4420.5,403.7
2021-01-25,Jowar,Maharashtra,Pune Mandi,3813.5,4506.5,4160.0,275.5
2021-02-01,Jowar,Maharashtra,Pune Mandi,4455.9,5032.9,4744.4,334.7
2021-02-08,Jowar,Maharashtra,Pune Mandi,4295.6,5138.8,4717.2,361.1
2021-02-15,Jowar,Maharashtra,Pune Mandi,4083.1,4471.7,4277.4,286.0
2021-02-22,Jowar,Maharashtra,Pune Mandi,4354.3,5134.3,4744.3,347.2
2021-03-01,Jowar,Maharashtra,Pune Mandi,2926.7,3362.9,3144.8,751.1
2021-03-08,Jowar,Maharashtra,Pune Mandi,3230.0,3524.2,3377.1,603.6
2021-03-15,Jowar,Maharashtra,Pune Mandi,3118.5,3619.1,3368.8,483.6
2021-03-22,Jowar,Maharashtra,Pune Mandi,3243.1,3622.7,3432.9,564.0
2021-03-29,Jowar,Maharashtra,Pune Mandi,2835.1,3310.3,3072.7,615.4
2021-04-05,Jowar,Maharashtra,Pune Mandi,3204.7,3758.5,3481.6,487.9
2021-04-12,Jowar,Maharashtra,Pune Mandi,3170.1,3790.3,3480.2,595.3
2021-04-19,Jowar,Maharashtra,Pune Mandi,3215.6,3843.6,3529.6,677.2
2021-04-26,Jowar,Maharashtra,Pune Mandi,3092.0,3385.6,3238.8,532.8
2021-05-03,Jowar,Maharashtra,Pune Mandi,4153.7,4622.5,4388.1,310.6
2021-05-10,Jowar,Maharashtra,Pune Mandi,4442.6,4916.8,4679.7,281.4
2021-05-17,Jowar,Maharashtra,Pune Mandi,4233.4,4994.8,4614.1,267.0
2021-05-24,Jowar,Maharashtra,Pune Mandi,4252.5,4955.9,4604.2,336.0
2021-05-31,Jowar,Maharashtra,Pune Mandi,4591.6,5135.2,4863.4,309.8
2021-06-07,Jowar,Maharashtra,Pune Mandi,4344.6,5129.0,4736.8,335.3
2021-06-14,Jowar,Maharashtra,Pune Mandi,4191.7,4711.9,4451.8,307.3
2021-06-21,Jowar,Maharashtra,Pune Mandi,4235.9,4771.1,4503.5,368.3
2021-06-28,Jowar,Maharashtra,Pune Mandi,4255.9,4613.1,4434.5,324.3
2021-07-05,Jowar,Maharashtra,Pune Mandi,4474.0,5008.6,4741.3,336.7
2021-07-12,Jowar,Maharashtra,Pune Mandi,4432.2,5183.6,4807.9,318.0
2021-07-19,Jowar,Maharashtra,Pune Mandi,4360.4,4770.6,4565.5,243.4
2021-07-26,Jowar,Maharashtra,Pune Mandi,4386.3,5095.3,4740.8,377.3
2021-08-02,Jowar,Maharashtra,Pune Mandi,4166.3,4818.9,4492.6,341.5
2021-08-09,Jowar,Maharashtra,Pune Mandi,4394.0,5259.8,4826.9,355.4
2021-08-16,Jowar,Maharashtra,Pune Mandi,4497.9,4990.9,4744.4,261.3
2021-08-23,Jowar,Maharashtra,Pune Mandi,4566.3,5226.5,4896.4,276.0
2021-08-30,Jowar,Maharashtra,Pune Mandi,4088.0,4639.0,4363.5,364.7
2021-09-06,Jowar,Maharashtra,Pune Mandi,4304.8,5019.8,4662.3,397.5
2021-09-13,Jowar,Maharashtra,Pune Mandi,4102.0,4878.6,4490.3,288.4
2021-09-20,Jowar,Maharashtra,Pune Mandi,4361.3,4822.9,4592.1,380.6
2021-09-27,Jowar,Maharashtra,Pune Mandi,4132.4,4733.6,4433.0,290.0
2021-10-04,Jowar,Maharashtra,Pune Mandi,3399.9,3698.9,3549.4,609.4
2021-10-11,Jowar,Maharashtra,Pune Mandi,3118.9,3525.3,3322.1,698.7
2021-10-18,Jowar,Maharashtra,Pune Mandi,3269.3,3682.7,3476.0,691.2
2021-10-25,Jowar,Maharashtra,Pune Mandi,3408.6,3793.8,3601.2,493.3
2021-11-01,Jowar,Maharashtra,Pune Mandi,3218.3,3741.7,3480.0,511.0
2021-11-08,Jowar,Maharashtra,Pune Mandi,3220.4,3688.4,3454.4,477.7
2021-11-15,Jowar,Maharashtra,Pune Mandi,3066.8,3615.0,3340.9,685.2
2021-11-22,Jowar,Maharashtra,Pune Mandi,3000.1,3558.7,3279.4,699.1
2021-11-29,Jowar,Maharashtra,Pune Mandi,3122.2,3460.2,3291.2,490.0
2021-12-06,Jowar,Maharashtra,Pune Mandi,4266.4,5014.0,4640.2,386.7
2021-12-13,Jowar,Maharashtra,Pune Mandi,4183.1,4991.1,4587.1,289.4
2021-12-20,Jowar,Maharashtra,Pune Mandi,4385.8,4841.0,4613.4,368.5
2021-12-27,Jowar,Maharashtra,Pune Mandi,4126.6,4820.6,4473.6,239.2
2022-01-03,Jowar,Maharashtra,Pune Mandi,4761.5,5310.3,5035.9,379.4
2022-01-10,Jowar,Maharashtra,Pune Mandi,4533.1,5328.5,4930.8,365.9
2022-01-17,Jowar,Maharashtra,Pune Mandi,4368.7,4734.3,4551.5,348.2
2022-01-24,Jowar,Maharashtra,Pune Mandi,4451.3,5293.9,4872.6,295.7
2022-01-31,Jowar,Maharashtra,Pune Mandi,4689.4,5287.0,4988.2,249.8
2022-02-07,Jowar,Maharashtra,Pune Mandi,4047.9,4784.9,4416.4,397.1
2022-02-14,Jowar,Maharashtra,Pune Mandi,4660.6,5347.6,5004.1,369.5
2022-02-21,Jowar,Maharashtra,Pune Mandi,4766.6,5266.4,5016.5,302.9
2022-02-28,Jowar,Maharashtra,Pune Mandi,4556.1,5143.1,4849.6,310.0
2022-03-07,Jowar,Maharashtra,Pune Mandi,3222.2,3562.6,3392.4,588.5
2022-03-14,Jowar,Maharashtra,Pune Mandi,3112.5,3626.3,3369.4,780.8
2022-03-21,Jowar,Maharashtra,Pune Mandi,3127.9,3595.7,3361.8,653.7
2022-03-28,Jowar,Maharashtra,Pune Mandi,3047.0,3494.6,3270.8,705.7
2022-04-04,Jowar,Maharashtra,Pune Mandi,3210.5,3519.9,3365.2,696.9
2022-04-11,Jowar,Maharashtra,Pune Mandi,3454.4,3961.8,3708.1,467.4
2022-04-18,Jowar,Maharashtra,Pune Mandi,3189.8,3761.8,3475.8,564.5
2022-04-25,Jowar,Maharashtra,Pune Mandi,3290.1,3933.9,3612.0,467.4
2022-05-02,Jowar,Maharashtra,Pune Mandi,4163.9,4869.5,4516.7,363.4
2022-05-09,Jowar,Maharashtra,Pune Mandi,4307.8,4694.0,4500.9,372.2
2022-05-16,Jowar,Maharashtra,Pune Mandi,4496.3,4992.7,4744.5,350.1
2022-05-23,Jowar,Maharashtra,Pune Mandi,4473.8,5136.6,4805.2,344.3
2022-05-30,Jowar,Maharashtra,Pune Mandi,4579.6,4979.4,4779.5,255.0
2022-06-06,Jowar,Maharashtra,Pune Mandi,4723.0,5613.0,5168.0,331.1
2022-06-13,Jowar,Maharashtra,Pune Mandi,4685.2,5154.4,4919.8,336.4
2022-06-20,Jowar,Maharashtra,Pune Mandi,4156.9,4864.3,4510.6,292.1
2022-06-27,Jowar,Maharashtra,Pune Mandi,4715.7,5344.3,5030.0,322.0
2022-07-04,Jowar,Maharashtra,Pune Mandi,4711.7,5589.9,5150.8,265.8
2022-07-11,Jowar,Maharashtra,Pune Mandi,4392.1,5179.7,4785.9,345.1
2022-07-18,Jowar,Maharashtra,Pune Mandi,4289.2,4901.8,4595.5,275.1
2022-07-25,Jowar,Maharashtra,Pune Mandi,4338.6,4799.4,4569.0,359.4
2022-08-01,Jowar,Maharashtra,Pune Mandi,4813.7,5407.1,5110.4,364.6
2022-08-08,Jowar,Maharashtra,Pune Mandi,4801.6,5443.2,5122.4,346.3
2022-08-15,Jowar,Maharashtra,Pune Mandi,4324.7,5115.3,4720.0,388.8
2022-08-22,Jowar,Maharashtra,Pune Mandi,4360.2,5221.8,4791.0,308.9
2022-08-29,Jowar,Maharashtra,Pune Mandi,4520.9,5109.1,4815.0,239.4
2022-09-05,Jowar,Maharashtra,Pune Mandi,4553.2,5383.2,4968.2,290.1
2022-09-12,Jowar,Maharashtra,Pune Mandi,4503.9,5124.7,4814.3,378.9
2022-09-19,Jowar,Maharashtra,Pune Mandi,4771.5,5426.1,5098.8,374.4
2022-09-26,Jowar,Maharashtra,Pune Mandi,4401.0,4825.6,4613.3,278.3
2022-10-03,Jowar,Maharashtra,Pune Mandi,3270.7,3589.5,3430.1,725.5
2022-10-10,Jowar,Maharashtra,Pune Mandi,3387.8,4036.4,3712.1,782.7
2022-10-17,Jowar,Maharashtra,Pune Mandi,3535.5,4016.7,3776.1,752.1
2022-10-24,Jowar,Maharashtra,Pune Mandi,3186.6,3626.4,3406.5,582.0
2022-10-31,Jowar,Maharashtra,Pune Mandi,3554.1,4170.5,3862.3,683.7
2022-11-07,Jowar,Maharashtra,Pune Mandi,3474.0,3925.6,3699.8,692.9
2022-11-14,Jowar,Maharashtra,Pune Mandi,3349.9,3989.7,3669.8,717.9
2022-11-21,Jowar,Maharashtra,Pune Mandi,3216.7,3714.1,3465.4,593.2
2022-11-28,Jowar,Maharashtra,Pune Mandi,3589.9,4143.7,3866.8,637.8
2022-12-05,Jowar,Maharashtra,Pune Mandi,4638.1,5360.3,4999.2,377.0
2022-12-12,Jowar,Maharashtra,Pune Mandi,4606.8,5437.0,5021.9,272.9
2022-12-19,Jowar,Maharashtra,Pune Mandi,4373.6,5122.8,4748.2,279.6
2022-12-26,Jowar,Maharashtra,Pune Mandi,4467.7,5120.9,4794.3,407.2
2023-01-02,Jowar,Maharashtra,Pune Mandi,4840.2,5726.0,5283.1,378.8
2023-01-09,Jowar,Maharashtra,Pune Mandi,5066.4,5586.8,5326.6,347.4
2023-01-16,Jowar,Maharashtra,Pune Mandi,4780.0,5219.2,4999.6,290.9
2023-01-23,Jowar,Maharashtra,Pune Mandi,4594.2,4986.4,4790.3,332.0
2023-01-30,Jowar,Maharashtra,Pune Mandi,4729.9,5140.5,4935.2,299.7
2023-02-06,Jowar,Maharashtra,Pune Mandi,4614.4,5077.8,4846.1,295.5
2023-02-13,Jowar,Maharashtra,Pune Mandi,4795.9,5268.9,5032.4,299.5
2023-02-20,Jowar,Maharashtra,Pune Mandi,4823.4,5517.4,5170.4,345.1
2023-02-27,Jowar,Maharashtra,Pune Mandi,4496.1,4906.3,4701.2,381.1
2023-03-06,Jowar,Maharashtra,Pune Mandi,3662.0,3984.2,3823.1,772.3
2023-03-13,Jowar,Maharashtra,Pune Mandi,3515.4,4068.8,3792.1,606.3
2023-03-20,Jowar,Maharashtra,Pune Mandi,3600.2,4136.4,3868.3,738.8
2023-03-27,Jowar,Maharashtra,Pune Mandi,3638.6,4096.6,3867.6,563.2
2023-04-03,Jowar,Maharashtra,Pune Mandi,3602.1,4177.9,3890.0,576.6
2023-04-10,Jowar,Maharashtra,Pune Mandi,3657.8,4271.8,3964.8,766.3
2023-04-17,Jowar,Maharashtra,Pune Mandi,3561.9,3989.7,3775.8,759.5
2023-04-24,Jowar,Maharashtra,Pune Mandi,3405.5,3693.7,3549.6,778.8
2023-05-01,Jowar,Maharashtra,Pune Mandi,4756.3,5315.1,5035.7,250.6
2023-05-08,Jowar,Maharashtra,Pune Mandi,4958.0,5379.6,5168.8,262.7
2023-05-15,Jowar,Maharashtra,Pune Mandi,4662.0,5450.8,5056.4,261.5
2023-05-22,Jowar,Maharashtra,Pune Mandi,4998.3,5636.5,5317.4,391.0
2023-05-29,Jowar,Maharashtra,Pune Mandi,4960.1,5914.9,5437.5,355.2
2023-06-05,Jowar,Maharashtra,Pune Mandi,4782.0,5533.6,5157.8,268.7
2023-06-12,Jowar,Maharashtra,Pune Mandi,5071.4,5526.0,5298.7,397.5
2023-06-19,Jowar,Maharashtra,Pune Mandi,4839.0,5293.8,5066.4,409.1
2023-06-26,Jowar,Maharashtra,Pune Mandi,4838.5,5445.1,5141.8,277.7
2023-07-03,Jowar,Maharashtra,Pune Mandi,5086.5,5726.3,5406.4,400.1
2023-07-10,Jowar,Maharashtra,Pune Mandi,5026.6,5456.6,5241.6,241.0
2023-07-17,Jowar,Maharashtra,Pune Mandi,4797.0,5737.0,5267.0,297.4
2023-07-24,Jowar,Maharashtra,Pune Mandi,4898.6,5569.2,5233.9,381.4
2023-07-31,Jowar,Maharashtra,Pune Mandi,5053.7,5903.7,5478.7,353.7
2023-08-07,Jowar,Maharashtra,Pune Mandi,4464.1,5289.9,4877.0,272.4
2023-08-14,Jowar,Maharashtra,Pune Mandi,4643.2,5227.6,4935.4,243.2
2023-08-21,Jowar,Maharashtra,Pune Mandi,5060.7,5826.3,5443.5,398.9
2023-08-28,Jowar,Maharashtra,Pune Mandi,4603.6,5226.8,4915.2,287.2
2023-09-04,Jowar,Maharashtra,Pune Mandi,4838.7,5304.9,5071.8,288.5
2023-09-11,Jowar,Maharashtra,Pune Mandi,4593.6,5082.2,4837.9,300.6
2023-09-18,Jowar,Maharashtra,Pune Mandi,4750.9,5159.5,4955.2,263.7
2023-09-25,Jowar,Maharashtra,Pune Mandi,4723.5,5467.9,5095.7,347.9
2023-10-02,Jowar,Maharashtra,Pune Mandi,3609.8,3978.2,3794.0,570.2
2023-10-09,Jowar,Maharashtra,Pune Mandi,3296.9,3850.5,3573.7,604.2
2023-10-16,Jowar,Maharashtra,Pune Mandi,3516.0,4204.2,3860.1,730.2
2023-10-23,Jowar,Maharashtra,Pune Mandi,3689.6,4272.2,3980.9,659.2
2023-10-30,Jowar,Maharashtra,Pune Mandi,3780.1,4421.5,4100.8,709.9
2023-11-06,Jowar,Maharashtra,Pune Mandi,3471.7,3941.7,3706.7,594.9
2023-11-13,Jowar,Maharashtra,Pune Mandi,3281.7,3909.5,3595.6,631.5
2023-11-20,Jowar,Maharashtra,Pune Mandi,3767.8,4189.4,3978.6,729.2
2023-11-27,Jowar,Maharashtra,Pune Mandi,3493.1,4158.9,3826.0,746.4
2023-12-04,Jowar,Maharashtra,Pune Mandi,4731.1,5417.5,5074.3,321.4
2023-12-11,Jowar,Maharashtra,Pune Mandi,4938.8,5678.4,5308.6,281.0
2023-12-18,Jowar,Maharashtra,Pune Mandi,4928.5,5573.5,5251.0,248.3
2023-12-25,Jowar,Maharashtra,Pune Mandi,4889.3,5679.9,5284.6,295.7
2015-01-05,Jowar,Karnataka,Belagavi Mandi,2929.8,3294.2,3112.0,310.6
2015-01-12,Jowar,Karnataka,Belagavi Mandi,3003.1,3440.5,3221.8,273.8
2015-01-19,Jowar,Karnataka,Belagavi Mandi,2804.5,3102.9,2953.7,250.3
2015-01-26,Jowar,Karnataka,Belagavi Mandi,2862.3,3320.7,3091.5,333.5
2015-02-02,Jowar,Karnataka,Belagavi Mandi,2737.5,3139.1,2938.3,399.6
2015-02-09,Jowar,Karnataka,Belagavi Mandi,3116.3,3456.7,3286.5,355.0
2015-02-16,Jowar,Karnataka,Belagavi Mandi,3149.3,3428.9,3289.1,304.7
2015-02-23,Jowar,Karnataka,Belagavi Mandi,3125.4,3631.2,3378.3,341.5
2015-03-02,Jowar,Karnataka,Belagavi Mandi,2097.8,2498.2,2298.0,719.9
2015-03-09,Jowar,Karnataka,Belagavi Mandi,2260.6,2679.6,2470.1,583.4
2015-03-16,Jowar,Karnataka,Belagavi Mandi,2264.8,2660.0,2462.4,754.2
2015-03-23,Jowar,Karnataka,Belagavi Mandi,2141.4,2375.6,2258.5,765.9
2015-03-30,Jowar,Karnataka,Belagavi Mandi,2316.8,2581.0,2448.9,627.5
2015-04-06,Jowar,Karnataka,Belagavi Mandi,2095.1,2292.1,2193.6,720.6
2015-04-13,Jowar,Karnataka,Belagavi Mandi,2188.6,2452.4,2320.5,758.0
2015-04-20,Jowar,Karnataka,Belagavi Mandi,2237.8,2526.8,2382.3,763.1
2015-04-27,Jowar,Karnataka,Belagavi Mandi,2253.2,2675.2,2464.2,736.4
2015-05-04,Jowar,Karnataka,Belagavi Mandi,2880.2,3232.2,3056.2,302.1
2015-05-11,Jowar,Karnataka,Belagavi Mandi,2837.7,3362.1,3099.9,252.2
2015-05-18,Jowar,Karnataka,Belagavi Mandi,2922.5,3372.9,3147.7,355.0
2015-05-25,Jowar,Karnataka,Belagavi Mandi,3048.9,3618.3,3333.6,305.5
2015-06-01,Jowar,Karnataka,Belagavi Mandi,3093.0,3447.0,3270.0,350.4
2015-06-08,Jowar,Karnataka,Belagavi Mandi,3125.5,3562.5,3344.0,358.9
2015-06-15,Jowar,Karnataka,Belagavi Mandi,3055.2,3342.8,3199.0,278.3
2015-06-22,Jowar,Karnataka,Belagavi Mandi,2923.5,3402.7,3163.1,319.3
2015-06-29,Jowar,Karnataka,Belagavi Mandi,2832.4,3340.0,3086.2,244.0
2015-07-06,Jowar,Karnataka,Belagavi Mandi,2837.9,3199.3,3018.6,375.2
2015-07-13,Jowar,Karnataka,Belagavi Mandi,2808.3,3237.7,3023.0,284.9
2015-07-20,Jowar,Karnataka,Belagavi Mandi,3038.6,3413.2,3225.9,387.0
2015-07-27,Jowar,Karnataka,Belagavi Mandi,2919.7,3431.1,3175.4,395.4
2015-08-03,Jowar,Karnataka,Belagavi Mandi,3185.6,3565.2,3375.4,288.2
2015-08-10,Jowar,Karnataka,Belagavi Mandi,2950.7,3454.7,3202.7,372.9
2015-08-17,Jowar,Karnataka,Belagavi Mandi,3260.3,3652.3,3456.3,303.4
2015-08-24,Jowar,Karnataka,Belagavi Mandi,3055.9,3402.5,3229.2,342.7
2015-08-31,Jowar,Karnataka,Belagavi Mandi,3166.0,3565.6,3365.8,270.0
2015-09-07,Jowar,Karnataka,Belagavi Mandi,3272.2,3606.6,3439.4,391.2
2015-09-14,Jowar,Karnataka,Belagavi Mandi,3149.8,3493.4,3321.6,404.1
2015-09-21,Jowar,Karnataka,Belagavi Mandi,3043.4,3366.0,3204.7,306.9
2015-09-28,Jowar,Karnataka,Belagavi Mandi,3121.5,3397.9,3259.7,396.5
2015-10-05,Jowar,Karnataka,Belagavi Mandi,2073.7,2418.7,2246.2,776.1
2015-10-12,Jowar,Karnataka,Belagavi Mandi,2115.7,2441.5,2278.6,735.8
2015-10-19,Jowar,Karnataka,Belagavi Mandi,2164.6,2360.6,2262.6,781.5
2015-10-26,Jowar,Karnataka,Belagavi Mandi,2333.3,2705.3,2519.3,605.8
2015-11-02,Jowar,Karnataka,Belagavi Mandi,2117.5,2526.3,2321.9,602.0
2015-11-09,Jowar,Karnataka,Belagavi Mandi,2339.3,2774.9,2557.1,649.2
2015-11-16,Jowar,Karnataka,Belagavi Mandi,2344.3,2576.5,2460.4,679.8
2015-11-23,Jowar,Karnataka,Belagavi Mandi,2438.1,2682.5,2560.3,748.3
2015-11-30,Jowar,Karnataka,Belagavi Mandi,2291.2,2700.4,2495.8,737.9
2015-12-07,Jowar,Karnataka,Belagavi Mandi,3229.5,3500.7,3365.1,278.1
2015-12-14,Jowar,Karnataka,Belagavi Mandi,2930.1,3336.5,3133.3,333.6
2015-12-21,Jowar,Karnataka,Belagavi Mandi,2904.3,3397.5,3150.9,380.5
2015-12-28,Jowar,Karnataka,Belagavi Mandi,3090.7,3357.1,3223.9,308.9
2016-01-04,Jowar,Karnataka,Belagavi Mandi,2877.9,3328.3,3103.1,360.5
2016-01-11,Jowar,Karnataka,Belagavi Mandi,3159.0,3433.2,3296.1,362.7
2016-01-18,Jowar,Karnataka,Belagavi Mandi,3130.1,3548.9,3339.5,242.1
2016-01-25,Jowar,Karnataka,Belagavi Mandi,3018.3,3420.1,3219.2,400.6
2016-02-01,Jowar,Karnataka,Belagavi Mandi,3127.5,3503.5,3315.5,382.6
2016-02-08,Jowar,Karnataka,Belagavi Mandi,3144.0,3628.8,3386.4,350.7
2016-02-15,Jowar,Karnataka,Belagavi Mandi,3119.9,3596.5,3358.2,334.7
2016-02-22,Jowar,Karnataka,Belagavi Mandi,3198.2,3508.2,3353.2,290.6
2016-02-29,Jowar,Karnataka,Belagavi Mandi,3121.7,3726.7,3424.2,372.7
2016-03-07,Jowar,Karnataka,Belagavi Mandi,2226.6,2627.2,2426.9,657.9
2016-03-14,Jowar,Karnataka,Belagavi Mandi,2280.8,2479.0,2379.9,562.7
2016-03-21,Jowar,Karnataka,Belagavi Mandi,2247.6,2623.6,2435.6,463.5
2016-03-28,Jowar,Karnataka,Belagavi Mandi,2219.1,2529.7,2374.4,502.3
2016-04-04,Jowar,Karnataka,Belagavi Mandi,2264.1,2695.9,2480.0,779.3
2016-04-11,Jowar,Karnataka,Belagavi Mandi,2245.6,2612.6,2429.1,642.1
2016-04-18,Jowar,Karnataka,Belagavi Mandi,2150.0,2487.0,2318.5,539.7
2016-04-25,Jowar,Karnataka,Belagavi Mandi,2239.5,2430.9,2335.2,688.2
2016-05-02,Jowar,Karnataka,Belagavi Mandi,3042.3,3395.1,3218.7,324.7
2016-05-09,Jowar,Karnataka,Belagavi Mandi,3022.1,3599.7,3310.9,332.2
2016-05-16,Jowar,Karnataka,Belagavi Mandi,3153.2,3606.8,3380.0,248.3
2016-05-23,Jowar,Karnataka,Belagavi Mandi,3229.8,3651.8,3440.8,407.3
2016-05-30,Jowar,Karnataka,Belagavi Mandi,3111.4,3558.6,3335.0,295.3
2016-06-06,Jowar,Karnataka,Belagavi Mandi,2957.5,3445.5,3201.5,270.4
2016-06-13,Jowar,Karnataka,Belagavi Mandi,3254.1,3849.9,3552.0,348.7
2016-06-20,Jowar,Karnataka,Belagavi Mandi,3074.4,3466.2,3270.3,275.0
2016-06-27,Jowar,Karnataka,Belagavi Mandi,3354.6,3699.2,3526.9,312.9
2016-07-04,Jowar,Karnataka,Belagavi Mandi,3057.3,3396.7,3227.0,315.4
2016-07-11,Jowar,Karnataka,Belagavi Mandi,3158.0,3739.2,3448.6,290.6
2016-07-18,Jowar,Karnataka,Belagavi Mandi,3289.9,3711.5,3500.7,376.6
2016-07-25,Jowar,Karnataka,Belagavi Mandi,3093.9,3469.7,3281.8,355.9
2016-08-01,Jowar,Karnataka,Belagavi Mandi,3385.0,3947.6,3666.3,314.5
2016-08-08,Jowar,Karnataka,Belagavi Mandi,2980.8,3563.2,3272.0,323.1
2016-08-15,Jowar,Karnataka,Belagavi Mandi,3083.8,3416.8,3250.3,307.5
2016-08-22,Jowar,Karnataka,Belagavi Mandi,2999.8,3427.6,3213.7,353.0
2016-08-29,Jowar,Karnataka,Belagavi Mandi,3220.0,3838.0,3529.0,405.3
2016-09-05,Jowar,Karnataka,Belagavi Mandi,3108.8,3616.0,3362.4,352.8
2016-09-12,Jowar,Karnataka,Belagavi Mandi,3122.7,3719.1,3420.9,330.4
2016-09-19,Jowar,Karnataka,Belagavi Mandi,3092.4,3557.0,3324.7,257.7
2016-09-26,Jowar,Karnataka,Belagavi Mandi,3209.4,3641.6,3425.5,397.8
2016-10-03,Jowar,Karnataka,Belagavi Mandi,2355.5,2747.7,2551.6,696.1
2016-10-10,Jowar,Karnataka,Belagavi Mandi,2220.8,2638.6,2429.7,772.6
2016-10-17,Jowar,Karnataka,Belagavi Mandi,2232.9,2652.9,2442.9,603.7
2016-10-24,Jowar,Karnataka,Belagavi Mandi,2294.2,2608.6,2451.4,526.6
2016-10-31,Jowar,Karnataka,Belagavi Mandi,2431.2,2772.2,2601.7,607.3
2016-11-07,Jowar,Karnataka,Belagavi Mandi,2556.3,2859.7,2708.0,740.3
2016-11-14,Jowar,Karnataka,Belagavi Mandi,2351.1,2661.5,2506.3,567.5
2016-11-21,Jowar,Karnataka,Belagavi Mandi,2596.6,2818.6,2707.6,471.1
2016-11-28,Jowar,Karnataka,Belagavi Mandi,2488.5,2932.7,2710.6,615.5
2016-12-05,Jowar,Karnataka,Belagavi Mandi,3452.1,3811.1,3631.6,398.4
2016-12-12,Jowar,Karnataka,Belagavi Mandi,3308.2,3783.6,3545.9,283.4
2016-12-19,Jowar,Karnataka,Belagavi Mandi,3322.2,3619.6,3470.9,344.8
2016-12-26,Jowar,Karnataka,Belagavi Mandi,3471.4,3813.4,3642.4,314.2
2017-01-02,Jowar,Karnataka,Belagavi Mandi,3298.1,3647.7,3472.9,373.1
2017-01-09,Jowar,Karnataka,Belagavi Mandi,3317.9,3666.3,3492.1,341.2
2017-01-16,Jowar,Karnataka,Belagavi Mandi,3235.0,3606.8,3420.9,237.2
2017-01-23,Jowar,Karnataka,Belagavi Mandi,3217.7,3538.3,3378.0,332.5
2017-01-30,Jowar,Karnataka,Belagavi Mandi,3488.5,3884.1,3686.3,356.9
2017-02-06,Jowar,Karnataka,Belagavi Mandi,3136.0,3677.4,3406.7,353.0
2017-02-13,Jowar,Karnataka,Belagavi Mandi,3231.4,3784.4,3507.9,270.2
2017-02-20,Jowar,Karnataka,Belagavi Mandi,3272.7,3854.7,3563.7,317.5
2017-02-27,Jowar,Karnataka,Belagavi Mandi,3436.9,3851.3,3644.1,279.1
2017-03-06,Jowar,Karnataka,Belagavi Mandi,2353.3,2678.1,2515.7,562.2
2017-03-13,Jowar,Karnataka,Belagavi Mandi,2557.9,2978.5,2768.2,633.0
2017-03-20,Jowar,Karnataka,Belagavi Mandi,2464.8,2847.8,2656.3,745.2
2017-03-27,Jowar,Karnataka,Belagavi Mandi,2316.4,2572.6,2444.5,526.2
2017-04-03,Jowar,Karnataka,Belagavi Mandi,2530.7,2984.5,2757.6,583.2
2017-04-10,Jowar,Karnataka,Belagavi Mandi,2510.6,2953.4,2732.0,618.5
2017-04-17,Jowar,Karnataka,Belagavi Mandi,2383.4,2845.8,2614.6,658.2
2017-04-24,Jowar,Karnataka,Belagavi Mandi,2526.5,2809.9,2668.2,603.6
2017-05-01,Jowar,Karnataka,Belagavi Mandi,3562.1,3974.5,3768.3,298.2
2017-05-08,Jowar,Karnataka,Belagavi Mandi,3458.3,3943.1,3700.7,363.8
2017-05-15,Jowar,Karnataka,Belagavi Mandi,3079.4,3643.8,3361.6,258.7
2017-05-22,Jowar,Karnataka,Belagavi Mandi,3443.2,3768.8,3606.0,386.6
2017-05-29,Jowar,Karnataka,Belagavi Mandi,3212.6,3659.4,3436.0,408.3
2017-06-05,Jowar,Karnataka,Belagavi Mandi,3541.0,4159.2,3850.1,406.8
2017-06-12,Jowar,Karnataka,Belagavi Mandi,3678.6,4029.4,3854.0,368.9
2017-06-19,Jowar,Karnataka,Belagavi Mandi,3215.3,3804.3,3509.8,357.3
2017-06-26,Jowar,Karnataka,Belagavi Mandi,3526.2,4013.4,3769.8,376.7
2017-07-03,Jowar,Karnataka,Belagavi Mandi,3350.2,3968.4,3659.3,320.3
2017-07-10,Jowar,Karnataka,Belagavi Mandi,3183.7,3771.5,3477.6,332.2
2017-07-17,Jowar,Karnataka,Belagavi Mandi,3339.1,3923.9,3631.5,300.6
2017-07-24,Jowar,Karnataka,Belagavi Mandi,3500.7,3795.3,3648.0,250.6
2017-07-31,Jowar,Karnataka,Belagavi Mandi,3614.3,3950.5,3782.4,257.6
2017-08-07,Jowar,Karnataka,Belagavi Mandi,3185.8,3800.2,3493.0,340.8
2017-08-14,Jowar,Karnataka,Belagavi Mandi,3599.6,4025.0,3812.3,400.7
2017-08-21,Jowar,Karnataka,Belagavi Mandi,3402.8,3959.0,3680.9,313.8
2017-08-28,Jowar,Karnataka,Belagavi Mandi,3528.1,3897.9,3713.0,337.8
2017-09-04,Jowar,Karnataka,Belagavi Mandi,3459.2,4142.4,3800.8,354.1
2017-09-11,Jowar,Karnataka,Belagavi Mandi,3499.1,3983.3,3741.2,260.8
2017-09-18,Jowar,Karnataka,Belagavi Mandi,3650.4,4156.6,3903.5,362.5
2017-09-25,Jowar,Karnataka,Belagavi Mandi,3526.8,4106.2,3816.5,368.2
2017-10-02,Jowar,Karnataka,Belagavi Mandi,2449.1,2685.7,2567.4,656.3
2017-10-09,Jowar,Karnataka,Belagavi Mandi,2345.9,2809.1,2577.5,527.7
2017-10-16,Jowar,Karnataka,Belagavi Mandi,2520.7,3016.3,2768.5,789.0
2017-10-23,Jowar,Karnataka,Belagavi Mandi,2408.4,2822.8,2615.6,655.5
2017-10-30,Jowar,Karnataka,Belagavi Mandi,2504.7,2909.5,2707.1,599.2
2017-11-06,Jowar,Karnataka,Belagavi Mandi,2609.6,3043.8,2826.7,469.8
2017-11-13,Jowar,Karnataka,Belagavi Mandi,2573.3,2976.5,2774.9,462.5
2017-11-20,Jowar,Karnataka,Belagavi Mandi,2643.1,3117.1,2880.1,749.8
2017-11-27,Jowar,Karnataka,Belagavi Mandi,2646.7,2907.1,2776.9,589.6
2017-12-04,Jowar,Karnataka,Belagavi Mandi,3631.7,4143.1,3887.4,267.1
2017-12-11,Jowar,Karnataka,Belagavi Mandi,3483.3,3943.3,3713.3,368.4
2017-12-18,Jowar,Karnataka,Belagavi Mandi,3573.6,4208.6,3891.1,265.2
2017-12-25,Jowar,Karnataka,Belagavi Mandi,3330.7,3644.9,3487.8,237.7
2018-01-01,Jowar,Karnataka,Belagavi Mandi,3312.4,3938.0,3625.2,295.3
2018-01-08,Jowar,Karnataka,Belagavi Mandi,3416.6,4049.0,3732.8,296.0
2018-01-15,Jowar,Karnataka,Belagavi Mandi,3549.1,4002.3,3775.7,396.3
2018-01-22,Jowar,Karnataka,Belagavi Mandi,3550.8,4097.0,3823.9,299.6
2018-01-29,Jowar,Karnataka,Belagavi Mandi,3780.8,4112.8,3946.8,290.5
2018-02-05,Jowar,Karnataka,Belagavi Mandi,3321.9,3670.9,3496.4,295.4
2018-02-12,Jowar,Karnataka,Belagavi Mandi,3591.6,3946.4,3769.0,337.9
2018-02-19,Jowar,Karnataka,Belagavi Mandi,3689.2,4002.8,3846.0,246.1
2018-02-26,Jowar,Karnataka,Belagavi Mandi,3392.1,3734.5,3563.3,370.1
2018-03-05,Jowar,Karnataka,Belagavi Mandi,2809.4,3057.8,2933.6,495.2
2018-03-12,Jowar,Karnataka,Belagavi Mandi,2613.3,3088.1,2850.7,786.7
2018-03-19,Jowar,Karnataka,Belagavi Mandi,2597.2,2866.2,2731.7,685.7
2018-03-26,Jowar,Karnataka,Belagavi Mandi,2402.1,2788.3,2595.2,705.0
2018-04-02,Jowar,Karnataka,Belagavi Mandi,2700.0,2950.2,2825.1,701.4
2018-04-09,Jowar,Karnataka,Belagavi Mandi,2505.5,2904.1,2704.8,521.8
2018-04-16,Jowar,Karnataka,Belagavi Mandi,2549.3,2888.1,2718.7,498.3
2018-04-23,Jowar,Karnataka,Belagavi Mandi,2742.3,3104.7,2923.5,518.9
2018-04-30,Jowar,Karnataka,Belagavi Mandi,2769.0,3111.2,2940.1,721.9
2018-05-07,Jowar,Karnataka,Belagavi Mandi,3283.3,3887.5,3585.4,394.8
2018-05-14,Jowar,Karnataka,Belagavi Mandi,3451.9,3841.9,3646.9,237.4
2018-05-21,Jowar,Karnataka,Belagavi Mandi,3766.9,4275.1,4021.0,252.7
2018-05-28,Jowar,Karnataka,Belagavi Mandi,3637.7,4349.1,3993.4,240.4
2018-06-04,Jowar,Karnataka,Belagavi Mandi,3377.8,3966.2,3672.0,366.2
2018-06-11,Jowar,Karnataka,Belagavi Mandi,3569.8,4118.2,3844.0,334.0
2018-06-18,Jowar,Karnataka,Belagavi Mandi,3322.3,3916.5,3619.4,292.4
2018-06-25,Jowar,Karnataka,Belagavi Mandi,3791.6,4199.4,3995.5,355.5
2018-07-02,Jowar,Karnataka,Belagavi Mandi,3691.8,4044.6,3868.2,309.7
2018-07-09,Jowar,Karnataka,Belagavi Mandi,3775.0,4099.0,3937.0,354.9
2018-07-16,Jowar,Karnataka,Belagavi Mandi,3558.5,4251.9,3905.2,246.6
2018-07-23,Jowar,Karnataka,Belagavi Mandi,3472.8,4016.0,3744.4,349.6
2018-07-30,Jowar,Karnataka,Belagavi Mandi,3564.9,4187.7,3876.3,274.1
2018-08-06,Jowar,Karnataka,Belagavi Mandi,3827.4,4302.6,4065.0,297.8
2018-08-13,Jowar,Karnataka,Belagavi Mandi,3503.8,4014.6,3759.2,389.3
2018-08-20,Jowar,Karnataka,Belagavi Mandi,3494.5,3931.5,3713.0,402.3
2018-08-27,Jowar,Karnataka,Belagavi Mandi,3708.3,4227.7,3968.0,346.7
2018-09-03,Jowar,Karnataka,Belagavi Mandi,3611.5,4285.1,3948.3,394.3
2018-09-10,Jowar,Karnataka,Belagavi Mandi,3545.5,4012.5,3779.0,267.4
2018-09-17,Jowar,Karnataka,Belagavi Mandi,3664.5,4284.7,3974.6,268.5
2018-09-24,Jowar,Karnataka,Belagavi Mandi,3717.9,4185.5,3951.7,340.5
2018-10-01,Jowar,Karnataka,Belagavi Mandi,2555.9,2869.5,2712.7,612.5
2018-10-08,Jowar,Karnataka,Belagavi Mandi,2891.1,3218.7,3054.9,554.7
2018-10-15,Jowar,Karnataka,Belagavi Mandi,2763.1,3021.9,2892.5,570.3
2018-10-22,Jowar,Karnataka,Belagavi Mandi,2595.4,3067.4,2831.4,681.5
2018-10-29,Jowar,Karnataka,Belagavi Mandi,2559.4,2849.0,2704.2,700.4
2018-11-05,Jowar,Karnataka,Belagavi Mandi,2821.8,3241.0,3031.4,625.0
2018-11-12,Jowar,Karnataka,Belagavi Mandi,2664.5,3034.7,2849.6,536.4
2018-11-19,Jowar,Karnataka,Belagavi Mandi,2721.3,3060.9,2891.1,742.6
2018-11-26,Jowar,Karnataka,Belagavi Mandi,2582.6,3018.6,2800.6,500.6
2018-12-03,Jowar,Karnataka,Belagavi Mandi,3573.4,4201.6,3887.5,243.3
2018-12-10,Jowar,Karnataka,Belagavi Mandi,3915.9,4473.7,4194.8,282.0
2018-12-17,Jowar,Karnataka,Belagavi Mandi,3739.6,4233.6,3986.6,275.1
2018-12-24,Jowar,Karnataka,Belagavi Mandi,3576.6,3946.0,3761.3,326.4
2018-12-31,Jowar,Karnataka,Belagavi Mandi,3435.7,4073.9,3754.8,348.5
2019-01-07,Jowar,Karnataka,Belagavi Mandi,3840.4,4204.0,4022.2,245.9
2019-01-14,Jowar,Karnataka,Belagavi Mandi,3504.9,4003.1,3754.0,382.2
2019-01-21,Jowar,Karnataka,Belagavi Mandi,4070.6,4420.4,4245.5,297.7
2019-01-28,Jowar,Karnataka,Belagavi Mandi,3744.7,4220.9,3982.8,299.5
2019-02-04,Jowar,Karnataka,Belagavi Mandi,3976.3,4345.5,4160.9,372.4
2019-02-11,Jowar,Karnataka,Belagavi Mandi,3784.1,4206.9,3995.5,302.9
2019-02-18,Jowar,Karnataka,Belagavi Mandi,3940.5,4304.5,4122.5,384.1
2019-02-25,Jowar,Karnataka,Belagavi Mandi,3561.1,4125.1,3843.1,320.1
2019-03-04,Jowar,Karnataka,Belagavi Mandi,2557.2,3006.8,2782.0,645.9
2019-03-11,Jowar,Karnataka,Belagavi Mandi,2641.6,3046.0,2843.8,652.6
2019-03-18,Jowar,Karnataka,Belagavi Mandi,2937.6,3326.8,3132.2,728.1
2019-03-25,Jowar,Karnataka,Belagavi Mandi,2587.1,2923.7,2755.4,479.6
2019-04-01,Jowar,Karnataka,Belagavi Mandi,2524.5,2980.9,2752.7,644.0
2019-04-08,Jowar,Karnataka,Belagavi Mandi,2861.1,3114.3,2987.7,597.1
2019-04-15,Jowar,Karnataka,Belagavi Mandi,2585.3,2948.1,2766.7,603.1
2019-04-22,Jowar,Karnataka,Belagavi Mandi,2881.7,3184.7,3033.2,699.7
2019-04-29,Jowar,Karnataka,Belagavi Mandi,2777.4,3302.6,3040.0,659.8
2019-05-06,Jowar,Karnataka,Belagavi Mandi,3777.1,4351.9,4064.5,291.4
2019-05-13,Jowar,Karnataka,Belagavi Mandi,3622.9,4104.9,3863.9,311.5
2019-05-20,Jowar,Karnataka,Belagavi Mandi,3819.3,4231.7,4025.5,245.0
2019-05-27,Jowar,Karnataka,Belagavi Mandi,3783.5,4183.5,3983.5,401.6
2019-06-03,Jowar,Karnataka,Belagavi Mandi,3986.7,4517.5,4252.1,265.6
2019-06-10,Jowar,Karnataka,Belagavi Mandi,3943.1,4415.7,4179.4,248.5
2019-06-17,Jowar,Karnataka,Belagavi Mandi,3903.1,4268.9,4086.0,371.8
2019-06-24,Jowar,Karnataka,Belagavi Mandi,3976.8,4376.8,4176.8,408.2
2019-07-01,Jowar,Karnataka,Belagavi Mandi,3946.6,4581.4,4264.0,392.8
2019-07-08,Jowar,Karnataka,Belagavi Mandi,3748.7,4105.1,3926.9,281.4
2019-07-15,Jowar,Karnataka,Belagavi Mandi,4041.3,4493.5,4267.4,298.1
2019-07-22,Jowar,Karnataka,Belagavi Mandi,3640.4,4036.2,3838.3,397.7
2019-07-29,Jowar,Karnataka,Belagavi Mandi,3939.2,4410.4,4174.8,245.5
2019-08-05,Jowar,Karnataka,Belagavi Mandi,3975.5,4705.9,4340.7,308.5
2019-08-12,Jowar,Karnataka,Belagavi Mandi,3928.7,4615.7,4272.2,311.7
2019-08-19,Jowar,Karnataka,Belagavi Mandi,3658.7,4201.5,3930.1,373.6
2019-08-26,Jowar,Karnataka,Belagavi Mandi,3913.0,4256.6,4084.8,407.2
2019-09-02,Jowar,Karnataka,Belagavi Mandi,3885.4,4487.0,4186.2,337.3
2019-09-09,Jowar,Karnataka,Belagavi Mandi,3548.5,4229.5,3889.0,291.2
2019-09-16,Jowar,Karnataka,Belagavi Mandi,4091.2,4536.0,4313.6,245.2
2019-09-23,Jowar,Karnataka,Belagavi Mandi,3645.9,4258.9,3952.4,292.2
2019-09-30,Jowar,Karnataka,Belagavi Mandi,3954.2,4459.6,4206.9,337.2
2019-10-07,Jowar,Karnataka,Belagavi Mandi,2763.3,3175.9,2969.6,525.6
2019-10-14,Jowar,Karnataka,Belagavi Mandi,2660.9,3043.3,2852.1,558.9
2019-10-21,Jowar,Karnataka,Belagavi Mandi,2738.2,3255.2,2996.7,656.7
2019-10-28,Jowar,Karnataka,Belagavi Mandi,2896.3,3422.7,3159.5,710.7
2019-11-04,Jowar,Karnataka,Belagavi Mandi,2642.2,3118.2,2880.2,556.7
2019-11-11,Jowar,Karnataka,Belagavi Mandi,2785.7,3215.9,3000.8,730.0
2019-11-18,Jowar,Karnataka,Belagavi Mandi,2747.6,3025.0,2886.3,596.5
2019-11-25,Jowar,Karnataka,Belagavi Mandi,2759.7,3082.7,2921.2,785.0
2019-12-02,Jowar,Karnataka,Belagavi Mandi,3614.3,4183.9,3899.1,285.1
2019-12-09,Jowar,Karnataka,Belagavi Mandi,3913.7,4615.5,4264.6,347.5
2019-12-16,Jowar,Karnataka,Belagavi Mandi,4047.9,4819.3,4433.6,333.0
2019-12-23,Jowar,Karnataka,Belagavi Mandi,3934.8,4700.6,4317.7,351.9
2019-12-30,Jowar,Karnataka,Belagavi Mandi,3903.5,4616.5,4260.0,338.5
2020-01-06,Jowar,Karnataka,Belagavi Mandi,3883.7,4249.5,4066.6,313.9
2020-01-13,Jowar,Karnataka,Belagavi Mandi,3651.6,4256.4,3954.0,408.0
2020-01-20,Jowar,Karnataka,Belagavi Mandi,3880.5,4204.1,4042.3,387.0
2020-01-27,Jowar,Karnataka,Belagavi Mandi,4277.6,4670.2,4473.9,363.8
2020-02-03,Jowar,Karnataka,Belagavi Mandi,3748.7,4250.7,3999.7,357.5
2020-02-10,Jowar,Karnataka,Belagavi Mandi,4084.6,4892.2,4488.4,292.6
2020-02-17,Jowar,Karnataka,Belagavi Mandi,4170.0,4823.4,4496.7,286.7
2020-02-24,Jowar,Karnataka,Belagavi Mandi,3982.8,4582.6,4282.7,275.8
2020-03-02,Jowar,Karnataka,Belagavi Mandi,2847.9,3264.9,3056.4,518.9
2020-03-09,Jowar,Karnataka,Belagavi Mandi,2967.2,3219.4,3093.3,748.8
2020-03-16,Jowar,Karnataka,Belagavi Mandi,2841.3,3204.3,3022.8,754.7
2020-03-23,Jowar,Karnataka,Belagavi Mandi,2887.4,3219.6,3053.5,643.3
2020-03-30,Jowar,Karnataka,Belagavi Mandi,3055.6,3587.8,3321.7,473.6
2020-04-06,Jowar,Karnataka,Belagavi Mandi,2664.4,3136.4,2900.4,538.8
2020-04-13,Jowar,Karnataka,Belagavi Mandi,2915.6,3317.8,3116.7,581.0
2020-04-20,Jowar,Karnataka,Belagavi Mandi,2742.6,3249.0,2995.8,605.6
2020-04-27,Jowar,Karnataka,Belagavi Mandi,2825.8,3281.8,3053.8,500.5
2020-05-04,Jowar,Karnataka,Belagavi Mandi,3845.3,4422.9,4134.1,298.7
2020-05-11,Jowar,Karnataka,Belagavi Mandi,4171.5,4862.7,4517.1,304.3
2020-05-18,Jowar,Karnataka,Belagavi Mandi,3821.7,4366.1,4093.9,399.6
2020-05-25,Jowar,Karnataka,Belagavi Mandi,3814.8,4312.4,4063.6,295.0
2020-06-01,Jowar,Karnataka,Belagavi Mandi,3890.5,4373.9,4132.2,403.2
2020-06-08,Jowar,Karnataka,Belagavi Mandi,3937.7,4355.1,4146.4,390.1
2020-06-15,Jowar,Karnataka,Belagavi Mandi,4236.2,4901.8,4569.0,402.8
2020-06-22,Jowar,Karnataka,Belagavi Mandi,3801.7,4240.7,4021.2,296.1
2020-06-29,Jowar,Karnataka,Belagavi Mandi,4360.2,4871.4,4615.8,367.3
2020-07-06,Jowar,Karnataka,Belagavi Mandi,3871.0,4583.0,4227.0,349.6
2020-07-13,Jowar,Karnataka,Belagavi Mandi,3747.8,4404.8,4076.3,376.2
2020-07-20,Jowar,Karnataka,Belagavi Mandi,3834.9,4257.9,4046.4,317.5
2020-07-27,Jowar,Karnataka,Belagavi Mandi,4083.0,4774.2,4428.6,240.5
2020-08-03,Jowar,Karnataka,Belagavi Mandi,4183.6,4639.6,4411.6,297.0
2020-08-10,Jowar,Karnataka,Belagavi Mandi,4085.3,4661.3,4373.3,270.9
2020-08-17,Jowar,Karnataka,Belagavi Mandi,4173.6,4920.0,4546.8,315.9
2020-08-24,Jowar,Karnataka,Belagavi Mandi,3800.9,4415.3,4108.1,250.6
2020-08-31,Jowar,Karnataka,Belagavi Mandi,4146.2,4537.6,4341.9,348.4
2020-09-07,Jowar,Karnataka,Belagavi Mandi,3836.8,4399.8,4118.3,362.2
2020-09-14,Jowar,Karnataka,Belagavi Mandi,4103.4,4785.6,4444.5,256.7
2020-09-21,Jowar,Karnataka,Belagavi Mandi,3879.8,4545.2,4212.5,279.9
2020-09-28,Jowar,Karnataka,Belagavi Mandi,4245.1,4613.9,4429.5,379.2
2020-10-05,Jowar,Karnataka,Belagavi Mandi,3165.2,3472.2,3318.7,547.0
2020-10-12,Jowar,Karnataka,Belagavi Mandi,3152.9,3712.1,3432.5,626.3
2020-10-19,Jowar,Karnataka,Belagavi Mandi,2836.3,3156.3,2996.3,683.3
2020-10-26,Jowar,Karnataka,Belagavi Mandi,2982.4,3260.2,3121.3,562.1
2020-11-02,Jowar,Karnataka,Belagavi Mandi,3034.5,3435.3,3234.9,504.5
2020-11-09,Jowar,Karnataka,Belagavi Mandi,3086.1,3412.1,3249.1,476.9
2020-11-16,Jowar,Karnataka,Belagavi Mandi,2976.2,3525.8,3251.0,756.9
2020-11-23,Jowar,Karnataka,Belagavi Mandi,2910.4,3177.8,3044.1,730.6
2020-11-30,Jowar,Karnataka,Belagavi Mandi,2791.8,3282.6,3037.2,648.4
2020-12-07,Jowar,Karnataka,Belagavi Mandi,4244.7,5082.7,4663.7,275.4
2020-12-14,Jowar,Karnataka,Belagavi Mandi,4201.3,4832.5,4516.9,359.4
2020-12-21,Jowar,Karnataka,Belagavi Mandi,4297.5,4718.5,4508.0,309.1
2020-12-28,Jowar,Karnataka,Belagavi Mandi,4106.6,4725.8,4416.2,289.3
2021-01-04,Jowar,Karnataka,Belagavi Mandi,4265.7,4748.7,4507.2,291.1
2021-01-11,Jowar,Karnataka,Belagavi Mandi,4512.4,4936.2,4724.3,273.8
2021-01-18,Jowar,Karnataka,Belagavi Mandi,4456.7,4874.1,4665.4,273.4
2021-01-25,Jowar,Karnataka,Belagavi Mandi,4371.9,5171.5,4771.7,352.7
2021-02-01,Jowar,Karnataka,Belagavi Mandi,4423.9,5023.5,4723.7,372.9
2021-02-08,Jowar,Karnataka,Belagavi Mandi,4082.2,4505.6,4293.9,349.3
2021-02-15,Jowar,Karnataka,Belagavi Mandi,3938.4,4475.6,4207.0,396.1
2021-02-22,Jowar,Karnataka,Belagavi Mandi,4188.3,4768.1,4478.2,340.1
2021-03-01,Jowar,Karnataka,Belagavi Mandi,3010.3,3421.9,3216.1,518.9
2021-03-08,Jowar,Karnataka,Belagavi Mandi,2884.3,3433.5,3158.9,572.6
2021-03-15,Jowar,Karnataka,Belagavi Mandi,3010.1,3498.3,3254.2,491.5
2021-03-22,Jowar,Karnataka,Belagavi Mandi,3013.4,3393.2,3203.3,629.6
2021-03-29,Jowar,Karnataka,Belagavi Mandi,3230.2,3533.8,3382.0,537.1
2021-04-05,Jowar,Karnataka,Belagavi Mandi,3118.8,3600.6,3359.7,710.2
2021-04-12,Jowar,Karnataka,Belagavi Mandi,2900.9,3351.7,3126.3,575.1
2021-04-19,Jowar,Karnataka,Belagavi Mandi,3159.9,3505.9,3332.9,549.8
2021-04-26,Jowar,Karnataka,Belagavi Mandi,2852.1,3331.5,3091.8,750.6
2021-05-03,Jowar,Karnataka,Belagavi Mandi,4326.3,4922.1,4624.2,338.9
2021-05-10,Jowar,Karnataka,Belagavi Mandi,4049.3,4618.7,4334.0,321.3
2021-05-17,Jowar,Karnataka,Belagavi Mandi,4252.4,5022.8,4637.6,304.9
2021-05-24,Jowar,Karnataka,Belagavi Mandi,4130.1,4505.7,4317.9,318.2
2021-05-31,Jowar,Karnataka,Belagavi Mandi,4448.6,5094.6,4771.6,256.5
2021-06-07,Jowar,Karnataka,Belagavi Mandi,4301.6,4781.2,4541.4,368.7
2021-06-14,Jowar,Karnataka,Belagavi Mandi,4170.6,4666.0,4418.3,294.7
2021-06-21,Jowar,Karnataka,Belagavi Mandi,4070.1,4641.9,4356.0,318.5
2021-06-28,Jowar,Karnataka,Belagavi Mandi,4529.4,4965.0,4747.2,258.6
2021-07-05,Jowar,Karnataka,Belagavi Mandi,4466.3,5110.5,4788.4,368.0
2021-07-12,Jowar,Karnataka,Belagavi Mandi,4109.6,4870.0,4489.8,279.0
2021-07-19,Jowar,Karnataka,Belagavi Mandi,4336.6,4703.8,4520.2,249.9
2021-07-26,Jowar,Karnataka,Belagavi Mandi,4340.2,4863.0,4601.6,363.2
2021-08-02,Jowar,Karnataka,Belagavi Mandi,4113.0,4821.6,4467.3,293.6
2021-08-09,Jowar,Karnataka,Belagavi Mandi,4364.6,4899.0,4631.8,247.2
2021-08-16,Jowar,Karnataka,Belagavi Mandi,4285.8,4859.4,4572.6,287.2
2021-08-23,Jowar,Karnataka,Belagavi Mandi,4133.0,4810.2,4471.6,340.1
2021-08-30,Jowar,Karnataka,Belagavi Mandi,4650.9,5111.9,4881.4,368.4
2021-09-06,Jowar,Karnataka,Belagavi Mandi,4299.1,4819.5,4559.3,298.4
2021-09-13,Jowar,Karnataka,Belagavi Mandi,4237.4,4673.8,4455.6,270.7
2021-09-20,Jowar,Karnataka,Belagavi Mandi,4624.0,5182.4,4903.2,271.8
2021-09-27,Jowar,Karnataka,Belagavi Mandi,4438.1,5161.3,4799.7,243.7
2021-10-04,Jowar,Karnataka,Belagavi Mandi,3075.0,3352.8,3213.9,600.0
2021-10-11,Jowar,Karnataka,Belagavi Mandi,3365.7,3782.3,3574.0,687.7
2021-10-18,Jowar,Karnataka,Belagavi Mandi,3133.9,3738.5,3436.2,502.4
2021-10-25,Jowar,Karnataka,Belagavi Mandi,3169.4,3515.6,3342.5,487.3
2021-11-01,Jowar,Karnataka,Belagavi Mandi,3120.4,3514.8,3317.6,609.0
2021-11-08,Jowar,Karnataka,Belagavi Mandi,3403.1,3768.3,3585.7,494.4
2021-11-15,Jowar,Karnataka,Belagavi Mandi,3270.0,3544.2,3407.1,490.2
2021-11-22,Jowar,Karnataka,Belagavi Mandi,2978.8,3486.4,3232.6,526.9
2021-11-29,Jowar,Karnataka,Belagavi Mandi,3223.9,3698.7,3461.3,507.0
2021-12-06,Jowar,Karnataka,Belagavi Mandi,4616.8,5418.0,5017.4,319.5
2021-12-13,Jowar,Karnataka,Belagavi Mandi,4026.4,4749.2,4387.8,293.3
2021-12-20,Jowar,Karnataka,Belagavi Mandi,4486.7,5262.9,4874.8,406.4
2021-12-27,Jowar,Karnataka,Belagavi Mandi,4712.9,5161.5,4937.2,253.9
2022-01-03,Jowar,Karnataka,Belagavi Mandi,4792.4,5291.8,5042.1,259.6
2022-01-10,Jowar,Karnataka,Belagavi Mandi,4605.5,5195.7,4900.6,294.4
2022-01-17,Jowar,Karnataka,Belagavi Mandi,4529.8,5292.0,4910.9,243.1
2022-01-24,Jowar,Karnataka,Belagavi Mandi,4455.8,5166.2,4811.0,244.3
2022-01-31,Jowar,Karnataka,Belagavi Mandi,4677.0,5302.4,4989.7,401.5
2022-02-07,Jowar,Karnataka,Belagavi Mandi,4152.8,4689.2,4421.0,239.2
2022-02-14,Jowar,Karnataka,Belagavi Mandi,4523.8,4957.2,4740.5,377.3
2022-02-21,Jowar,Karnataka,Belagavi Mandi,4225.8,4950.6,4588.2,382.8
2022-02-28,Jowar,Karnataka,Belagavi Mandi,4538.6,5179.4,4859.0,308.7
2022-03-07,Jowar,Karnataka,Belagavi Mandi,3075.1,3427.1,3251.1,514.0
2022-03-14,Jowar,Karnataka,Belagavi Mandi,3222.1,3704.3,3463.2,503.7
2022-03-21,Jowar,Karnataka,Belagavi Mandi,3499.9,3928.9,3714.4,717.3
2022-03-28,Jowar,Karnataka,Belagavi Mandi,3118.2,3413.0,3265.6,684.4
2022-04-04,Jowar,Karnataka,Belagavi Mandi,3335.5,3927.3,3631.4,579.3
2022-04-11,Jowar,Karnataka,Belagavi Mandi,3172.8,3664.0,3418.4,499.4
2022-04-18,Jowar,Karnataka,Belagavi Mandi,3207.0,3688.8,3447.9,601.0
2022-04-25,Jowar,Karnataka,Belagavi Mandi,3408.2,4014.4,3711.3,626.2
2022-05-02,Jowar,Karnataka,Belagavi Mandi,4338.1,4945.3,4641.7,400.8
2022-05-09,Jowar,Karnataka,Belagavi Mandi,4621.1,5479.5,5050.3,345.1
2022-05-16,Jowar,Karnataka,Belagavi Mandi,4414.3,5224.9,4819.6,257.7
2022-05-23,Jowar,Karnataka,Belagavi Mandi,4718.7,5208.3,4963.5,257.1
2022-05-30,Jowar,Karnataka,Belagavi Mandi,4370.7,5014.5,4692.6,383.4
2022-06-06,Jowar,Karnataka,Belagavi Mandi,4627.1,5102.7,4864.9,318.2
2022-06-13,Jowar,Karnataka,Belagavi Mandi,4741.4,5427.4,5084.4,267.0
2022-06-20,Jowar,Karnataka,Belagavi Mandi,4479.0,5139.0,4809.0,367.5
2022-06-27,Jowar,Karnataka,Belagavi Mandi,4473.7,4886.1,4679.9,372.4
2022-07-04,Jowar,Karnataka,Belagavi Mandi,4923.5,5352.1,5137.8,302.9
2022-07-11,Jowar,Karnataka,Belagavi Mandi,4643.6,5560.0,5101.8,399.8
2022-07-18,Jowar,Karnataka,Belagavi Mandi,4414.9,5237.9,4826.4,264.9
2022-07-25,Jowar,Karnataka,Belagavi Mandi,4501.6,4919.0,4710.3,349.2
2022-08-01,Jowar,Karnataka,Belagavi Mandi,4291.7,4853.3,4572.5,323.0
2022-08-08,Jowar,Karnataka,Belagavi Mandi,4266.7,5033.5,4650.1,384.1
2022-08-15,Jowar,Karnataka,Belagavi Mandi,4666.4,5331.4,4998.9,335.4
2022-08-22,Jowar,Karnataka,Belagavi Mandi,4882.1,5479.1,5180.6,270.2
2022-08-29,Jowar,Karnataka,Belagavi Mandi,4788.2,5532.6,5160.4,266.5
2022-09-05,Jowar,Karnataka,Belagavi Mandi,4434.9,4886.3,4660.6,371.6
2022-09-12,Jowar,Karnataka,Belagavi Mandi,4419.0,5185.2,4802.1,276.1
2022-09-19,Jowar,Karnataka,Belagavi Mandi,4497.0,5355.6,4926.3,363.5
2022-09-26,Jowar,Karnataka,Belagavi Mandi,4353.2,4827.8,4590.5,279.5
2022-10-03,Jowar,Karnataka,Belagavi Mandi,3175.6,3660.0,3417.8,700.7
2022-10-10,Jowar,Karnataka,Belagavi Mandi,3420.6,4086.2,3753.4,789.7
2022-10-17,Jowar,Karnataka,Belagavi Mandi,3373.5,3771.3,3572.4,550.8
2022-10-24,Jowar,Karnataka,Belagavi Mandi,3326.4,3651.8,3489.1,611.7
2022-10-31,Jowar,Karnataka,Belagavi Mandi,3515.3,3862.9,3689.1,684.1
2022-11-07,Jowar,Karnataka,Belagavi Mandi,3298.3,3643.3,3470.8,753.6
2022-11-14,Jowar,Karnataka,Belagavi Mandi,3372.1,4036.5,3704.3,516.7
2022-11-21,Jowar,Karnataka,Belagavi Mandi,3195.9,3709.1,3452.5,624.5
2022-11-28,Jowar,Karnataka,Belagavi Mandi,3293.8,3887.8,3590.8,778.5
2022-12-05,Jowar,Karnataka,Belagavi Mandi,4565.3,5327.5,4946.4,352.5
2022-12-12,Jowar,Karnataka,Belagavi Mandi,4632.1,5447.7,5039.9,381.7
2022-12-19,Jowar,Karnataka,Belagavi Mandi,4456.3,4916.1,4686.2,362.9
2022-12-26,Jowar,Karnataka,Belagavi Mandi,4486.2,4897.2,4691.7,279.2
2023-01-02,Jowar,Karnataka,Belagavi Mandi,4826.5,5403.1,5114.8,236.3
2023-01-09,Jowar,Karnataka,Belagavi Mandi,4594.5,5175.9,4885.2,309.9
2023-01-16,Jowar,Karnataka,Belagavi Mandi,4723.5,5394.3,5058.9,249.6
2023-01-23,Jowar,Karnataka,Belagavi Mandi,4976.0,5746.4,5361.2,397.0
2023-01-30,Jowar,Karnataka,Belagavi Mandi,4963.4,5463.6,5213.5,271.2
2023-02-06,Jowar,Karnataka,Belagavi Mandi,4839.8,5532.2,5186.0,313.2
2023-02-13,Jowar,Karnataka,Belagavi Mandi,5060.9,5519.5,5290.2,357.9
2023-02-20,Jowar,Karnataka,Belagavi Mandi,4638.9,5160.3,4899.6,352.6
2023-02-27,Jowar,Karnataka,Belagavi Mandi,4674.5,5108.5,4891.5,397.8
2023-03-06,Jowar,Karnataka,Belagavi Mandi,3442.4,4049.2,3745.8,657.3
2023-03-13,Jowar,Karnataka,Belagavi Mandi,3643.5,4093.9,3868.7,710.2
2023-03-20,Jowar,Karnataka,Belagavi Mandi,3198.5,3792.9,3495.7,492.9
2023-03-27,Jowar,Karnataka,Belagavi Mandi,3398.2,3813.4,3605.8,766.4
2023-04-03,Jowar,Karnataka,Belagavi Mandi,3285.5,3671.1,3478.3,743.7
2023-04-10,Jowar,Karnataka,Belagavi Mandi,3398.8,3878.4,3638.6,552.2
2023-04-17,Jowar,Karnataka,Belagavi Mandi,3466.0,4057.0,3761.5,654.0
2023-04-24,Jowar,Karnataka,Belagavi Mandi,3498.0,4106.6,3802.3,557.2
2023-05-01,Jowar,Karnataka,Belagavi Mandi,5065.7,5616.7,5341.2,358.7
2023-05-08,Jowar,Karnataka,Belagavi Mandi,4848.3,5485.3,5166.8,405.3
2023-05-15,Jowar,Karnataka,Belagavi Mandi,4879.7,5534.3,5207.0,339.1
2023-05-22,Jowar,Karnataka,Belagavi Mandi,4709.6,5252.4,4981.0,390.2
2023-05-29,Jowar,Karnataka,Belagavi Mandi,4796.1,5686.9,5241.5,256.4
2023-06-05,Jowar,Karnataka,Belagavi Mandi,4399.1,5241.5,4820.3,270.0
2023-06-12,Jowar,Karnataka,Belagavi Mandi,4825.1,5433.5,5129.3,401.8
2023-06-19,Jowar,Karnataka,Belagavi Mandi,4868.4,5328.2,5098.3,379.6
2023-06-26,Jowar,Karnataka,Belagavi Mandi,5052.6,5739.6,5396.1,336.6
2023-07-03,Jowar,Karnataka,Belagavi Mandi,4730.4,5293.4,5011.9,296.6
2023-07-10,Jowar,Karnataka,Belagavi Mandi,5053.6,5950.6,5502.1,251.5
2023-07-17,Jowar,Karnataka,Belagavi Mandi,5039.8,5959.6,5499.7,331.2
2023-07-24,Jowar,Karnataka,Belagavi Mandi,5075.8,5749.0,5412.4,337.3
2023-07-31,Jowar,Karnataka,Belagavi Mandi,4748.9,5251.5,5000.2,361.2
2023-08-07,Jowar,Karnataka,Belagavi Mandi,4770.0,5665.2,5217.6,374.0
2023-08-14,Jowar,Karnataka,Belagavi Mandi,5038.1,5742.9,5390.5,312.5
2023-08-21,Jowar,Karnataka,Belagavi Mandi,4942.9,5836.7,5389.8,318.3
2023-08-28,Jowar,Karnataka,Belagavi Mandi,4954.0,5502.8,5228.4,360.6
2023-09-04,Jowar,Karnataka,Belagavi Mandi,4756.2,5342.0,5049.1,307.4
2023-09-11,Jowar,Karnataka,Belagavi Mandi,5027.4,6012.4,5519.9,285.8
2023-09-18,Jowar,Karnataka,Belagavi Mandi,4600.9,5284.5,4942.7,351.4
2023-09-25,Jowar,Karnataka,Belagavi Mandi,4864.9,5775.1,5320.0,246.4
2023-10-02,Jowar,Karnataka,Belagavi Mandi,3321.2,3797.0,3559.1,786.9
2023-10-09,Jowar,Karnataka,Belagavi Mandi,3450.8,4082.4,3766.6,601.4
2023-10-16,Jowar,Karnataka,Belagavi Mandi,3755.3,4352.7,4054.0,475.9
2023-10-23,Jowar,Karnataka,Belagavi Mandi,3761.2,4176.2,3968.7,739.1
2023-10-30,Jowar,Karnataka,Belagavi Mandi,3685.8,4018.6,3852.2,606.9
2023-11-06,Jowar,Karnataka,Belagavi Mandi,3438.1,3803.9,3621.0,609.5
2023-11-13,Jowar,Karnataka,Belagavi Mandi,3688.9,4073.7,3881.3,468.5
2023-11-20,Jowar,Karnataka,Belagavi Mandi,3666.6,4055.8,3861.2,463.3
2023-11-27,Jowar,Karnataka,Belagavi Mandi,3344.4,3996.8,3670.6,706.9
2023-12-04,Jowar,Karnataka,Belagavi Mandi,5037.5,5568.5,5303.0,271.8
2023-12-11,Jowar,Karnataka,Belagavi Mandi,5135.7,5634.3,5385.0,340.5
2023-12-18,Jowar,Karnataka,Belagavi Mandi,5257.4,5755.2,5506.3,278.3
2023-12-25,Jowar,Karnataka,Belagavi Mandi,4693.1,5489.9,5091.5,404.3
2015-01-05,Gram,Madhya Pradesh,Sehore Mandi,4934.8,5513.0,5223.9,419.5
2015-01-12,Gram,Madhya Pradesh,Sehore Mandi,4722.2,5590.0,5156.1,327.8
2015-01-19,Gram,Madhya Pradesh,Sehore Mandi,4793.3,5375.3,5084.3,373.1
2015-01-26,Gram,Madhya Pradesh,Sehore Mandi,4720.8,5617.4,5169.1,489.9
2015-02-02,Gram,Madhya Pradesh,Sehore Mandi,4960.2,5670.6,5315.4,289.1
2015-02-09,Gram,Madhya Pradesh,Sehore Mandi,5082.3,5865.5,5473.9,333.4
2015-02-16,Gram,Madhya Pradesh,Sehore Mandi,5280.5,6218.9,5749.7,375.3
2015-02-23,Gram,Madhya Pradesh,Sehore Mandi,5388.2,5916.2,5652.2,419.0
2015-03-02,Gram,Madhya Pradesh,Sehore Mandi,3965.1,4343.1,4154.1,847.2
2015-03-09,Gram,Madhya Pradesh,Sehore Mandi,3916.0,4300.2,4108.1,711.4
2015-03-16,Gram,Madhya Pradesh,Sehore Mandi,3538.7,3905.3,3722.0,835.9
2015-03-23,Gram,Madhya Pradesh,Sehore Mandi,3898.7,4359.3,4129.0,761.5
2015-03-30,Gram,Madhya Pradesh,Sehore Mandi,3570.0,4021.6,3795.8,787.9
2015-04-06,Gram,Madhya Pradesh,Sehore Mandi,3824.8,4434.2,4129.5,861.5
2015-04-13,Gram,Madhya Pradesh,Sehore Mandi,3708.6,4393.2,4050.9,575.3
2015-04-20,Gram,Madhya Pradesh,Sehore Mandi,3805.1,4546.1,4175.6,961.0
2015-04-27,Gram,Madhya Pradesh,Sehore Mandi,3532.0,4154.2,3843.1,605.0
2015-05-04,Gram,Madhya Pradesh,Sehore Mandi,5133.6,5997.8,5565.7,424.5
2015-05-11,Gram,Madhya Pradesh,Sehore Mandi,4911.2,5544.4,5227.8,497.7
2015-05-18,Gram,Madhya Pradesh,Sehore Mandi,5574.4,6066.0,5820.2,386.2
2015-05-25,Gram,Madhya Pradesh,Sehore Mandi,5061.1,5825.7,5443.4,387.4
2015-06-01,Gram,Madhya Pradesh,Sehore Mandi,5352.3,6074.3,5713.3,459.7
2015-06-08,Gram,Madhya Pradesh,Sehore Mandi,5384.9,6251.9,5818.4,395.9
2015-06-15,Gram,Madhya Pradesh,Sehore Mandi,4804.8,5614.2,5209.5,296.9
2015-06-22,Gram,Madhya Pradesh,Sehore Mandi,5346.1,5867.5,5606.8,349.6
2015-06-29,Gram,Madhya Pradesh,Sehore Mandi,5074.6,5649.4,5362.0,387.0
2015-07-06,Gram,Madhya Pradesh,Sehore Mandi,5414.7,6022.1,5718.4,479.5
2015-07-13,Gram,Madhya Pradesh,Sehore Mandi,5210.9,5819.3,5515.1,412.1
2015-07-20,Gram,Madhya Pradesh,Sehore Mandi,4783.1,5694.1,5238.6,300.4
2015-07-27,Gram,Madhya Pradesh,Sehore Mandi,5432.3,6062.7,5747.5,388.7
2015-08-03,Gram,Madhya Pradesh,Sehore Mandi,5381.6,6182.6,5782.1,492.9
2015-08-10,Gram,Madhya Pradesh,Sehore Mandi,5254.9,5812.3,5533.6,383.7
2015-08-17,Gram,Madhya Pradesh,Sehore Mandi,5174.0,6074.8,5624.4,488.9
2015-08-24,Gram,Madhya Pradesh,Sehore Mandi,4834.1,5785.3,5309.7,298.6
2015-08-31,Gram,Madhya Pradesh,Sehore Mandi,5036.1,5457.9,5247.0,352.0
2015-09-07,Gram,Madhya Pradesh,Sehore Mandi,5317.7,6275.9,5796.8,397.1
2015-09-14,Gram,Madhya Pradesh,Sehore Mandi,5399.3,6206.9,5803.1,380.7
2015-09-21,Gram,Madhya Pradesh,Sehore Mandi,5510.7,6180.3,5845.5,457.8
2015-09-28,Gram,Madhya Pradesh,Sehore Mandi,5233.3,6040.5,5636.9,313.7
2015-10-05,Gram,Madhya Pradesh,Sehore Mandi,5644.5,6137.5,5891.0,441.9
2015-10-12,Gram,Madhya Pradesh,Sehore Mandi,4933.1,5866.5,5399.8,367.8
2015-10-19,Gram,Madhya Pradesh,Sehore Mandi,5323.2,6158.4,5740.8,345.3
2015-10-26,Gram,Madhya Pradesh,Sehore Mandi,4891.2,5640.0,5265.6,392.0
2015-11-02,Gram,Madhya Pradesh,Sehore Mandi,5007.2,5734.4,5370.8,487.3
2015-11-09,Gram,Madhya Pradesh,Sehore Mandi,5218.8,5864.6,5541.7,476.7
2015-11-16,Gram,Madhya Pradesh,Sehore Mandi,4872.2,5686.2,5279.2,298.6
2015-11-23,Gram,Madhya Pradesh,Sehore Mandi,5095.6,6063.4,5579.5,462.5
2015-11-30,Gram,Madhya Pradesh,Sehore Mandi,5506.8,6017.0,5761.9,376.6
2015-12-07,Gram,Madhya Pradesh,Sehore Mandi,5097.0,5664.6,5380.8,296.2
2015-12-14,Gram,Madhya Pradesh,Sehore Mandi,5381.7,6144.7,5763.2,375.9
2015-12-21,Gram,Madhya Pradesh,Sehore Mandi,5519.0,6256.8,5887.9,413.7
2015-12-28,Gram,Madhya Pradesh,Sehore Mandi,5296.8,6178.4,5737.6,498.0
2016-01-04,Gram,Madhya Pradesh,Sehore Mandi,5005.7,5888.5,5447.1,438.9
2016-01-11,Gram,Madhya Pradesh,Sehore Mandi,5198.8,6032.8,5615.8,305.2
2016-01-18,Gram,Madhya Pradesh,Sehore Mandi,5348.5,6033.5,5691.0,386.3
2016-01-25,Gram,Madhya Pradesh,Sehore Mandi,5159.5,6134.9,5647.2,301.3
2016-02-01,Gram,Madhya Pradesh,Sehore Mandi,5451.2,6282.0,5866.6,469.8
2016-02-08,Gram,Madhya Pradesh,Sehore Mandi,4994.8,5980.4,5487.6,392.9
2016-02-15,Gram,Madhya Pradesh,Sehore Mandi,5591.4,6427.8,6009.6,374.4
2016-02-22,Gram,Madhya Pradesh,Sehore Mandi,5843.7,6382.7,6113.2,340.4
2016-02-29,Gram,Madhya Pradesh,Sehore Mandi,5005.9,5981.7,5493.8,374.6
2016-03-07,Gram,Madhya Pradesh,Sehore Mandi,3776.7,4518.5,4147.6,959.9
2016-03-14,Gram,Madhya Pradesh,Sehore Mandi,4054.0,4616.0,4335.0,786.0
2016-03-21,Gram,Madhya Pradesh,Sehore Mandi,3693.6,4282.0,3987.8,568.4
2016-03-28,Gram,Madhya Pradesh,Sehore Mandi,3695.5,4288.3,3991.9,891.7
2016-04-04,Gram,Madhya Pradesh,Sehore Mandi,3928.6,4653.8,4291.2,659.6
2016-04-11,Gram,Madhya Pradesh,Sehore Mandi,4036.0,4769.8,4402.9,702.2
2016-04-18,Gram,Madhya Pradesh,Sehore Mandi,3909.6,4332.6,4121.1,858.4
2016-04-25,Gram,Madhya Pradesh,Sehore Mandi,3785.6,4135.0,3960.3,560.2
2016-05-02,Gram,Madhya Pradesh,Sehore Mandi,4966.4,5920.8,5443.6,325.8
2016-05-09,Gram,Madhya Pradesh,Sehore Mandi,5210.3,5717.1,5463.7,301.5
2016-05-16,Gram,Madhya Pradesh,Sehore Mandi,5153.7,6153.1,5653.4,364.5
2016-05-23,Gram,Madhya Pradesh,Sehore Mandi,5355.3,6148.5,5751.9,336.5
2016-05-30,Gram,Madhya Pradesh,Sehore Mandi,5215.7,6056.9,5636.3,424.2
2016-06-06,Gram,Madhya Pradesh,Sehore Mandi,4989.2,5939.0,5464.1,320.2
2016-06-13,Gram,Madhya Pradesh,Sehore Mandi,5681.2,6234.8,5958.0,495.9
2016-06-20,Gram,Madhya Pradesh,Sehore Mandi,5663.8,6777.2,6220.5,457.0
2016-06-27,Gram,Madhya Pradesh,Sehore Mandi,5104.5,6104.1,5604.3,459.2
2016-07-04,Gram,Madhya Pradesh,Sehore Mandi,5349.0,6397.8,5873.4,355.8
2016-07-11,Gram,Madhya Pradesh,Sehore Mandi,5862.5,6667.9,6265.2,290.6
2016-07-18,Gram,Madhya Pradesh,Sehore Mandi,5443.9,6172.9,5808.4,315.9
2016-07-25,Gram,Madhya Pradesh,Sehore Mandi,5697.1,6800.5,6248.8,491.5
2016-08-01,Gram,Madhya Pradesh,Sehore Mandi,5211.2,6144.4,5677.8,378.9
2016-08-08,Gram,Madhya Pradesh,Sehore Mandi,5253.9,5868.1,5561.0,346.8
2016-08-15,Gram,Madhya Pradesh,Sehore Mandi,5337.5,5921.1,5629.3,365.0
2016-08-22,Gram,Madhya Pradesh,Sehore Mandi,5637.3,6729.1,6183.2,390.5
2016-08-29,Gram,Madhya Pradesh,Sehore Mandi,5757.6,6290.6,6024.1,467.4
2016-09-05,Gram,Madhya Pradesh,Sehore Mandi,5491.7,6234.1,5862.9,390.6
2016-09-12,Gram,Madhya Pradesh,Sehore Mandi,5757.3,6771.5,6264.4,385.7
2016-09-19,Gram,Madhya Pradesh,Sehore Mandi,5192.6,5919.2,5555.9,336.1
2016-09-26,Gram,Madhya Pradesh,Sehore Mandi,5839.6,6677.6,6258.6,425.5
2016-10-03,Gram,Madhya Pradesh,Sehore Mandi,5320.1,6238.5,5779.3,324.3
2016-10-10,Gram,Madhya Pradesh,Sehore Mandi,5159.0,6039.4,5599.2,380.4
2016-10-17,Gram,Madhya Pradesh,Sehore Mandi,5513.1,6309.3,5911.2,428.3
2016-10-24,Gram,Madhya Pradesh,Sehore Mandi,5728.1,6333.7,6030.9,390.2
2016-10-31,Gram,Madhya Pradesh,Sehore Mandi,6058.9,6697.1,6378.0,339.3
2016-11-07,Gram,Madhya Pradesh,Sehore Mandi,5792.7,6718.3,6255.5,486.4
2016-11-14,Gram,Madhya Pradesh,Sehore Mandi,5981.5,6693.5,6337.5,417.0
2016-11-21,Gram,Madhya Pradesh,Sehore Mandi,5235.3,5992.9,5614.1,312.7
2016-11-28,Gram,Madhya Pradesh,Sehore Mandi,5381.2,5861.6,5621.4,416.6
2016-12-05,Gram,Madhya Pradesh,Sehore Mandi,5607.1,6131.5,5869.3,392.3
2016-12-12,Gram,Madhya Pradesh,Sehore Mandi,5145.5,6141.1,5643.3,496.1
2016-12-19,Gram,Madhya Pradesh,Sehore Mandi,5250.0,6215.2,5732.6,344.3
2016-12-26,Gram,Madhya Pradesh,Sehore Mandi,5858.5,6737.1,6297.8,350.6
2017-01-02,Gram,Madhya Pradesh,Sehore Mandi,5517.0,6251.6,5884.3,359.5
2017-01-09,Gram,Madhya Pradesh,Sehore Mandi,5557.2,6393.0,5975.1,342.6
2017-01-16,Gram,Madhya Pradesh,Sehore Mandi,5541.8,6228.0,5884.9,322.1
2017-01-23,Gram,Madhya Pradesh,Sehore Mandi,5738.6,6555.8,6147.2,446.4
2017-01-30,Gram,Madhya Pradesh,Sehore Mandi,5545.1,6465.3,6005.2,296.5
2017-02-06,Gram,Madhya Pradesh,Sehore Mandi,5984.3,6935.9,6460.1,383.6
2017-02-13,Gram,Madhya Pradesh,Sehore Mandi,5415.8,6389.4,5902.6,451.6
2017-02-20,Gram,Madhya Pradesh,Sehore Mandi,5535.9,6532.7,6034.3,481.9
2017-02-27,Gram,Madhya Pradesh,Sehore Mandi,5416.5,6090.5,5753.5,307.7
2017-03-06,Gram,Madhya Pradesh,Sehore Mandi,4214.0,5040.8,4627.4,819.3
2017-03-13,Gram,Madhya Pradesh,Sehore Mandi,3972.4,4432.8,4202.6,807.1
2017-03-20,Gram,Madhya Pradesh,Sehore Mandi,4021.5,4647.9,4334.7,561.6
2017-03-27,Gram,Madhya Pradesh,Sehore Mandi,4286.1,5027.5,4656.8,806.2
2017-04-03,Gram,Madhya Pradesh,Sehore Mandi,4049.6,4494.6,4272.1,715.2
2017-04-10,Gram,Madhya Pradesh,Sehore Mandi,4167.7,4687.7,4427.7,731.1
2017-04-17,Gram,Madhya Pradesh,Sehore Mandi,4089.3,4778.5,4433.9,599.5
2017-04-24,Gram,Madhya Pradesh,Sehore Mandi,3845.0,4533.6,4189.3,692.5
2017-05-01,Gram,Madhya Pradesh,Sehore Mandi,5596.9,6621.3,6109.1,493.7
2017-05-08,Gram,Madhya Pradesh,Sehore Mandi,5928.8,7080.0,6504.4,391.3
2017-05-15,Gram,Madhya Pradesh,Sehore Mandi,5983.8,6736.2,6360.0,462.3
2017-05-22,Gram,Madhya Pradesh,Sehore Mandi,6234.5,6879.7,6557.1,402.3
2017-05-29,Gram,Madhya Pradesh,Sehore Mandi,5537.6,6541.6,6039.6,479.0
2017-06-05,Gram,Madhya Pradesh,Sehore Mandi,5794.9,6807.9,6301.4,364.6
2017-06-12,Gram,Madhya Pradesh,Sehore Mandi,5803.2,6827.0,6315.1,448.7
2017-06-19,Gram,Madhya Pradesh,Sehore Mandi,5535.9,6486.5,6011.2,296.9
2017-06-26,Gram,Madhya Pradesh,Sehore Mandi,5603.1,6684.1,6143.6,358.4
2017-07-03,Gram,Madhya Pradesh,Sehore Mandi,6096.9,6723.9,6410.4,490.1
2017-07-10,Gram,Madhya Pradesh,Sehore Mandi,5720.6,6582.2,6151.4,483.0
2017-07-17,Gram,Madhya Pradesh,Sehore Mandi,6099.6,7171.8,6635.7,422.7
2017-07-24,Gram,Madhya Pradesh,Sehore Mandi,5977.5,6782.5,6380.0,289.8
2017-07-31,Gram,Madhya Pradesh,Sehore Mandi,6143.2,7052.0,6597.6,360.1
2017-08-07,Gram,Madhya Pradesh,Sehore Mandi,5597.4,6208.4,5902.9,394.8
2017-08-14,Gram,Madhya Pradesh,Sehore Mandi,6147.2,6763.0,6455.1,340.7
2017-08-21,Gram,Madhya Pradesh,Sehore Mandi,5368.3,6417.3,5892.8,475.2
2017-08-28,Gram,Madhya Pradesh,Sehore Mandi,5359.1,6383.5,5871.3,493.5
2017-09-04,Gram,Madhya Pradesh,Sehore Mandi,6066.2,6929.2,6497.7,311.2
2017-09-11,Gram,Madhya Pradesh,Sehore Mandi,5802.7,6442.5,6122.6,358.7
2017-09-18,Gram,Madhya Pradesh,Sehore Mandi,5847.5,6727.3,6287.4,316.0
2017-09-25,Gram,Madhya Pradesh,Sehore Mandi,5871.4,6498.4,6184.9,492.4
2017-10-02,Gram,Madhya Pradesh,Sehore Mandi,5985.6,6546.2,6265.9,432.0
2017-10-09,Gram,Madhya Pradesh,Sehore Mandi,5516.6,6338.8,5927.7,379.4
2017-10-16,Gram,Madhya Pradesh,Sehore Mandi,6128.3,7035.1,6581.7,446.1
2017-10-23,Gram,Madhya Pradesh,Sehore Mandi,5715.0,6378.8,6046.9,323.2
2017-10-30,Gram,Madhya Pradesh,Sehore Mandi,5918.4,6743.8,6331.1,385.2
2017-11-06,Gram,Madhya Pradesh,Sehore Mandi,5617.1,6432.1,6024.6,300.5
2017-11-13,Gram,Madhya Pradesh,Sehore Mandi,5586.7,6656.5,6121.6,400.2
2017-11-20,Gram,Madhya Pradesh,Sehore Mandi,5880.6,6392.2,6136.4,480.5
2017-11-27,Gram,Madhya Pradesh,Sehore Mandi,6199.2,7313.2,6756.2,370.1
2017-12-04,Gram,Madhya Pradesh,Sehore Mandi,6461.8,7121.4,6791.6,389.6
2017-12-11,Gram,Madhya Pradesh,Sehore Mandi,5867.3,6917.5,6392.4,322.8
2017-12-18,Gram,Madhya Pradesh,Sehore Mandi,5948.3,7029.1,6488.7,315.7
2017-12-25,Gram,Madhya Pradesh,Sehore Mandi,5835.0,6929.4,6382.2,325.1
2018-01-01,Gram,Madhya Pradesh,Sehore Mandi,5669.2,6356.0,6012.6,289.3
2018-01-08,Gram,Madhya Pradesh,Sehore Mandi,6016.3,6538.7,6277.5,335.3
2018-01-15,Gram,Madhya Pradesh,Sehore Mandi,5645.4,6357.2,6001.3,431.8
2018-01-22,Gram,Madhya Pradesh,Sehore Mandi,5645.6,6307.4,5976.5,356.0
2018-01-29,Gram,Madhya Pradesh,Sehore Mandi,6149.4,7286.2,6717.8,486.6
2018-02-05,Gram,Madhya Pradesh,Sehore Mandi,5856.7,6767.1,6311.9,422.8
2018-02-12,Gram,Madhya Pradesh,Sehore Mandi,5903.4,6821.4,6362.4,489.2
2018-02-19,Gram,Madhya Pradesh,Sehore Mandi,5693.5,6739.3,6216.4,474.8
2018-02-26,Gram,Madhya Pradesh,Sehore Mandi,6414.6,7063.8,6739.2,445.3
2018-03-05,Gram,Madhya Pradesh,Sehore Mandi,4195.6,4763.4,4479.5,838.9
2018-03-12,Gram,Madhya Pradesh,Sehore Mandi,4357.9,5027.7,4692.8,864.1
2018-03-19,Gram,Madhya Pradesh,Sehore Mandi,4621.6,5240.0,4930.8,789.9
2018-03-26,Gram,Madhya Pradesh,Sehore Mandi,4514.0,5222.4,4868.2,859.1
2018-04-02,Gram,Madhya Pradesh,Sehore Mandi,4253.5,4724.5,4489.0,623.5
2018-04-09,Gram,Madhya Pradesh,Sehore Mandi,4323.8,4984.6,4654.2,709.8
2018-04-16,Gram,Madhya Pradesh,Sehore Mandi,4803.4,5217.0,5010.2,739.5
2018-04-23,Gram,Madhya Pradesh,Sehore Mandi,4286.2,5124.8,4705.5,787.1
2018-04-30,Gram,Madhya Pradesh,Sehore Mandi,4871.2,5280.8,5076.0,903.4
2018-05-07,Gram,Madhya Pradesh,Sehore Mandi,6503.9,7174.5,6839.2,425.5
2018-05-14,Gram,Madhya Pradesh,Sehore Mandi,5624.8,6620.6,6122.7,443.8
2018-05-21,Gram,Madhya Pradesh,Sehore Mandi,6555.8,7313.0,6934.4,436.7
2018-05-28,Gram,Madhya Pradesh,Sehore Mandi,5871.4,6905.8,6388.6,352.1
2018-06-04,Gram,Madhya Pradesh,Sehore Mandi,6125.1,6770.9,6448.0,319.0
2018-06-11,Gram,Madhya Pradesh,Sehore Mandi,5719.6,6687.4,6203.5,475.0
2018-06-18,Gram,Madhya Pradesh,Sehore Mandi,6341.2,7355.4,6848.3,450.3
2018-06-25,Gram,Madhya Pradesh,Sehore Mandi,6122.8,7235.6,6679.2,500.1
2018-07-02,Gram,Madhya Pradesh,Sehore Mandi,6235.5,7035.9,6635.7,344.8
2018-07-09,Gram,Madhya Pradesh,Sehore Mandi,6087.5,6637.7,6362.6,361.4
2018-07-16,Gram,Madhya Pradesh,Sehore Mandi,5801.0,6802.8,6301.9,450.1
2018-07-23,Gram,Madhya Pradesh,Sehore Mandi,6262.9,6891.1,6577.0,346.4
2018-07-30,Gram,Madhya Pradesh,Sehore Mandi,6566.0,7481.8,7023.9,429.5
2018-08-06,Gram,Madhya Pradesh,Sehore Mandi,6017.5,6536.1,6276.8,468.9
2018-08-13,Gram,Madhya Pradesh,Sehore Mandi,5702.8,6639.6,6171.2,420.1
2018-08-20,Gram,Madhya Pradesh,Sehore Mandi,6476.9,7352.3,6914.6,294.2
2018-08-27,Gram,Madhya Pradesh,Sehore Mandi,6086.2,6993.4,6539.8,493.6
2018-09-03,Gram,Madhya Pradesh,Sehore Mandi,5888.7,6609.1,6248.9,484.2
2018-09-10,Gram,Madhya Pradesh,Sehore Mandi,6345.0,7300.2,6822.6,322.6
2018-09-17,Gram,Madhya Pradesh,Sehore Mandi,6381.7,7212.1,6796.9,389.9
2018-09-24,Gram,Madhya Pradesh,Sehore Mandi,6800.3,7435.9,7118.1,382.2
2018-10-01,Gram,Madhya Pradesh,Sehore Mandi,5748.5,6775.7,6262.1,446.9
2018-10-08,Gram,Madhya Pradesh,Sehore Mandi,6468.7,7268.5,6868.6,302.8
2018-10-15,Gram,Madhya Pradesh,Sehore Mandi,6783.2,7523.4,7153.3,447.2
2018-10-22,Gram,Madhya Pradesh,Sehore Mandi,5983.4,6868.4,6425.9,426.3
2018-10-29,Gram,Madhya Pradesh,Sehore Mandi,6642.1,7365.9,7004.0,332.1
2018-11-05,Gram,Madhya Pradesh,Sehore Mandi,6434.8,7586.2,7010.5,338.8
2018-11-12,Gram,Madhya Pradesh,Sehore Mandi,6189.1,7210.1,6699.6,360.1
2018-11-19,Gram,Madhya Pradesh,Sehore Mandi,6490.8,7519.8,7005.3,439.6
2018-11-26,Gram,Madhya Pradesh,Sehore Mandi,6716.1,7341.5,7028.8,333.6
2018-12-03,Gram,Madhya Pradesh,Sehore Mandi,6235.1,6822.9,6529.0,451.0
2018-12-10,Gram,Madhya Pradesh,Sehore Mandi,6683.8,7624.8,7154.3,396.1
2018-12-17,Gram,Madhya Pradesh,Sehore Mandi,6070.2,7055.4,6562.8,339.7
2018-12-24,Gram,Madhya Pradesh,Sehore Mandi,6058.9,6703.5,6381.2,370.5
2018-12-31,Gram,Madhya Pradesh,Sehore Mandi,6256.7,6781.3,6519.0,403.6
2019-01-07,Gram,Madhya Pradesh,Sehore Mandi,6088.9,6622.5,6355.7,440.5
2019-01-14,Gram,Madhya Pradesh,Sehore Mandi,6711.1,7523.7,7117.4,344.8
2019-01-21,Gram,Madhya Pradesh,Sehore Mandi,6035.0,7040.4,6537.7,437.8
2019-01-28,Gram,Madhya Pradesh,Sehore Mandi,6085.2,6824.0,6454.6,320.1
2019-02-04,Gram,Madhya Pradesh,Sehore Mandi,6358.8,7014.0,6686.4,381.9
2019-02-11,Gram,Madhya Pradesh,Sehore Mandi,6370.4,7572.0,6971.2,309.6
2019-02-18,Gram,Madhya Pradesh,Sehore Mandi,6845.9,7514.9,7180.4,435.6
2019-02-25,Gram,Madhya Pradesh,Sehore Mandi,6613.9,7550.1,7082.0,321.6
2019-03-04,Gram,Madhya Pradesh,Sehore Mandi,5017.1,5654.3,5335.7,928.0
2019-03-11,Gram,Madhya Pradesh,Sehore Mandi,4909.3,5666.9,5288.1,610.9
2019-03-18,Gram,Madhya Pradesh,Sehore Mandi,5070.6,5519.6,5295.1,779.0
2019-03-25,Gram,Madhya Pradesh,Sehore Mandi,4653.4,5564.4,5108.9,817.7
2019-04-01,Gram,Madhya Pradesh,Sehore Mandi,4599.8,5358.8,4979.3,928.2
2019-04-08,Gram,Madhya Pradesh,Sehore Mandi,4935.9,5813.1,5374.5,602.9
2019-04-15,Gram,Madhya Pradesh,Sehore Mandi,5134.5,5622.7,5378.6,901.2
2019-04-22,Gram,Madhya Pradesh,Sehore Mandi,4654.5,5050.5,4852.5,695.9
2019-04-29,Gram,Madhya Pradesh,Sehore Mandi,4900.5,5468.3,5184.4,959.0
2019-05-06,Gram,Madhya Pradesh,Sehore Mandi,6442.5,7667.7,7055.1,456.4
2019-05-13,Gram,Madhya Pradesh,Sehore Mandi,6716.7,7710.3,7213.5,355.7
2019-05-20,Gram,Madhya Pradesh,Sehore Mandi,6714.1,7363.7,7038.9,462.2
2019-05-27,Gram,Madhya Pradesh,Sehore Mandi,6211.5,7417.1,6814.3,369.6
2019-06-03,Gram,Madhya Pradesh,Sehore Mandi,5987.3,7008.1,6497.7,297.0
2019-06-10,Gram,Madhya Pradesh,Sehore Mandi,6985.5,7780.7,7383.1,359.7
2019-06-17,Gram,Madhya Pradesh,Sehore Mandi,6627.4,7507.0,7067.2,362.2
2019-06-24,Gram,Madhya Pradesh,Sehore Mandi,6373.8,7068.0,6720.9,495.4
2019-07-01,Gram,Madhya Pradesh,Sehore Mandi,6631.9,7343.1,6987.5,296.9
2019-07-08,Gram,Madhya Pradesh,Sehore Mandi,6459.3,7218.5,6838.9,300.6
2019-07-15,Gram,Madhya Pradesh,Sehore Mandi,6488.5,7702.7,7095.6,357.6
2019-07-22,Gram,Madhya Pradesh,Sehore Mandi,6117.1,7313.1,6715.1,491.9
2019-07-29,Gram,Madhya Pradesh,Sehore Mandi,7111.6,7739.4,7425.5,462.4
2019-08-05,Gram,Madhya Pradesh,Sehore Mandi,6079.5,7115.5,6597.5,417.5
2019-08-12,Gram,Madhya Pradesh,Sehore Mandi,6373.4,7095.4,6734.4,370.3
2019-08-19,Gram,Madhya Pradesh,Sehore Mandi,6424.7,7396.5,6910.6,417.9
2019-08-26,Gram,Madhya Pradesh,Sehore Mandi,6817.4,8054.0,7435.7,402.7
2019-09-02,Gram,Madhya Pradesh,Sehore Mandi,6929.8,8088.0,7508.9,362.6
2019-09-09,Gram,Madhya Pradesh,Sehore Mandi,6883.5,7655.5,7269.5,299.1
2019-09-16,Gram,Madhya Pradesh,Sehore Mandi,6097.3,7174.1,6635.7,442.4
2019-09-23,Gram,Madhya Pradesh,Sehore Mandi,7198.7,7932.5,7565.6,433.0
2019-09-30,Gram,Madhya Pradesh,Sehore Mandi,6532.3,7699.9,7116.1,290.9
2019-10-07,Gram,Madhya Pradesh,Sehore Mandi,6706.3,7508.1,7107.2,487.1
2019-10-14,Gram,Madhya Pradesh,Sehore Mandi,6814.8,7923.0,7368.9,412.0
2019-10-21,Gram,Madhya Pradesh,Sehore Mandi,6495.1,7752.1,7123.6,308.8
2019-10-28,Gram,Madhya Pradesh,Sehore Mandi,6463.2,7724.4,7093.8,436.1
2019-11-04,Gram,Madhya Pradesh,Sehore Mandi,6412.6,7012.8,6712.7,448.3
2019-11-11,Gram,Madhya Pradesh,Sehore Mandi,6238.2,7094.6,6666.4,340.8
2019-11-18,Gram,Madhya Pradesh,Sehore Mandi,6621.2,7513.2,7067.2,346.5
2019-11-25,Gram,Madhya Pradesh,Sehore Mandi,6798.3,7882.7,7340.5,373.8
2019-12-02,Gram,Madhya Pradesh,Sehore Mandi,6433.2,7563.8,6998.5,351.0
2019-12-09,Gram,Madhya Pradesh,Sehore Mandi,6471.4,7326.6,6899.0,356.5
2019-12-16,Gram,Madhya Pradesh,Sehore Mandi,6156.1,7292.7,6724.4,369.6
2019-12-23,Gram,Madhya Pradesh,Sehore Mandi,6689.7,7324.3,7007.0,368.2
2019-12-30,Gram,Madhya Pradesh,Sehore Mandi,6764.1,7692.9,7228.5,300.6
2020-01-06,Gram,Madhya Pradesh,Sehore Mandi,6617.5,7887.5,7252.5,365.0
2020-01-13,Gram,Madhya Pradesh,Sehore Mandi,6832.3,7856.3,7344.3,346.5
2020-01-20,Gram,Madhya Pradesh,Sehore Mandi,6377.9,7112.1,6745.0,303.0
2020-01-27,Gram,Madhya Pradesh,Sehore Mandi,6885.2,7890.6,7387.9,303.8
2020-02-03,Gram,Madhya Pradesh,Sehore Mandi,6426.9,7233.7,6830.3,300.7
2020-02-10,Gram,Madhya Pradesh,Sehore Mandi,7142.8,7978.8,7560.8,331.4
2020-02-17,Gram,Madhya Pradesh,Sehore Mandi,7120.1,7933.9,7527.0,400.3
2020-02-24,Gram,Madhya Pradesh,Sehore Mandi,6646.6,7599.2,7122.9,445.0
2020-03-02,Gram,Madhya Pradesh,Sehore Mandi,5173.1,6059.5,5616.3,585.3
2020-03-09,Gram,Madhya Pradesh,Sehore Mandi,4842.8,5445.8,5144.3,583.1
2020-03-16,Gram,Madhya Pradesh,Sehore Mandi,5109.9,5808.5,5459.2,949.0
2020-03-23,Gram,Madhya Pradesh,Sehore Mandi,4826.7,5382.1,5104.4,667.9
2020-03-30,Gram,Madhya Pradesh,Sehore Mandi,4942.5,5866.5,5404.5,953.3
2020-04-06,Gram,Madhya Pradesh,Sehore Mandi,5220.8,6030.4,5625.6,960.7
2020-04-13,Gram,Madhya Pradesh,Sehore Mandi,4647.2,5433.6,5040.4,608.1
2020-04-20,Gram,Madhya Pradesh,Sehore Mandi,5402.4,5872.2,5637.3,843.0
2020-04-27,Gram,Madhya Pradesh,Sehore Mandi,5121.8,5699.2,5410.5,606.5
2020-05-04,Gram,Madhya Pradesh,Sehore Mandi,6499.4,7244.0,6871.7,356.5
2020-05-11,Gram,Madhya Pradesh,Sehore Mandi,6700.2,7537.6,7118.9,412.5
2020-05-18,Gram,Madhya Pradesh,Sehore Mandi,7299.8,8323.4,7811.6,322.6
2020-05-25,Gram,Madhya Pradesh,Sehore Mandi,7067.3,7701.3,7384.3,481.8
2020-06-01,Gram,Madhya Pradesh,Sehore Mandi,7099.0,8141.0,7620.0,415.9
2020-06-08,Gram,Madhya Pradesh,Sehore Mandi,6547.7,7673.3,7110.5,428.0
2020-06-15,Gram,Madhya Pradesh,Sehore Mandi,6934.5,7755.5,7345.0,327.2
2020-06-22,Gram,Madhya Pradesh,Sehore Mandi,7179.6,8329.2,7754.4,298.3
2020-06-29,Gram,Madhya Pradesh,Sehore Mandi,6690.3,7924.9,7307.6,455.7
2020-07-06,Gram,Madhya Pradesh,Sehore Mandi,7169.9,8265.9,7717.9,394.2
2020-07-13,Gram,Madhya Pradesh,Sehore Mandi,6320.7,7529.5,6925.1,494.3
2020-07-20,Gram,Madhya Pradesh,Sehore Mandi,6722.6,7421.0,7071.8,488.1
2020-07-27,Gram,Madhya Pradesh,Sehore Mandi,6725.9,8018.5,7372.2,403.5
2020-08-03,Gram,Madhya Pradesh,Sehore Mandi,6771.1,7495.9,7133.5,348.9
2020-08-10,Gram,Madhya Pradesh,Sehore Mandi,7600.9,8240.1,7920.5,458.0
2020-08-17,Gram,Madhya Pradesh,Sehore Mandi,7378.1,8569.3,7973.7,316.0
2020-08-24,Gram,Madhya Pradesh,Sehore Mandi,6585.2,7442.8,7014.0,394.9
2020-08-31,Gram,Madhya Pradesh,Sehore Mandi,7113.7,7798.1,7455.9,344.1
2020-09-07,Gram,Madhya Pradesh,Sehore Mandi,7583.7,8346.9,7965.3,297.5
2020-09-14,Gram,Madhya Pradesh,Sehore Mandi,7275.1,8013.7,7644.4,451.8
2020-09-21,Gram,Madhya Pradesh,Sehore Mandi,7024.8,8258.8,7641.8,368.6
2020-09-28,Gram,Madhya Pradesh,Sehore Mandi,6845.3,8025.7,7435.5,454.9
2020-10-05,Gram,Madhya Pradesh,Sehore Mandi,7385.5,8540.3,7962.9,302.1
2020-10-12,Gram,Madhya Pradesh,Sehore Mandi,6410.9,7632.5,7021.7,498.6
2020-10-19,Gram,Madhya Pradesh,Sehore Mandi,6963.5,7927.9,7445.7,399.9
2020-10-26,Gram,Madhya Pradesh,Sehore Mandi,7227.2,8338.6,7782.9,371.2
2020-11-02,Gram,Madhya Pradesh,Sehore Mandi,7309.9,8070.9,7690.4,351.9
2020-11-09,Gram,Madhya Pradesh,Sehore Mandi,6940.9,8038.1,7489.5,314.1
2020-11-16,Gram,Madhya Pradesh,Sehore Mandi,6878.4,7820.4,7349.4,323.7
2020-11-23,Gram,Madhya Pradesh,Sehore Mandi,6807.4,7708.0,7257.7,292.0
2020-11-30,Gram,Madhya Pradesh,Sehore Mandi,6655.1,7849.9,7252.5,305.9
2020-12-07,Gram,Madhya Pradesh,Sehore Mandi,7470.6,8640.4,8055.5,437.4
2020-12-14,Gram,Madhya Pradesh,Sehore Mandi,7495.7,8393.3,7944.5,441.2
2020-12-21,Gram,Madhya Pradesh,Sehore Mandi,7349.8,8008.0,7678.9,376.5
2020-12-28,Gram,Madhya Pradesh,Sehore Mandi,6813.9,7838.3,7326.1,328.2
2021-01-04,Gram,Madhya Pradesh,Sehore Mandi,6905.7,7783.3,7344.5,442.3
2021-01-11,Gram,Madhya Pradesh,Sehore Mandi,7663.3,8609.7,8136.5,486.5
2021-01-18,Gram,Madhya Pradesh,Sehore Mandi,7142.1,8486.5,7814.3,423.0
2021-01-25,Gram,Madhya Pradesh,Sehore Mandi,6926.0,8133.0,7529.5,391.0
2021-02-01,Gram,Madhya Pradesh,Sehore Mandi,6760.6,7989.0,7374.8,347.8
2021-02-08,Gram,Madhya Pradesh,Sehore Mandi,7537.7,8558.7,8048.2,400.1
2021-02-15,Gram,Madhya Pradesh,Sehore Mandi,7058.6,8410.6,7734.6,361.8
2021-02-22,Gram,Madhya Pradesh,Sehore Mandi,6831.8,7666.6,7249.2,385.3
2021-03-01,Gram,Madhya Pradesh,Sehore Mandi,5035.0,6014.4,5524.7,657.8
2021-03-08,Gram,Madhya Pradesh,Sehore Mandi,5460.0,6246.6,5853.3,965.1
2021-03-15,Gram,Madhya Pradesh,Sehore Mandi,5352.2,5878.6,5615.4,604.9
2021-03-22,Gram,Madhya Pradesh,Sehore Mandi,4908.3,5782.3,5345.3,890.1
2021-03-29,Gram,Madhya Pradesh,Sehore Mandi,5483.1,6522.7,6002.9,832.7
2021-04-05,Gram,Madhya Pradesh,Sehore Mandi,5457.3,6288.5,5872.9,657.0
2021-04-12,Gram,Madhya Pradesh,Sehore Mandi,5046.6,5819.2,5432.9,622.0
2021-04-19,Gram,Madhya Pradesh,Sehore Mandi,5005.7,5554.9,5280.3,590.9
2021-04-26,Gram,Madhya Pradesh,Sehore Mandi,5530.6,6618.0,6074.3,886.3
2021-05-03,Gram,Madhya Pradesh,Sehore Mandi,6881.8,7859.2,7370.5,426.0
2021-05-10,Gram,Madhya Pradesh,Sehore Mandi,7140.2,7773.8,7457.0,288.8
2021-05-17,Gram,Madhya Pradesh,Sehore Mandi,6935.5,8197.3,7566.4,397.3
2021-05-24,Gram,Madhya Pradesh,Sehore Mandi,7256.3,8302.7,7779.5,362.6
2021-05-31,Gram,Madhya Pradesh,Sehore Mandi,7084.4,7922.8,7503.6,465.1
2021-06-07,Gram,Madhya Pradesh,Sehore Mandi,7671.2,8542.6,8106.9,345.2
2021-06-14,Gram,Madhya Pradesh,Sehore Mandi,7752.4,8416.6,8084.5,355.1
2021-06-21,Gram,Madhya Pradesh,Sehore Mandi,7705.5,8858.1,8281.8,389.0
2021-06-28,Gram,Madhya Pradesh,Sehore Mandi,7316.4,8291.4,7803.9,436.2
2021-07-05,Gram,Madhya Pradesh,Sehore Mandi,7256.0,8612.6,7934.3,442.3
2021-07-12,Gram,Madhya Pradesh,Sehore Mandi,7793.6,8471.0,8132.3,366.9
2021-07-19,Gram,Madhya Pradesh,Sehore Mandi,6991.9,8293.5,7642.7,461.4
2021-07-26,Gram,Madhya Pradesh,Sehore Mandi,7868.1,8880.3,8374.2,298.6
2021-08-02,Gram,Madhya Pradesh,Sehore Mandi,7779.8,8993.6,8386.7,408.5
2021-08-09,Gram,Madhya Pradesh,Sehore Mandi,7343.0,8389.2,7866.1,423.0
2021-08-16,Gram,Madhya Pradesh,Sehore Mandi,7540.7,8692.9,8116.8,443.0
2021-08-23,Gram,Madhya Pradesh,Sehore Mandi,7442.3,8587.9,8015.1,484.6
2021-08-30,Gram,Madhya Pradesh,Sehore Mandi,7120.6,8068.8,7594.7,484.5
2021-09-06,Gram,Madhya Pradesh,Sehore Mandi,7564.6,8313.2,7938.9,445.0
2021-09-13,Gram,Madhya Pradesh,Sehore Mandi,7281.8,8066.6,7674.2,460.2
2021-09-20,Gram,Madhya Pradesh,Sehore Mandi,7087.0,8083.2,7585.1,312.7
2021-09-27,Gram,Madhya Pradesh,Sehore Mandi,6927.8,8026.4,7477.1,398.2
2021-10-04,Gram,Madhya Pradesh,Sehore Mandi,7618.5,8334.3,7976.4,395.4
2021-10-11,Gram,Madhya Pradesh,Sehore Mandi,7789.5,8857.9,8323.7,393.4
2021-10-18,Gram,Madhya Pradesh,Sehore Mandi,6883.9,7992.9,7438.4,489.3
2021-10-25,Gram,Madhya Pradesh,Sehore Mandi,6988.8,8337.6,7663.2,469.9
2021-11-01,Gram,Madhya Pradesh,Sehore Mandi,7272.0,8308.4,7790.2,452.6
2021-11-08,Gram,Madhya Pradesh,Sehore Mandi,7403.3,8524.5,7963.9,450.8
2021-11-15,Gram,Madhya Pradesh,Sehore Mandi,7250.7,8205.5,7728.1,499.4
2021-11-22,Gram,Madhya Pradesh,Sehore Mandi,7836.7,8958.1,8397.4,434.2
2021-11-29,Gram,Madhya Pradesh,Sehore Mandi,7434.3,8591.5,8012.9,378.7
2021-12-06,Gram,Madhya Pradesh,Sehore Mandi,7290.7,7965.9,7628.3,401.3
2021-12-13,Gram,Madhya Pradesh,Sehore Mandi,7080.1,8365.3,7722.7,417.8
2021-12-20,Gram,Madhya Pradesh,Sehore Mandi,7514.1,8304.1,7909.1,303.1
2021-12-27,Gram,Madhya Pradesh,Sehore Mandi,7674.7,8321.7,7998.2,385.5
2022-01-03,Gram,Madhya Pradesh,Sehore Mandi,7979.4,9207.4,8593.4,341.8
2022-01-10,Gram,Madhya Pradesh,Sehore Mandi,7708.0,8823.8,8265.9,414.0
2022-01-17,Gram,Madhya Pradesh,Sehore Mandi,7144.9,8095.3,7620.1,379.1
2022-01-24,Gram,Madhya Pradesh,Sehore Mandi,7684.5,9121.3,8402.9,461.1
2022-01-31,Gram,Madhya Pradesh,Sehore Mandi,7659.5,9101.9,8380.7,305.1
2022-02-07,Gram,Madhya Pradesh,Sehore Mandi,7290.2,8187.4,7738.8,446.6
2022-02-14,Gram,Madhya Pradesh,Sehore Mandi,7322.5,8697.1,8009.8,495.8
2022-02-21,Gram,Madhya Pradesh,Sehore Mandi,7620.0,8949.8,8284.9,423.8
2022-02-28,Gram,Madhya Pradesh,Sehore Mandi,7440.5,8201.5,7821.0,465.7
2022-03-07,Gram,Madhya Pradesh,Sehore Mandi,5275.6,5909.0,5592.3,838.5
2022-03-14,Gram,Madhya Pradesh,Sehore Mandi,5513.9,6296.1,5905.0,926.7
2022-03-21,Gram,Madhya Pradesh,Sehore Mandi,5901.2,6803.8,6352.5,636.8
2022-03-28,Gram,Madhya Pradesh,Sehore Mandi,5849.8,6752.0,6300.9,916.5
2022-04-04,Gram,Madhya Pradesh,Sehore Mandi,5289.1,6319.9,5804.5,790.2
2022-04-11,Gram,Madhya Pradesh,Sehore Mandi,5855.2,6422.6,6138.9,641.3
2022-04-18,Gram,Madhya Pradesh,Sehore Mandi,5406.6,6199.8,5803.2,589.4
2022-04-25,Gram,Madhya Pradesh,Sehore Mandi,5710.5,6281.1,5995.8,805.2
2022-05-02,Gram,Madhya Pradesh,Sehore Mandi,7620.7,8943.3,8282.0,446.9
2022-05-09,Gram,Madhya Pradesh,Sehore Mandi,7678.4,8501.2,8089.8,398.8
2022-05-16,Gram,Madhya Pradesh,Sehore Mandi,7548.7,8349.5,7949.1,448.5
2022-05-23,Gram,Madhya Pradesh,Sehore Mandi,7656.7,8689.3,8173.0,353.4
2022-05-30,Gram,Madhya Pradesh,Sehore Mandi,7671.4,8392.2,8031.8,390.9
2022-06-06,Gram,Madhya Pradesh,Sehore Mandi,7227.2,8193.0,7710.1,299.3
2022-06-13,Gram,Madhya Pradesh,Sehore Mandi,7394.4,8489.4,7941.9,295.5
2022-06-20,Gram,Madhya Pradesh,Sehore Mandi,7815.4,8694.0,8254.7,342.5
2022-06-27,Gram,Madhya Pradesh,Sehore Mandi,7285.2,8326.8,7806.0,353.5
2022-07-04,Gram,Madhya Pradesh,Sehore Mandi,7639.3,8891.7,8265.5,333.7
2022-07-11,Gram,Madhya Pradesh,Sehore Mandi,8036.1,9171.7,8603.9,432.7
2022-07-18,Gram,Madhya Pradesh,Sehore Mandi,8320.8,9432.0,8876.4,485.6
2022-07-25,Gram,Madhya Pradesh,Sehore Mandi,8062.3,8885.9,8474.1,374.5
2022-08-01,Gram,Madhya Pradesh,Sehore Mandi,8418.0,9353.2,8885.6,440.7
2022-08-08,Gram,Madhya Pradesh,Sehore Mandi,7749.1,8972.9,8361.0,414.6
2022-08-15,Gram,Madhya Pradesh,Sehore Mandi,7971.9,8757.9,8364.9,311.3
2022-08-22,Gram,Madhya Pradesh,Sehore Mandi,7628.9,8871.9,8250.4,395.1
2022-08-29,Gram,Madhya Pradesh,Sehore Mandi,7652.4,8566.8,8109.6,477.0
2022-09-05,Gram,Madhya Pradesh,Sehore Mandi,7224.7,8633.7,7929.2,328.7
2022-09-12,Gram,Madhya Pradesh,Sehore Mandi,7968.5,8687.7,8328.1,331.5
2022-09-19,Gram,Madhya Pradesh,Sehore Mandi,8398.6,9197.2,8797.9,338.6
2022-09-26,Gram,Madhya Pradesh,Sehore Mandi,7584.0,8927.2,8255.6,354.5
2022-10-03,Gram,Madhya Pradesh,Sehore Mandi,7984.2,9382.0,8683.1,338.1
2022-10-10,Gram,Madhya Pradesh,Sehore Mandi,7598.3,8431.5,8014.9,468.1
2022-10-17,Gram,Madhya Pradesh,Sehore Mandi,7526.1,8322.5,7924.3,391.4
2022-10-24,Gram,Madhya Pradesh,Sehore Mandi,8510.1,9373.7,8941.9,293.1
2022-10-31,Gram,Madhya Pradesh,Sehore Mandi,7756.3,8719.9,8238.1,360.9
2022-11-07,Gram,Madhya Pradesh,Sehore Mandi,7997.7,9453.9,8725.8,464.0
2022-11-14,Gram,Madhya Pradesh,Sehore Mandi,8123.4,9042.4,8582.9,387.7
2022-11-21,Gram,Madhya Pradesh,Sehore Mandi,7722.6,8444.2,8083.4,334.0
2022-11-28,Gram,Madhya Pradesh,Sehore Mandi,7542.5,8976.1,8259.3,444.0
2022-12-05,Gram,Madhya Pradesh,Sehore Mandi,7565.1,8971.1,8268.1,410.1
2022-12-12,Gram,Madhya Pradesh,Sehore Mandi,7448.2,8544.2,7996.2,383.5
2022-12-19,Gram,Madhya Pradesh,Sehore Mandi,8349.1,9046.7,8697.9,490.9
2022-12-26,Gram,Madhya Pradesh,Sehore Mandi,7557.7,8456.9,8007.3,337.6
2023-01-02,Gram,Madhya Pradesh,Sehore Mandi,8366.0,9202.2,8784.1,493.9
2023-01-09,Gram,Madhya Pradesh,Sehore Mandi,7703.4,9042.4,8372.9,475.3
2023-01-16,Gram,Madhya Pradesh,Sehore Mandi,8086.4,9619.0,8852.7,297.8
2023-01-23,Gram,Madhya Pradesh,Sehore Mandi,7586.9,8991.1,8289.0,453.7
2023-01-30,Gram,Madhya Pradesh,Sehore Mandi,7971.8,8822.8,8397.3,424.8
2023-02-06,Gram,Madhya Pradesh,Sehore Mandi,8598.7,9360.5,8979.6,409.3
2023-02-13,Gram,Madhya Pradesh,Sehore Mandi,8019.0,8740.8,8379.9,466.0
2023-02-20,Gram,Madhya Pradesh,Sehore Mandi,8137.6,8862.2,8499.9,481.9
2023-02-27,Gram,Madhya Pradesh,Sehore Mandi,8422.0,9749.6,9085.8,348.9
2023-03-06,Gram,Madhya Pradesh,Sehore Mandi,6192.2,6915.2,6553.7,841.2
2023-03-13,Gram,Madhya Pradesh,Sehore Mandi,6190.7,6762.3,6476.5,612.2
2023-03-20,Gram,Madhya Pradesh,Sehore Mandi,5838.5,6327.7,6083.1,804.3
2023-03-27,Gram,Madhya Pradesh,Sehore Mandi,5791.4,6762.8,6277.1,773.0
2023-04-03,Gram,Madhya Pradesh,Sehore Mandi,6194.1,7091.5,6642.8,841.1
2023-04-10,Gram,Madhya Pradesh,Sehore Mandi,6046.7,6952.3,6499.5,922.9
2023-04-17,Gram,Madhya Pradesh,Sehore Mandi,6234.7,7364.3,6799.5,600.0
2023-04-24,Gram,Madhya Pradesh,Sehore Mandi,6169.9,7296.1,6733.0,815.9
2023-05-01,Gram,Madhya Pradesh,Sehore Mandi,8321.8,9294.4,8808.1,374.5
2023-05-08,Gram,Madhya Pradesh,Sehore Mandi,8738.3,9713.1,9225.7,464.1
2023-05-15,Gram,Madhya Pradesh,Sehore Mandi,8508.9,9391.5,8950.2,338.3
2023-05-22,Gram,Madhya Pradesh,Sehore Mandi,8480.6,9788.4,9134.5,341.0
2023-05-29,Gram,Madhya Pradesh,Sehore Mandi,8654.5,9904.3,9279.4,372.3
2023-06-05,Gram,Madhya Pradesh,Sehore Mandi,8748.6,9674.8,9211.7,475.9
2023-06-12,Gram,Madhya Pradesh,Sehore Mandi,7924.4,8879.2,8401.8,452.6
2023-06-19,Gram,Madhya Pradesh,Sehore Mandi,8190.2,9044.8,8617.5,398.1
2023-06-26,Gram,Madhya Pradesh,Sehore Mandi,8561.6,9648.8,9105.2,474.3
2023-07-03,Gram,Madhya Pradesh,Sehore Mandi,8550.8,10163.4,9357.1,498.6
2023-07-10,Gram,Madhya Pradesh,Sehore Mandi,8799.4,9810.2,9304.8,455.6
2023-07-17,Gram,Madhya Pradesh,Sehore Mandi,7925.5,8629.1,8277.3,403.7
2023-07-24,Gram,Madhya Pradesh,Sehore Mandi,8922.3,9727.1,9324.7,346.7
2023-07-31,Gram,Madhya Pradesh,Sehore Mandi,8038.6,9147.4,8593.0,346.8
2023-08-07,Gram,Madhya Pradesh,Sehore Mandi,8393.8,9820.0,9106.9,363.3
2023-08-14,Gram,Madhya Pradesh,Sehore Mandi,8854.8,9842.4,9348.6,408.5
2023-08-21,Gram,Madhya Pradesh,Sehore Mandi,8040.8,8727.2,8384.0,349.1
2023-08-28,Gram,Madhya Pradesh,Sehore Mandi,8747.0,9586.6,9166.8,293.6
2023-09-04,Gram,Madhya Pradesh,Sehore Mandi,8483.4,9353.8,8918.6,495.1
2023-09-11,Gram,Madhya Pradesh,Sehore Mandi,8281.4,9679.0,8980.2,374.3
2023-09-18,Gram,Madhya Pradesh,Sehore Mandi,8928.6,10032.4,9480.5,487.2
2023-09-25,Gram,Madhya Pradesh,Sehore Mandi,7602.6,9041.6,8322.1,469.1
2023-10-02,Gram,Madhya Pradesh,Sehore Mandi,8862.2,9949.0,9405.6,402.2
2023-10-09,Gram,Madhya Pradesh,Sehore Mandi,8854.7,9765.5,9310.1,474.7
2023-10-16,Gram,Madhya Pradesh,Sehore Mandi,7994.1,9329.5,8661.8,398.9
2023-10-23,Gram,Madhya Pradesh,Sehore Mandi,8409.5,9146.9,8778.2,485.0
2023-10-30,Gram,Madhya Pradesh,Sehore Mandi,9114.0,9977.6,9545.8,395.3
2023-11-06,Gram,Madhya Pradesh,Sehore Mandi,8143.0,9504.4,8823.7,420.4
2023-11-13,Gram,Madhya Pradesh,Sehore Mandi,8560.3,10206.5,9383.4,487.5
2023-11-20,Gram,Madhya Pradesh,Sehore Mandi,8675.9,9706.9,9191.4,476.3
2023-11-27,Gram,Madhya Pradesh,Sehore Mandi,8684.5,10282.7,9483.6,292.8
2023-12-04,Gram,Madhya Pradesh,Sehore Mandi,8938.7,10225.7,9582.2,319.3
2023-12-11,Gram,Madhya Pradesh,Sehore Mandi,8815.6,9813.0,9314.3,472.5
2023-12-18,Gram,Madhya Pradesh,Sehore Mandi,8673.7,9421.7,9047.7,328.6
2023-12-25,Gram,Madhya Pradesh,Sehore Mandi,8760.3,10361.9,9561.1,461.5
2015-01-05,Gram,Uttar Pradesh,Kanpur Mandi,4989.9,5442.1,5216.0,444.0
2015-01-12,Gram,Uttar Pradesh,Kanpur Mandi,5012.1,5944.1,5478.1,445.5
2015-01-19,Gram,Uttar Pradesh,Kanpur Mandi,5217.1,5673.7,5445.4,401.8
2015-01-26,Gram,Uttar Pradesh,Kanpur Mandi,4940.2,5611.6,5275.9,383.3
2015-02-02,Gram,Uttar Pradesh,Kanpur Mandi,4823.6,5673.2,5248.4,474.2
2015-02-09,Gram,Uttar Pradesh,Kanpur Mandi,5003.3,5732.9,5368.1,412.2
2015-02-16,Gram,Uttar Pradesh,Kanpur Mandi,5417.9,5946.3,5682.1,351.5
2015-02-23,Gram,Uttar Pradesh,Kanpur Mandi,5340.8,5825.0,5582.9,372.9
2015-03-02,Gram,Uttar Pradesh,Kanpur Mandi,3964.1,4303.9,4134.0,937.4
2015-03-09,Gram,Uttar Pradesh,Kanpur Mandi,3767.5,4392.5,4080.0,571.7
2015-03-16,Gram,Uttar Pradesh,Kanpur Mandi,3797.7,4132.1,3964.9,789.3
2015-03-23,Gram,Uttar Pradesh,Kanpur Mandi,3927.3,4399.3,4163.3,576.4
2015-03-30,Gram,Uttar Pradesh,Kanpur Mandi,3858.5,4427.9,4143.2,734.9
2015-04-06,Gram,Uttar Pradesh,Kanpur Mandi,3617.2,4050.4,3833.8,619.0
2015-04-13,Gram,Uttar Pradesh,Kanpur Mandi,3871.3,4388.1,4129.7,948.1
2015-04-20,Gram,Uttar Pradesh,Kanpur Mandi,3613.7,4016.7,3815.2,801.0
2015-04-27,Gram,Uttar Pradesh,Kanpur Mandi,3777.0,4128.6,3952.8,772.9
2015-05-04,Gram,Uttar Pradesh,Kanpur Mandi,4870.4,5532.0,5201.2,288.9
2015-05-11,Gram,Uttar Pradesh,Kanpur Mandi,5126.7,6035.7,5581.2,461.8
2015-05-18,Gram,Uttar Pradesh,Kanpur Mandi,4832.3,5467.1,5149.7,433.9
2015-05-25,Gram,Uttar Pradesh,Kanpur Mandi,5606.7,6075.7,5841.2,300.2
2015-06-01,Gram,Uttar Pradesh,Kanpur Mandi,5538.2,6144.2,5841.2,331.7
2015-06-08,Gram,Uttar Pradesh,Kanpur Mandi,4882.3,5451.1,5166.7,395.5
2015-06-15,Gram,Uttar Pradesh,Kanpur Mandi,5331.8,5946.0,5638.9,467.4
2015-06-22,Gram,Uttar Pradesh,Kanpur Mandi,4866.5,5597.1,5231.8,296.3
2015-06-29,Gram,Uttar Pradesh,Kanpur Mandi,5359.6,5896.4,5628.0,391.3
2015-07-06,Gram,Uttar Pradesh,Kanpur Mandi,5596.4,6237.4,5916.9,469.2
2015-07-13,Gram,Uttar Pradesh,Kanpur Mandi,5356.7,6133.3,5745.0,495.9
2015-07-20,Gram,Uttar Pradesh,Kanpur Mandi,5086.0,5845.6,5465.8,414.1
2015-07-27,Gram,Uttar Pradesh,Kanpur Mandi,4735.3,5659.7,5197.5,303.5
2015-08-03,Gram,Uttar Pradesh,Kanpur Mandi,5573.9,6157.7,5865.8,318.1
2015-08-10,Gram,Uttar Pradesh,Kanpur Mandi,5387.3,6016.3,5701.8,429.3
2015-08-17,Gram,Uttar Pradesh,Kanpur Mandi,4959.5,5777.5,5368.5,392.8
2015-08-24,Gram,Uttar Pradesh,Kanpur Mandi,5033.7,5506.5,5270.1,410.2
2015-08-31,Gram,Uttar Pradesh,Kanpur Mandi,5359.1,6245.3,5802.2,478.7
2015-09-07,Gram,Uttar Pradesh,Kanpur Mandi,5273.2,5882.4,5577.8,400.1
2015-09-14,Gram,Uttar Pradesh,Kanpur Mandi,5370.5,5848.7,5609.6,375.4
2015-09-21,Gram,Uttar Pradesh,Kanpur Mandi,4889.0,5594.0,5241.5,326.1
2015-09-28,Gram,Uttar Pradesh,Kanpur Mandi,5412.0,6441.0,5926.5,443.7
2015-10-05,Gram,Uttar Pradesh,Kanpur Mandi,5714.8,6235.8,5975.3,332.4
2015-10-12,Gram,Uttar Pradesh,Kanpur Mandi,4961.2,5741.2,5351.2,329.0
2015-10-19,Gram,Uttar Pradesh,Kanpur Mandi,5586.0,6389.4,5987.7,306.6
2015-10-26,Gram,Uttar Pradesh,Kanpur Mandi,5571.0,6308.6,5939.8,295.1
2015-11-02,Gram,Uttar Pradesh,Kanpur Mandi,5056.3,5703.7,5380.0,489.7
2015-11-09,Gram,Uttar Pradesh,Kanpur Mandi,5036.6,5525.4,5281.0,350.7
2015-11-16,Gram,Uttar Pradesh,Kanpur Mandi,5748.9,6336.5,6042.7,470.3
2015-11-23,Gram,Uttar Pradesh,Kanpur Mandi,5649.9,6129.7,5889.8,419.7
2015-11-30,Gram,Uttar Pradesh,Kanpur Mandi,5671.8,6189.4,5930.6,463.8
2015-12-07,Gram,Uttar Pradesh,Kanpur Mandi,5519.9,5993.7,5756.8,448.8
2015-12-14,Gram,Uttar Pradesh,Kanpur Mandi,5548.1,6576.5,6062.3,387.2
2015-12-21,Gram,Uttar Pradesh,Kanpur Mandi,5067.0,5704.4,5385.7,303.6
2015-12-28,Gram,Uttar Pradesh,Kanpur Mandi,5375.5,5964.1,5669.8,361.1
2016-01-04,Gram,Uttar Pradesh,Kanpur Mandi,5061.7,5971.7,5516.7,411.9
2016-01-11,Gram,Uttar Pradesh,Kanpur Mandi,5749.5,6267.3,6008.4,331.4
2016-01-18,Gram,Uttar Pradesh,Kanpur Mandi,5473.5,6175.1,5824.3,443.8
2016-01-25,Gram,Uttar Pradesh,Kanpur Mandi,5270.3,5980.9,5625.6,384.8
2016-02-01,Gram,Uttar Pradesh,Kanpur Mandi,5042.2,5779.4,5410.8,442.5
2016-02-08,Gram,Uttar Pradesh,Kanpur Mandi,5280.1,5940.1,5610.1,492.9
2016-02-15,Gram,Uttar Pradesh,Kanpur Mandi,5507.2,6487.8,5997.5,302.6
2016-02-22,Gram,Uttar Pradesh,Kanpur Mandi,5493.3,6233.5,5863.4,427.2
2016-02-29,Gram,Uttar Pradesh,Kanpur Mandi,5183.1,6180.7,5681.9,347.8
2016-03-07,Gram,Uttar Pradesh,Kanpur Mandi,4062.6,4587.6,4325.1,822.4
2016-03-14,Gram,Uttar Pradesh,Kanpur Mandi,4034.7,4827.9,4431.3,635.2
2016-03-21,Gram,Uttar Pradesh,Kanpur Mandi,3697.3,4213.7,3955.5,802.1
2016-03-28,Gram,Uttar Pradesh,Kanpur Mandi,4173.8,4784.0,4478.9,803.5
2016-04-04,Gram,Uttar Pradesh,Kanpur Mandi,4118.7,4589.5,4354.1,860.0
2016-04-11,Gram,Uttar Pradesh,Kanpur Mandi,3823.8,4207.6,4015.7,642.9
2016-04-18,Gram,Uttar Pradesh,Kanpur Mandi,4038.1,4649.1,4343.6,828.9
2016-04-25,Gram,Uttar Pradesh,Kanpur Mandi,3652.5,4346.9,3999.7,669.8
2016-05-02,Gram,Uttar Pradesh,Kanpur Mandi,5790.9,6428.7,6109.8,390.8
2016-05-09,Gram,Uttar Pradesh,Kanpur Mandi,5107.9,5851.5,5479.7,468.8
2016-05-16,Gram,Uttar Pradesh,Kanpur Mandi,5157.0,6117.2,5637.1,399.2
2016-05-23,Gram,Uttar Pradesh,Kanpur Mandi,5689.9,6206.5,5948.2,348.6
2016-05-30,Gram,Uttar Pradesh,Kanpur Mandi,5934.1,6522.9,6228.5,427.7
2016-06-06,Gram,Uttar Pradesh,Kanpur Mandi,5150.1,6009.7,5579.9,491.0
2016-06-13,Gram,Uttar Pradesh,Kanpur Mandi,5620.4,6449.2,6034.8,380.3
2016-06-20,Gram,Uttar Pradesh,Kanpur Mandi,5697.1,6725.5,6211.3,354.4
2016-06-27,Gram,Uttar Pradesh,Kanpur Mandi,5658.7,6500.5,6079.6,493.2
2016-07-04,Gram,Uttar Pradesh,Kanpur Mandi,5479.0,6269.8,5874.4,352.2
2016-07-11,Gram,Uttar Pradesh,Kanpur Mandi,5507.8,6341.0,5924.4,430.9
2016-07-18,Gram,Uttar Pradesh,Kanpur Mandi,5361.8,6306.4,5834.1,341.6
2016-07-25,Gram,Uttar Pradesh,Kanpur Mandi,5667.3,6442.5,6054.9,294.8
2016-08-01,Gram,Uttar Pradesh,Kanpur Mandi,5450.3,6359.7,5905.0,489.4
2016-08-08,Gram,Uttar Pradesh,Kanpur Mandi,5289.9,6138.9,5714.4,297.2
2016-08-15,Gram,Uttar Pradesh,Kanpur Mandi,5039.7,6030.1,5534.9,490.7
2016-08-22,Gram,Uttar Pradesh,Kanpur Mandi,5225.1,6177.1,5701.1,338.4
2016-08-29,Gram,Uttar Pradesh,Kanpur Mandi,5441.9,6044.7,5743.3,296.7
2016-09-05,Gram,Uttar Pradesh,Kanpur Mandi,5308.1,6209.5,5758.8,459.8
2016-09-12,Gram,Uttar Pradesh,Kanpur Mandi,5228.7,6091.3,5660.0,379.5
2016-09-19,Gram,Uttar Pradesh,Kanpur Mandi,5343.8,6270.4,5807.1,357.4
2016-09-26,Gram,Uttar Pradesh,Kanpur Mandi,5257.4,6018.0,5637.7,450.2
2016-10-03,Gram,Uttar Pradesh,Kanpur Mandi,5252.1,5969.1,5610.6,470.3
2016-10-10,Gram,Uttar Pradesh,Kanpur Mandi,5223.3,5949.9,5586.6,327.2
2016-10-17,Gram,Uttar Pradesh,Kanpur Mandi,5673.3,6307.5,5990.4,310.7
2016-10-24,Gram,Uttar Pradesh,Kanpur Mandi,5308.0,6018.4,5663.2,399.6
2016-10-31,Gram,Uttar Pradesh,Kanpur Mandi,5460.8,6444.0,5952.4,449.2
2016-11-07,Gram,Uttar Pradesh,Kanpur Mandi,5901.3,6740.9,6321.1,498.2
2016-11-14,Gram,Uttar Pradesh,Kanpur Mandi,6086.4,6682.6,6384.5,481.3
2016-11-21,Gram,Uttar Pradesh,Kanpur Mandi,5952.1,6664.7,6308.4,298.9
2016-11-28,Gram,Uttar Pradesh,Kanpur Mandi,5417.8,5902.6,5660.2,493.4
2016-12-05,Gram,Uttar Pradesh,Kanpur Mandi,5224.6,6020.0,5622.3,423.8
2016-12-12,Gram,Uttar Pradesh,Kanpur Mandi,5691.7,6561.5,6126.6,372.0
2016-12-19,Gram,Uttar Pradesh,Kanpur Mandi,5645.0,6671.2,6158.1,438.9
2016-12-26,Gram,Uttar Pradesh,Kanpur Mandi,5740.6,6296.8,6018.7,318.0
2017-01-02,Gram,Uttar Pradesh,Kanpur Mandi,5794.2,6304.2,6049.2,480.3
2017-01-09,Gram,Uttar Pradesh,Kanpur Mandi,6133.1,6646.5,6389.8,466.4
2017-01-16,Gram,Uttar Pradesh,Kanpur Mandi,5415.7,6340.3,5878.0,472.2
2017-01-23,Gram,Uttar Pradesh,Kanpur Mandi,6125.1,6781.3,6453.2,301.5
2017-01-30,Gram,Uttar Pradesh,Kanpur Mandi,6026.1,6576.7,6301.4,415.9
2017-02-06,Gram,Uttar Pradesh,Kanpur Mandi,5481.8,6543.8,6012.8,453.6
2017-02-13,Gram,Uttar Pradesh,Kanpur Mandi,5782.5,6660.9,6221.7,315.3
2017-02-20,Gram,Uttar Pradesh,Kanpur Mandi,5684.1,6360.3,6022.2,334.0
2017-02-27,Gram,Uttar Pradesh,Kanpur Mandi,6013.9,6862.7,6438.3,412.3
2017-03-06,Gram,Uttar Pradesh,Kanpur Mandi,3973.4,4350.6,4162.0,560.6
2017-03-13,Gram,Uttar Pradesh,Kanpur Mandi,3928.8,4563.4,4246.1,674.3
2017-03-20,Gram,Uttar Pradesh,Kanpur Mandi,4349.3,4770.7,4560.0,929.0
2017-03-27,Gram,Uttar Pradesh,Kanpur Mandi,4361.5,5048.1,4704.8,815.6
2017-04-03,Gram,Uttar Pradesh,Kanpur Mandi,4025.2,4637.8,4331.5,664.5
2017-04-10,Gram,Uttar Pradesh,Kanpur Mandi,4230.4,4640.2,4435.3,662.9
2017-04-17,Gram,Uttar Pradesh,Kanpur Mandi,4203.7,4693.1,4448.4,931.9
2017-04-24,Gram,Uttar Pradesh,Kanpur Mandi,4328.5,5178.9,4753.7,891.8
2017-05-01,Gram,Uttar Pradesh,Kanpur Mandi,5458.2,5998.0,5728.1,308.8
2017-05-08,Gram,Uttar Pradesh,Kanpur Mandi,5678.5,6171.7,5925.1,354.6
2017-05-15,Gram,Uttar Pradesh,Kanpur Mandi,5266.7,6269.7,5768.2,480.3
2017-05-22,Gram,Uttar Pradesh,Kanpur Mandi,5243.3,6271.1,5757.2,325.1
2017-05-29,Gram,Uttar Pradesh,Kanpur Mandi,5813.1,6745.3,6279.2,312.0
2017-06-05,Gram,Uttar Pradesh,Kanpur Mandi,5835.6,6867.8,6351.7,457.5
2017-06-12,Gram,Uttar Pradesh,Kanpur Mandi,5790.0,6704.2,6247.1,483.5
2017-06-19,Gram,Uttar Pradesh,Kanpur Mandi,5525.3,6324.1,5924.7,404.8
2017-06-26,Gram,Uttar Pradesh,Kanpur Mandi,6214.6,6802.4,6508.5,419.1
2017-07-03,Gram,Uttar Pradesh,Kanpur Mandi,6017.4,6746.0,6381.7,368.5
2017-07-10,Gram,Uttar Pradesh,Kanpur Mandi,6107.3,6878.1,6492.7,298.6
2017-07-17,Gram,Uttar Pradesh,Kanpur Mandi,5822.8,6452.6,6137.7,394.5
2017-07-24,Gram,Uttar Pradesh,Kanpur Mandi,5549.3,6211.7,5880.5,431.7
2017-07-31,Gram,Uttar Pradesh,Kanpur Mandi,5965.2,6680.8,6323.0,460.7
2017-08-07,Gram,Uttar Pradesh,Kanpur Mandi,5592.0,6084.8,5838.4,460.7
2017-08-14,Gram,Uttar Pradesh,Kanpur Mandi,6269.5,6834.9,6552.2,439.9
2017-08-21,Gram,Uttar Pradesh,Kanpur Mandi,5933.8,7010.0,6471.9,299.5
2017-08-28,Gram,Uttar Pradesh,Kanpur Mandi,5675.9,6628.3,6152.1,333.9
2017-09-04,Gram,Uttar Pradesh,Kanpur Mandi,5433.6,6253.6,5843.6,322.5
2017-09-11,Gram,Uttar Pradesh,Kanpur Mandi,6100.4,6675.0,6387.7,466.9
2017-09-18,Gram,Uttar Pradesh,Kanpur Mandi,5586.3,6122.7,5854.5,491.2
2017-09-25,Gram,Uttar Pradesh,Kanpur Mandi,5685.2,6716.4,6200.8,463.4
2017-10-02,Gram,Uttar Pradesh,Kanpur Mandi,6117.1,7106.3,6611.7,437.5
2017-10-09,Gram,Uttar Pradesh,Kanpur Mandi,5531.2,6588.4,6059.8,348.0
2017-10-16,Gram,Uttar Pradesh,Kanpur Mandi,6111.0,6977.6,6544.3,359.5
2017-10-23,Gram,Uttar Pradesh,Kanpur Mandi,6150.9,7305.5,6728.2,353.3
2017-10-30,Gram,Uttar Pradesh,Kanpur Mandi,6098.9,6703.3,6401.1,360.7
2017-11-06,Gram,Uttar Pradesh,Kanpur Mandi,5855.2,6938.8,6397.0,420.4
2017-11-13,Gram,Uttar Pradesh,Kanpur Mandi,5474.8,6426.8,5950.8,463.8
2017-11-20,Gram,Uttar Pradesh,Kanpur Mandi,5852.5,6668.5,6260.5,359.5
2017-11-27,Gram,Uttar Pradesh,Kanpur Mandi,5695.2,6704.2,6199.7,382.4
2017-12-04,Gram,Uttar Pradesh,Kanpur Mandi,5488.7,6529.3,6009.0,311.9
2017-12-11,Gram,Uttar Pradesh,Kanpur Mandi,5720.3,6848.9,6284.6,360.3
2017-12-18,Gram,Uttar Pradesh,Kanpur Mandi,5960.4,6624.2,6292.3,453.0
2017-12-25,Gram,Uttar Pradesh,Kanpur Mandi,6215.4,7254.2,6734.8,295.4
2018-01-01,Gram,Uttar Pradesh,Kanpur Mandi,5700.1,6338.1,6019.1,455.4
2018-01-08,Gram,Uttar Pradesh,Kanpur Mandi,5531.3,6450.1,5990.7,322.5
2018-01-15,Gram,Uttar Pradesh,Kanpur Mandi,5676.5,6310.5,5993.5,318.5
2018-01-22,Gram,Uttar Pradesh,Kanpur Mandi,6384.0,7032.0,6708.0,472.7
2018-01-29,Gram,Uttar Pradesh,Kanpur Mandi,6161.5,7242.5,6702.0,461.8
2018-02-05,Gram,Uttar Pradesh,Kanpur Mandi,5676.8,6651.8,6164.3,322.8
2018-02-12,Gram,Uttar Pradesh,Kanpur Mandi,6138.3,6827.1,6482.7,451.2
2018-02-19,Gram,Uttar Pradesh,Kanpur Mandi,6062.1,6912.1,6487.1,289.9
2018-02-26,Gram,Uttar Pradesh,Kanpur Mandi,6140.1,6975.5,6557.8,432.5
2018-03-05,Gram,Uttar Pradesh,Kanpur Mandi,4721.8,5274.4,4998.1,916.3
2018-03-12,Gram,Uttar Pradesh,Kanpur Mandi,4400.6,4776.4,4588.5,707.8
2018-03-19,Gram,Uttar Pradesh,Kanpur Mandi,4261.2,4694.6,4477.9,592.3
2018-03-26,Gram,Uttar Pradesh,Kanpur Mandi,4322.7,4921.1,4621.9,689.4
2018-04-02,Gram,Uttar Pradesh,Kanpur Mandi,4164.3,4822.5,4493.4,809.0
2018-04-09,Gram,Uttar Pradesh,Kanpur Mandi,4211.2,4992.4,4601.8,744.1
2018-04-16,Gram,Uttar Pradesh,Kanpur Mandi,4424.9,5208.9,4816.9,565.3
2018-04-23,Gram,Uttar Pradesh,Kanpur Mandi,4618.2,5450.8,5034.5,714.2
2018-04-30,Gram,Uttar Pradesh,Kanpur Mandi,4272.0,5069.4,4670.7,583.5
2018-05-07,Gram,Uttar Pradesh,Kanpur Mandi,6468.9,7386.5,6927.7,435.2
2018-05-14,Gram,Uttar Pradesh,Kanpur Mandi,6608.9,7244.5,6926.7,425.4
2018-05-21,Gram,Uttar Pradesh,Kanpur Mandi,6070.2,6763.2,6416.7,404.0
2018-05-28,Gram,Uttar Pradesh,Kanpur Mandi,6150.7,6928.7,6539.7,328.7
2018-06-04,Gram,Uttar Pradesh,Kanpur Mandi,5687.9,6695.5,6191.7,426.5
2018-06-11,Gram,Uttar Pradesh,Kanpur Mandi,5925.4,6913.2,6419.3,392.0
2018-06-18,Gram,Uttar Pradesh,Kanpur Mandi,6101.7,6793.7,6447.7,294.1
2018-06-25,Gram,Uttar Pradesh,Kanpur Mandi,6474.8,7300.2,6887.5,431.6
2018-07-02,Gram,Uttar Pradesh,Kanpur Mandi,6075.9,7239.9,6657.9,428.3
2018-07-09,Gram,Uttar Pradesh,Kanpur Mandi,5690.3,6805.7,6248.0,316.2
2018-07-16,Gram,Uttar Pradesh,Kanpur Mandi,5941.0,6844.2,6392.6,341.7
2018-07-23,Gram,Uttar Pradesh,Kanpur Mandi,5883.6,6555.8,6219.7,421.5
2018-07-30,Gram,Uttar Pradesh,Kanpur Mandi,6022.0,6786.8,6404.4,297.9
2018-08-06,Gram,Uttar Pradesh,Kanpur Mandi,6409.2,7632.2,7020.7,450.4
2018-08-13,Gram,Uttar Pradesh,Kanpur Mandi,5784.4,6824.6,6304.5,377.7
2018-08-20,Gram,Uttar Pradesh,Kanpur Mandi,6083.0,7256.6,6669.8,304.1
2018-08-27,Gram,Uttar Pradesh,Kanpur Mandi,6547.9,7673.9,7110.9,434.4
2018-09-03,Gram,Uttar Pradesh,Kanpur Mandi,5949.2,7080.2,6514.7,466.0
2018-09-10,Gram,Uttar Pradesh,Kanpur Mandi,6035.9,7181.9,6608.9,368.9
2018-09-17,Gram,Uttar Pradesh,Kanpur Mandi,6261.6,6932.0,6596.8,334.2
2018-09-24,Gram,Uttar Pradesh,Kanpur Mandi,6423.3,7345.1,6884.2,302.0
2018-10-01,Gram,Uttar Pradesh,Kanpur Mandi,6010.4,7021.8,6516.1,471.3
2018-10-08,Gram,Uttar Pradesh,Kanpur Mandi,6648.0,7545.6,7096.8,310.4
2018-10-15,Gram,Uttar Pradesh,Kanpur Mandi,6624.1,7371.9,6998.0,363.1
2018-10-22,Gram,Uttar Pradesh,Kanpur Mandi,6678.8,7595.2,7137.0,447.7
2018-10-29,Gram,Uttar Pradesh,Kanpur Mandi,6175.2,6864.6,6519.9,455.3
2018-11-05,Gram,Uttar Pradesh,Kanpur Mandi,6277.9,7170.9,6724.4,489.6
2018-11-12,Gram,Uttar Pradesh,Kanpur Mandi,5953.3,6986.5,6469.9,368.1
2018-11-19,Gram,Uttar Pradesh,Kanpur Mandi,6747.2,7356.8,7052.0,399.7
2018-11-26,Gram,Uttar Pradesh,Kanpur Mandi,6177.9,6737.1,6457.5,409.8
2018-12-03,Gram,Uttar Pradesh,Kanpur Mandi,6375.4,6957.0,6666.2,448.2
2018-12-10,Gram,Uttar Pradesh,Kanpur Mandi,6463.3,7718.5,7090.9,299.8
2018-12-17,Gram,Uttar Pradesh,Kanpur Mandi,6459.8,7458.2,6959.0,485.2
2018-12-24,Gram,Uttar Pradesh,Kanpur Mandi,5963.9,6780.7,6372.3,300.3
2018-12-31,Gram,Uttar Pradesh,Kanpur Mandi,6387.7,6949.1,6668.4,393.5
2019-01-07,Gram,Uttar Pradesh,Kanpur Mandi,6025.5,6630.7,6328.1,348.5
2019-01-14,Gram,Uttar Pradesh,Kanpur Mandi,6609.7,7531.3,7070.5,318.4
2019-01-21,Gram,Uttar Pradesh,Kanpur Mandi,5909.8,7004.2,6457.0,319.3
2019-01-28,Gram,Uttar Pradesh,Kanpur Mandi,6362.9,7540.1,6951.5,495.2
2019-02-04,Gram,Uttar Pradesh,Kanpur Mandi,6162.8,7340.4,6751.6,438.7
2019-02-11,Gram,Uttar Pradesh,Kanpur Mandi,6675.2,7907.0,7291.1,347.2
2019-02-18,Gram,Uttar Pradesh,Kanpur Mandi,6187.7,6943.9,6565.8,447.4
2019-02-25,Gram,Uttar Pradesh,Kanpur Mandi,6413.5,7353.5,6883.5,354.2
2019-03-04,Gram,Uttar Pradesh,Kanpur Mandi,4640.8,5428.4,5034.6,918.4
2019-03-11,Gram,Uttar Pradesh,Kanpur Mandi,4642.2,5391.6,5016.9,935.0
2019-03-18,Gram,Uttar Pradesh,Kanpur Mandi,4494.0,4995.2,4744.6,773.1
2019-03-25,Gram,Uttar Pradesh,Kanpur Mandi,4345.3,5147.3,4746.3,932.9
2019-04-01,Gram,Uttar Pradesh,Kanpur Mandi,4498.5,5148.1,4823.3,932.4
2019-04-08,Gram,Uttar Pradesh,Kanpur Mandi,4670.5,5528.1,5099.3,921.4
2019-04-15,Gram,Uttar Pradesh,Kanpur Mandi,4760.8,5603.2,5182.0,750.9
2019-04-22,Gram,Uttar Pradesh,Kanpur Mandi,4995.6,5579.2,5287.4,909.7
2019-04-29,Gram,Uttar Pradesh,Kanpur Mandi,4585.3,5490.7,5038.0,803.0
2019-05-06,Gram,Uttar Pradesh,Kanpur Mandi,6712.9,7293.5,7003.2,422.5
2019-05-13,Gram,Uttar Pradesh,Kanpur Mandi,6945.2,7568.8,7257.0,348.4
2019-05-20,Gram,Uttar Pradesh,Kanpur Mandi,6771.5,7610.9,7191.2,482.5
2019-05-27,Gram,Uttar Pradesh,Kanpur Mandi,6652.5,7735.7,7194.1,473.4
2019-06-03,Gram,Uttar Pradesh,Kanpur Mandi,6950.7,7784.1,7367.4,468.8
2019-06-10,Gram,Uttar Pradesh,Kanpur Mandi,6992.7,7792.9,7392.8,447.7
2019-06-17,Gram,Uttar Pradesh,Kanpur Mandi,6438.4,7639.6,7039.0,399.4
2019-06-24,Gram,Uttar Pradesh,Kanpur Mandi,6459.3,7144.7,6802.0,391.4
2019-07-01,Gram,Uttar Pradesh,Kanpur Mandi,6552.0,7711.0,7131.5,478.7
2019-07-08,Gram,Uttar Pradesh,Kanpur Mandi,6434.9,7118.7,6776.8,491.5
2019-07-15,Gram,Uttar Pradesh,Kanpur Mandi,6340.4,6901.0,6620.7,391.9
2019-07-22,Gram,Uttar Pradesh,Kanpur Mandi,6180.3,7113.5,6646.9,305.5
2019-07-29,Gram,Uttar Pradesh,Kanpur Mandi,6738.7,7557.3,7148.0,468.8
2019-08-05,Gram,Uttar Pradesh,Kanpur Mandi,6736.2,7450.6,7093.4,495.9
2019-08-12,Gram,Uttar Pradesh,Kanpur Mandi,6231.0,7152.6,6691.8,494.1
2019-08-19,Gram,Uttar Pradesh,Kanpur Mandi,6152.0,7026.8,6589.4,359.0
2019-08-26,Gram,Uttar Pradesh,Kanpur Mandi,6817.4,7552.4,7184.9,395.9
2019-09-02,Gram,Uttar Pradesh,Kanpur Mandi,6752.6,7635.2,7193.9,386.1
2019-09-09,Gram,Uttar Pradesh,Kanpur Mandi,6308.3,6858.7,6583.5,391.7
2019-09-16,Gram,Uttar Pradesh,Kanpur Mandi,6197.5,7282.3,6739.9,400.8
2019-09-23,Gram,Uttar Pradesh,Kanpur Mandi,6734.8,7297.2,7016.0,438.0
2019-09-30,Gram,Uttar Pradesh,Kanpur Mandi,6396.2,7653.2,7024.7,322.1
2019-10-07,Gram,Uttar Pradesh,Kanpur Mandi,6185.2,7022.8,6604.0,359.9
2019-10-14,Gram,Uttar Pradesh,Kanpur Mandi,6116.8,7272.8,6694.8,377.4
2019-10-21,Gram,Uttar Pradesh,Kanpur Mandi,6314.8,7385.8,6850.3,298.6
2019-10-28,Gram,Uttar Pradesh,Kanpur Mandi,6812.2,7498.0,7155.1,433.7
2019-11-04,Gram,Uttar Pradesh,Kanpur Mandi,6579.7,7448.5,7014.1,301.1
2019-11-11,Gram,Uttar Pradesh,Kanpur Mandi,6706.5,7793.1,7249.8,386.6
2019-11-18,Gram,Uttar Pradesh,Kanpur Mandi,6788.7,7983.1,7385.9,332.8
2019-11-25,Gram,Uttar Pradesh,Kanpur Mandi,6240.9,7180.3,6710.6,471.5
2019-12-02,Gram,Uttar Pradesh,Kanpur Mandi,6237.3,7252.7,6745.0,356.8
2019-12-09,Gram,Uttar Pradesh,Kanpur Mandi,6576.4,7210.8,6893.6,381.3
2019-12-16,Gram,Uttar Pradesh,Kanpur Mandi,7337.5,7979.5,7658.5,421.6
2019-12-23,Gram,Uttar Pradesh,Kanpur Mandi,6415.9,7094.5,6755.2,342.1
2019-12-30,Gram,Uttar Pradesh,Kanpur Mandi,6580.8,7805.8,7193.3,449.2
2020-01-06,Gram,Uttar Pradesh,Kanpur Mandi,7058.2,7779.0,7418.6,306.5
2020-01-13,Gram,Uttar Pradesh,Kanpur Mandi,7117.0,7870.8,7493.9,339.0
2020-01-20,Gram,Uttar Pradesh,Kanpur Mandi,7125.0,8101.6,7613.3,415.7
2020-01-27,Gram,Uttar Pradesh,Kanpur Mandi,6883.6,8171.4,7527.5,290.2
2020-02-03,Gram,Uttar Pradesh,Kanpur Mandi,6839.5,8104.9,7472.2,464.8
2020-02-10,Gram,Uttar Pradesh,Kanpur Mandi,6745.0,7714.4,7229.7,422.1
2020-02-17,Gram,Uttar Pradesh,Kanpur Mandi,6648.9,7440.7,7044.8,458.1
2020-02-24,Gram,Uttar Pradesh,Kanpur Mandi,7015.5,8015.1,7515.3,410.1
2020-03-02,Gram,Uttar Pradesh,Kanpur Mandi,4678.9,5395.7,5037.3,863.5
2020-03-09,Gram,Uttar Pradesh,Kanpur Mandi,4824.2,5350.2,5087.2,958.5
2020-03-16,Gram,Uttar Pradesh,Kanpur Mandi,5008.3,5872.5,5440.4,628.0
2020-03-23,Gram,Uttar Pradesh,Kanpur Mandi,4925.6,5770.8,5348.2,695.7
2020-03-30,Gram,Uttar Pradesh,Kanpur Mandi,5139.9,5905.5,5522.7,765.6
2020-04-06,Gram,Uttar Pradesh,Kanpur Mandi,4761.0,5250.6,5005.8,816.7
2020-04-13,Gram,Uttar Pradesh,Kanpur Mandi,4941.0,5692.4,5316.7,588.3
2020-04-20,Gram,Uttar Pradesh,Kanpur Mandi,4854.7,5484.1,5169.4,962.6
2020-04-27,Gram,Uttar Pradesh,Kanpur Mandi,4979.2,5659.4,5319.3,840.5
2020-05-04,Gram,Uttar Pradesh,Kanpur Mandi,6988.3,7954.1,7471.2,406.8
2020-05-11,Gram,Uttar Pradesh,Kanpur Mandi,6806.7,7565.9,7186.3,309.3
2020-05-18,Gram,Uttar Pradesh,Kanpur Mandi,6799.7,8125.3,7462.5,438.7
2020-05-25,Gram,Uttar Pradesh,Kanpur Mandi,7198.1,8027.7,7612.9,495.6
2020-06-01,Gram,Uttar Pradesh,Kanpur Mandi,6753.8,7520.2,7137.0,326.1
2020-06-08,Gram,Uttar Pradesh,Kanpur Mandi,6918.8,8183.2,7551.0,387.3
2020-06-15,Gram,Uttar Pradesh,Kanpur Mandi,6797.5,7587.9,7192.7,321.2
2020-06-22,Gram,Uttar Pradesh,Kanpur Mandi,7048.6,7869.6,7459.1,496.7
2020-06-29,Gram,Uttar Pradesh,Kanpur Mandi,6618.1,7680.3,7149.2,359.2
2020-07-06,Gram,Uttar Pradesh,Kanpur Mandi,6823.9,7432.5,7128.2,352.1
2020-07-13,Gram,Uttar Pradesh,Kanpur Mandi,7130.1,8244.7,7687.4,477.2
2020-07-20,Gram,Uttar Pradesh,Kanpur Mandi,7508.9,8244.5,7876.7,416.7
2020-07-27,Gram,Uttar Pradesh,Kanpur Mandi,6575.2,7842.2,7208.7,308.2
2020-08-03,Gram,Uttar Pradesh,Kanpur Mandi,7274.9,7986.9,7630.9,401.7
2020-08-10,Gram,Uttar Pradesh,Kanpur Mandi,6963.6,8275.8,7619.7,497.4
2020-08-17,Gram,Uttar Pradesh,Kanpur Mandi,7615.3,8274.9,7945.1,354.1
2020-08-24,Gram,Uttar Pradesh,Kanpur Mandi,6822.5,7909.5,7366.0,412.9
2020-08-31,Gram,Uttar Pradesh,Kanpur Mandi,7091.2,7760.2,7425.7,413.0
2020-09-07,Gram,Uttar Pradesh,Kanpur Mandi,6845.2,8016.2,7430.7,303.0
2020-09-14,Gram,Uttar Pradesh,Kanpur Mandi,7140.4,8493.2,7816.8,439.4
2020-09-21,Gram,Uttar Pradesh,Kanpur Mandi,7441.0,8492.0,7966.5,425.2
2020-09-28,Gram,Uttar Pradesh,Kanpur Mandi,7057.9,7817.1,7437.5,451.7
2020-10-05,Gram,Uttar Pradesh,Kanpur Mandi,6730.3,7991.3,7360.8,441.4
2020-10-12,Gram,Uttar Pradesh,Kanpur Mandi,6950.6,7884.2,7417.4,391.0
2020-10-19,Gram,Uttar Pradesh,Kanpur Mandi,7018.6,7646.4,7332.5,490.3
2020-10-26,Gram,Uttar Pradesh,Kanpur Mandi,6929.1,7933.7,7431.4,299.4
2020-11-02,Gram,Uttar Pradesh,Kanpur Mandi,6797.8,7905.6,7351.7,316.4
2020-11-09,Gram,Uttar Pradesh,Kanpur Mandi,7155.5,8007.9,7581.7,419.2
2020-11-16,Gram,Uttar Pradesh,Kanpur Mandi,6691.6,7678.0,7184.8,410.0
2020-11-23,Gram,Uttar Pradesh,Kanpur Mandi,6718.6,7373.0,7045.8,442.0
2020-11-30,Gram,Uttar Pradesh,Kanpur Mandi,7236.4,7983.6,7610.0,412.1
2020-12-07,Gram,Uttar Pradesh,Kanpur Mandi,7500.8,8261.2,7881.0,449.1
2020-12-14,Gram,Uttar Pradesh,Kanpur Mandi,7107.9,7916.3,7512.1,489.2
2020-12-21,Gram,Uttar Pradesh,Kanpur Mandi,6735.4,7432.0,7083.7,442.3
2020-12-28,Gram,Uttar Pradesh,Kanpur Mandi,7503.2,8644.4,8073.8,355.5
2021-01-04,Gram,Uttar Pradesh,Kanpur Mandi,7215.7,8098.5,7657.1,321.8
2021-01-11,Gram,Uttar Pradesh,Kanpur Mandi,7603.3,8466.9,8035.1,406.3
2021-01-18,Gram,Uttar Pradesh,Kanpur Mandi,7014.6,8115.6,7565.1,490.1
2021-01-25,Gram,Uttar Pradesh,Kanpur Mandi,7317.7,8381.7,7849.7,332.1
2021-02-01,Gram,Uttar Pradesh,Kanpur Mandi,7221.2,7953.6,7587.4,489.1
2021-02-08,Gram,Uttar Pradesh,Kanpur Mandi,6988.0,7620.8,7304.4,389.8
2021-02-15,Gram,Uttar Pradesh,Kanpur Mandi,6919.9,7951.3,7435.6,424.8
2021-02-22,Gram,Uttar Pradesh,Kanpur Mandi,7115.2,7750.2,7432.7,377.2
2021-03-01,Gram,Uttar Pradesh,Kanpur Mandi,5445.4,6240.6,5843.0,631.6
2021-03-08,Gram,Uttar Pradesh,Kanpur Mandi,5519.6,6061.0,5790.3,950.2
2021-03-15,Gram,Uttar Pradesh,Kanpur Mandi,5419.7,6106.7,5763.2,692.3
2021-03-22,Gram,Uttar Pradesh,Kanpur Mandi,5358.4,6246.2,5802.3,895.8
2021-03-29,Gram,Uttar Pradesh,Kanpur Mandi,4987.4,5710.6,5349.0,886.5
2021-04-05,Gram,Uttar Pradesh,Kanpur Mandi,5194.9,6042.5,5618.7,593.3
2021-04-12,Gram,Uttar Pradesh,Kanpur Mandi,5268.2,5957.0,5612.6,618.8
2021-04-19,Gram,Uttar Pradesh,Kanpur Mandi,5106.7,6043.5,5575.1,853.5
2021-04-26,Gram,Uttar Pradesh,Kanpur Mandi,5537.1,6297.1,5917.1,565.8
2021-05-03,Gram,Uttar Pradesh,Kanpur Mandi,6821.3,7930.7,7376.0,444.5
2021-05-10,Gram,Uttar Pradesh,Kanpur Mandi,7041.6,7817.0,7429.3,423.3
2021-05-17,Gram,Uttar Pradesh,Kanpur Mandi,7435.0,8374.4,7904.7,451.7
2021-05-24,Gram,Uttar Pradesh,Kanpur Mandi,7453.7,8538.7,7996.2,498.7
2021-05-31,Gram,Uttar Pradesh,Kanpur Mandi,7563.7,8532.3,8048.0,379.5
2021-06-07,Gram,Uttar Pradesh,Kanpur Mandi,6958.7,7593.3,7276.0,360.6
2021-06-14,Gram,Uttar Pradesh,Kanpur Mandi,7656.9,8543.9,8100.4,358.5
2021-06-21,Gram,Uttar Pradesh,Kanpur Mandi,7635.4,8490.8,8063.1,475.0
2021-06-28,Gram,Uttar Pradesh,Kanpur Mandi,7582.6,8566.0,8074.3,365.5
2021-07-05,Gram,Uttar Pradesh,Kanpur Mandi,7541.2,8637.0,8089.1,465.1
2021-07-12,Gram,Uttar Pradesh,Kanpur Mandi,7291.2,8376.4,7833.8,352.8
2021-07-19,Gram,Uttar Pradesh,Kanpur Mandi,7591.5,8335.7,7963.6,332.7
2021-07-26,Gram,Uttar Pradesh,Kanpur Mandi,7171.2,8125.6,7648.4,344.2
2021-08-02,Gram,Uttar Pradesh,Kanpur Mandi,7156.8,8139.2,7648.0,470.9
2021-08-09,Gram,Uttar Pradesh,Kanpur Mandi,7119.5,8472.9,7796.2,480.6
2021-08-16,Gram,Uttar Pradesh,Kanpur Mandi,7540.8,8363.6,7952.2,391.5
2021-08-23,Gram,Uttar Pradesh,Kanpur Mandi,7744.1,9163.7,8453.9,314.7
2021-08-30,Gram,Uttar Pradesh,Kanpur Mandi,7243.5,8053.7,7648.6,411.8
2021-09-06,Gram,Uttar Pradesh,Kanpur Mandi,8020.1,8738.1,8379.1,498.6
2021-09-13,Gram,Uttar Pradesh,Kanpur Mandi,7096.1,7926.5,7511.3,439.5
2021-09-20,Gram,Uttar Pradesh,Kanpur Mandi,7080.6,7857.0,7468.8,389.1
2021-09-27,Gram,Uttar Pradesh,Kanpur Mandi,7630.8,8738.8,8184.8,304.1
2021-10-04,Gram,Uttar Pradesh,Kanpur Mandi,7420.6,8848.8,8134.7,485.1
2021-10-11,Gram,Uttar Pradesh,Kanpur Mandi,7348.2,8250.6,7799.4,354.3
2021-10-18,Gram,Uttar Pradesh,Kanpur Mandi,7685.7,8898.5,8292.1,378.5
2021-10-25,Gram,Uttar Pradesh,Kanpur Mandi,7460.4,8688.6,8074.5,298.8
2021-11-01,Gram,Uttar Pradesh,Kanpur Mandi,7572.3,8453.5,8012.9,391.7
2021-11-08,Gram,Uttar Pradesh,Kanpur Mandi,7723.4,9091.8,8407.6,427.2
2021-11-15,Gram,Uttar Pradesh,Kanpur Mandi,7731.4,8478.0,8104.7,498.8
2021-11-22,Gram,Uttar Pradesh,Kanpur Mandi,7743.0,8463.0,8103.0,348.0
2021-11-29,Gram,Uttar Pradesh,Kanpur Mandi,7897.3,8971.5,8434.4,288.9
2021-12-06,Gram,Uttar Pradesh,Kanpur Mandi,7749.0,8537.2,8143.1,433.6
2021-12-13,Gram,Uttar Pradesh,Kanpur Mandi,7232.7,8043.3,7638.0,439.0
2021-12-20,Gram,Uttar Pradesh,Kanpur Mandi,7677.1,9188.1,8432.6,471.9
2021-12-27,Gram,Uttar Pradesh,Kanpur Mandi,7006.7,8194.7,7600.7,418.5
2022-01-03,Gram,Uttar Pradesh,Kanpur Mandi,7397.6,8492.8,7945.2,373.9
2022-01-10,Gram,Uttar Pradesh,Kanpur Mandi,7293.3,8466.3,7879.8,450.6
2022-01-17,Gram,Uttar Pradesh,Kanpur Mandi,7168.7,8235.1,7701.9,342.6
2022-01-24,Gram,Uttar Pradesh,Kanpur Mandi,7380.0,8098.0,7739.0,321.3
2022-01-31,Gram,Uttar Pradesh,Kanpur Mandi,7116.9,7986.9,7551.9,325.2
2022-02-07,Gram,Uttar Pradesh,Kanpur Mandi,7394.9,8688.7,8041.8,472.5
2022-02-14,Gram,Uttar Pradesh,Kanpur Mandi,7550.6,8658.0,8104.3,396.3
2022-02-21,Gram,Uttar Pradesh,Kanpur Mandi,7412.5,8827.7,8120.1,356.1
2022-02-28,Gram,Uttar Pradesh,Kanpur Mandi,7107.3,8110.9,7609.1,331.4
2022-03-07,Gram,Uttar Pradesh,Kanpur Mandi,5504.5,6502.5,6003.5,773.9
2022-03-14,Gram,Uttar Pradesh,Kanpur Mandi,5549.2,6423.6,5986.4,557.3
2022-03-21,Gram,Uttar Pradesh,Kanpur Mandi,5666.7,6679.5,6173.1,882.0
2022-03-28,Gram,Uttar Pradesh,Kanpur Mandi,5842.6,6426.2,6134.4,918.2
2022-04-04,Gram,Uttar Pradesh,Kanpur Mandi,5904.6,6695.6,6300.1,869.9
2022-04-11,Gram,Uttar Pradesh,Kanpur Mandi,5107.4,6087.0,5597.2,804.4
2022-04-18,Gram,Uttar Pradesh,Kanpur Mandi,5730.4,6624.0,6177.2,775.6
2022-04-25,Gram,Uttar Pradesh,Kanpur Mandi,5783.2,6848.4,6315.8,779.4
2022-05-02,Gram,Uttar Pradesh,Kanpur Mandi,7634.0,8761.0,8197.5,369.4
2022-05-09,Gram,Uttar Pradesh,Kanpur Mandi,7110.2,8238.2,7674.2,361.3
2022-05-16,Gram,Uttar Pradesh,Kanpur Mandi,7317.4,8731.8,8024.6,357.4
2022-05-23,Gram,Uttar Pradesh,Kanpur Mandi,7725.6,8666.6,8196.1,423.2
2022-05-30,Gram,Uttar Pradesh,Kanpur Mandi,7453.3,8390.5,7921.9,341.1
2022-06-06,Gram,Uttar Pradesh,Kanpur Mandi,7209.1,8298.3,7753.7,415.1
2022-06-13,Gram,Uttar Pradesh,Kanpur Mandi,7245.2,8273.0,7759.1,484.6
2022-06-20,Gram,Uttar Pradesh,Kanpur Mandi,8106.3,9086.1,8596.2,474.2
2022-06-27,Gram,Uttar Pradesh,Kanpur Mandi,7946.0,8695.8,8320.9,467.8
2022-07-04,Gram,Uttar Pradesh,Kanpur Mandi,8291.1,9070.3,8680.7,433.9
2022-07-11,Gram,Uttar Pradesh,Kanpur Mandi,7502.9,8191.1,7847.0,291.2
2022-07-18,Gram,Uttar Pradesh,Kanpur Mandi,7593.2,8761.0,8177.1,355.1
2022-07-25,Gram,Uttar Pradesh,Kanpur Mandi,8372.7,9405.3,8889.0,389.1
2022-08-01,Gram,Uttar Pradesh,Kanpur Mandi,7857.1,9034.9,8446.0,312.2
2022-08-08,Gram,Uttar Pradesh,Kanpur Mandi,7156.1,8476.3,7816.2,422.9
2022-08-15,Gram,Uttar Pradesh,Kanpur Mandi,8113.1,8923.1,8518.1,384.4
2022-08-22,Gram,Uttar Pradesh,Kanpur Mandi,7320.9,8666.5,7993.7,379.3
2022-08-29,Gram,Uttar Pradesh,Kanpur Mandi,7966.1,9136.3,8551.2,473.3
2022-09-05,Gram,Uttar Pradesh,Kanpur Mandi,8474.6,9345.4,8910.0,440.5
2022-09-12,Gram,Uttar Pradesh,Kanpur Mandi,7473.0,8920.8,8196.9,316.8
2022-09-19,Gram,Uttar Pradesh,Kanpur Mandi,8587.2,9363.8,8975.5,420.8
2022-09-26,Gram,Uttar Pradesh,Kanpur Mandi,8183.2,9797.8,8990.5,297.8
2022-10-03,Gram,Uttar Pradesh,Kanpur Mandi,7953.1,8778.9,8366.0,383.5
2022-10-10,Gram,Uttar Pradesh,Kanpur Mandi,7869.5,9041.5,8455.5,425.2
2022-10-17,Gram,Uttar Pradesh,Kanpur Mandi,7953.2,8827.2,8390.2,425.5
2022-10-24,Gram,Uttar Pradesh,Kanpur Mandi,7510.0,8801.8,8155.9,494.1
2022-10-31,Gram,Uttar Pradesh,Kanpur Mandi,7651.3,9122.7,8387.0,341.9
2022-11-07,Gram,Uttar Pradesh,Kanpur Mandi,8077.8,9010.8,8544.3,423.8
2022-11-14,Gram,Uttar Pradesh,Kanpur Mandi,7664.9,8880.9,8272.9,470.6
2022-11-21,Gram,Uttar Pradesh,Kanpur Mandi,8159.7,9728.5,8944.1,406.2
2022-11-28,Gram,Uttar Pradesh,Kanpur Mandi,8271.5,9452.3,8861.9,369.8
2022-12-05,Gram,Uttar Pradesh,Kanpur Mandi,8646.7,9370.9,9008.8,458.1
2022-12-12,Gram,Uttar Pradesh,Kanpur Mandi,8465.7,9373.5,8919.6,329.3
2022-12-19,Gram,Uttar Pradesh,Kanpur Mandi,7621.6,9022.0,8321.8,489.4
2022-12-26,Gram,Uttar Pradesh,Kanpur Mandi,8016.2,8792.6,8404.4,351.0
2023-01-02,Gram,Uttar Pradesh,Kanpur Mandi,7940.1,9339.9,8640.0,428.1
2023-01-09,Gram,Uttar Pradesh,Kanpur Mandi,8337.3,9067.3,8702.3,345.5
2023-01-16,Gram,Uttar Pradesh,Kanpur Mandi,7909.1,8794.3,8351.7,343.8
2023-01-23,Gram,Uttar Pradesh,Kanpur Mandi,8176.5,9621.5,8899.0,452.9
2023-01-30,Gram,Uttar Pradesh,Kanpur Mandi,8265.3,9875.9,9070.6,346.5
2023-02-06,Gram,Uttar Pradesh,Kanpur Mandi,8496.4,9874.2,9185.3,458.4
2023-02-13,Gram,Uttar Pradesh,Kanpur Mandi,8232.0,9517.6,8874.8,322.7
2023-02-20,Gram,Uttar Pradesh,Kanpur Mandi,8064.6,8938.8,8501.7,333.4
2023-02-27,Gram,Uttar Pradesh,Kanpur Mandi,7385.6,8815.6,8100.6,293.5
2023-03-06,Gram,Uttar Pradesh,Kanpur Mandi,5462.2,6384.4,5923.3,752.3
2023-03-13,Gram,Uttar Pradesh,Kanpur Mandi,5935.0,6943.2,6439.1,840.8
2023-03-20,Gram,Uttar Pradesh,Kanpur Mandi,5813.6,6559.0,6186.3,665.0
2023-03-27,Gram,Uttar Pradesh,Kanpur Mandi,5678.8,6225.4,5952.1,626.3
2023-04-03,Gram,Uttar Pradesh,Kanpur Mandi,6307.7,7204.7,6756.2,896.3
2023-04-10,Gram,Uttar Pradesh,Kanpur Mandi,6127.6,6912.6,6520.1,737.7
2023-04-17,Gram,Uttar Pradesh,Kanpur Mandi,6527.8,7107.8,6817.8,661.8
2023-04-24,Gram,Uttar Pradesh,Kanpur Mandi,5808.8,6543.8,6176.3,776.2
2023-05-01,Gram,Uttar Pradesh,Kanpur Mandi,8400.0,9221.8,8810.9,292.3
2023-05-08,Gram,Uttar Pradesh,Kanpur Mandi,7735.2,8589.4,8162.3,348.6
2023-05-15,Gram,Uttar Pradesh,Kanpur Mandi,8092.9,9508.3,8800.6,346.0
2023-05-22,Gram,Uttar Pradesh,Kanpur Mandi,7748.9,8886.5,8317.7,393.2
2023-05-29,Gram,Uttar Pradesh,Kanpur Mandi,8076.4,9181.2,8628.8,418.8
2023-06-05,Gram,Uttar Pradesh,Kanpur Mandi,8463.2,9507.2,8985.2,402.1
2023-06-12,Gram,Uttar Pradesh,Kanpur Mandi,8349.1,9080.7,8714.9,336.1
2023-06-19,Gram,Uttar Pradesh,Kanpur Mandi,8664.5,9561.5,9113.0,346.4
2023-06-26,Gram,Uttar Pradesh,Kanpur Mandi,8453.5,10056.7,9255.1,362.3
2023-07-03,Gram,Uttar Pradesh,Kanpur Mandi,7626.8,8890.6,8258.7,344.1
2023-07-10,Gram,Uttar Pradesh,Kanpur Mandi,8265.9,9843.9,9054.9,379.4
2023-07-17,Gram,Uttar Pradesh,Kanpur Mandi,8789.3,9795.3,9292.3,470.5
2023-07-24,Gram,Uttar Pradesh,Kanpur Mandi,8156.4,9173.4,8664.9,490.4
2023-07-31,Gram,Uttar Pradesh,Kanpur Mandi,7895.3,8739.1,8317.2,443.2
2023-08-07,Gram,Uttar Pradesh,Kanpur Mandi,8488.3,10105.1,9296.7,290.7
2023-08-14,Gram,Uttar Pradesh,Kanpur Mandi,8668.4,9619.4,9143.9,476.0
2023-08-21,Gram,Uttar Pradesh,Kanpur Mandi,8118.2,9053.2,8585.7,338.8
2023-08-28,Gram,Uttar Pradesh,Kanpur Mandi,8333.4,9974.6,9154.0,364.3
2023-09-04,Gram,Uttar Pradesh,Kanpur Mandi,8225.6,9272.2,8748.9,433.0
2023-09-11,Gram,Uttar Pradesh,Kanpur Mandi,8253.1,9175.7,8714.4,365.2
2023-09-18,Gram,Uttar Pradesh,Kanpur Mandi,8999.8,9985.0,9492.4,334.1
2023-09-25,Gram,Uttar Pradesh,Kanpur Mandi,8174.4,9053.2,8613.8,307.9
2023-10-02,Gram,Uttar Pradesh,Kanpur Mandi,8276.9,9603.9,8940.4,478.3
2023-10-09,Gram,Uttar Pradesh,Kanpur Mandi,8519.7,9816.7,9168.2,327.5
2023-10-16,Gram,Uttar Pradesh,Kanpur Mandi,9111.0,9895.2,9503.1,324.5
2023-10-23,Gram,Uttar Pradesh,Kanpur Mandi,8405.4,9195.0,8800.2,399.0
2023-10-30,Gram,Uttar Pradesh,Kanpur Mandi,7815.4,9008.8,8412.1,420.4
2023-11-06,Gram,Uttar Pradesh,Kanpur Mandi,8385.6,9475.4,8930.5,389.6
2023-11-13,Gram,Uttar Pradesh,Kanpur Mandi,8497.7,10171.3,9334.5,438.2
2023-11-20,Gram,Uttar Pradesh,Kanpur Mandi,8954.4,10007.6,9481.0,475.6
2023-11-27,Gram,Uttar Pradesh,Kanpur Mandi,8531.0,9462.6,8996.8,381.7
2023-12-04,Gram,Uttar Pradesh,Kanpur Mandi,7943.5,8948.1,8445.8,454.0
2023-12-11,Gram,Uttar Pradesh,Kanpur Mandi,8120.3,9642.3,8881.3,429.5
2023-12-18,Gram,Uttar Pradesh,Kanpur Mandi,8821.8,9792.8,9307.3,310.9
2023-12-25,Gram,Uttar Pradesh,Kanpur Mandi,8559.5,9566.9,9063.2,377.9
